ISO-10303-21;
HEADER;
FILE_DESCRIPTION(('FreeCAD Model'),'2;1');
FILE_NAME('Open CASCADE Shape Model','2026-10-02T08:04:07',('FreeCAD'),(
    'FreeCAD'),'Open CASCADE STEP processor 7.8','FreeCAD','Unknown');
FILE_SCHEMA(('AUTOMOTIVE_DESIGN { 1 0 10303 214 1 1 1 1 }'));
ENDSEC;
DATA;
#1 = APPLICATION_PROTOCOL_DEFINITION('international standard',
  'automotive_design',2000,#2);
#2 = APPLICATION_CONTEXT(
  'core data for automotive mechanical design processes');
#3 = SHAPE_DEFINITION_REPRESENTATION(#4,#10);
#4 = PRODUCT_DEFINITION_SHAPE('','',#5);
#5 = PRODUCT_DEFINITION('design','',#6,#9);
#6 = PRODUCT_DEFINITION_FORMATION('','',#7);
#7 = PRODUCT('Open CASCADE STEP translator 7.8 2',
  'Open CASCADE STEP translator 7.8 2','',(#8));
#8 = PRODUCT_CONTEXT('',#2,'mechanical');
#9 = PRODUCT_DEFINITION_CONTEXT('part definition',#2,'design');
#10 = ADVANCED_BREP_SHAPE_REPRESENTATION('',(#11,#15),#4257);
#11 = AXIS2_PLACEMENT_3D('',#12,#13,#14);
#12 = CARTESIAN_POINT('',(0.,0.,0.));
#13 = DIRECTION('',(0.,0.,1.));
#14 = DIRECTION('',(1.,0.,-0.));
#15 = MANIFOLD_SOLID_BREP('',#16);
#16 = CLOSED_SHELL('',(#17,#89,#485,#510,#606,#630,#654,#671,#688,#737,
    #802,#827,#852,#876,#899,#948,#972,#996,#1038,#1063,#1087,#1111,
    #1129,#1154,#1179,#1211,#1235,#1259,#1284,#1326,#1350,#1374,#1409,
    #1434,#1466,#1490,#1514,#1539,#1564,#1588,#1612,#1630,#1662,#1686,
    #1711,#1735,#1760,#1784,#1809,#1826,#1838,#1878,#1902,#2062,#2086,
    #2119,#2143,#2183,#2218,#2242,#2266,#2290,#2314,#2354,#2394,#2411,
    #2436,#2469,#2485,#2580,#2604,#2641,#2658,#2682,#2747,#2764,#2789,
    #2820,#2836,#2853,#2864,#2895,#2911,#2927,#2939,#2970,#2986,#3002,
    #3014,#3045,#3061,#3077,#3089,#3105,#3122,#3291,#3315,#3347,#3389,
    #3420,#3437,#3508,#3524,#3555,#3580,#3614,#3645,#3661,#3678,#3689,
    #3720,#3736,#3752,#3764,#3795,#3811,#3827,#3839,#3870,#3886,#3902,
    #3914,#3987,#3998,#4014,#4036,#4047,#4071,#4098,#4121,#4137,#4153,
    #4170,#4188,#4211,#4228,#4245));
#17 = ADVANCED_FACE('',(#18),#84,.F.);
#18 = FACE_BOUND('',#19,.F.);
#19 = EDGE_LOOP('',(#20,#30,#38,#46,#54,#62,#70,#78));
#20 = ORIENTED_EDGE('',*,*,#21,.F.);
#21 = EDGE_CURVE('',#22,#24,#26,.T.);
#22 = VERTEX_POINT('',#23);
#23 = CARTESIAN_POINT('',(-10.5,-20.25,9.4));
#24 = VERTEX_POINT('',#25);
#25 = CARTESIAN_POINT('',(-10.5,20.25,9.4));
#26 = LINE('',#27,#28);
#27 = CARTESIAN_POINT('',(-10.5,-22.25,9.4));
#28 = VECTOR('',#29,1.);
#29 = DIRECTION('',(0.,1.,0.));
#30 = ORIENTED_EDGE('',*,*,#31,.F.);
#31 = EDGE_CURVE('',#32,#22,#34,.T.);
#32 = VERTEX_POINT('',#33);
#33 = CARTESIAN_POINT('',(-10.5,-20.25,4.7));
#34 = LINE('',#35,#36);
#35 = CARTESIAN_POINT('',(-10.5,-20.25,4.7));
#36 = VECTOR('',#37,1.);
#37 = DIRECTION('',(0.,0.,1.));
#38 = ORIENTED_EDGE('',*,*,#39,.T.);
#39 = EDGE_CURVE('',#32,#40,#42,.T.);
#40 = VERTEX_POINT('',#41);
#41 = CARTESIAN_POINT('',(-10.5,-0.75,4.7));
#42 = LINE('',#43,#44);
#43 = CARTESIAN_POINT('',(-10.5,-22.25,4.7));
#44 = VECTOR('',#45,1.);
#45 = DIRECTION('',(0.,1.,0.));
#46 = ORIENTED_EDGE('',*,*,#47,.T.);
#47 = EDGE_CURVE('',#40,#48,#50,.T.);
#48 = VERTEX_POINT('',#49);
#49 = CARTESIAN_POINT('',(-10.5,-0.75,5.5));
#50 = LINE('',#51,#52);
#51 = CARTESIAN_POINT('',(-10.5,-0.75,4.7));
#52 = VECTOR('',#53,1.);
#53 = DIRECTION('',(0.,0.,1.));
#54 = ORIENTED_EDGE('',*,*,#55,.F.);
#55 = EDGE_CURVE('',#56,#48,#58,.T.);
#56 = VERTEX_POINT('',#57);
#57 = CARTESIAN_POINT('',(-10.5,3.25,5.5));
#58 = LINE('',#59,#60);
#59 = CARTESIAN_POINT('',(-10.5,-11.5,5.5));
#60 = VECTOR('',#61,1.);
#61 = DIRECTION('',(0.,-1.,0.));
#62 = ORIENTED_EDGE('',*,*,#63,.F.);
#63 = EDGE_CURVE('',#64,#56,#66,.T.);
#64 = VERTEX_POINT('',#65);
#65 = CARTESIAN_POINT('',(-10.5,3.25,4.7));
#66 = LINE('',#67,#68);
#67 = CARTESIAN_POINT('',(-10.5,3.25,4.7));
#68 = VECTOR('',#69,1.);
#69 = DIRECTION('',(0.,0.,1.));
#70 = ORIENTED_EDGE('',*,*,#71,.T.);
#71 = EDGE_CURVE('',#64,#72,#74,.T.);
#72 = VERTEX_POINT('',#73);
#73 = CARTESIAN_POINT('',(-10.5,20.25,4.7));
#74 = LINE('',#75,#76);
#75 = CARTESIAN_POINT('',(-10.5,-22.25,4.7));
#76 = VECTOR('',#77,1.);
#77 = DIRECTION('',(0.,1.,0.));
#78 = ORIENTED_EDGE('',*,*,#79,.T.);
#79 = EDGE_CURVE('',#72,#24,#80,.T.);
#80 = LINE('',#81,#82);
#81 = CARTESIAN_POINT('',(-10.5,20.25,4.7));
#82 = VECTOR('',#83,1.);
#83 = DIRECTION('',(0.,0.,1.));
#84 = PLANE('',#85);
#85 = AXIS2_PLACEMENT_3D('',#86,#87,#88);
#86 = CARTESIAN_POINT('',(-10.5,-22.25,4.7));
#87 = DIRECTION('',(1.,0.,0.));
#88 = DIRECTION('',(0.,0.,1.));
#89 = ADVANCED_FACE('',(#90,#167,#237,#248,#259,#329,#340,#410),#480,.T.
  );
#90 = FACE_BOUND('',#91,.T.);
#91 = EDGE_LOOP('',(#92,#93,#102,#110,#119,#127,#136,#144,#152,#160));
#92 = ORIENTED_EDGE('',*,*,#21,.F.);
#93 = ORIENTED_EDGE('',*,*,#94,.T.);
#94 = EDGE_CURVE('',#22,#95,#97,.T.);
#95 = VERTEX_POINT('',#96);
#96 = CARTESIAN_POINT('',(-8.5,-22.25,9.4));
#97 = CIRCLE('',#98,2.);
#98 = AXIS2_PLACEMENT_3D('',#99,#100,#101);
#99 = CARTESIAN_POINT('',(-8.5,-20.25,9.4));
#100 = DIRECTION('',(-0.,0.,1.));
#101 = DIRECTION('',(0.,-1.,0.));
#102 = ORIENTED_EDGE('',*,*,#103,.T.);
#103 = EDGE_CURVE('',#95,#104,#106,.T.);
#104 = VERTEX_POINT('',#105);
#105 = CARTESIAN_POINT('',(8.5,-22.25,9.4));
#106 = LINE('',#107,#108);
#107 = CARTESIAN_POINT('',(-10.5,-22.25,9.4));
#108 = VECTOR('',#109,1.);
#109 = DIRECTION('',(1.,0.,0.));
#110 = ORIENTED_EDGE('',*,*,#111,.F.);
#111 = EDGE_CURVE('',#112,#104,#114,.T.);
#112 = VERTEX_POINT('',#113);
#113 = CARTESIAN_POINT('',(10.5,-20.25,9.4));
#114 = CIRCLE('',#115,2.);
#115 = AXIS2_PLACEMENT_3D('',#116,#117,#118);
#116 = CARTESIAN_POINT('',(8.5,-20.25,9.4));
#117 = DIRECTION('',(-0.,-0.,-1.));
#118 = DIRECTION('',(0.,-1.,0.));
#119 = ORIENTED_EDGE('',*,*,#120,.T.);
#120 = EDGE_CURVE('',#112,#121,#123,.T.);
#121 = VERTEX_POINT('',#122);
#122 = CARTESIAN_POINT('',(10.5,19.75,9.4));
#123 = LINE('',#124,#125);
#124 = CARTESIAN_POINT('',(10.5,-22.25,9.4));
#125 = VECTOR('',#126,1.);
#126 = DIRECTION('',(0.,1.,0.));
#127 = ORIENTED_EDGE('',*,*,#128,.F.);
#128 = EDGE_CURVE('',#129,#121,#131,.T.);
#129 = VERTEX_POINT('',#130);
#130 = CARTESIAN_POINT('',(8.563508326896,20.25,9.4));
#131 = CIRCLE('',#132,4.);
#132 = AXIS2_PLACEMENT_3D('',#133,#134,#135);
#133 = CARTESIAN_POINT('',(10.5,23.75,9.4));
#134 = DIRECTION('',(0.,0.,1.));
#135 = DIRECTION('',(1.,0.,0.));
#136 = ORIENTED_EDGE('',*,*,#137,.F.);
#137 = EDGE_CURVE('',#138,#129,#140,.T.);
#138 = VERTEX_POINT('',#139);
#139 = CARTESIAN_POINT('',(6.5,20.25,9.4));
#140 = LINE('',#141,#142);
#141 = CARTESIAN_POINT('',(6.5,20.25,9.4));
#142 = VECTOR('',#143,1.);
#143 = DIRECTION('',(1.,0.,0.));
#144 = ORIENTED_EDGE('',*,*,#145,.T.);
#145 = EDGE_CURVE('',#138,#146,#148,.T.);
#146 = VERTEX_POINT('',#147);
#147 = CARTESIAN_POINT('',(6.5,22.25,9.4));
#148 = LINE('',#149,#150);
#149 = CARTESIAN_POINT('',(6.5,20.25,9.4));
#150 = VECTOR('',#151,1.);
#151 = DIRECTION('',(0.,1.,0.));
#152 = ORIENTED_EDGE('',*,*,#153,.F.);
#153 = EDGE_CURVE('',#154,#146,#156,.T.);
#154 = VERTEX_POINT('',#155);
#155 = CARTESIAN_POINT('',(-8.5,22.25,9.4));
#156 = LINE('',#157,#158);
#157 = CARTESIAN_POINT('',(-10.5,22.25,9.4));
#158 = VECTOR('',#159,1.);
#159 = DIRECTION('',(1.,0.,0.));
#160 = ORIENTED_EDGE('',*,*,#161,.F.);
#161 = EDGE_CURVE('',#24,#154,#162,.T.);
#162 = CIRCLE('',#163,2.);
#163 = AXIS2_PLACEMENT_3D('',#164,#165,#166);
#164 = CARTESIAN_POINT('',(-8.5,20.25,9.4));
#165 = DIRECTION('',(-0.,-0.,-1.));
#166 = DIRECTION('',(0.,-1.,0.));
#167 = FACE_BOUND('',#168,.T.);
#168 = EDGE_LOOP('',(#169,#180,#188,#197,#205,#214,#222,#231));
#169 = ORIENTED_EDGE('',*,*,#170,.F.);
#170 = EDGE_CURVE('',#171,#173,#175,.T.);
#171 = VERTEX_POINT('',#172);
#172 = CARTESIAN_POINT('',(-8.92,-17.6,9.4));
#173 = VERTEX_POINT('',#174);
#174 = CARTESIAN_POINT('',(-7.72,-18.8,9.4));
#175 = CIRCLE('',#176,1.2);
#176 = AXIS2_PLACEMENT_3D('',#177,#178,#179);
#177 = CARTESIAN_POINT('',(-7.72,-17.6,9.4));
#178 = DIRECTION('',(0.,0.,1.));
#179 = DIRECTION('',(-1.,0.,0.));
#180 = ORIENTED_EDGE('',*,*,#181,.T.);
#181 = EDGE_CURVE('',#171,#182,#184,.T.);
#182 = VERTEX_POINT('',#183);
#183 = CARTESIAN_POINT('',(-8.92,-2.6,9.4));
#184 = LINE('',#185,#186);
#185 = CARTESIAN_POINT('',(-8.92,-20.525,9.4));
#186 = VECTOR('',#187,1.);
#187 = DIRECTION('',(0.,1.,0.));
#188 = ORIENTED_EDGE('',*,*,#189,.F.);
#189 = EDGE_CURVE('',#190,#182,#192,.T.);
#190 = VERTEX_POINT('',#191);
#191 = CARTESIAN_POINT('',(-7.72,-1.4,9.4));
#192 = CIRCLE('',#193,1.2);
#193 = AXIS2_PLACEMENT_3D('',#194,#195,#196);
#194 = CARTESIAN_POINT('',(-7.72,-2.6,9.4));
#195 = DIRECTION('',(0.,0.,1.));
#196 = DIRECTION('',(-1.,0.,0.));
#197 = ORIENTED_EDGE('',*,*,#198,.F.);
#198 = EDGE_CURVE('',#199,#190,#201,.T.);
#199 = VERTEX_POINT('',#200);
#200 = CARTESIAN_POINT('',(-7.52,-1.4,9.4));
#201 = LINE('',#202,#203);
#202 = CARTESIAN_POINT('',(-9.71,-1.4,9.4));
#203 = VECTOR('',#204,1.);
#204 = DIRECTION('',(-1.,0.,0.));
#205 = ORIENTED_EDGE('',*,*,#206,.F.);
#206 = EDGE_CURVE('',#207,#199,#209,.T.);
#207 = VERTEX_POINT('',#208);
#208 = CARTESIAN_POINT('',(-6.32,-2.6,9.4));
#209 = CIRCLE('',#210,1.2);
#210 = AXIS2_PLACEMENT_3D('',#211,#212,#213);
#211 = CARTESIAN_POINT('',(-7.52,-2.6,9.4));
#212 = DIRECTION('',(0.,0.,1.));
#213 = DIRECTION('',(1.,0.,0.));
#214 = ORIENTED_EDGE('',*,*,#215,.F.);
#215 = EDGE_CURVE('',#216,#207,#218,.T.);
#216 = VERTEX_POINT('',#217);
#217 = CARTESIAN_POINT('',(-6.32,-17.6,9.4));
#218 = LINE('',#219,#220);
#219 = CARTESIAN_POINT('',(-6.32,-20.525,9.4));
#220 = VECTOR('',#221,1.);
#221 = DIRECTION('',(0.,1.,0.));
#222 = ORIENTED_EDGE('',*,*,#223,.F.);
#223 = EDGE_CURVE('',#224,#216,#226,.T.);
#224 = VERTEX_POINT('',#225);
#225 = CARTESIAN_POINT('',(-7.52,-18.8,9.4));
#226 = CIRCLE('',#227,1.2);
#227 = AXIS2_PLACEMENT_3D('',#228,#229,#230);
#228 = CARTESIAN_POINT('',(-7.52,-17.6,9.4));
#229 = DIRECTION('',(0.,0.,1.));
#230 = DIRECTION('',(1.,0.,0.));
#231 = ORIENTED_EDGE('',*,*,#232,.T.);
#232 = EDGE_CURVE('',#224,#173,#233,.T.);
#233 = LINE('',#234,#235);
#234 = CARTESIAN_POINT('',(-9.71,-18.8,9.4));
#235 = VECTOR('',#236,1.);
#236 = DIRECTION('',(-1.,0.,0.));
#237 = FACE_BOUND('',#238,.T.);
#238 = EDGE_LOOP('',(#239));
#239 = ORIENTED_EDGE('',*,*,#240,.F.);
#240 = EDGE_CURVE('',#241,#241,#243,.T.);
#241 = VERTEX_POINT('',#242);
#242 = CARTESIAN_POINT('',(0.9,-12.1,9.4));
#243 = CIRCLE('',#244,0.9);
#244 = AXIS2_PLACEMENT_3D('',#245,#246,#247);
#245 = CARTESIAN_POINT('',(0.,-12.1,9.4));
#246 = DIRECTION('',(0.,0.,1.));
#247 = DIRECTION('',(1.,0.,0.));
#248 = FACE_BOUND('',#249,.T.);
#249 = EDGE_LOOP('',(#250));
#250 = ORIENTED_EDGE('',*,*,#251,.F.);
#251 = EDGE_CURVE('',#252,#252,#254,.T.);
#252 = VERTEX_POINT('',#253);
#253 = CARTESIAN_POINT('',(-3.,-5.6,9.4));
#254 = CIRCLE('',#255,1.);
#255 = AXIS2_PLACEMENT_3D('',#256,#257,#258);
#256 = CARTESIAN_POINT('',(-4.,-5.6,9.4));
#257 = DIRECTION('',(0.,0.,1.));
#258 = DIRECTION('',(1.,0.,0.));
#259 = FACE_BOUND('',#260,.T.);
#260 = EDGE_LOOP('',(#261,#272,#280,#289,#297,#306,#314,#323));
#261 = ORIENTED_EDGE('',*,*,#262,.F.);
#262 = EDGE_CURVE('',#263,#265,#267,.T.);
#263 = VERTEX_POINT('',#264);
#264 = CARTESIAN_POINT('',(6.32,-17.6,9.4));
#265 = VERTEX_POINT('',#266);
#266 = CARTESIAN_POINT('',(7.52,-18.8,9.4));
#267 = CIRCLE('',#268,1.2);
#268 = AXIS2_PLACEMENT_3D('',#269,#270,#271);
#269 = CARTESIAN_POINT('',(7.52,-17.6,9.4));
#270 = DIRECTION('',(0.,0.,1.));
#271 = DIRECTION('',(-1.,0.,0.));
#272 = ORIENTED_EDGE('',*,*,#273,.T.);
#273 = EDGE_CURVE('',#263,#274,#276,.T.);
#274 = VERTEX_POINT('',#275);
#275 = CARTESIAN_POINT('',(6.32,-2.6,9.4));
#276 = LINE('',#277,#278);
#277 = CARTESIAN_POINT('',(6.32,-20.525,9.4));
#278 = VECTOR('',#279,1.);
#279 = DIRECTION('',(0.,1.,0.));
#280 = ORIENTED_EDGE('',*,*,#281,.F.);
#281 = EDGE_CURVE('',#282,#274,#284,.T.);
#282 = VERTEX_POINT('',#283);
#283 = CARTESIAN_POINT('',(7.52,-1.4,9.4));
#284 = CIRCLE('',#285,1.2);
#285 = AXIS2_PLACEMENT_3D('',#286,#287,#288);
#286 = CARTESIAN_POINT('',(7.52,-2.6,9.4));
#287 = DIRECTION('',(0.,0.,1.));
#288 = DIRECTION('',(-1.,0.,0.));
#289 = ORIENTED_EDGE('',*,*,#290,.F.);
#290 = EDGE_CURVE('',#291,#282,#293,.T.);
#291 = VERTEX_POINT('',#292);
#292 = CARTESIAN_POINT('',(7.72,-1.4,9.4));
#293 = LINE('',#294,#295);
#294 = CARTESIAN_POINT('',(-2.09,-1.4,9.4));
#295 = VECTOR('',#296,1.);
#296 = DIRECTION('',(-1.,0.,0.));
#297 = ORIENTED_EDGE('',*,*,#298,.F.);
#298 = EDGE_CURVE('',#299,#291,#301,.T.);
#299 = VERTEX_POINT('',#300);
#300 = CARTESIAN_POINT('',(8.92,-2.6,9.4));
#301 = CIRCLE('',#302,1.2);
#302 = AXIS2_PLACEMENT_3D('',#303,#304,#305);
#303 = CARTESIAN_POINT('',(7.72,-2.6,9.4));
#304 = DIRECTION('',(0.,0.,1.));
#305 = DIRECTION('',(1.,0.,0.));
#306 = ORIENTED_EDGE('',*,*,#307,.F.);
#307 = EDGE_CURVE('',#308,#299,#310,.T.);
#308 = VERTEX_POINT('',#309);
#309 = CARTESIAN_POINT('',(8.92,-17.6,9.4));
#310 = LINE('',#311,#312);
#311 = CARTESIAN_POINT('',(8.92,-20.525,9.4));
#312 = VECTOR('',#313,1.);
#313 = DIRECTION('',(0.,1.,0.));
#314 = ORIENTED_EDGE('',*,*,#315,.F.);
#315 = EDGE_CURVE('',#316,#308,#318,.T.);
#316 = VERTEX_POINT('',#317);
#317 = CARTESIAN_POINT('',(7.72,-18.8,9.4));
#318 = CIRCLE('',#319,1.2);
#319 = AXIS2_PLACEMENT_3D('',#320,#321,#322);
#320 = CARTESIAN_POINT('',(7.72,-17.6,9.4));
#321 = DIRECTION('',(0.,0.,1.));
#322 = DIRECTION('',(1.,0.,0.));
#323 = ORIENTED_EDGE('',*,*,#324,.T.);
#324 = EDGE_CURVE('',#316,#265,#325,.T.);
#325 = LINE('',#326,#327);
#326 = CARTESIAN_POINT('',(-2.09,-18.8,9.4));
#327 = VECTOR('',#328,1.);
#328 = DIRECTION('',(-1.,0.,0.));
#329 = FACE_BOUND('',#330,.T.);
#330 = EDGE_LOOP('',(#331));
#331 = ORIENTED_EDGE('',*,*,#332,.F.);
#332 = EDGE_CURVE('',#333,#333,#335,.T.);
#333 = VERTEX_POINT('',#334);
#334 = CARTESIAN_POINT('',(5.,-5.6,9.4));
#335 = CIRCLE('',#336,1.);
#336 = AXIS2_PLACEMENT_3D('',#337,#338,#339);
#337 = CARTESIAN_POINT('',(4.,-5.6,9.4));
#338 = DIRECTION('',(0.,0.,1.));
#339 = DIRECTION('',(1.,0.,0.));
#340 = FACE_BOUND('',#341,.T.);
#341 = EDGE_LOOP('',(#342,#353,#361,#370,#378,#387,#395,#404));
#342 = ORIENTED_EDGE('',*,*,#343,.F.);
#343 = EDGE_CURVE('',#344,#346,#348,.T.);
#344 = VERTEX_POINT('',#345);
#345 = CARTESIAN_POINT('',(-5.,6.25,9.4));
#346 = VERTEX_POINT('',#347);
#347 = CARTESIAN_POINT('',(-4.1,5.35,9.4));
#348 = CIRCLE('',#349,0.9);
#349 = AXIS2_PLACEMENT_3D('',#350,#351,#352);
#350 = CARTESIAN_POINT('',(-4.1,6.25,9.4));
#351 = DIRECTION('',(0.,0.,1.));
#352 = DIRECTION('',(-1.,0.,0.));
#353 = ORIENTED_EDGE('',*,*,#354,.T.);
#354 = EDGE_CURVE('',#344,#355,#357,.T.);
#355 = VERTEX_POINT('',#356);
#356 = CARTESIAN_POINT('',(-5.,16.45,9.4));
#357 = LINE('',#358,#359);
#358 = CARTESIAN_POINT('',(-5.,-8.45,9.4));
#359 = VECTOR('',#360,1.);
#360 = DIRECTION('',(0.,1.,0.));
#361 = ORIENTED_EDGE('',*,*,#362,.F.);
#362 = EDGE_CURVE('',#363,#355,#365,.T.);
#363 = VERTEX_POINT('',#364);
#364 = CARTESIAN_POINT('',(-4.1,17.35,9.4));
#365 = CIRCLE('',#366,0.9);
#366 = AXIS2_PLACEMENT_3D('',#367,#368,#369);
#367 = CARTESIAN_POINT('',(-4.1,16.45,9.4));
#368 = DIRECTION('',(0.,0.,1.));
#369 = DIRECTION('',(-1.,0.,0.));
#370 = ORIENTED_EDGE('',*,*,#371,.F.);
#371 = EDGE_CURVE('',#372,#363,#374,.T.);
#372 = VERTEX_POINT('',#373);
#373 = CARTESIAN_POINT('',(-3.9,17.35,9.4));
#374 = LINE('',#375,#376);
#375 = CARTESIAN_POINT('',(-7.75,17.35,9.4));
#376 = VECTOR('',#377,1.);
#377 = DIRECTION('',(-1.,0.,0.));
#378 = ORIENTED_EDGE('',*,*,#379,.F.);
#379 = EDGE_CURVE('',#380,#372,#382,.T.);
#380 = VERTEX_POINT('',#381);
#381 = CARTESIAN_POINT('',(-3.,16.45,9.4));
#382 = CIRCLE('',#383,0.9);
#383 = AXIS2_PLACEMENT_3D('',#384,#385,#386);
#384 = CARTESIAN_POINT('',(-3.9,16.45,9.4));
#385 = DIRECTION('',(0.,0.,1.));
#386 = DIRECTION('',(1.,0.,0.));
#387 = ORIENTED_EDGE('',*,*,#388,.F.);
#388 = EDGE_CURVE('',#389,#380,#391,.T.);
#389 = VERTEX_POINT('',#390);
#390 = CARTESIAN_POINT('',(-3.,6.25,9.4));
#391 = LINE('',#392,#393);
#392 = CARTESIAN_POINT('',(-3.,-8.45,9.4));
#393 = VECTOR('',#394,1.);
#394 = DIRECTION('',(0.,1.,0.));
#395 = ORIENTED_EDGE('',*,*,#396,.F.);
#396 = EDGE_CURVE('',#397,#389,#399,.T.);
#397 = VERTEX_POINT('',#398);
#398 = CARTESIAN_POINT('',(-3.9,5.35,9.4));
#399 = CIRCLE('',#400,0.9);
#400 = AXIS2_PLACEMENT_3D('',#401,#402,#403);
#401 = CARTESIAN_POINT('',(-3.9,6.25,9.4));
#402 = DIRECTION('',(0.,0.,1.));
#403 = DIRECTION('',(1.,0.,0.));
#404 = ORIENTED_EDGE('',*,*,#405,.T.);
#405 = EDGE_CURVE('',#397,#346,#406,.T.);
#406 = LINE('',#407,#408);
#407 = CARTESIAN_POINT('',(-7.75,5.35,9.4));
#408 = VECTOR('',#409,1.);
#409 = DIRECTION('',(-1.,0.,0.));
#410 = FACE_BOUND('',#411,.T.);
#411 = EDGE_LOOP('',(#412,#423,#431,#440,#448,#457,#465,#474));
#412 = ORIENTED_EDGE('',*,*,#413,.F.);
#413 = EDGE_CURVE('',#414,#416,#418,.T.);
#414 = VERTEX_POINT('',#415);
#415 = CARTESIAN_POINT('',(3.,6.25,9.4));
#416 = VERTEX_POINT('',#417);
#417 = CARTESIAN_POINT('',(3.9,5.35,9.4));
#418 = CIRCLE('',#419,0.9);
#419 = AXIS2_PLACEMENT_3D('',#420,#421,#422);
#420 = CARTESIAN_POINT('',(3.9,6.25,9.4));
#421 = DIRECTION('',(0.,0.,1.));
#422 = DIRECTION('',(-1.,0.,0.));
#423 = ORIENTED_EDGE('',*,*,#424,.T.);
#424 = EDGE_CURVE('',#414,#425,#427,.T.);
#425 = VERTEX_POINT('',#426);
#426 = CARTESIAN_POINT('',(3.,16.45,9.4));
#427 = LINE('',#428,#429);
#428 = CARTESIAN_POINT('',(3.,-8.45,9.4));
#429 = VECTOR('',#430,1.);
#430 = DIRECTION('',(0.,1.,0.));
#431 = ORIENTED_EDGE('',*,*,#432,.F.);
#432 = EDGE_CURVE('',#433,#425,#435,.T.);
#433 = VERTEX_POINT('',#434);
#434 = CARTESIAN_POINT('',(3.9,17.35,9.4));
#435 = CIRCLE('',#436,0.9);
#436 = AXIS2_PLACEMENT_3D('',#437,#438,#439);
#437 = CARTESIAN_POINT('',(3.9,16.45,9.4));
#438 = DIRECTION('',(0.,0.,1.));
#439 = DIRECTION('',(-1.,0.,0.));
#440 = ORIENTED_EDGE('',*,*,#441,.F.);
#441 = EDGE_CURVE('',#442,#433,#444,.T.);
#442 = VERTEX_POINT('',#443);
#443 = CARTESIAN_POINT('',(4.1,17.35,9.4));
#444 = LINE('',#445,#446);
#445 = CARTESIAN_POINT('',(-3.75,17.35,9.4));
#446 = VECTOR('',#447,1.);
#447 = DIRECTION('',(-1.,0.,0.));
#448 = ORIENTED_EDGE('',*,*,#449,.F.);
#449 = EDGE_CURVE('',#450,#442,#452,.T.);
#450 = VERTEX_POINT('',#451);
#451 = CARTESIAN_POINT('',(5.,16.45,9.4));
#452 = CIRCLE('',#453,0.9);
#453 = AXIS2_PLACEMENT_3D('',#454,#455,#456);
#454 = CARTESIAN_POINT('',(4.1,16.45,9.4));
#455 = DIRECTION('',(0.,0.,1.));
#456 = DIRECTION('',(1.,0.,0.));
#457 = ORIENTED_EDGE('',*,*,#458,.F.);
#458 = EDGE_CURVE('',#459,#450,#461,.T.);
#459 = VERTEX_POINT('',#460);
#460 = CARTESIAN_POINT('',(5.,6.25,9.4));
#461 = LINE('',#462,#463);
#462 = CARTESIAN_POINT('',(5.,-8.45,9.4));
#463 = VECTOR('',#464,1.);
#464 = DIRECTION('',(0.,1.,0.));
#465 = ORIENTED_EDGE('',*,*,#466,.F.);
#466 = EDGE_CURVE('',#467,#459,#469,.T.);
#467 = VERTEX_POINT('',#468);
#468 = CARTESIAN_POINT('',(4.1,5.35,9.4));
#469 = CIRCLE('',#470,0.9);
#470 = AXIS2_PLACEMENT_3D('',#471,#472,#473);
#471 = CARTESIAN_POINT('',(4.1,6.25,9.4));
#472 = DIRECTION('',(0.,0.,1.));
#473 = DIRECTION('',(1.,0.,0.));
#474 = ORIENTED_EDGE('',*,*,#475,.T.);
#475 = EDGE_CURVE('',#467,#416,#476,.T.);
#476 = LINE('',#477,#478);
#477 = CARTESIAN_POINT('',(-3.75,5.35,9.4));
#478 = VECTOR('',#479,1.);
#479 = DIRECTION('',(-1.,0.,0.));
#480 = PLANE('',#481);
#481 = AXIS2_PLACEMENT_3D('',#482,#483,#484);
#482 = CARTESIAN_POINT('',(-10.5,-22.25,9.4));
#483 = DIRECTION('',(0.,0.,1.));
#484 = DIRECTION('',(1.,0.,0.));
#485 = ADVANCED_FACE('',(#486),#505,.T.);
#486 = FACE_BOUND('',#487,.F.);
#487 = EDGE_LOOP('',(#488,#497,#503,#504));
#488 = ORIENTED_EDGE('',*,*,#489,.T.);
#489 = EDGE_CURVE('',#72,#490,#492,.T.);
#490 = VERTEX_POINT('',#491);
#491 = CARTESIAN_POINT('',(-8.5,22.25,4.7));
#492 = CIRCLE('',#493,2.);
#493 = AXIS2_PLACEMENT_3D('',#494,#495,#496);
#494 = CARTESIAN_POINT('',(-8.5,20.25,4.7));
#495 = DIRECTION('',(-0.,-0.,-1.));
#496 = DIRECTION('',(0.,-1.,0.));
#497 = ORIENTED_EDGE('',*,*,#498,.T.);
#498 = EDGE_CURVE('',#490,#154,#499,.T.);
#499 = LINE('',#500,#501);
#500 = CARTESIAN_POINT('',(-8.5,22.25,4.7));
#501 = VECTOR('',#502,1.);
#502 = DIRECTION('',(0.,0.,1.));
#503 = ORIENTED_EDGE('',*,*,#161,.F.);
#504 = ORIENTED_EDGE('',*,*,#79,.F.);
#505 = CYLINDRICAL_SURFACE('',#506,2.);
#506 = AXIS2_PLACEMENT_3D('',#507,#508,#509);
#507 = CARTESIAN_POINT('',(-8.5,20.25,4.7));
#508 = DIRECTION('',(0.,0.,1.));
#509 = DIRECTION('',(-1.,0.,0.));
#510 = ADVANCED_FACE('',(#511),#601,.F.);
#511 = FACE_BOUND('',#512,.F.);
#512 = EDGE_LOOP('',(#513,#514,#523,#531,#539,#547,#555,#563,#571,#577,
    #578,#579,#587,#595));
#513 = ORIENTED_EDGE('',*,*,#39,.F.);
#514 = ORIENTED_EDGE('',*,*,#515,.T.);
#515 = EDGE_CURVE('',#32,#516,#518,.T.);
#516 = VERTEX_POINT('',#517);
#517 = CARTESIAN_POINT('',(-8.5,-22.25,4.7));
#518 = CIRCLE('',#519,2.);
#519 = AXIS2_PLACEMENT_3D('',#520,#521,#522);
#520 = CARTESIAN_POINT('',(-8.5,-20.25,4.7));
#521 = DIRECTION('',(-0.,0.,1.));
#522 = DIRECTION('',(0.,-1.,0.));
#523 = ORIENTED_EDGE('',*,*,#524,.T.);
#524 = EDGE_CURVE('',#516,#525,#527,.T.);
#525 = VERTEX_POINT('',#526);
#526 = CARTESIAN_POINT('',(-4.9,-22.25,4.7));
#527 = LINE('',#528,#529);
#528 = CARTESIAN_POINT('',(-10.5,-22.25,4.7));
#529 = VECTOR('',#530,1.);
#530 = DIRECTION('',(1.,0.,0.));
#531 = ORIENTED_EDGE('',*,*,#532,.T.);
#532 = EDGE_CURVE('',#525,#533,#535,.T.);
#533 = VERTEX_POINT('',#534);
#534 = CARTESIAN_POINT('',(-4.9,-20.73,4.7));
#535 = LINE('',#536,#537);
#536 = CARTESIAN_POINT('',(-4.9,-22.75,4.7));
#537 = VECTOR('',#538,1.);
#538 = DIRECTION('',(0.,1.,0.));
#539 = ORIENTED_EDGE('',*,*,#540,.F.);
#540 = EDGE_CURVE('',#541,#533,#543,.T.);
#541 = VERTEX_POINT('',#542);
#542 = CARTESIAN_POINT('',(-8.98,-20.73,4.7));
#543 = LINE('',#544,#545);
#544 = CARTESIAN_POINT('',(-8.98,-20.73,4.7));
#545 = VECTOR('',#546,1.);
#546 = DIRECTION('',(1.,0.,0.));
#547 = ORIENTED_EDGE('',*,*,#548,.T.);
#548 = EDGE_CURVE('',#541,#549,#551,.T.);
#549 = VERTEX_POINT('',#550);
#550 = CARTESIAN_POINT('',(-8.98,20.73,4.7));
#551 = LINE('',#552,#553);
#552 = CARTESIAN_POINT('',(-8.98,-20.73,4.7));
#553 = VECTOR('',#554,1.);
#554 = DIRECTION('',(0.,1.,0.));
#555 = ORIENTED_EDGE('',*,*,#556,.T.);
#556 = EDGE_CURVE('',#549,#557,#559,.T.);
#557 = VERTEX_POINT('',#558);
#558 = CARTESIAN_POINT('',(-7.6,20.73,4.7));
#559 = LINE('',#560,#561);
#560 = CARTESIAN_POINT('',(-8.98,20.73,4.7));
#561 = VECTOR('',#562,1.);
#562 = DIRECTION('',(1.,0.,0.));
#563 = ORIENTED_EDGE('',*,*,#564,.T.);
#564 = EDGE_CURVE('',#557,#565,#567,.T.);
#565 = VERTEX_POINT('',#566);
#566 = CARTESIAN_POINT('',(-7.6,22.25,4.7));
#567 = LINE('',#568,#569);
#568 = CARTESIAN_POINT('',(-7.6,-3.125,4.7));
#569 = VECTOR('',#570,1.);
#570 = DIRECTION('',(0.,1.,0.));
#571 = ORIENTED_EDGE('',*,*,#572,.F.);
#572 = EDGE_CURVE('',#490,#565,#573,.T.);
#573 = LINE('',#574,#575);
#574 = CARTESIAN_POINT('',(-10.5,22.25,4.7));
#575 = VECTOR('',#576,1.);
#576 = DIRECTION('',(1.,0.,0.));
#577 = ORIENTED_EDGE('',*,*,#489,.F.);
#578 = ORIENTED_EDGE('',*,*,#71,.F.);
#579 = ORIENTED_EDGE('',*,*,#580,.T.);
#580 = EDGE_CURVE('',#64,#581,#583,.T.);
#581 = VERTEX_POINT('',#582);
#582 = CARTESIAN_POINT('',(-9.5,3.25,4.7));
#583 = LINE('',#584,#585);
#584 = CARTESIAN_POINT('',(-11.,3.25,4.7));
#585 = VECTOR('',#586,1.);
#586 = DIRECTION('',(1.,0.,0.));
#587 = ORIENTED_EDGE('',*,*,#588,.F.);
#588 = EDGE_CURVE('',#589,#581,#591,.T.);
#589 = VERTEX_POINT('',#590);
#590 = CARTESIAN_POINT('',(-9.5,-0.75,4.7));
#591 = LINE('',#592,#593);
#592 = CARTESIAN_POINT('',(-9.5,-0.75,4.7));
#593 = VECTOR('',#594,1.);
#594 = DIRECTION('',(0.,1.,0.));
#595 = ORIENTED_EDGE('',*,*,#596,.F.);
#596 = EDGE_CURVE('',#40,#589,#597,.T.);
#597 = LINE('',#598,#599);
#598 = CARTESIAN_POINT('',(-11.,-0.75,4.7));
#599 = VECTOR('',#600,1.);
#600 = DIRECTION('',(1.,0.,0.));
#601 = PLANE('',#602);
#602 = AXIS2_PLACEMENT_3D('',#603,#604,#605);
#603 = CARTESIAN_POINT('',(-10.5,-22.25,4.7));
#604 = DIRECTION('',(0.,0.,1.));
#605 = DIRECTION('',(1.,0.,0.));
#606 = ADVANCED_FACE('',(#607),#625,.F.);
#607 = FACE_BOUND('',#608,.F.);
#608 = EDGE_LOOP('',(#609,#610,#611,#619));
#609 = ORIENTED_EDGE('',*,*,#580,.F.);
#610 = ORIENTED_EDGE('',*,*,#63,.T.);
#611 = ORIENTED_EDGE('',*,*,#612,.T.);
#612 = EDGE_CURVE('',#56,#613,#615,.T.);
#613 = VERTEX_POINT('',#614);
#614 = CARTESIAN_POINT('',(-9.5,3.25,5.5));
#615 = LINE('',#616,#617);
#616 = CARTESIAN_POINT('',(-11.,3.25,5.5));
#617 = VECTOR('',#618,1.);
#618 = DIRECTION('',(1.,0.,0.));
#619 = ORIENTED_EDGE('',*,*,#620,.F.);
#620 = EDGE_CURVE('',#581,#613,#621,.T.);
#621 = LINE('',#622,#623);
#622 = CARTESIAN_POINT('',(-9.5,3.25,4.7));
#623 = VECTOR('',#624,1.);
#624 = DIRECTION('',(0.,0.,1.));
#625 = PLANE('',#626);
#626 = AXIS2_PLACEMENT_3D('',#627,#628,#629);
#627 = CARTESIAN_POINT('',(-11.,3.25,4.7));
#628 = DIRECTION('',(0.,1.,0.));
#629 = DIRECTION('',(0.,0.,1.));
#630 = ADVANCED_FACE('',(#631),#649,.F.);
#631 = FACE_BOUND('',#632,.F.);
#632 = EDGE_LOOP('',(#633,#634,#635,#643));
#633 = ORIENTED_EDGE('',*,*,#612,.F.);
#634 = ORIENTED_EDGE('',*,*,#55,.T.);
#635 = ORIENTED_EDGE('',*,*,#636,.T.);
#636 = EDGE_CURVE('',#48,#637,#639,.T.);
#637 = VERTEX_POINT('',#638);
#638 = CARTESIAN_POINT('',(-9.5,-0.75,5.5));
#639 = LINE('',#640,#641);
#640 = CARTESIAN_POINT('',(-11.,-0.75,5.5));
#641 = VECTOR('',#642,1.);
#642 = DIRECTION('',(1.,0.,0.));
#643 = ORIENTED_EDGE('',*,*,#644,.T.);
#644 = EDGE_CURVE('',#637,#613,#645,.T.);
#645 = LINE('',#646,#647);
#646 = CARTESIAN_POINT('',(-9.5,-0.75,5.5));
#647 = VECTOR('',#648,1.);
#648 = DIRECTION('',(0.,1.,0.));
#649 = PLANE('',#650);
#650 = AXIS2_PLACEMENT_3D('',#651,#652,#653);
#651 = CARTESIAN_POINT('',(-11.,-0.75,5.5));
#652 = DIRECTION('',(0.,0.,1.));
#653 = DIRECTION('',(1.,0.,0.));
#654 = ADVANCED_FACE('',(#655),#666,.T.);
#655 = FACE_BOUND('',#656,.T.);
#656 = EDGE_LOOP('',(#657,#658,#659,#660));
#657 = ORIENTED_EDGE('',*,*,#596,.F.);
#658 = ORIENTED_EDGE('',*,*,#47,.T.);
#659 = ORIENTED_EDGE('',*,*,#636,.T.);
#660 = ORIENTED_EDGE('',*,*,#661,.F.);
#661 = EDGE_CURVE('',#589,#637,#662,.T.);
#662 = LINE('',#663,#664);
#663 = CARTESIAN_POINT('',(-9.5,-0.75,4.7));
#664 = VECTOR('',#665,1.);
#665 = DIRECTION('',(0.,0.,1.));
#666 = PLANE('',#667);
#667 = AXIS2_PLACEMENT_3D('',#668,#669,#670);
#668 = CARTESIAN_POINT('',(-11.,-0.75,4.7));
#669 = DIRECTION('',(0.,1.,0.));
#670 = DIRECTION('',(0.,0.,1.));
#671 = ADVANCED_FACE('',(#672),#683,.T.);
#672 = FACE_BOUND('',#673,.T.);
#673 = EDGE_LOOP('',(#674,#675,#681,#682));
#674 = ORIENTED_EDGE('',*,*,#515,.T.);
#675 = ORIENTED_EDGE('',*,*,#676,.T.);
#676 = EDGE_CURVE('',#516,#95,#677,.T.);
#677 = LINE('',#678,#679);
#678 = CARTESIAN_POINT('',(-8.5,-22.25,4.7));
#679 = VECTOR('',#680,1.);
#680 = DIRECTION('',(0.,0.,1.));
#681 = ORIENTED_EDGE('',*,*,#94,.F.);
#682 = ORIENTED_EDGE('',*,*,#31,.F.);
#683 = CYLINDRICAL_SURFACE('',#684,2.);
#684 = AXIS2_PLACEMENT_3D('',#685,#686,#687);
#685 = CARTESIAN_POINT('',(-8.5,-20.25,4.7));
#686 = DIRECTION('',(0.,0.,1.));
#687 = DIRECTION('',(-1.,0.,0.));
#688 = ADVANCED_FACE('',(#689),#732,.F.);
#689 = FACE_BOUND('',#690,.F.);
#690 = EDGE_LOOP('',(#691,#692,#693,#694,#702,#710,#718,#726));
#691 = ORIENTED_EDGE('',*,*,#524,.F.);
#692 = ORIENTED_EDGE('',*,*,#676,.T.);
#693 = ORIENTED_EDGE('',*,*,#103,.T.);
#694 = ORIENTED_EDGE('',*,*,#695,.F.);
#695 = EDGE_CURVE('',#696,#104,#698,.T.);
#696 = VERTEX_POINT('',#697);
#697 = CARTESIAN_POINT('',(8.5,-22.25,4.7));
#698 = LINE('',#699,#700);
#699 = CARTESIAN_POINT('',(8.5,-22.25,4.7));
#700 = VECTOR('',#701,1.);
#701 = DIRECTION('',(0.,0.,1.));
#702 = ORIENTED_EDGE('',*,*,#703,.F.);
#703 = EDGE_CURVE('',#704,#696,#706,.T.);
#704 = VERTEX_POINT('',#705);
#705 = CARTESIAN_POINT('',(4.9,-22.25,4.7));
#706 = LINE('',#707,#708);
#707 = CARTESIAN_POINT('',(-10.5,-22.25,4.7));
#708 = VECTOR('',#709,1.);
#709 = DIRECTION('',(1.,0.,0.));
#710 = ORIENTED_EDGE('',*,*,#711,.F.);
#711 = EDGE_CURVE('',#712,#704,#714,.T.);
#712 = VERTEX_POINT('',#713);
#713 = CARTESIAN_POINT('',(4.9,-22.25,7.2));
#714 = LINE('',#715,#716);
#715 = CARTESIAN_POINT('',(4.9,-22.25,1.85));
#716 = VECTOR('',#717,1.);
#717 = DIRECTION('',(0.,0.,-1.));
#718 = ORIENTED_EDGE('',*,*,#719,.F.);
#719 = EDGE_CURVE('',#720,#712,#722,.T.);
#720 = VERTEX_POINT('',#721);
#721 = CARTESIAN_POINT('',(-4.9,-22.25,7.2));
#722 = LINE('',#723,#724);
#723 = CARTESIAN_POINT('',(-7.7,-22.25,7.2));
#724 = VECTOR('',#725,1.);
#725 = DIRECTION('',(1.,0.,0.));
#726 = ORIENTED_EDGE('',*,*,#727,.T.);
#727 = EDGE_CURVE('',#720,#525,#728,.T.);
#728 = LINE('',#729,#730);
#729 = CARTESIAN_POINT('',(-4.9,-22.25,1.85));
#730 = VECTOR('',#731,1.);
#731 = DIRECTION('',(0.,0.,-1.));
#732 = PLANE('',#733);
#733 = AXIS2_PLACEMENT_3D('',#734,#735,#736);
#734 = CARTESIAN_POINT('',(-10.5,-22.25,4.7));
#735 = DIRECTION('',(0.,1.,0.));
#736 = DIRECTION('',(0.,0.,1.));
#737 = ADVANCED_FACE('',(#738),#797,.T.);
#738 = FACE_BOUND('',#739,.T.);
#739 = EDGE_LOOP('',(#740,#741,#742,#743,#751,#759,#767,#775,#783,#791)
  );
#740 = ORIENTED_EDGE('',*,*,#572,.F.);
#741 = ORIENTED_EDGE('',*,*,#498,.T.);
#742 = ORIENTED_EDGE('',*,*,#153,.T.);
#743 = ORIENTED_EDGE('',*,*,#744,.T.);
#744 = EDGE_CURVE('',#146,#745,#747,.T.);
#745 = VERTEX_POINT('',#746);
#746 = CARTESIAN_POINT('',(6.5,22.25,5.6));
#747 = LINE('',#748,#749);
#748 = CARTESIAN_POINT('',(6.5,22.25,4.7));
#749 = VECTOR('',#750,1.);
#750 = DIRECTION('',(0.,0.,-1.));
#751 = ORIENTED_EDGE('',*,*,#752,.F.);
#752 = EDGE_CURVE('',#753,#745,#755,.T.);
#753 = VERTEX_POINT('',#754);
#754 = CARTESIAN_POINT('',(6.25,22.25,5.6));
#755 = LINE('',#756,#757);
#756 = CARTESIAN_POINT('',(-9.05,22.25,5.6));
#757 = VECTOR('',#758,1.);
#758 = DIRECTION('',(1.,0.,0.));
#759 = ORIENTED_EDGE('',*,*,#760,.F.);
#760 = EDGE_CURVE('',#761,#753,#763,.T.);
#761 = VERTEX_POINT('',#762);
#762 = CARTESIAN_POINT('',(6.25,22.25,5.9));
#763 = LINE('',#764,#765);
#764 = CARTESIAN_POINT('',(6.25,22.25,1.85));
#765 = VECTOR('',#766,1.);
#766 = DIRECTION('',(0.,0.,-1.));
#767 = ORIENTED_EDGE('',*,*,#768,.F.);
#768 = EDGE_CURVE('',#769,#761,#771,.T.);
#769 = VERTEX_POINT('',#770);
#770 = CARTESIAN_POINT('',(-6.25,22.25,5.9));
#771 = LINE('',#772,#773);
#772 = CARTESIAN_POINT('',(-8.375,22.25,5.9));
#773 = VECTOR('',#774,1.);
#774 = DIRECTION('',(1.,0.,0.));
#775 = ORIENTED_EDGE('',*,*,#776,.T.);
#776 = EDGE_CURVE('',#769,#777,#779,.T.);
#777 = VERTEX_POINT('',#778);
#778 = CARTESIAN_POINT('',(-6.25,22.25,5.6));
#779 = LINE('',#780,#781);
#780 = CARTESIAN_POINT('',(-6.25,22.25,1.85));
#781 = VECTOR('',#782,1.);
#782 = DIRECTION('',(0.,0.,-1.));
#783 = ORIENTED_EDGE('',*,*,#784,.F.);
#784 = EDGE_CURVE('',#785,#777,#787,.T.);
#785 = VERTEX_POINT('',#786);
#786 = CARTESIAN_POINT('',(-7.6,22.25,5.6));
#787 = LINE('',#788,#789);
#788 = CARTESIAN_POINT('',(-9.05,22.25,5.6));
#789 = VECTOR('',#790,1.);
#790 = DIRECTION('',(1.,0.,0.));
#791 = ORIENTED_EDGE('',*,*,#792,.T.);
#792 = EDGE_CURVE('',#785,#565,#793,.T.);
#793 = LINE('',#794,#795);
#794 = CARTESIAN_POINT('',(-7.6,22.25,1.85));
#795 = VECTOR('',#796,1.);
#796 = DIRECTION('',(0.,0.,-1.));
#797 = PLANE('',#798);
#798 = AXIS2_PLACEMENT_3D('',#799,#800,#801);
#799 = CARTESIAN_POINT('',(-10.5,22.25,4.7));
#800 = DIRECTION('',(0.,1.,0.));
#801 = DIRECTION('',(0.,0.,1.));
#802 = ADVANCED_FACE('',(#803),#822,.T.);
#803 = FACE_BOUND('',#804,.F.);
#804 = EDGE_LOOP('',(#805,#814,#815,#816));
#805 = ORIENTED_EDGE('',*,*,#806,.T.);
#806 = EDGE_CURVE('',#807,#696,#809,.T.);
#807 = VERTEX_POINT('',#808);
#808 = CARTESIAN_POINT('',(10.5,-20.25,4.7));
#809 = CIRCLE('',#810,2.);
#810 = AXIS2_PLACEMENT_3D('',#811,#812,#813);
#811 = CARTESIAN_POINT('',(8.5,-20.25,4.7));
#812 = DIRECTION('',(-0.,-0.,-1.));
#813 = DIRECTION('',(0.,-1.,0.));
#814 = ORIENTED_EDGE('',*,*,#695,.T.);
#815 = ORIENTED_EDGE('',*,*,#111,.F.);
#816 = ORIENTED_EDGE('',*,*,#817,.F.);
#817 = EDGE_CURVE('',#807,#112,#818,.T.);
#818 = LINE('',#819,#820);
#819 = CARTESIAN_POINT('',(10.5,-20.25,4.7));
#820 = VECTOR('',#821,1.);
#821 = DIRECTION('',(0.,0.,1.));
#822 = CYLINDRICAL_SURFACE('',#823,2.);
#823 = AXIS2_PLACEMENT_3D('',#824,#825,#826);
#824 = CARTESIAN_POINT('',(8.5,-20.25,4.7));
#825 = DIRECTION('',(0.,0.,1.));
#826 = DIRECTION('',(1.,0.,0.));
#827 = ADVANCED_FACE('',(#828),#847,.T.);
#828 = FACE_BOUND('',#829,.T.);
#829 = EDGE_LOOP('',(#830,#838,#839,#840));
#830 = ORIENTED_EDGE('',*,*,#831,.F.);
#831 = EDGE_CURVE('',#146,#832,#834,.T.);
#832 = VERTEX_POINT('',#833);
#833 = CARTESIAN_POINT('',(6.791900756452,22.25,9.4));
#834 = LINE('',#835,#836);
#835 = CARTESIAN_POINT('',(-10.5,22.25,9.4));
#836 = VECTOR('',#837,1.);
#837 = DIRECTION('',(1.,0.,0.));
#838 = ORIENTED_EDGE('',*,*,#145,.F.);
#839 = ORIENTED_EDGE('',*,*,#137,.T.);
#840 = ORIENTED_EDGE('',*,*,#841,.F.);
#841 = EDGE_CURVE('',#832,#129,#842,.T.);
#842 = CIRCLE('',#843,4.);
#843 = AXIS2_PLACEMENT_3D('',#844,#845,#846);
#844 = CARTESIAN_POINT('',(10.5,23.75,9.4));
#845 = DIRECTION('',(0.,0.,1.));
#846 = DIRECTION('',(1.,0.,0.));
#847 = PLANE('',#848);
#848 = AXIS2_PLACEMENT_3D('',#849,#850,#851);
#849 = CARTESIAN_POINT('',(-10.5,-22.25,9.4));
#850 = DIRECTION('',(0.,0.,1.));
#851 = DIRECTION('',(1.,0.,0.));
#852 = ADVANCED_FACE('',(#853),#871,.T.);
#853 = FACE_BOUND('',#854,.T.);
#854 = EDGE_LOOP('',(#855,#856,#857,#865));
#855 = ORIENTED_EDGE('',*,*,#120,.F.);
#856 = ORIENTED_EDGE('',*,*,#817,.F.);
#857 = ORIENTED_EDGE('',*,*,#858,.T.);
#858 = EDGE_CURVE('',#807,#859,#861,.T.);
#859 = VERTEX_POINT('',#860);
#860 = CARTESIAN_POINT('',(10.5,19.75,4.7));
#861 = LINE('',#862,#863);
#862 = CARTESIAN_POINT('',(10.5,-22.25,4.7));
#863 = VECTOR('',#864,1.);
#864 = DIRECTION('',(0.,1.,0.));
#865 = ORIENTED_EDGE('',*,*,#866,.T.);
#866 = EDGE_CURVE('',#859,#121,#867,.T.);
#867 = LINE('',#868,#869);
#868 = CARTESIAN_POINT('',(10.5,19.75,4.7));
#869 = VECTOR('',#870,1.);
#870 = DIRECTION('',(0.,0.,1.));
#871 = PLANE('',#872);
#872 = AXIS2_PLACEMENT_3D('',#873,#874,#875);
#873 = CARTESIAN_POINT('',(10.5,-22.25,4.7));
#874 = DIRECTION('',(1.,0.,0.));
#875 = DIRECTION('',(0.,0.,1.));
#876 = ADVANCED_FACE('',(#877),#894,.T.);
#877 = FACE_BOUND('',#878,.T.);
#878 = EDGE_LOOP('',(#879,#887,#888));
#879 = ORIENTED_EDGE('',*,*,#880,.F.);
#880 = EDGE_CURVE('',#129,#881,#883,.T.);
#881 = VERTEX_POINT('',#882);
#882 = CARTESIAN_POINT('',(10.5,20.25,9.4));
#883 = LINE('',#884,#885);
#884 = CARTESIAN_POINT('',(6.5,20.25,9.4));
#885 = VECTOR('',#886,1.);
#886 = DIRECTION('',(1.,0.,0.));
#887 = ORIENTED_EDGE('',*,*,#128,.T.);
#888 = ORIENTED_EDGE('',*,*,#889,.T.);
#889 = EDGE_CURVE('',#121,#881,#890,.T.);
#890 = LINE('',#891,#892);
#891 = CARTESIAN_POINT('',(10.5,-22.25,9.4));
#892 = VECTOR('',#893,1.);
#893 = DIRECTION('',(0.,1.,0.));
#894 = PLANE('',#895);
#895 = AXIS2_PLACEMENT_3D('',#896,#897,#898);
#896 = CARTESIAN_POINT('',(-10.5,-22.25,9.4));
#897 = DIRECTION('',(0.,0.,1.));
#898 = DIRECTION('',(1.,0.,0.));
#899 = ADVANCED_FACE('',(#900),#943,.F.);
#900 = FACE_BOUND('',#901,.F.);
#901 = EDGE_LOOP('',(#902,#910,#919,#927,#936,#942));
#902 = ORIENTED_EDGE('',*,*,#903,.F.);
#903 = EDGE_CURVE('',#904,#171,#906,.T.);
#904 = VERTEX_POINT('',#905);
#905 = CARTESIAN_POINT('',(-8.92,-17.6,3.65));
#906 = LINE('',#907,#908);
#907 = CARTESIAN_POINT('',(-8.92,-17.6,0.));
#908 = VECTOR('',#909,1.);
#909 = DIRECTION('',(0.,0.,1.));
#910 = ORIENTED_EDGE('',*,*,#911,.T.);
#911 = EDGE_CURVE('',#904,#912,#914,.T.);
#912 = VERTEX_POINT('',#913);
#913 = CARTESIAN_POINT('',(-8.08,-18.7447270417,3.65));
#914 = CIRCLE('',#915,1.2);
#915 = AXIS2_PLACEMENT_3D('',#916,#917,#918);
#916 = CARTESIAN_POINT('',(-7.72,-17.6,3.65));
#917 = DIRECTION('',(0.,0.,1.));
#918 = DIRECTION('',(-1.,0.,0.));
#919 = ORIENTED_EDGE('',*,*,#920,.T.);
#920 = EDGE_CURVE('',#912,#921,#923,.T.);
#921 = VERTEX_POINT('',#922);
#922 = CARTESIAN_POINT('',(-8.08,-18.7447270417,8.2));
#923 = LINE('',#924,#925);
#924 = CARTESIAN_POINT('',(-8.08,-18.7447270417,0.));
#925 = VECTOR('',#926,1.);
#926 = DIRECTION('',(0.,0.,1.));
#927 = ORIENTED_EDGE('',*,*,#928,.T.);
#928 = EDGE_CURVE('',#921,#929,#931,.T.);
#929 = VERTEX_POINT('',#930);
#930 = CARTESIAN_POINT('',(-7.72,-18.8,8.2));
#931 = CIRCLE('',#932,1.2);
#932 = AXIS2_PLACEMENT_3D('',#933,#934,#935);
#933 = CARTESIAN_POINT('',(-7.72,-17.6,8.2));
#934 = DIRECTION('',(0.,0.,1.));
#935 = DIRECTION('',(-1.,0.,0.));
#936 = ORIENTED_EDGE('',*,*,#937,.T.);
#937 = EDGE_CURVE('',#929,#173,#938,.T.);
#938 = LINE('',#939,#940);
#939 = CARTESIAN_POINT('',(-7.72,-18.8,0.));
#940 = VECTOR('',#941,1.);
#941 = DIRECTION('',(0.,0.,1.));
#942 = ORIENTED_EDGE('',*,*,#170,.F.);
#943 = CYLINDRICAL_SURFACE('',#944,1.2);
#944 = AXIS2_PLACEMENT_3D('',#945,#946,#947);
#945 = CARTESIAN_POINT('',(-7.72,-17.6,0.));
#946 = DIRECTION('',(0.,0.,1.));
#947 = DIRECTION('',(-1.,0.,0.));
#948 = ADVANCED_FACE('',(#949),#967,.T.);
#949 = FACE_BOUND('',#950,.T.);
#950 = EDGE_LOOP('',(#951,#952,#953,#961));
#951 = ORIENTED_EDGE('',*,*,#181,.F.);
#952 = ORIENTED_EDGE('',*,*,#903,.F.);
#953 = ORIENTED_EDGE('',*,*,#954,.T.);
#954 = EDGE_CURVE('',#904,#955,#957,.T.);
#955 = VERTEX_POINT('',#956);
#956 = CARTESIAN_POINT('',(-8.92,-2.6,3.65));
#957 = LINE('',#958,#959);
#958 = CARTESIAN_POINT('',(-8.92,-19.765,3.65));
#959 = VECTOR('',#960,1.);
#960 = DIRECTION('',(0.,1.,0.));
#961 = ORIENTED_EDGE('',*,*,#962,.T.);
#962 = EDGE_CURVE('',#955,#182,#963,.T.);
#963 = LINE('',#964,#965);
#964 = CARTESIAN_POINT('',(-8.92,-2.6,0.));
#965 = VECTOR('',#966,1.);
#966 = DIRECTION('',(0.,0.,1.));
#967 = PLANE('',#968);
#968 = AXIS2_PLACEMENT_3D('',#969,#970,#971);
#969 = CARTESIAN_POINT('',(-8.92,-18.8,0.));
#970 = DIRECTION('',(1.,0.,0.));
#971 = DIRECTION('',(0.,0.,1.));
#972 = ADVANCED_FACE('',(#973),#991,.T.);
#973 = FACE_BOUND('',#974,.T.);
#974 = EDGE_LOOP('',(#975,#983,#984,#985));
#975 = ORIENTED_EDGE('',*,*,#976,.T.);
#976 = EDGE_CURVE('',#977,#929,#979,.T.);
#977 = VERTEX_POINT('',#978);
#978 = CARTESIAN_POINT('',(-7.52,-18.8,8.2));
#979 = LINE('',#980,#981);
#980 = CARTESIAN_POINT('',(-8.5,-18.8,8.2));
#981 = VECTOR('',#982,1.);
#982 = DIRECTION('',(-1.,0.,0.));
#983 = ORIENTED_EDGE('',*,*,#937,.T.);
#984 = ORIENTED_EDGE('',*,*,#232,.F.);
#985 = ORIENTED_EDGE('',*,*,#986,.F.);
#986 = EDGE_CURVE('',#977,#224,#987,.T.);
#987 = LINE('',#988,#989);
#988 = CARTESIAN_POINT('',(-7.52,-18.8,0.));
#989 = VECTOR('',#990,1.);
#990 = DIRECTION('',(0.,0.,1.));
#991 = PLANE('',#992);
#992 = AXIS2_PLACEMENT_3D('',#993,#994,#995);
#993 = CARTESIAN_POINT('',(-8.92,-18.8,0.));
#994 = DIRECTION('',(0.,1.,0.));
#995 = DIRECTION('',(0.,0.,1.));
#996 = ADVANCED_FACE('',(#997),#1033,.F.);
#997 = FACE_BOUND('',#998,.T.);
#998 = EDGE_LOOP('',(#999,#1000,#1009,#1017,#1026,#1032));
#999 = ORIENTED_EDGE('',*,*,#962,.F.);
#1000 = ORIENTED_EDGE('',*,*,#1001,.F.);
#1001 = EDGE_CURVE('',#1002,#955,#1004,.T.);
#1002 = VERTEX_POINT('',#1003);
#1003 = CARTESIAN_POINT('',(-8.08,-1.4552729583,3.65));
#1004 = CIRCLE('',#1005,1.2);
#1005 = AXIS2_PLACEMENT_3D('',#1006,#1007,#1008);
#1006 = CARTESIAN_POINT('',(-7.72,-2.6,3.65));
#1007 = DIRECTION('',(0.,0.,1.));
#1008 = DIRECTION('',(-1.,0.,0.));
#1009 = ORIENTED_EDGE('',*,*,#1010,.T.);
#1010 = EDGE_CURVE('',#1002,#1011,#1013,.T.);
#1011 = VERTEX_POINT('',#1012);
#1012 = CARTESIAN_POINT('',(-8.08,-1.4552729583,8.2));
#1013 = LINE('',#1014,#1015);
#1014 = CARTESIAN_POINT('',(-8.08,-1.4552729583,0.));
#1015 = VECTOR('',#1016,1.);
#1016 = DIRECTION('',(0.,0.,1.));
#1017 = ORIENTED_EDGE('',*,*,#1018,.F.);
#1018 = EDGE_CURVE('',#1019,#1011,#1021,.T.);
#1019 = VERTEX_POINT('',#1020);
#1020 = CARTESIAN_POINT('',(-7.72,-1.4,8.2));
#1021 = CIRCLE('',#1022,1.2);
#1022 = AXIS2_PLACEMENT_3D('',#1023,#1024,#1025);
#1023 = CARTESIAN_POINT('',(-7.72,-2.6,8.2));
#1024 = DIRECTION('',(0.,0.,1.));
#1025 = DIRECTION('',(-1.,0.,0.));
#1026 = ORIENTED_EDGE('',*,*,#1027,.T.);
#1027 = EDGE_CURVE('',#1019,#190,#1028,.T.);
#1028 = LINE('',#1029,#1030);
#1029 = CARTESIAN_POINT('',(-7.72,-1.4,0.));
#1030 = VECTOR('',#1031,1.);
#1031 = DIRECTION('',(0.,0.,1.));
#1032 = ORIENTED_EDGE('',*,*,#189,.T.);
#1033 = CYLINDRICAL_SURFACE('',#1034,1.2);
#1034 = AXIS2_PLACEMENT_3D('',#1035,#1036,#1037);
#1035 = CARTESIAN_POINT('',(-7.72,-2.6,0.));
#1036 = DIRECTION('',(0.,0.,1.));
#1037 = DIRECTION('',(-1.,0.,0.));
#1038 = ADVANCED_FACE('',(#1039),#1058,.F.);
#1039 = FACE_BOUND('',#1040,.T.);
#1040 = EDGE_LOOP('',(#1041,#1049,#1056,#1057));
#1041 = ORIENTED_EDGE('',*,*,#1042,.F.);
#1042 = EDGE_CURVE('',#1043,#216,#1045,.T.);
#1043 = VERTEX_POINT('',#1044);
#1044 = CARTESIAN_POINT('',(-6.32,-17.6,8.2));
#1045 = LINE('',#1046,#1047);
#1046 = CARTESIAN_POINT('',(-6.32,-17.6,0.));
#1047 = VECTOR('',#1048,1.);
#1048 = DIRECTION('',(0.,0.,1.));
#1049 = ORIENTED_EDGE('',*,*,#1050,.F.);
#1050 = EDGE_CURVE('',#977,#1043,#1051,.T.);
#1051 = CIRCLE('',#1052,1.2);
#1052 = AXIS2_PLACEMENT_3D('',#1053,#1054,#1055);
#1053 = CARTESIAN_POINT('',(-7.52,-17.6,8.2));
#1054 = DIRECTION('',(0.,0.,1.));
#1055 = DIRECTION('',(1.,0.,0.));
#1056 = ORIENTED_EDGE('',*,*,#986,.T.);
#1057 = ORIENTED_EDGE('',*,*,#223,.T.);
#1058 = CYLINDRICAL_SURFACE('',#1059,1.2);
#1059 = AXIS2_PLACEMENT_3D('',#1060,#1061,#1062);
#1060 = CARTESIAN_POINT('',(-7.52,-17.6,0.));
#1061 = DIRECTION('',(0.,0.,1.));
#1062 = DIRECTION('',(1.,0.,0.));
#1063 = ADVANCED_FACE('',(#1064),#1082,.F.);
#1064 = FACE_BOUND('',#1065,.F.);
#1065 = EDGE_LOOP('',(#1066,#1074,#1075,#1076));
#1066 = ORIENTED_EDGE('',*,*,#1067,.T.);
#1067 = EDGE_CURVE('',#1068,#1019,#1070,.T.);
#1068 = VERTEX_POINT('',#1069);
#1069 = CARTESIAN_POINT('',(-7.52,-1.4,8.2));
#1070 = LINE('',#1071,#1072);
#1071 = CARTESIAN_POINT('',(-8.5,-1.4,8.2));
#1072 = VECTOR('',#1073,1.);
#1073 = DIRECTION('',(-1.,0.,0.));
#1074 = ORIENTED_EDGE('',*,*,#1027,.T.);
#1075 = ORIENTED_EDGE('',*,*,#198,.F.);
#1076 = ORIENTED_EDGE('',*,*,#1077,.F.);
#1077 = EDGE_CURVE('',#1068,#199,#1078,.T.);
#1078 = LINE('',#1079,#1080);
#1079 = CARTESIAN_POINT('',(-7.52,-1.4,0.));
#1080 = VECTOR('',#1081,1.);
#1081 = DIRECTION('',(0.,0.,1.));
#1082 = PLANE('',#1083);
#1083 = AXIS2_PLACEMENT_3D('',#1084,#1085,#1086);
#1084 = CARTESIAN_POINT('',(-8.92,-1.4,0.));
#1085 = DIRECTION('',(0.,1.,0.));
#1086 = DIRECTION('',(0.,0.,1.));
#1087 = ADVANCED_FACE('',(#1088),#1106,.F.);
#1088 = FACE_BOUND('',#1089,.F.);
#1089 = EDGE_LOOP('',(#1090,#1091,#1092,#1100));
#1090 = ORIENTED_EDGE('',*,*,#215,.F.);
#1091 = ORIENTED_EDGE('',*,*,#1042,.F.);
#1092 = ORIENTED_EDGE('',*,*,#1093,.T.);
#1093 = EDGE_CURVE('',#1043,#1094,#1096,.T.);
#1094 = VERTEX_POINT('',#1095);
#1095 = CARTESIAN_POINT('',(-6.32,-2.6,8.2));
#1096 = LINE('',#1097,#1098);
#1097 = CARTESIAN_POINT('',(-6.32,-19.315,8.2));
#1098 = VECTOR('',#1099,1.);
#1099 = DIRECTION('',(0.,1.,0.));
#1100 = ORIENTED_EDGE('',*,*,#1101,.T.);
#1101 = EDGE_CURVE('',#1094,#207,#1102,.T.);
#1102 = LINE('',#1103,#1104);
#1103 = CARTESIAN_POINT('',(-6.32,-2.6,0.));
#1104 = VECTOR('',#1105,1.);
#1105 = DIRECTION('',(0.,0.,1.));
#1106 = PLANE('',#1107);
#1107 = AXIS2_PLACEMENT_3D('',#1108,#1109,#1110);
#1108 = CARTESIAN_POINT('',(-6.32,-18.8,0.));
#1109 = DIRECTION('',(1.,0.,0.));
#1110 = DIRECTION('',(0.,0.,1.));
#1111 = ADVANCED_FACE('',(#1112),#1124,.F.);
#1112 = FACE_BOUND('',#1113,.F.);
#1113 = EDGE_LOOP('',(#1114,#1115,#1122,#1123));
#1114 = ORIENTED_EDGE('',*,*,#1101,.F.);
#1115 = ORIENTED_EDGE('',*,*,#1116,.T.);
#1116 = EDGE_CURVE('',#1094,#1068,#1117,.T.);
#1117 = CIRCLE('',#1118,1.2);
#1118 = AXIS2_PLACEMENT_3D('',#1119,#1120,#1121);
#1119 = CARTESIAN_POINT('',(-7.52,-2.6,8.2));
#1120 = DIRECTION('',(0.,0.,1.));
#1121 = DIRECTION('',(1.,0.,0.));
#1122 = ORIENTED_EDGE('',*,*,#1077,.T.);
#1123 = ORIENTED_EDGE('',*,*,#206,.F.);
#1124 = CYLINDRICAL_SURFACE('',#1125,1.2);
#1125 = AXIS2_PLACEMENT_3D('',#1126,#1127,#1128);
#1126 = CARTESIAN_POINT('',(-7.52,-2.6,0.));
#1127 = DIRECTION('',(0.,0.,1.));
#1128 = DIRECTION('',(1.,0.,0.));
#1129 = ADVANCED_FACE('',(#1130),#1149,.F.);
#1130 = FACE_BOUND('',#1131,.F.);
#1131 = EDGE_LOOP('',(#1132,#1133,#1141,#1148));
#1132 = ORIENTED_EDGE('',*,*,#240,.F.);
#1133 = ORIENTED_EDGE('',*,*,#1134,.F.);
#1134 = EDGE_CURVE('',#1135,#241,#1137,.T.);
#1135 = VERTEX_POINT('',#1136);
#1136 = CARTESIAN_POINT('',(0.9,-12.1,8.2));
#1137 = LINE('',#1138,#1139);
#1138 = CARTESIAN_POINT('',(0.9,-12.1,0.));
#1139 = VECTOR('',#1140,1.);
#1140 = DIRECTION('',(0.,0.,1.));
#1141 = ORIENTED_EDGE('',*,*,#1142,.T.);
#1142 = EDGE_CURVE('',#1135,#1135,#1143,.T.);
#1143 = CIRCLE('',#1144,0.9);
#1144 = AXIS2_PLACEMENT_3D('',#1145,#1146,#1147);
#1145 = CARTESIAN_POINT('',(0.,-12.1,8.2));
#1146 = DIRECTION('',(0.,0.,1.));
#1147 = DIRECTION('',(1.,0.,0.));
#1148 = ORIENTED_EDGE('',*,*,#1134,.T.);
#1149 = CYLINDRICAL_SURFACE('',#1150,0.9);
#1150 = AXIS2_PLACEMENT_3D('',#1151,#1152,#1153);
#1151 = CARTESIAN_POINT('',(0.,-12.1,0.));
#1152 = DIRECTION('',(0.,0.,1.));
#1153 = DIRECTION('',(1.,0.,0.));
#1154 = ADVANCED_FACE('',(#1155),#1174,.F.);
#1155 = FACE_BOUND('',#1156,.F.);
#1156 = EDGE_LOOP('',(#1157,#1158,#1166,#1173));
#1157 = ORIENTED_EDGE('',*,*,#251,.F.);
#1158 = ORIENTED_EDGE('',*,*,#1159,.F.);
#1159 = EDGE_CURVE('',#1160,#252,#1162,.T.);
#1160 = VERTEX_POINT('',#1161);
#1161 = CARTESIAN_POINT('',(-3.,-5.6,8.2));
#1162 = LINE('',#1163,#1164);
#1163 = CARTESIAN_POINT('',(-3.,-5.6,0.));
#1164 = VECTOR('',#1165,1.);
#1165 = DIRECTION('',(0.,0.,1.));
#1166 = ORIENTED_EDGE('',*,*,#1167,.T.);
#1167 = EDGE_CURVE('',#1160,#1160,#1168,.T.);
#1168 = CIRCLE('',#1169,1.);
#1169 = AXIS2_PLACEMENT_3D('',#1170,#1171,#1172);
#1170 = CARTESIAN_POINT('',(-4.,-5.6,8.2));
#1171 = DIRECTION('',(0.,0.,1.));
#1172 = DIRECTION('',(1.,0.,0.));
#1173 = ORIENTED_EDGE('',*,*,#1159,.T.);
#1174 = CYLINDRICAL_SURFACE('',#1175,1.);
#1175 = AXIS2_PLACEMENT_3D('',#1176,#1177,#1178);
#1176 = CARTESIAN_POINT('',(-4.,-5.6,0.));
#1177 = DIRECTION('',(0.,0.,1.));
#1178 = DIRECTION('',(1.,0.,0.));
#1179 = ADVANCED_FACE('',(#1180),#1206,.F.);
#1180 = FACE_BOUND('',#1181,.F.);
#1181 = EDGE_LOOP('',(#1182,#1190,#1199,#1205));
#1182 = ORIENTED_EDGE('',*,*,#1183,.F.);
#1183 = EDGE_CURVE('',#1184,#263,#1186,.T.);
#1184 = VERTEX_POINT('',#1185);
#1185 = CARTESIAN_POINT('',(6.32,-17.6,8.2));
#1186 = LINE('',#1187,#1188);
#1187 = CARTESIAN_POINT('',(6.32,-17.6,0.));
#1188 = VECTOR('',#1189,1.);
#1189 = DIRECTION('',(0.,0.,1.));
#1190 = ORIENTED_EDGE('',*,*,#1191,.T.);
#1191 = EDGE_CURVE('',#1184,#1192,#1194,.T.);
#1192 = VERTEX_POINT('',#1193);
#1193 = CARTESIAN_POINT('',(7.52,-18.8,8.2));
#1194 = CIRCLE('',#1195,1.2);
#1195 = AXIS2_PLACEMENT_3D('',#1196,#1197,#1198);
#1196 = CARTESIAN_POINT('',(7.52,-17.6,8.2));
#1197 = DIRECTION('',(0.,0.,1.));
#1198 = DIRECTION('',(-1.,0.,0.));
#1199 = ORIENTED_EDGE('',*,*,#1200,.T.);
#1200 = EDGE_CURVE('',#1192,#265,#1201,.T.);
#1201 = LINE('',#1202,#1203);
#1202 = CARTESIAN_POINT('',(7.52,-18.8,0.));
#1203 = VECTOR('',#1204,1.);
#1204 = DIRECTION('',(0.,0.,1.));
#1205 = ORIENTED_EDGE('',*,*,#262,.F.);
#1206 = CYLINDRICAL_SURFACE('',#1207,1.2);
#1207 = AXIS2_PLACEMENT_3D('',#1208,#1209,#1210);
#1208 = CARTESIAN_POINT('',(7.52,-17.6,0.));
#1209 = DIRECTION('',(0.,0.,1.));
#1210 = DIRECTION('',(-1.,0.,0.));
#1211 = ADVANCED_FACE('',(#1212),#1230,.T.);
#1212 = FACE_BOUND('',#1213,.T.);
#1213 = EDGE_LOOP('',(#1214,#1215,#1216,#1224));
#1214 = ORIENTED_EDGE('',*,*,#273,.F.);
#1215 = ORIENTED_EDGE('',*,*,#1183,.F.);
#1216 = ORIENTED_EDGE('',*,*,#1217,.T.);
#1217 = EDGE_CURVE('',#1184,#1218,#1220,.T.);
#1218 = VERTEX_POINT('',#1219);
#1219 = CARTESIAN_POINT('',(6.32,-2.6,8.2));
#1220 = LINE('',#1221,#1222);
#1221 = CARTESIAN_POINT('',(6.32,-19.315,8.2));
#1222 = VECTOR('',#1223,1.);
#1223 = DIRECTION('',(0.,1.,0.));
#1224 = ORIENTED_EDGE('',*,*,#1225,.T.);
#1225 = EDGE_CURVE('',#1218,#274,#1226,.T.);
#1226 = LINE('',#1227,#1228);
#1227 = CARTESIAN_POINT('',(6.32,-2.6,0.));
#1228 = VECTOR('',#1229,1.);
#1229 = DIRECTION('',(0.,0.,1.));
#1230 = PLANE('',#1231);
#1231 = AXIS2_PLACEMENT_3D('',#1232,#1233,#1234);
#1232 = CARTESIAN_POINT('',(6.32,-18.8,0.));
#1233 = DIRECTION('',(1.,0.,0.));
#1234 = DIRECTION('',(0.,0.,1.));
#1235 = ADVANCED_FACE('',(#1236),#1254,.T.);
#1236 = FACE_BOUND('',#1237,.T.);
#1237 = EDGE_LOOP('',(#1238,#1246,#1247,#1248));
#1238 = ORIENTED_EDGE('',*,*,#1239,.T.);
#1239 = EDGE_CURVE('',#1240,#1192,#1242,.T.);
#1240 = VERTEX_POINT('',#1241);
#1241 = CARTESIAN_POINT('',(7.72,-18.8,8.2));
#1242 = LINE('',#1243,#1244);
#1243 = CARTESIAN_POINT('',(-0.88,-18.8,8.2));
#1244 = VECTOR('',#1245,1.);
#1245 = DIRECTION('',(-1.,0.,0.));
#1246 = ORIENTED_EDGE('',*,*,#1200,.T.);
#1247 = ORIENTED_EDGE('',*,*,#324,.F.);
#1248 = ORIENTED_EDGE('',*,*,#1249,.F.);
#1249 = EDGE_CURVE('',#1240,#316,#1250,.T.);
#1250 = LINE('',#1251,#1252);
#1251 = CARTESIAN_POINT('',(7.72,-18.8,0.));
#1252 = VECTOR('',#1253,1.);
#1253 = DIRECTION('',(0.,0.,1.));
#1254 = PLANE('',#1255);
#1255 = AXIS2_PLACEMENT_3D('',#1256,#1257,#1258);
#1256 = CARTESIAN_POINT('',(6.32,-18.8,0.));
#1257 = DIRECTION('',(0.,1.,0.));
#1258 = DIRECTION('',(0.,0.,1.));
#1259 = ADVANCED_FACE('',(#1260),#1279,.F.);
#1260 = FACE_BOUND('',#1261,.T.);
#1261 = EDGE_LOOP('',(#1262,#1263,#1272,#1278));
#1262 = ORIENTED_EDGE('',*,*,#1225,.F.);
#1263 = ORIENTED_EDGE('',*,*,#1264,.F.);
#1264 = EDGE_CURVE('',#1265,#1218,#1267,.T.);
#1265 = VERTEX_POINT('',#1266);
#1266 = CARTESIAN_POINT('',(7.52,-1.4,8.2));
#1267 = CIRCLE('',#1268,1.2);
#1268 = AXIS2_PLACEMENT_3D('',#1269,#1270,#1271);
#1269 = CARTESIAN_POINT('',(7.52,-2.6,8.2));
#1270 = DIRECTION('',(0.,0.,1.));
#1271 = DIRECTION('',(-1.,0.,0.));
#1272 = ORIENTED_EDGE('',*,*,#1273,.T.);
#1273 = EDGE_CURVE('',#1265,#282,#1274,.T.);
#1274 = LINE('',#1275,#1276);
#1275 = CARTESIAN_POINT('',(7.52,-1.4,0.));
#1276 = VECTOR('',#1277,1.);
#1277 = DIRECTION('',(0.,0.,1.));
#1278 = ORIENTED_EDGE('',*,*,#281,.T.);
#1279 = CYLINDRICAL_SURFACE('',#1280,1.2);
#1280 = AXIS2_PLACEMENT_3D('',#1281,#1282,#1283);
#1281 = CARTESIAN_POINT('',(7.52,-2.6,0.));
#1282 = DIRECTION('',(0.,0.,1.));
#1283 = DIRECTION('',(-1.,0.,0.));
#1284 = ADVANCED_FACE('',(#1285),#1321,.F.);
#1285 = FACE_BOUND('',#1286,.T.);
#1286 = EDGE_LOOP('',(#1287,#1295,#1304,#1312,#1319,#1320));
#1287 = ORIENTED_EDGE('',*,*,#1288,.F.);
#1288 = EDGE_CURVE('',#1289,#308,#1291,.T.);
#1289 = VERTEX_POINT('',#1290);
#1290 = CARTESIAN_POINT('',(8.92,-17.6,3.65));
#1291 = LINE('',#1292,#1293);
#1292 = CARTESIAN_POINT('',(8.92,-17.6,0.));
#1293 = VECTOR('',#1294,1.);
#1294 = DIRECTION('',(0.,0.,1.));
#1295 = ORIENTED_EDGE('',*,*,#1296,.F.);
#1296 = EDGE_CURVE('',#1297,#1289,#1299,.T.);
#1297 = VERTEX_POINT('',#1298);
#1298 = CARTESIAN_POINT('',(8.08,-18.7447270417,3.65));
#1299 = CIRCLE('',#1300,1.2);
#1300 = AXIS2_PLACEMENT_3D('',#1301,#1302,#1303);
#1301 = CARTESIAN_POINT('',(7.72,-17.6,3.65));
#1302 = DIRECTION('',(0.,0.,1.));
#1303 = DIRECTION('',(1.,0.,0.));
#1304 = ORIENTED_EDGE('',*,*,#1305,.T.);
#1305 = EDGE_CURVE('',#1297,#1306,#1308,.T.);
#1306 = VERTEX_POINT('',#1307);
#1307 = CARTESIAN_POINT('',(8.08,-18.7447270417,8.2));
#1308 = LINE('',#1309,#1310);
#1309 = CARTESIAN_POINT('',(8.08,-18.7447270417,0.));
#1310 = VECTOR('',#1311,1.);
#1311 = DIRECTION('',(0.,0.,1.));
#1312 = ORIENTED_EDGE('',*,*,#1313,.F.);
#1313 = EDGE_CURVE('',#1240,#1306,#1314,.T.);
#1314 = CIRCLE('',#1315,1.2);
#1315 = AXIS2_PLACEMENT_3D('',#1316,#1317,#1318);
#1316 = CARTESIAN_POINT('',(7.72,-17.6,8.2));
#1317 = DIRECTION('',(0.,0.,1.));
#1318 = DIRECTION('',(1.,0.,0.));
#1319 = ORIENTED_EDGE('',*,*,#1249,.T.);
#1320 = ORIENTED_EDGE('',*,*,#315,.T.);
#1321 = CYLINDRICAL_SURFACE('',#1322,1.2);
#1322 = AXIS2_PLACEMENT_3D('',#1323,#1324,#1325);
#1323 = CARTESIAN_POINT('',(7.72,-17.6,0.));
#1324 = DIRECTION('',(0.,0.,1.));
#1325 = DIRECTION('',(1.,0.,0.));
#1326 = ADVANCED_FACE('',(#1327),#1345,.F.);
#1327 = FACE_BOUND('',#1328,.F.);
#1328 = EDGE_LOOP('',(#1329,#1337,#1338,#1339));
#1329 = ORIENTED_EDGE('',*,*,#1330,.T.);
#1330 = EDGE_CURVE('',#1331,#1265,#1333,.T.);
#1331 = VERTEX_POINT('',#1332);
#1332 = CARTESIAN_POINT('',(7.72,-1.4,8.2));
#1333 = LINE('',#1334,#1335);
#1334 = CARTESIAN_POINT('',(-0.88,-1.4,8.2));
#1335 = VECTOR('',#1336,1.);
#1336 = DIRECTION('',(-1.,0.,0.));
#1337 = ORIENTED_EDGE('',*,*,#1273,.T.);
#1338 = ORIENTED_EDGE('',*,*,#290,.F.);
#1339 = ORIENTED_EDGE('',*,*,#1340,.F.);
#1340 = EDGE_CURVE('',#1331,#291,#1341,.T.);
#1341 = LINE('',#1342,#1343);
#1342 = CARTESIAN_POINT('',(7.72,-1.4,0.));
#1343 = VECTOR('',#1344,1.);
#1344 = DIRECTION('',(0.,0.,1.));
#1345 = PLANE('',#1346);
#1346 = AXIS2_PLACEMENT_3D('',#1347,#1348,#1349);
#1347 = CARTESIAN_POINT('',(6.32,-1.4,0.));
#1348 = DIRECTION('',(0.,1.,0.));
#1349 = DIRECTION('',(0.,0.,1.));
#1350 = ADVANCED_FACE('',(#1351),#1369,.F.);
#1351 = FACE_BOUND('',#1352,.F.);
#1352 = EDGE_LOOP('',(#1353,#1354,#1355,#1363));
#1353 = ORIENTED_EDGE('',*,*,#307,.F.);
#1354 = ORIENTED_EDGE('',*,*,#1288,.F.);
#1355 = ORIENTED_EDGE('',*,*,#1356,.T.);
#1356 = EDGE_CURVE('',#1289,#1357,#1359,.T.);
#1357 = VERTEX_POINT('',#1358);
#1358 = CARTESIAN_POINT('',(8.92,-2.6,3.65));
#1359 = LINE('',#1360,#1361);
#1360 = CARTESIAN_POINT('',(8.92,-19.765,3.65));
#1361 = VECTOR('',#1362,1.);
#1362 = DIRECTION('',(0.,1.,0.));
#1363 = ORIENTED_EDGE('',*,*,#1364,.T.);
#1364 = EDGE_CURVE('',#1357,#299,#1365,.T.);
#1365 = LINE('',#1366,#1367);
#1366 = CARTESIAN_POINT('',(8.92,-2.6,0.));
#1367 = VECTOR('',#1368,1.);
#1368 = DIRECTION('',(0.,0.,1.));
#1369 = PLANE('',#1370);
#1370 = AXIS2_PLACEMENT_3D('',#1371,#1372,#1373);
#1371 = CARTESIAN_POINT('',(8.92,-18.8,0.));
#1372 = DIRECTION('',(1.,0.,0.));
#1373 = DIRECTION('',(0.,0.,1.));
#1374 = ADVANCED_FACE('',(#1375),#1404,.F.);
#1375 = FACE_BOUND('',#1376,.F.);
#1376 = EDGE_LOOP('',(#1377,#1378,#1387,#1395,#1402,#1403));
#1377 = ORIENTED_EDGE('',*,*,#1364,.F.);
#1378 = ORIENTED_EDGE('',*,*,#1379,.T.);
#1379 = EDGE_CURVE('',#1357,#1380,#1382,.T.);
#1380 = VERTEX_POINT('',#1381);
#1381 = CARTESIAN_POINT('',(8.08,-1.4552729583,3.65));
#1382 = CIRCLE('',#1383,1.2);
#1383 = AXIS2_PLACEMENT_3D('',#1384,#1385,#1386);
#1384 = CARTESIAN_POINT('',(7.72,-2.6,3.65));
#1385 = DIRECTION('',(0.,0.,1.));
#1386 = DIRECTION('',(1.,0.,0.));
#1387 = ORIENTED_EDGE('',*,*,#1388,.T.);
#1388 = EDGE_CURVE('',#1380,#1389,#1391,.T.);
#1389 = VERTEX_POINT('',#1390);
#1390 = CARTESIAN_POINT('',(8.08,-1.4552729583,8.2));
#1391 = LINE('',#1392,#1393);
#1392 = CARTESIAN_POINT('',(8.08,-1.4552729583,0.));
#1393 = VECTOR('',#1394,1.);
#1394 = DIRECTION('',(0.,0.,1.));
#1395 = ORIENTED_EDGE('',*,*,#1396,.T.);
#1396 = EDGE_CURVE('',#1389,#1331,#1397,.T.);
#1397 = CIRCLE('',#1398,1.2);
#1398 = AXIS2_PLACEMENT_3D('',#1399,#1400,#1401);
#1399 = CARTESIAN_POINT('',(7.72,-2.6,8.2));
#1400 = DIRECTION('',(0.,0.,1.));
#1401 = DIRECTION('',(1.,0.,0.));
#1402 = ORIENTED_EDGE('',*,*,#1340,.T.);
#1403 = ORIENTED_EDGE('',*,*,#298,.F.);
#1404 = CYLINDRICAL_SURFACE('',#1405,1.2);
#1405 = AXIS2_PLACEMENT_3D('',#1406,#1407,#1408);
#1406 = CARTESIAN_POINT('',(7.72,-2.6,0.));
#1407 = DIRECTION('',(0.,0.,1.));
#1408 = DIRECTION('',(1.,0.,0.));
#1409 = ADVANCED_FACE('',(#1410),#1429,.F.);
#1410 = FACE_BOUND('',#1411,.F.);
#1411 = EDGE_LOOP('',(#1412,#1413,#1421,#1428));
#1412 = ORIENTED_EDGE('',*,*,#332,.F.);
#1413 = ORIENTED_EDGE('',*,*,#1414,.F.);
#1414 = EDGE_CURVE('',#1415,#333,#1417,.T.);
#1415 = VERTEX_POINT('',#1416);
#1416 = CARTESIAN_POINT('',(5.,-5.6,8.2));
#1417 = LINE('',#1418,#1419);
#1418 = CARTESIAN_POINT('',(5.,-5.6,0.));
#1419 = VECTOR('',#1420,1.);
#1420 = DIRECTION('',(0.,0.,1.));
#1421 = ORIENTED_EDGE('',*,*,#1422,.T.);
#1422 = EDGE_CURVE('',#1415,#1415,#1423,.T.);
#1423 = CIRCLE('',#1424,1.);
#1424 = AXIS2_PLACEMENT_3D('',#1425,#1426,#1427);
#1425 = CARTESIAN_POINT('',(4.,-5.6,8.2));
#1426 = DIRECTION('',(0.,0.,1.));
#1427 = DIRECTION('',(1.,0.,0.));
#1428 = ORIENTED_EDGE('',*,*,#1414,.T.);
#1429 = CYLINDRICAL_SURFACE('',#1430,1.);
#1430 = AXIS2_PLACEMENT_3D('',#1431,#1432,#1433);
#1431 = CARTESIAN_POINT('',(4.,-5.6,0.));
#1432 = DIRECTION('',(0.,0.,1.));
#1433 = DIRECTION('',(1.,0.,0.));
#1434 = ADVANCED_FACE('',(#1435),#1461,.F.);
#1435 = FACE_BOUND('',#1436,.F.);
#1436 = EDGE_LOOP('',(#1437,#1445,#1454,#1460));
#1437 = ORIENTED_EDGE('',*,*,#1438,.F.);
#1438 = EDGE_CURVE('',#1439,#344,#1441,.T.);
#1439 = VERTEX_POINT('',#1440);
#1440 = CARTESIAN_POINT('',(-5.,6.25,8.2));
#1441 = LINE('',#1442,#1443);
#1442 = CARTESIAN_POINT('',(-5.,6.25,0.));
#1443 = VECTOR('',#1444,1.);
#1444 = DIRECTION('',(0.,0.,1.));
#1445 = ORIENTED_EDGE('',*,*,#1446,.T.);
#1446 = EDGE_CURVE('',#1439,#1447,#1449,.T.);
#1447 = VERTEX_POINT('',#1448);
#1448 = CARTESIAN_POINT('',(-4.1,5.35,8.2));
#1449 = CIRCLE('',#1450,0.9);
#1450 = AXIS2_PLACEMENT_3D('',#1451,#1452,#1453);
#1451 = CARTESIAN_POINT('',(-4.1,6.25,8.2));
#1452 = DIRECTION('',(0.,0.,1.));
#1453 = DIRECTION('',(-1.,0.,0.));
#1454 = ORIENTED_EDGE('',*,*,#1455,.T.);
#1455 = EDGE_CURVE('',#1447,#346,#1456,.T.);
#1456 = LINE('',#1457,#1458);
#1457 = CARTESIAN_POINT('',(-4.1,5.35,0.));
#1458 = VECTOR('',#1459,1.);
#1459 = DIRECTION('',(0.,0.,1.));
#1460 = ORIENTED_EDGE('',*,*,#343,.F.);
#1461 = CYLINDRICAL_SURFACE('',#1462,0.9);
#1462 = AXIS2_PLACEMENT_3D('',#1463,#1464,#1465);
#1463 = CARTESIAN_POINT('',(-4.1,6.25,0.));
#1464 = DIRECTION('',(0.,0.,1.));
#1465 = DIRECTION('',(-1.,0.,0.));
#1466 = ADVANCED_FACE('',(#1467),#1485,.T.);
#1467 = FACE_BOUND('',#1468,.T.);
#1468 = EDGE_LOOP('',(#1469,#1470,#1471,#1479));
#1469 = ORIENTED_EDGE('',*,*,#354,.F.);
#1470 = ORIENTED_EDGE('',*,*,#1438,.F.);
#1471 = ORIENTED_EDGE('',*,*,#1472,.T.);
#1472 = EDGE_CURVE('',#1439,#1473,#1475,.T.);
#1473 = VERTEX_POINT('',#1474);
#1474 = CARTESIAN_POINT('',(-5.,16.45,8.2));
#1475 = LINE('',#1476,#1477);
#1476 = CARTESIAN_POINT('',(-5.,-7.24,8.2));
#1477 = VECTOR('',#1478,1.);
#1478 = DIRECTION('',(0.,1.,0.));
#1479 = ORIENTED_EDGE('',*,*,#1480,.T.);
#1480 = EDGE_CURVE('',#1473,#355,#1481,.T.);
#1481 = LINE('',#1482,#1483);
#1482 = CARTESIAN_POINT('',(-5.,16.45,0.));
#1483 = VECTOR('',#1484,1.);
#1484 = DIRECTION('',(0.,0.,1.));
#1485 = PLANE('',#1486);
#1486 = AXIS2_PLACEMENT_3D('',#1487,#1488,#1489);
#1487 = CARTESIAN_POINT('',(-5.,5.35,0.));
#1488 = DIRECTION('',(1.,0.,0.));
#1489 = DIRECTION('',(0.,0.,1.));
#1490 = ADVANCED_FACE('',(#1491),#1509,.T.);
#1491 = FACE_BOUND('',#1492,.T.);
#1492 = EDGE_LOOP('',(#1493,#1501,#1502,#1503));
#1493 = ORIENTED_EDGE('',*,*,#1494,.T.);
#1494 = EDGE_CURVE('',#1495,#1447,#1497,.T.);
#1495 = VERTEX_POINT('',#1496);
#1496 = CARTESIAN_POINT('',(-3.9,5.35,8.2));
#1497 = LINE('',#1498,#1499);
#1498 = CARTESIAN_POINT('',(-6.54,5.35,8.2));
#1499 = VECTOR('',#1500,1.);
#1500 = DIRECTION('',(-1.,0.,0.));
#1501 = ORIENTED_EDGE('',*,*,#1455,.T.);
#1502 = ORIENTED_EDGE('',*,*,#405,.F.);
#1503 = ORIENTED_EDGE('',*,*,#1504,.F.);
#1504 = EDGE_CURVE('',#1495,#397,#1505,.T.);
#1505 = LINE('',#1506,#1507);
#1506 = CARTESIAN_POINT('',(-3.9,5.35,0.));
#1507 = VECTOR('',#1508,1.);
#1508 = DIRECTION('',(0.,0.,1.));
#1509 = PLANE('',#1510);
#1510 = AXIS2_PLACEMENT_3D('',#1511,#1512,#1513);
#1511 = CARTESIAN_POINT('',(-5.,5.35,0.));
#1512 = DIRECTION('',(0.,1.,0.));
#1513 = DIRECTION('',(0.,0.,1.));
#1514 = ADVANCED_FACE('',(#1515),#1534,.F.);
#1515 = FACE_BOUND('',#1516,.T.);
#1516 = EDGE_LOOP('',(#1517,#1518,#1527,#1533));
#1517 = ORIENTED_EDGE('',*,*,#1480,.F.);
#1518 = ORIENTED_EDGE('',*,*,#1519,.F.);
#1519 = EDGE_CURVE('',#1520,#1473,#1522,.T.);
#1520 = VERTEX_POINT('',#1521);
#1521 = CARTESIAN_POINT('',(-4.1,17.35,8.2));
#1522 = CIRCLE('',#1523,0.9);
#1523 = AXIS2_PLACEMENT_3D('',#1524,#1525,#1526);
#1524 = CARTESIAN_POINT('',(-4.1,16.45,8.2));
#1525 = DIRECTION('',(0.,0.,1.));
#1526 = DIRECTION('',(-1.,0.,0.));
#1527 = ORIENTED_EDGE('',*,*,#1528,.T.);
#1528 = EDGE_CURVE('',#1520,#363,#1529,.T.);
#1529 = LINE('',#1530,#1531);
#1530 = CARTESIAN_POINT('',(-4.1,17.35,0.));
#1531 = VECTOR('',#1532,1.);
#1532 = DIRECTION('',(0.,0.,1.));
#1533 = ORIENTED_EDGE('',*,*,#362,.T.);
#1534 = CYLINDRICAL_SURFACE('',#1535,0.9);
#1535 = AXIS2_PLACEMENT_3D('',#1536,#1537,#1538);
#1536 = CARTESIAN_POINT('',(-4.1,16.45,0.));
#1537 = DIRECTION('',(0.,0.,1.));
#1538 = DIRECTION('',(-1.,0.,0.));
#1539 = ADVANCED_FACE('',(#1540),#1559,.F.);
#1540 = FACE_BOUND('',#1541,.T.);
#1541 = EDGE_LOOP('',(#1542,#1550,#1557,#1558));
#1542 = ORIENTED_EDGE('',*,*,#1543,.F.);
#1543 = EDGE_CURVE('',#1544,#389,#1546,.T.);
#1544 = VERTEX_POINT('',#1545);
#1545 = CARTESIAN_POINT('',(-3.,6.25,8.2));
#1546 = LINE('',#1547,#1548);
#1547 = CARTESIAN_POINT('',(-3.,6.25,0.));
#1548 = VECTOR('',#1549,1.);
#1549 = DIRECTION('',(0.,0.,1.));
#1550 = ORIENTED_EDGE('',*,*,#1551,.F.);
#1551 = EDGE_CURVE('',#1495,#1544,#1552,.T.);
#1552 = CIRCLE('',#1553,0.9);
#1553 = AXIS2_PLACEMENT_3D('',#1554,#1555,#1556);
#1554 = CARTESIAN_POINT('',(-3.9,6.25,8.2));
#1555 = DIRECTION('',(0.,0.,1.));
#1556 = DIRECTION('',(1.,0.,0.));
#1557 = ORIENTED_EDGE('',*,*,#1504,.T.);
#1558 = ORIENTED_EDGE('',*,*,#396,.T.);
#1559 = CYLINDRICAL_SURFACE('',#1560,0.9);
#1560 = AXIS2_PLACEMENT_3D('',#1561,#1562,#1563);
#1561 = CARTESIAN_POINT('',(-3.9,6.25,0.));
#1562 = DIRECTION('',(0.,0.,1.));
#1563 = DIRECTION('',(1.,0.,0.));
#1564 = ADVANCED_FACE('',(#1565),#1583,.F.);
#1565 = FACE_BOUND('',#1566,.F.);
#1566 = EDGE_LOOP('',(#1567,#1575,#1576,#1577));
#1567 = ORIENTED_EDGE('',*,*,#1568,.T.);
#1568 = EDGE_CURVE('',#1569,#1520,#1571,.T.);
#1569 = VERTEX_POINT('',#1570);
#1570 = CARTESIAN_POINT('',(-3.9,17.35,8.2));
#1571 = LINE('',#1572,#1573);
#1572 = CARTESIAN_POINT('',(-6.54,17.35,8.2));
#1573 = VECTOR('',#1574,1.);
#1574 = DIRECTION('',(-1.,0.,0.));
#1575 = ORIENTED_EDGE('',*,*,#1528,.T.);
#1576 = ORIENTED_EDGE('',*,*,#371,.F.);
#1577 = ORIENTED_EDGE('',*,*,#1578,.F.);
#1578 = EDGE_CURVE('',#1569,#372,#1579,.T.);
#1579 = LINE('',#1580,#1581);
#1580 = CARTESIAN_POINT('',(-3.9,17.35,0.));
#1581 = VECTOR('',#1582,1.);
#1582 = DIRECTION('',(0.,0.,1.));
#1583 = PLANE('',#1584);
#1584 = AXIS2_PLACEMENT_3D('',#1585,#1586,#1587);
#1585 = CARTESIAN_POINT('',(-5.,17.35,0.));
#1586 = DIRECTION('',(0.,1.,0.));
#1587 = DIRECTION('',(0.,0.,1.));
#1588 = ADVANCED_FACE('',(#1589),#1607,.F.);
#1589 = FACE_BOUND('',#1590,.F.);
#1590 = EDGE_LOOP('',(#1591,#1592,#1593,#1601));
#1591 = ORIENTED_EDGE('',*,*,#388,.F.);
#1592 = ORIENTED_EDGE('',*,*,#1543,.F.);
#1593 = ORIENTED_EDGE('',*,*,#1594,.T.);
#1594 = EDGE_CURVE('',#1544,#1595,#1597,.T.);
#1595 = VERTEX_POINT('',#1596);
#1596 = CARTESIAN_POINT('',(-3.,16.45,8.2));
#1597 = LINE('',#1598,#1599);
#1598 = CARTESIAN_POINT('',(-3.,-7.24,8.2));
#1599 = VECTOR('',#1600,1.);
#1600 = DIRECTION('',(0.,1.,0.));
#1601 = ORIENTED_EDGE('',*,*,#1602,.T.);
#1602 = EDGE_CURVE('',#1595,#380,#1603,.T.);
#1603 = LINE('',#1604,#1605);
#1604 = CARTESIAN_POINT('',(-3.,16.45,0.));
#1605 = VECTOR('',#1606,1.);
#1606 = DIRECTION('',(0.,0.,1.));
#1607 = PLANE('',#1608);
#1608 = AXIS2_PLACEMENT_3D('',#1609,#1610,#1611);
#1609 = CARTESIAN_POINT('',(-3.,5.35,0.));
#1610 = DIRECTION('',(1.,0.,0.));
#1611 = DIRECTION('',(0.,0.,1.));
#1612 = ADVANCED_FACE('',(#1613),#1625,.F.);
#1613 = FACE_BOUND('',#1614,.F.);
#1614 = EDGE_LOOP('',(#1615,#1616,#1623,#1624));
#1615 = ORIENTED_EDGE('',*,*,#1602,.F.);
#1616 = ORIENTED_EDGE('',*,*,#1617,.T.);
#1617 = EDGE_CURVE('',#1595,#1569,#1618,.T.);
#1618 = CIRCLE('',#1619,0.9);
#1619 = AXIS2_PLACEMENT_3D('',#1620,#1621,#1622);
#1620 = CARTESIAN_POINT('',(-3.9,16.45,8.2));
#1621 = DIRECTION('',(0.,0.,1.));
#1622 = DIRECTION('',(1.,0.,0.));
#1623 = ORIENTED_EDGE('',*,*,#1578,.T.);
#1624 = ORIENTED_EDGE('',*,*,#379,.F.);
#1625 = CYLINDRICAL_SURFACE('',#1626,0.9);
#1626 = AXIS2_PLACEMENT_3D('',#1627,#1628,#1629);
#1627 = CARTESIAN_POINT('',(-3.9,16.45,0.));
#1628 = DIRECTION('',(0.,0.,1.));
#1629 = DIRECTION('',(1.,0.,0.));
#1630 = ADVANCED_FACE('',(#1631),#1657,.F.);
#1631 = FACE_BOUND('',#1632,.F.);
#1632 = EDGE_LOOP('',(#1633,#1641,#1650,#1656));
#1633 = ORIENTED_EDGE('',*,*,#1634,.F.);
#1634 = EDGE_CURVE('',#1635,#414,#1637,.T.);
#1635 = VERTEX_POINT('',#1636);
#1636 = CARTESIAN_POINT('',(3.,6.25,8.2));
#1637 = LINE('',#1638,#1639);
#1638 = CARTESIAN_POINT('',(3.,6.25,0.));
#1639 = VECTOR('',#1640,1.);
#1640 = DIRECTION('',(0.,0.,1.));
#1641 = ORIENTED_EDGE('',*,*,#1642,.T.);
#1642 = EDGE_CURVE('',#1635,#1643,#1645,.T.);
#1643 = VERTEX_POINT('',#1644);
#1644 = CARTESIAN_POINT('',(3.9,5.35,8.2));
#1645 = CIRCLE('',#1646,0.9);
#1646 = AXIS2_PLACEMENT_3D('',#1647,#1648,#1649);
#1647 = CARTESIAN_POINT('',(3.9,6.25,8.2));
#1648 = DIRECTION('',(0.,0.,1.));
#1649 = DIRECTION('',(-1.,0.,0.));
#1650 = ORIENTED_EDGE('',*,*,#1651,.T.);
#1651 = EDGE_CURVE('',#1643,#416,#1652,.T.);
#1652 = LINE('',#1653,#1654);
#1653 = CARTESIAN_POINT('',(3.9,5.35,0.));
#1654 = VECTOR('',#1655,1.);
#1655 = DIRECTION('',(0.,0.,1.));
#1656 = ORIENTED_EDGE('',*,*,#413,.F.);
#1657 = CYLINDRICAL_SURFACE('',#1658,0.9);
#1658 = AXIS2_PLACEMENT_3D('',#1659,#1660,#1661);
#1659 = CARTESIAN_POINT('',(3.9,6.25,0.));
#1660 = DIRECTION('',(0.,0.,1.));
#1661 = DIRECTION('',(-1.,0.,0.));
#1662 = ADVANCED_FACE('',(#1663),#1681,.T.);
#1663 = FACE_BOUND('',#1664,.T.);
#1664 = EDGE_LOOP('',(#1665,#1673,#1674,#1675));
#1665 = ORIENTED_EDGE('',*,*,#1666,.T.);
#1666 = EDGE_CURVE('',#1667,#1643,#1669,.T.);
#1667 = VERTEX_POINT('',#1668);
#1668 = CARTESIAN_POINT('',(4.1,5.35,8.2));
#1669 = LINE('',#1670,#1671);
#1670 = CARTESIAN_POINT('',(-2.54,5.35,8.2));
#1671 = VECTOR('',#1672,1.);
#1672 = DIRECTION('',(-1.,0.,0.));
#1673 = ORIENTED_EDGE('',*,*,#1651,.T.);
#1674 = ORIENTED_EDGE('',*,*,#475,.F.);
#1675 = ORIENTED_EDGE('',*,*,#1676,.F.);
#1676 = EDGE_CURVE('',#1667,#467,#1677,.T.);
#1677 = LINE('',#1678,#1679);
#1678 = CARTESIAN_POINT('',(4.1,5.35,0.));
#1679 = VECTOR('',#1680,1.);
#1680 = DIRECTION('',(0.,0.,1.));
#1681 = PLANE('',#1682);
#1682 = AXIS2_PLACEMENT_3D('',#1683,#1684,#1685);
#1683 = CARTESIAN_POINT('',(3.,5.35,0.));
#1684 = DIRECTION('',(0.,1.,0.));
#1685 = DIRECTION('',(0.,0.,1.));
#1686 = ADVANCED_FACE('',(#1687),#1706,.F.);
#1687 = FACE_BOUND('',#1688,.T.);
#1688 = EDGE_LOOP('',(#1689,#1697,#1704,#1705));
#1689 = ORIENTED_EDGE('',*,*,#1690,.F.);
#1690 = EDGE_CURVE('',#1691,#459,#1693,.T.);
#1691 = VERTEX_POINT('',#1692);
#1692 = CARTESIAN_POINT('',(5.,6.25,8.2));
#1693 = LINE('',#1694,#1695);
#1694 = CARTESIAN_POINT('',(5.,6.25,0.));
#1695 = VECTOR('',#1696,1.);
#1696 = DIRECTION('',(0.,0.,1.));
#1697 = ORIENTED_EDGE('',*,*,#1698,.F.);
#1698 = EDGE_CURVE('',#1667,#1691,#1699,.T.);
#1699 = CIRCLE('',#1700,0.9);
#1700 = AXIS2_PLACEMENT_3D('',#1701,#1702,#1703);
#1701 = CARTESIAN_POINT('',(4.1,6.25,8.2));
#1702 = DIRECTION('',(0.,0.,1.));
#1703 = DIRECTION('',(1.,0.,0.));
#1704 = ORIENTED_EDGE('',*,*,#1676,.T.);
#1705 = ORIENTED_EDGE('',*,*,#466,.T.);
#1706 = CYLINDRICAL_SURFACE('',#1707,0.9);
#1707 = AXIS2_PLACEMENT_3D('',#1708,#1709,#1710);
#1708 = CARTESIAN_POINT('',(4.1,6.25,0.));
#1709 = DIRECTION('',(0.,0.,1.));
#1710 = DIRECTION('',(1.,0.,0.));
#1711 = ADVANCED_FACE('',(#1712),#1730,.F.);
#1712 = FACE_BOUND('',#1713,.F.);
#1713 = EDGE_LOOP('',(#1714,#1715,#1716,#1724));
#1714 = ORIENTED_EDGE('',*,*,#458,.F.);
#1715 = ORIENTED_EDGE('',*,*,#1690,.F.);
#1716 = ORIENTED_EDGE('',*,*,#1717,.T.);
#1717 = EDGE_CURVE('',#1691,#1718,#1720,.T.);
#1718 = VERTEX_POINT('',#1719);
#1719 = CARTESIAN_POINT('',(5.,16.45,8.2));
#1720 = LINE('',#1721,#1722);
#1721 = CARTESIAN_POINT('',(5.,-7.24,8.2));
#1722 = VECTOR('',#1723,1.);
#1723 = DIRECTION('',(0.,1.,0.));
#1724 = ORIENTED_EDGE('',*,*,#1725,.T.);
#1725 = EDGE_CURVE('',#1718,#450,#1726,.T.);
#1726 = LINE('',#1727,#1728);
#1727 = CARTESIAN_POINT('',(5.,16.45,0.));
#1728 = VECTOR('',#1729,1.);
#1729 = DIRECTION('',(0.,0.,1.));
#1730 = PLANE('',#1731);
#1731 = AXIS2_PLACEMENT_3D('',#1732,#1733,#1734);
#1732 = CARTESIAN_POINT('',(5.,5.35,0.));
#1733 = DIRECTION('',(1.,0.,0.));
#1734 = DIRECTION('',(0.,0.,1.));
#1735 = ADVANCED_FACE('',(#1736),#1755,.F.);
#1736 = FACE_BOUND('',#1737,.F.);
#1737 = EDGE_LOOP('',(#1738,#1739,#1748,#1754));
#1738 = ORIENTED_EDGE('',*,*,#1725,.F.);
#1739 = ORIENTED_EDGE('',*,*,#1740,.T.);
#1740 = EDGE_CURVE('',#1718,#1741,#1743,.T.);
#1741 = VERTEX_POINT('',#1742);
#1742 = CARTESIAN_POINT('',(4.1,17.35,8.2));
#1743 = CIRCLE('',#1744,0.9);
#1744 = AXIS2_PLACEMENT_3D('',#1745,#1746,#1747);
#1745 = CARTESIAN_POINT('',(4.1,16.45,8.2));
#1746 = DIRECTION('',(0.,0.,1.));
#1747 = DIRECTION('',(1.,0.,0.));
#1748 = ORIENTED_EDGE('',*,*,#1749,.T.);
#1749 = EDGE_CURVE('',#1741,#442,#1750,.T.);
#1750 = LINE('',#1751,#1752);
#1751 = CARTESIAN_POINT('',(4.1,17.35,0.));
#1752 = VECTOR('',#1753,1.);
#1753 = DIRECTION('',(0.,0.,1.));
#1754 = ORIENTED_EDGE('',*,*,#449,.F.);
#1755 = CYLINDRICAL_SURFACE('',#1756,0.9);
#1756 = AXIS2_PLACEMENT_3D('',#1757,#1758,#1759);
#1757 = CARTESIAN_POINT('',(4.1,16.45,0.));
#1758 = DIRECTION('',(0.,0.,1.));
#1759 = DIRECTION('',(1.,0.,0.));
#1760 = ADVANCED_FACE('',(#1761),#1779,.F.);
#1761 = FACE_BOUND('',#1762,.F.);
#1762 = EDGE_LOOP('',(#1763,#1771,#1777,#1778));
#1763 = ORIENTED_EDGE('',*,*,#1764,.T.);
#1764 = EDGE_CURVE('',#1741,#1765,#1767,.T.);
#1765 = VERTEX_POINT('',#1766);
#1766 = CARTESIAN_POINT('',(3.9,17.35,8.2));
#1767 = LINE('',#1768,#1769);
#1768 = CARTESIAN_POINT('',(-2.54,17.35,8.2));
#1769 = VECTOR('',#1770,1.);
#1770 = DIRECTION('',(-1.,0.,0.));
#1771 = ORIENTED_EDGE('',*,*,#1772,.T.);
#1772 = EDGE_CURVE('',#1765,#433,#1773,.T.);
#1773 = LINE('',#1774,#1775);
#1774 = CARTESIAN_POINT('',(3.9,17.35,0.));
#1775 = VECTOR('',#1776,1.);
#1776 = DIRECTION('',(0.,0.,1.));
#1777 = ORIENTED_EDGE('',*,*,#441,.F.);
#1778 = ORIENTED_EDGE('',*,*,#1749,.F.);
#1779 = PLANE('',#1780);
#1780 = AXIS2_PLACEMENT_3D('',#1781,#1782,#1783);
#1781 = CARTESIAN_POINT('',(3.,17.35,0.));
#1782 = DIRECTION('',(0.,1.,0.));
#1783 = DIRECTION('',(0.,0.,1.));
#1784 = ADVANCED_FACE('',(#1785),#1804,.F.);
#1785 = FACE_BOUND('',#1786,.T.);
#1786 = EDGE_LOOP('',(#1787,#1795,#1802,#1803));
#1787 = ORIENTED_EDGE('',*,*,#1788,.F.);
#1788 = EDGE_CURVE('',#1789,#425,#1791,.T.);
#1789 = VERTEX_POINT('',#1790);
#1790 = CARTESIAN_POINT('',(3.,16.45,8.2));
#1791 = LINE('',#1792,#1793);
#1792 = CARTESIAN_POINT('',(3.,16.45,0.));
#1793 = VECTOR('',#1794,1.);
#1794 = DIRECTION('',(0.,0.,1.));
#1795 = ORIENTED_EDGE('',*,*,#1796,.F.);
#1796 = EDGE_CURVE('',#1765,#1789,#1797,.T.);
#1797 = CIRCLE('',#1798,0.9);
#1798 = AXIS2_PLACEMENT_3D('',#1799,#1800,#1801);
#1799 = CARTESIAN_POINT('',(3.9,16.45,8.2));
#1800 = DIRECTION('',(0.,0.,1.));
#1801 = DIRECTION('',(-1.,0.,0.));
#1802 = ORIENTED_EDGE('',*,*,#1772,.T.);
#1803 = ORIENTED_EDGE('',*,*,#432,.T.);
#1804 = CYLINDRICAL_SURFACE('',#1805,0.9);
#1805 = AXIS2_PLACEMENT_3D('',#1806,#1807,#1808);
#1806 = CARTESIAN_POINT('',(3.9,16.45,0.));
#1807 = DIRECTION('',(0.,0.,1.));
#1808 = DIRECTION('',(-1.,0.,0.));
#1809 = ADVANCED_FACE('',(#1810),#1821,.T.);
#1810 = FACE_BOUND('',#1811,.T.);
#1811 = EDGE_LOOP('',(#1812,#1813,#1814,#1820));
#1812 = ORIENTED_EDGE('',*,*,#424,.F.);
#1813 = ORIENTED_EDGE('',*,*,#1634,.F.);
#1814 = ORIENTED_EDGE('',*,*,#1815,.T.);
#1815 = EDGE_CURVE('',#1635,#1789,#1816,.T.);
#1816 = LINE('',#1817,#1818);
#1817 = CARTESIAN_POINT('',(3.,-7.24,8.2));
#1818 = VECTOR('',#1819,1.);
#1819 = DIRECTION('',(0.,1.,0.));
#1820 = ORIENTED_EDGE('',*,*,#1788,.T.);
#1821 = PLANE('',#1822);
#1822 = AXIS2_PLACEMENT_3D('',#1823,#1824,#1825);
#1823 = CARTESIAN_POINT('',(3.,5.35,0.));
#1824 = DIRECTION('',(1.,0.,0.));
#1825 = DIRECTION('',(0.,0.,1.));
#1826 = ADVANCED_FACE('',(#1827),#1833,.F.);
#1827 = FACE_BOUND('',#1828,.F.);
#1828 = EDGE_LOOP('',(#1829,#1830,#1831,#1832));
#1829 = ORIENTED_EDGE('',*,*,#661,.F.);
#1830 = ORIENTED_EDGE('',*,*,#588,.T.);
#1831 = ORIENTED_EDGE('',*,*,#620,.T.);
#1832 = ORIENTED_EDGE('',*,*,#644,.F.);
#1833 = PLANE('',#1834);
#1834 = AXIS2_PLACEMENT_3D('',#1835,#1836,#1837);
#1835 = CARTESIAN_POINT('',(-9.5,-0.75,4.7));
#1836 = DIRECTION('',(1.,0.,0.));
#1837 = DIRECTION('',(0.,0.,1.));
#1838 = ADVANCED_FACE('',(#1839),#1873,.T.);
#1839 = FACE_BOUND('',#1840,.T.);
#1840 = EDGE_LOOP('',(#1841,#1849,#1857,#1865,#1871,#1872));
#1841 = ORIENTED_EDGE('',*,*,#1842,.F.);
#1842 = EDGE_CURVE('',#1843,#785,#1845,.T.);
#1843 = VERTEX_POINT('',#1844);
#1844 = CARTESIAN_POINT('',(-7.6,19.83,5.6));
#1845 = LINE('',#1846,#1847);
#1846 = CARTESIAN_POINT('',(-7.6,16.,5.6));
#1847 = VECTOR('',#1848,1.);
#1848 = DIRECTION('',(0.,1.,0.));
#1849 = ORIENTED_EDGE('',*,*,#1850,.T.);
#1850 = EDGE_CURVE('',#1843,#1851,#1853,.T.);
#1851 = VERTEX_POINT('',#1852);
#1852 = CARTESIAN_POINT('',(-7.6,19.83,3.65));
#1853 = LINE('',#1854,#1855);
#1854 = CARTESIAN_POINT('',(-7.6,19.83,-1.));
#1855 = VECTOR('',#1856,1.);
#1856 = DIRECTION('',(0.,0.,-1.));
#1857 = ORIENTED_EDGE('',*,*,#1858,.T.);
#1858 = EDGE_CURVE('',#1851,#1859,#1861,.T.);
#1859 = VERTEX_POINT('',#1860);
#1860 = CARTESIAN_POINT('',(-7.6,20.73,3.65));
#1861 = LINE('',#1862,#1863);
#1862 = CARTESIAN_POINT('',(-7.6,-2.365,3.65));
#1863 = VECTOR('',#1864,1.);
#1864 = DIRECTION('',(0.,1.,0.));
#1865 = ORIENTED_EDGE('',*,*,#1866,.F.);
#1866 = EDGE_CURVE('',#557,#1859,#1867,.T.);
#1867 = LINE('',#1868,#1869);
#1868 = CARTESIAN_POINT('',(-7.6,20.73,1.325));
#1869 = VECTOR('',#1870,1.);
#1870 = DIRECTION('',(0.,0.,-1.));
#1871 = ORIENTED_EDGE('',*,*,#564,.T.);
#1872 = ORIENTED_EDGE('',*,*,#792,.F.);
#1873 = PLANE('',#1874);
#1874 = AXIS2_PLACEMENT_3D('',#1875,#1876,#1877);
#1875 = CARTESIAN_POINT('',(-7.6,16.,-1.));
#1876 = DIRECTION('',(1.,0.,0.));
#1877 = DIRECTION('',(0.,0.,1.));
#1878 = ADVANCED_FACE('',(#1879),#1897,.T.);
#1879 = FACE_BOUND('',#1880,.T.);
#1880 = EDGE_LOOP('',(#1881,#1889,#1895,#1896));
#1881 = ORIENTED_EDGE('',*,*,#1882,.F.);
#1882 = EDGE_CURVE('',#1883,#1859,#1885,.T.);
#1883 = VERTEX_POINT('',#1884);
#1884 = CARTESIAN_POINT('',(-8.98,20.73,3.65));
#1885 = LINE('',#1886,#1887);
#1886 = CARTESIAN_POINT('',(-8.98,20.73,3.65));
#1887 = VECTOR('',#1888,1.);
#1888 = DIRECTION('',(1.,0.,0.));
#1889 = ORIENTED_EDGE('',*,*,#1890,.T.);
#1890 = EDGE_CURVE('',#1883,#549,#1891,.T.);
#1891 = LINE('',#1892,#1893);
#1892 = CARTESIAN_POINT('',(-8.98,20.73,3.65));
#1893 = VECTOR('',#1894,1.);
#1894 = DIRECTION('',(0.,0.,1.));
#1895 = ORIENTED_EDGE('',*,*,#556,.T.);
#1896 = ORIENTED_EDGE('',*,*,#1866,.T.);
#1897 = PLANE('',#1898);
#1898 = AXIS2_PLACEMENT_3D('',#1899,#1900,#1901);
#1899 = CARTESIAN_POINT('',(-8.98,20.73,3.65));
#1900 = DIRECTION('',(0.,1.,0.));
#1901 = DIRECTION('',(0.,0.,1.));
#1902 = ADVANCED_FACE('',(#1903,#1921,#1955,#1989,#2023),#2057,.F.);
#1903 = FACE_BOUND('',#1904,.F.);
#1904 = EDGE_LOOP('',(#1905,#1913,#1919,#1920));
#1905 = ORIENTED_EDGE('',*,*,#1906,.F.);
#1906 = EDGE_CURVE('',#1907,#541,#1909,.T.);
#1907 = VERTEX_POINT('',#1908);
#1908 = CARTESIAN_POINT('',(-8.98,-20.73,3.65));
#1909 = LINE('',#1910,#1911);
#1910 = CARTESIAN_POINT('',(-8.98,-20.73,3.65));
#1911 = VECTOR('',#1912,1.);
#1912 = DIRECTION('',(0.,0.,1.));
#1913 = ORIENTED_EDGE('',*,*,#1914,.T.);
#1914 = EDGE_CURVE('',#1907,#1883,#1915,.T.);
#1915 = LINE('',#1916,#1917);
#1916 = CARTESIAN_POINT('',(-8.98,-20.73,3.65));
#1917 = VECTOR('',#1918,1.);
#1918 = DIRECTION('',(0.,1.,0.));
#1919 = ORIENTED_EDGE('',*,*,#1890,.T.);
#1920 = ORIENTED_EDGE('',*,*,#548,.F.);
#1921 = FACE_BOUND('',#1922,.F.);
#1922 = EDGE_LOOP('',(#1923,#1933,#1941,#1949));
#1923 = ORIENTED_EDGE('',*,*,#1924,.F.);
#1924 = EDGE_CURVE('',#1925,#1927,#1929,.T.);
#1925 = VERTEX_POINT('',#1926);
#1926 = CARTESIAN_POINT('',(-8.98,14.,3.77));
#1927 = VERTEX_POINT('',#1928);
#1928 = CARTESIAN_POINT('',(-8.98,18.,3.77));
#1929 = LINE('',#1930,#1931);
#1930 = CARTESIAN_POINT('',(-8.98,14.,3.77));
#1931 = VECTOR('',#1932,1.);
#1932 = DIRECTION('',(0.,1.,0.));
#1933 = ORIENTED_EDGE('',*,*,#1934,.F.);
#1934 = EDGE_CURVE('',#1935,#1925,#1937,.T.);
#1935 = VERTEX_POINT('',#1936);
#1936 = CARTESIAN_POINT('',(-8.98,14.,4.53));
#1937 = LINE('',#1938,#1939);
#1938 = CARTESIAN_POINT('',(-8.98,14.,4.53));
#1939 = VECTOR('',#1940,1.);
#1940 = DIRECTION('',(0.,0.,-1.));
#1941 = ORIENTED_EDGE('',*,*,#1942,.T.);
#1942 = EDGE_CURVE('',#1935,#1943,#1945,.T.);
#1943 = VERTEX_POINT('',#1944);
#1944 = CARTESIAN_POINT('',(-8.98,18.,4.53));
#1945 = LINE('',#1946,#1947);
#1946 = CARTESIAN_POINT('',(-8.98,14.,4.53));
#1947 = VECTOR('',#1948,1.);
#1948 = DIRECTION('',(0.,1.,0.));
#1949 = ORIENTED_EDGE('',*,*,#1950,.T.);
#1950 = EDGE_CURVE('',#1943,#1927,#1951,.T.);
#1951 = LINE('',#1952,#1953);
#1952 = CARTESIAN_POINT('',(-8.98,18.,4.53));
#1953 = VECTOR('',#1954,1.);
#1954 = DIRECTION('',(0.,0.,-1.));
#1955 = FACE_BOUND('',#1956,.F.);
#1956 = EDGE_LOOP('',(#1957,#1967,#1975,#1983));
#1957 = ORIENTED_EDGE('',*,*,#1958,.F.);
#1958 = EDGE_CURVE('',#1959,#1961,#1963,.T.);
#1959 = VERTEX_POINT('',#1960);
#1960 = CARTESIAN_POINT('',(-8.98,5.,3.77));
#1961 = VERTEX_POINT('',#1962);
#1962 = CARTESIAN_POINT('',(-8.98,9.,3.77));
#1963 = LINE('',#1964,#1965);
#1964 = CARTESIAN_POINT('',(-8.98,5.,3.77));
#1965 = VECTOR('',#1966,1.);
#1966 = DIRECTION('',(0.,1.,0.));
#1967 = ORIENTED_EDGE('',*,*,#1968,.F.);
#1968 = EDGE_CURVE('',#1969,#1959,#1971,.T.);
#1969 = VERTEX_POINT('',#1970);
#1970 = CARTESIAN_POINT('',(-8.98,5.,4.53));
#1971 = LINE('',#1972,#1973);
#1972 = CARTESIAN_POINT('',(-8.98,5.,4.53));
#1973 = VECTOR('',#1974,1.);
#1974 = DIRECTION('',(0.,0.,-1.));
#1975 = ORIENTED_EDGE('',*,*,#1976,.T.);
#1976 = EDGE_CURVE('',#1969,#1977,#1979,.T.);
#1977 = VERTEX_POINT('',#1978);
#1978 = CARTESIAN_POINT('',(-8.98,9.,4.53));
#1979 = LINE('',#1980,#1981);
#1980 = CARTESIAN_POINT('',(-8.98,5.,4.53));
#1981 = VECTOR('',#1982,1.);
#1982 = DIRECTION('',(0.,1.,0.));
#1983 = ORIENTED_EDGE('',*,*,#1984,.T.);
#1984 = EDGE_CURVE('',#1977,#1961,#1985,.T.);
#1985 = LINE('',#1986,#1987);
#1986 = CARTESIAN_POINT('',(-8.98,9.,4.53));
#1987 = VECTOR('',#1988,1.);
#1988 = DIRECTION('',(0.,0.,-1.));
#1989 = FACE_BOUND('',#1990,.F.);
#1990 = EDGE_LOOP('',(#1991,#2001,#2009,#2017));
#1991 = ORIENTED_EDGE('',*,*,#1992,.F.);
#1992 = EDGE_CURVE('',#1993,#1995,#1997,.T.);
#1993 = VERTEX_POINT('',#1994);
#1994 = CARTESIAN_POINT('',(-8.98,-7.,3.77));
#1995 = VERTEX_POINT('',#1996);
#1996 = CARTESIAN_POINT('',(-8.98,-3.,3.77));
#1997 = LINE('',#1998,#1999);
#1998 = CARTESIAN_POINT('',(-8.98,-7.,3.77));
#1999 = VECTOR('',#2000,1.);
#2000 = DIRECTION('',(0.,1.,0.));
#2001 = ORIENTED_EDGE('',*,*,#2002,.F.);
#2002 = EDGE_CURVE('',#2003,#1993,#2005,.T.);
#2003 = VERTEX_POINT('',#2004);
#2004 = CARTESIAN_POINT('',(-8.98,-7.,4.53));
#2005 = LINE('',#2006,#2007);
#2006 = CARTESIAN_POINT('',(-8.98,-7.,4.53));
#2007 = VECTOR('',#2008,1.);
#2008 = DIRECTION('',(0.,0.,-1.));
#2009 = ORIENTED_EDGE('',*,*,#2010,.T.);
#2010 = EDGE_CURVE('',#2003,#2011,#2013,.T.);
#2011 = VERTEX_POINT('',#2012);
#2012 = CARTESIAN_POINT('',(-8.98,-3.,4.53));
#2013 = LINE('',#2014,#2015);
#2014 = CARTESIAN_POINT('',(-8.98,-7.,4.53));
#2015 = VECTOR('',#2016,1.);
#2016 = DIRECTION('',(0.,1.,0.));
#2017 = ORIENTED_EDGE('',*,*,#2018,.T.);
#2018 = EDGE_CURVE('',#2011,#1995,#2019,.T.);
#2019 = LINE('',#2020,#2021);
#2020 = CARTESIAN_POINT('',(-8.98,-3.,4.53));
#2021 = VECTOR('',#2022,1.);
#2022 = DIRECTION('',(0.,0.,-1.));
#2023 = FACE_BOUND('',#2024,.F.);
#2024 = EDGE_LOOP('',(#2025,#2035,#2043,#2051));
#2025 = ORIENTED_EDGE('',*,*,#2026,.F.);
#2026 = EDGE_CURVE('',#2027,#2029,#2031,.T.);
#2027 = VERTEX_POINT('',#2028);
#2028 = CARTESIAN_POINT('',(-8.98,-17.,3.77));
#2029 = VERTEX_POINT('',#2030);
#2030 = CARTESIAN_POINT('',(-8.98,-13.,3.77));
#2031 = LINE('',#2032,#2033);
#2032 = CARTESIAN_POINT('',(-8.98,-17.,3.77));
#2033 = VECTOR('',#2034,1.);
#2034 = DIRECTION('',(0.,1.,0.));
#2035 = ORIENTED_EDGE('',*,*,#2036,.F.);
#2036 = EDGE_CURVE('',#2037,#2027,#2039,.T.);
#2037 = VERTEX_POINT('',#2038);
#2038 = CARTESIAN_POINT('',(-8.98,-17.,4.53));
#2039 = LINE('',#2040,#2041);
#2040 = CARTESIAN_POINT('',(-8.98,-17.,4.53));
#2041 = VECTOR('',#2042,1.);
#2042 = DIRECTION('',(0.,0.,-1.));
#2043 = ORIENTED_EDGE('',*,*,#2044,.T.);
#2044 = EDGE_CURVE('',#2037,#2045,#2047,.T.);
#2045 = VERTEX_POINT('',#2046);
#2046 = CARTESIAN_POINT('',(-8.98,-13.,4.53));
#2047 = LINE('',#2048,#2049);
#2048 = CARTESIAN_POINT('',(-8.98,-17.,4.53));
#2049 = VECTOR('',#2050,1.);
#2050 = DIRECTION('',(0.,1.,0.));
#2051 = ORIENTED_EDGE('',*,*,#2052,.T.);
#2052 = EDGE_CURVE('',#2045,#2029,#2053,.T.);
#2053 = LINE('',#2054,#2055);
#2054 = CARTESIAN_POINT('',(-8.98,-13.,4.53));
#2055 = VECTOR('',#2056,1.);
#2056 = DIRECTION('',(0.,0.,-1.));
#2057 = PLANE('',#2058);
#2058 = AXIS2_PLACEMENT_3D('',#2059,#2060,#2061);
#2059 = CARTESIAN_POINT('',(-8.98,-20.73,3.65));
#2060 = DIRECTION('',(1.,0.,0.));
#2061 = DIRECTION('',(0.,0.,1.));
#2062 = ADVANCED_FACE('',(#2063),#2081,.F.);
#2063 = FACE_BOUND('',#2064,.F.);
#2064 = EDGE_LOOP('',(#2065,#2073,#2074,#2075));
#2065 = ORIENTED_EDGE('',*,*,#2066,.F.);
#2066 = EDGE_CURVE('',#1907,#2067,#2069,.T.);
#2067 = VERTEX_POINT('',#2068);
#2068 = CARTESIAN_POINT('',(-4.9,-20.73,3.65));
#2069 = LINE('',#2070,#2071);
#2070 = CARTESIAN_POINT('',(-8.98,-20.73,3.65));
#2071 = VECTOR('',#2072,1.);
#2072 = DIRECTION('',(1.,0.,0.));
#2073 = ORIENTED_EDGE('',*,*,#1906,.T.);
#2074 = ORIENTED_EDGE('',*,*,#540,.T.);
#2075 = ORIENTED_EDGE('',*,*,#2076,.T.);
#2076 = EDGE_CURVE('',#533,#2067,#2077,.T.);
#2077 = LINE('',#2078,#2079);
#2078 = CARTESIAN_POINT('',(-4.9,-20.73,1.325));
#2079 = VECTOR('',#2080,1.);
#2080 = DIRECTION('',(0.,0.,-1.));
#2081 = PLANE('',#2082);
#2082 = AXIS2_PLACEMENT_3D('',#2083,#2084,#2085);
#2083 = CARTESIAN_POINT('',(-8.98,-20.73,3.65));
#2084 = DIRECTION('',(0.,1.,0.));
#2085 = DIRECTION('',(0.,0.,1.));
#2086 = ADVANCED_FACE('',(#2087),#2114,.T.);
#2087 = FACE_BOUND('',#2088,.T.);
#2088 = EDGE_LOOP('',(#2089,#2097,#2098,#2099,#2100,#2108));
#2089 = ORIENTED_EDGE('',*,*,#2090,.F.);
#2090 = EDGE_CURVE('',#720,#2091,#2093,.T.);
#2091 = VERTEX_POINT('',#2092);
#2092 = CARTESIAN_POINT('',(-4.9,-19.83,7.2));
#2093 = LINE('',#2094,#2095);
#2094 = CARTESIAN_POINT('',(-4.9,-23.25,7.2));
#2095 = VECTOR('',#2096,1.);
#2096 = DIRECTION('',(0.,1.,0.));
#2097 = ORIENTED_EDGE('',*,*,#727,.T.);
#2098 = ORIENTED_EDGE('',*,*,#532,.T.);
#2099 = ORIENTED_EDGE('',*,*,#2076,.T.);
#2100 = ORIENTED_EDGE('',*,*,#2101,.T.);
#2101 = EDGE_CURVE('',#2067,#2102,#2104,.T.);
#2102 = VERTEX_POINT('',#2103);
#2103 = CARTESIAN_POINT('',(-4.9,-19.83,3.65));
#2104 = LINE('',#2105,#2106);
#2105 = CARTESIAN_POINT('',(-4.9,-21.99,3.65));
#2106 = VECTOR('',#2107,1.);
#2107 = DIRECTION('',(0.,1.,0.));
#2108 = ORIENTED_EDGE('',*,*,#2109,.F.);
#2109 = EDGE_CURVE('',#2091,#2102,#2110,.T.);
#2110 = LINE('',#2111,#2112);
#2111 = CARTESIAN_POINT('',(-4.9,-19.83,-1.));
#2112 = VECTOR('',#2113,1.);
#2113 = DIRECTION('',(0.,0.,-1.));
#2114 = PLANE('',#2115);
#2115 = AXIS2_PLACEMENT_3D('',#2116,#2117,#2118);
#2116 = CARTESIAN_POINT('',(-4.9,-23.25,-1.));
#2117 = DIRECTION('',(1.,0.,0.));
#2118 = DIRECTION('',(0.,0.,1.));
#2119 = ADVANCED_FACE('',(#2120),#2138,.F.);
#2120 = FACE_BOUND('',#2121,.F.);
#2121 = EDGE_LOOP('',(#2122,#2123,#2124,#2132));
#2122 = ORIENTED_EDGE('',*,*,#2090,.F.);
#2123 = ORIENTED_EDGE('',*,*,#719,.T.);
#2124 = ORIENTED_EDGE('',*,*,#2125,.T.);
#2125 = EDGE_CURVE('',#712,#2126,#2128,.T.);
#2126 = VERTEX_POINT('',#2127);
#2127 = CARTESIAN_POINT('',(4.9,-19.83,7.2));
#2128 = LINE('',#2129,#2130);
#2129 = CARTESIAN_POINT('',(4.9,-23.25,7.2));
#2130 = VECTOR('',#2131,1.);
#2131 = DIRECTION('',(0.,1.,0.));
#2132 = ORIENTED_EDGE('',*,*,#2133,.F.);
#2133 = EDGE_CURVE('',#2091,#2126,#2134,.T.);
#2134 = LINE('',#2135,#2136);
#2135 = CARTESIAN_POINT('',(-6.49,-19.83,7.2));
#2136 = VECTOR('',#2137,1.);
#2137 = DIRECTION('',(1.,0.,0.));
#2138 = PLANE('',#2139);
#2139 = AXIS2_PLACEMENT_3D('',#2140,#2141,#2142);
#2140 = CARTESIAN_POINT('',(-4.9,-23.25,7.2));
#2141 = DIRECTION('',(0.,0.,1.));
#2142 = DIRECTION('',(1.,0.,0.));
#2143 = ADVANCED_FACE('',(#2144),#2178,.F.);
#2144 = FACE_BOUND('',#2145,.F.);
#2145 = EDGE_LOOP('',(#2146,#2147,#2148,#2156,#2164,#2172));
#2146 = ORIENTED_EDGE('',*,*,#2125,.F.);
#2147 = ORIENTED_EDGE('',*,*,#711,.T.);
#2148 = ORIENTED_EDGE('',*,*,#2149,.T.);
#2149 = EDGE_CURVE('',#704,#2150,#2152,.T.);
#2150 = VERTEX_POINT('',#2151);
#2151 = CARTESIAN_POINT('',(4.9,-20.73,4.7));
#2152 = LINE('',#2153,#2154);
#2153 = CARTESIAN_POINT('',(4.9,-22.75,4.7));
#2154 = VECTOR('',#2155,1.);
#2155 = DIRECTION('',(0.,1.,0.));
#2156 = ORIENTED_EDGE('',*,*,#2157,.T.);
#2157 = EDGE_CURVE('',#2150,#2158,#2160,.T.);
#2158 = VERTEX_POINT('',#2159);
#2159 = CARTESIAN_POINT('',(4.9,-20.73,3.65));
#2160 = LINE('',#2161,#2162);
#2161 = CARTESIAN_POINT('',(4.9,-20.73,1.325));
#2162 = VECTOR('',#2163,1.);
#2163 = DIRECTION('',(0.,0.,-1.));
#2164 = ORIENTED_EDGE('',*,*,#2165,.T.);
#2165 = EDGE_CURVE('',#2158,#2166,#2168,.T.);
#2166 = VERTEX_POINT('',#2167);
#2167 = CARTESIAN_POINT('',(4.9,-19.83,3.65));
#2168 = LINE('',#2169,#2170);
#2169 = CARTESIAN_POINT('',(4.9,-21.99,3.65));
#2170 = VECTOR('',#2171,1.);
#2171 = DIRECTION('',(0.,1.,0.));
#2172 = ORIENTED_EDGE('',*,*,#2173,.F.);
#2173 = EDGE_CURVE('',#2126,#2166,#2174,.T.);
#2174 = LINE('',#2175,#2176);
#2175 = CARTESIAN_POINT('',(4.9,-19.83,-1.));
#2176 = VECTOR('',#2177,1.);
#2177 = DIRECTION('',(0.,0.,-1.));
#2178 = PLANE('',#2179);
#2179 = AXIS2_PLACEMENT_3D('',#2180,#2181,#2182);
#2180 = CARTESIAN_POINT('',(4.9,-23.25,-1.));
#2181 = DIRECTION('',(1.,0.,0.));
#2182 = DIRECTION('',(0.,0.,1.));
#2183 = ADVANCED_FACE('',(#2184),#2213,.F.);
#2184 = FACE_BOUND('',#2185,.F.);
#2185 = EDGE_LOOP('',(#2186,#2187,#2188,#2189,#2190,#2199,#2207));
#2186 = ORIENTED_EDGE('',*,*,#2149,.F.);
#2187 = ORIENTED_EDGE('',*,*,#703,.T.);
#2188 = ORIENTED_EDGE('',*,*,#806,.F.);
#2189 = ORIENTED_EDGE('',*,*,#858,.T.);
#2190 = ORIENTED_EDGE('',*,*,#2191,.F.);
#2191 = EDGE_CURVE('',#2192,#859,#2194,.T.);
#2192 = VERTEX_POINT('',#2193);
#2193 = CARTESIAN_POINT('',(8.98,20.050054054449,4.7));
#2194 = CIRCLE('',#2195,4.);
#2195 = AXIS2_PLACEMENT_3D('',#2196,#2197,#2198);
#2196 = CARTESIAN_POINT('',(10.5,23.75,4.7));
#2197 = DIRECTION('',(0.,0.,1.));
#2198 = DIRECTION('',(1.,0.,0.));
#2199 = ORIENTED_EDGE('',*,*,#2200,.F.);
#2200 = EDGE_CURVE('',#2201,#2192,#2203,.T.);
#2201 = VERTEX_POINT('',#2202);
#2202 = CARTESIAN_POINT('',(8.98,-20.73,4.7));
#2203 = LINE('',#2204,#2205);
#2204 = CARTESIAN_POINT('',(8.98,-20.73,4.7));
#2205 = VECTOR('',#2206,1.);
#2206 = DIRECTION('',(0.,1.,0.));
#2207 = ORIENTED_EDGE('',*,*,#2208,.F.);
#2208 = EDGE_CURVE('',#2150,#2201,#2209,.T.);
#2209 = LINE('',#2210,#2211);
#2210 = CARTESIAN_POINT('',(-8.98,-20.73,4.7));
#2211 = VECTOR('',#2212,1.);
#2212 = DIRECTION('',(1.,0.,0.));
#2213 = PLANE('',#2214);
#2214 = AXIS2_PLACEMENT_3D('',#2215,#2216,#2217);
#2215 = CARTESIAN_POINT('',(-10.5,-22.25,4.7));
#2216 = DIRECTION('',(0.,0.,1.));
#2217 = DIRECTION('',(1.,0.,0.));
#2218 = ADVANCED_FACE('',(#2219),#2237,.F.);
#2219 = FACE_BOUND('',#2220,.F.);
#2220 = EDGE_LOOP('',(#2221,#2222,#2230,#2236));
#2221 = ORIENTED_EDGE('',*,*,#1842,.F.);
#2222 = ORIENTED_EDGE('',*,*,#2223,.T.);
#2223 = EDGE_CURVE('',#1843,#2224,#2226,.T.);
#2224 = VERTEX_POINT('',#2225);
#2225 = CARTESIAN_POINT('',(-6.25,19.83,5.6));
#2226 = LINE('',#2227,#2228);
#2227 = CARTESIAN_POINT('',(-7.84,19.83,5.6));
#2228 = VECTOR('',#2229,1.);
#2229 = DIRECTION('',(1.,0.,0.));
#2230 = ORIENTED_EDGE('',*,*,#2231,.F.);
#2231 = EDGE_CURVE('',#777,#2224,#2232,.T.);
#2232 = LINE('',#2233,#2234);
#2233 = CARTESIAN_POINT('',(-6.25,16.625,5.6));
#2234 = VECTOR('',#2235,1.);
#2235 = DIRECTION('',(0.,-1.,0.));
#2236 = ORIENTED_EDGE('',*,*,#784,.F.);
#2237 = PLANE('',#2238);
#2238 = AXIS2_PLACEMENT_3D('',#2239,#2240,#2241);
#2239 = CARTESIAN_POINT('',(-7.6,16.,5.6));
#2240 = DIRECTION('',(0.,0.,1.));
#2241 = DIRECTION('',(1.,0.,0.));
#2242 = ADVANCED_FACE('',(#2243),#2261,.T.);
#2243 = FACE_BOUND('',#2244,.T.);
#2244 = EDGE_LOOP('',(#2245,#2253,#2259,#2260));
#2245 = ORIENTED_EDGE('',*,*,#2246,.F.);
#2246 = EDGE_CURVE('',#2247,#769,#2249,.T.);
#2247 = VERTEX_POINT('',#2248);
#2248 = CARTESIAN_POINT('',(-6.25,19.83,5.9));
#2249 = LINE('',#2250,#2251);
#2250 = CARTESIAN_POINT('',(-6.25,17.25,5.9));
#2251 = VECTOR('',#2252,1.);
#2252 = DIRECTION('',(0.,1.,0.));
#2253 = ORIENTED_EDGE('',*,*,#2254,.T.);
#2254 = EDGE_CURVE('',#2247,#2224,#2255,.T.);
#2255 = LINE('',#2256,#2257);
#2256 = CARTESIAN_POINT('',(-6.25,19.83,-1.));
#2257 = VECTOR('',#2258,1.);
#2258 = DIRECTION('',(0.,0.,-1.));
#2259 = ORIENTED_EDGE('',*,*,#2231,.F.);
#2260 = ORIENTED_EDGE('',*,*,#776,.F.);
#2261 = PLANE('',#2262);
#2262 = AXIS2_PLACEMENT_3D('',#2263,#2264,#2265);
#2263 = CARTESIAN_POINT('',(-6.25,17.25,-1.));
#2264 = DIRECTION('',(1.,0.,0.));
#2265 = DIRECTION('',(0.,0.,1.));
#2266 = ADVANCED_FACE('',(#2267),#2285,.F.);
#2267 = FACE_BOUND('',#2268,.F.);
#2268 = EDGE_LOOP('',(#2269,#2270,#2278,#2284));
#2269 = ORIENTED_EDGE('',*,*,#2246,.F.);
#2270 = ORIENTED_EDGE('',*,*,#2271,.T.);
#2271 = EDGE_CURVE('',#2247,#2272,#2274,.T.);
#2272 = VERTEX_POINT('',#2273);
#2273 = CARTESIAN_POINT('',(6.25,19.83,5.9));
#2274 = LINE('',#2275,#2276);
#2275 = CARTESIAN_POINT('',(-7.165,19.83,5.9));
#2276 = VECTOR('',#2277,1.);
#2277 = DIRECTION('',(1.,0.,0.));
#2278 = ORIENTED_EDGE('',*,*,#2279,.T.);
#2279 = EDGE_CURVE('',#2272,#761,#2280,.T.);
#2280 = LINE('',#2281,#2282);
#2281 = CARTESIAN_POINT('',(6.25,17.25,5.9));
#2282 = VECTOR('',#2283,1.);
#2283 = DIRECTION('',(0.,1.,0.));
#2284 = ORIENTED_EDGE('',*,*,#768,.F.);
#2285 = PLANE('',#2286);
#2286 = AXIS2_PLACEMENT_3D('',#2287,#2288,#2289);
#2287 = CARTESIAN_POINT('',(-6.25,17.25,5.9));
#2288 = DIRECTION('',(0.,0.,1.));
#2289 = DIRECTION('',(1.,0.,0.));
#2290 = ADVANCED_FACE('',(#2291),#2309,.F.);
#2291 = FACE_BOUND('',#2292,.F.);
#2292 = EDGE_LOOP('',(#2293,#2294,#2302,#2308));
#2293 = ORIENTED_EDGE('',*,*,#2279,.F.);
#2294 = ORIENTED_EDGE('',*,*,#2295,.T.);
#2295 = EDGE_CURVE('',#2272,#2296,#2298,.T.);
#2296 = VERTEX_POINT('',#2297);
#2297 = CARTESIAN_POINT('',(6.25,19.83,5.6));
#2298 = LINE('',#2299,#2300);
#2299 = CARTESIAN_POINT('',(6.25,19.83,-1.));
#2300 = VECTOR('',#2301,1.);
#2301 = DIRECTION('',(0.,0.,-1.));
#2302 = ORIENTED_EDGE('',*,*,#2303,.F.);
#2303 = EDGE_CURVE('',#753,#2296,#2304,.T.);
#2304 = LINE('',#2305,#2306);
#2305 = CARTESIAN_POINT('',(6.25,16.625,5.6));
#2306 = VECTOR('',#2307,1.);
#2307 = DIRECTION('',(0.,-1.,0.));
#2308 = ORIENTED_EDGE('',*,*,#760,.F.);
#2309 = PLANE('',#2310);
#2310 = AXIS2_PLACEMENT_3D('',#2311,#2312,#2313);
#2311 = CARTESIAN_POINT('',(6.25,17.25,-1.));
#2312 = DIRECTION('',(1.,0.,0.));
#2313 = DIRECTION('',(0.,0.,1.));
#2314 = ADVANCED_FACE('',(#2315),#2349,.F.);
#2315 = FACE_BOUND('',#2316,.F.);
#2316 = EDGE_LOOP('',(#2317,#2325,#2333,#2341,#2347,#2348));
#2317 = ORIENTED_EDGE('',*,*,#2318,.T.);
#2318 = EDGE_CURVE('',#2296,#2319,#2321,.T.);
#2319 = VERTEX_POINT('',#2320);
#2320 = CARTESIAN_POINT('',(7.6,19.83,5.6));
#2321 = LINE('',#2322,#2323);
#2322 = CARTESIAN_POINT('',(-7.84,19.83,5.6));
#2323 = VECTOR('',#2324,1.);
#2324 = DIRECTION('',(1.,0.,0.));
#2325 = ORIENTED_EDGE('',*,*,#2326,.T.);
#2326 = EDGE_CURVE('',#2319,#2327,#2329,.T.);
#2327 = VERTEX_POINT('',#2328);
#2328 = CARTESIAN_POINT('',(7.6,23.,5.6));
#2329 = LINE('',#2330,#2331);
#2330 = CARTESIAN_POINT('',(7.6,16.,5.6));
#2331 = VECTOR('',#2332,1.);
#2332 = DIRECTION('',(0.,1.,0.));
#2333 = ORIENTED_EDGE('',*,*,#2334,.F.);
#2334 = EDGE_CURVE('',#2335,#2327,#2337,.T.);
#2335 = VERTEX_POINT('',#2336);
#2336 = CARTESIAN_POINT('',(6.5,23.,5.6));
#2337 = LINE('',#2338,#2339);
#2338 = CARTESIAN_POINT('',(-7.6,23.,5.6));
#2339 = VECTOR('',#2340,1.);
#2340 = DIRECTION('',(1.,0.,0.));
#2341 = ORIENTED_EDGE('',*,*,#2342,.T.);
#2342 = EDGE_CURVE('',#2335,#745,#2343,.T.);
#2343 = LINE('',#2344,#2345);
#2344 = CARTESIAN_POINT('',(6.5,18.125,5.6));
#2345 = VECTOR('',#2346,1.);
#2346 = DIRECTION('',(0.,-1.,0.));
#2347 = ORIENTED_EDGE('',*,*,#752,.F.);
#2348 = ORIENTED_EDGE('',*,*,#2303,.T.);
#2349 = PLANE('',#2350);
#2350 = AXIS2_PLACEMENT_3D('',#2351,#2352,#2353);
#2351 = CARTESIAN_POINT('',(-7.6,16.,5.6));
#2352 = DIRECTION('',(0.,0.,1.));
#2353 = DIRECTION('',(1.,0.,0.));
#2354 = ADVANCED_FACE('',(#2355),#2389,.F.);
#2355 = FACE_BOUND('',#2356,.F.);
#2356 = EDGE_LOOP('',(#2357,#2365,#2366,#2367,#2375,#2383));
#2357 = ORIENTED_EDGE('',*,*,#2358,.F.);
#2358 = EDGE_CURVE('',#146,#2359,#2361,.T.);
#2359 = VERTEX_POINT('',#2360);
#2360 = CARTESIAN_POINT('',(6.5,23.75,9.4));
#2361 = LINE('',#2362,#2363);
#2362 = CARTESIAN_POINT('',(6.5,20.25,9.4));
#2363 = VECTOR('',#2364,1.);
#2364 = DIRECTION('',(0.,1.,0.));
#2365 = ORIENTED_EDGE('',*,*,#744,.T.);
#2366 = ORIENTED_EDGE('',*,*,#2342,.F.);
#2367 = ORIENTED_EDGE('',*,*,#2368,.F.);
#2368 = EDGE_CURVE('',#2369,#2335,#2371,.T.);
#2369 = VERTEX_POINT('',#2370);
#2370 = CARTESIAN_POINT('',(6.5,23.,4.7));
#2371 = LINE('',#2372,#2373);
#2372 = CARTESIAN_POINT('',(6.5,23.,1.85));
#2373 = VECTOR('',#2374,1.);
#2374 = DIRECTION('',(0.,0.,1.));
#2375 = ORIENTED_EDGE('',*,*,#2376,.T.);
#2376 = EDGE_CURVE('',#2369,#2377,#2379,.T.);
#2377 = VERTEX_POINT('',#2378);
#2378 = CARTESIAN_POINT('',(6.5,23.75,4.7));
#2379 = LINE('',#2380,#2381);
#2380 = CARTESIAN_POINT('',(6.5,20.25,4.7));
#2381 = VECTOR('',#2382,1.);
#2382 = DIRECTION('',(0.,1.,0.));
#2383 = ORIENTED_EDGE('',*,*,#2384,.T.);
#2384 = EDGE_CURVE('',#2377,#2359,#2385,.T.);
#2385 = LINE('',#2386,#2387);
#2386 = CARTESIAN_POINT('',(6.5,23.75,4.7));
#2387 = VECTOR('',#2388,1.);
#2388 = DIRECTION('',(0.,0.,1.));
#2389 = PLANE('',#2390);
#2390 = AXIS2_PLACEMENT_3D('',#2391,#2392,#2393);
#2391 = CARTESIAN_POINT('',(6.5,20.25,4.7));
#2392 = DIRECTION('',(1.,0.,0.));
#2393 = DIRECTION('',(0.,0.,1.));
#2394 = ADVANCED_FACE('',(#2395),#2406,.T.);
#2395 = FACE_BOUND('',#2396,.T.);
#2396 = EDGE_LOOP('',(#2397,#2398,#2399));
#2397 = ORIENTED_EDGE('',*,*,#2358,.F.);
#2398 = ORIENTED_EDGE('',*,*,#831,.T.);
#2399 = ORIENTED_EDGE('',*,*,#2400,.F.);
#2400 = EDGE_CURVE('',#2359,#832,#2401,.T.);
#2401 = CIRCLE('',#2402,4.);
#2402 = AXIS2_PLACEMENT_3D('',#2403,#2404,#2405);
#2403 = CARTESIAN_POINT('',(10.5,23.75,9.4));
#2404 = DIRECTION('',(0.,0.,1.));
#2405 = DIRECTION('',(1.,0.,0.));
#2406 = PLANE('',#2407);
#2407 = AXIS2_PLACEMENT_3D('',#2408,#2409,#2410);
#2408 = CARTESIAN_POINT('',(6.5,20.25,9.4));
#2409 = DIRECTION('',(0.,0.,1.));
#2410 = DIRECTION('',(1.,0.,0.));
#2411 = ADVANCED_FACE('',(#2412),#2431,.T.);
#2412 = FACE_BOUND('',#2413,.T.);
#2413 = EDGE_LOOP('',(#2414,#2422,#2423,#2424));
#2414 = ORIENTED_EDGE('',*,*,#2415,.F.);
#2415 = EDGE_CURVE('',#832,#2416,#2418,.T.);
#2416 = VERTEX_POINT('',#2417);
#2417 = CARTESIAN_POINT('',(8.5,22.25,9.4));
#2418 = LINE('',#2419,#2420);
#2419 = CARTESIAN_POINT('',(-10.5,22.25,9.4));
#2420 = VECTOR('',#2421,1.);
#2421 = DIRECTION('',(1.,0.,0.));
#2422 = ORIENTED_EDGE('',*,*,#841,.T.);
#2423 = ORIENTED_EDGE('',*,*,#880,.T.);
#2424 = ORIENTED_EDGE('',*,*,#2425,.T.);
#2425 = EDGE_CURVE('',#881,#2416,#2426,.T.);
#2426 = CIRCLE('',#2427,2.);
#2427 = AXIS2_PLACEMENT_3D('',#2428,#2429,#2430);
#2428 = CARTESIAN_POINT('',(8.5,20.25,9.4));
#2429 = DIRECTION('',(-0.,0.,1.));
#2430 = DIRECTION('',(0.,-1.,0.));
#2431 = PLANE('',#2432);
#2432 = AXIS2_PLACEMENT_3D('',#2433,#2434,#2435);
#2433 = CARTESIAN_POINT('',(-10.5,-22.25,9.4));
#2434 = DIRECTION('',(0.,0.,1.));
#2435 = DIRECTION('',(1.,0.,0.));
#2436 = ADVANCED_FACE('',(#2437),#2464,.T.);
#2437 = FACE_BOUND('',#2438,.T.);
#2438 = EDGE_LOOP('',(#2439,#2448,#2456,#2463));
#2439 = ORIENTED_EDGE('',*,*,#2440,.T.);
#2440 = EDGE_CURVE('',#859,#2441,#2443,.T.);
#2441 = VERTEX_POINT('',#2442);
#2442 = CARTESIAN_POINT('',(12.436491673104,20.25,4.7));
#2443 = CIRCLE('',#2444,4.);
#2444 = AXIS2_PLACEMENT_3D('',#2445,#2446,#2447);
#2445 = CARTESIAN_POINT('',(10.5,23.75,4.7));
#2446 = DIRECTION('',(0.,0.,1.));
#2447 = DIRECTION('',(1.,0.,0.));
#2448 = ORIENTED_EDGE('',*,*,#2449,.T.);
#2449 = EDGE_CURVE('',#2441,#2450,#2452,.T.);
#2450 = VERTEX_POINT('',#2451);
#2451 = CARTESIAN_POINT('',(12.436491673104,20.25,9.4));
#2452 = LINE('',#2453,#2454);
#2453 = CARTESIAN_POINT('',(12.436491673104,20.25,4.7));
#2454 = VECTOR('',#2455,1.);
#2455 = DIRECTION('',(0.,0.,1.));
#2456 = ORIENTED_EDGE('',*,*,#2457,.F.);
#2457 = EDGE_CURVE('',#121,#2450,#2458,.T.);
#2458 = CIRCLE('',#2459,4.);
#2459 = AXIS2_PLACEMENT_3D('',#2460,#2461,#2462);
#2460 = CARTESIAN_POINT('',(10.5,23.75,9.4));
#2461 = DIRECTION('',(0.,0.,1.));
#2462 = DIRECTION('',(1.,0.,0.));
#2463 = ORIENTED_EDGE('',*,*,#866,.F.);
#2464 = CYLINDRICAL_SURFACE('',#2465,4.);
#2465 = AXIS2_PLACEMENT_3D('',#2466,#2467,#2468);
#2466 = CARTESIAN_POINT('',(10.5,23.75,4.7));
#2467 = DIRECTION('',(0.,0.,1.));
#2468 = DIRECTION('',(1.,0.,0.));
#2469 = ADVANCED_FACE('',(#2470),#2480,.T.);
#2470 = FACE_BOUND('',#2471,.T.);
#2471 = EDGE_LOOP('',(#2472,#2473,#2474));
#2472 = ORIENTED_EDGE('',*,*,#889,.F.);
#2473 = ORIENTED_EDGE('',*,*,#2457,.T.);
#2474 = ORIENTED_EDGE('',*,*,#2475,.F.);
#2475 = EDGE_CURVE('',#881,#2450,#2476,.T.);
#2476 = LINE('',#2477,#2478);
#2477 = CARTESIAN_POINT('',(6.5,20.25,9.4));
#2478 = VECTOR('',#2479,1.);
#2479 = DIRECTION('',(1.,0.,0.));
#2480 = PLANE('',#2481);
#2481 = AXIS2_PLACEMENT_3D('',#2482,#2483,#2484);
#2482 = CARTESIAN_POINT('',(10.5,23.75,9.4));
#2483 = DIRECTION('',(0.,0.,1.));
#2484 = DIRECTION('',(1.,0.,0.));
#2485 = ADVANCED_FACE('',(#2486,#2546,#2549,#2552,#2555,#2565),#2575,.F.
  );
#2486 = FACE_BOUND('',#2487,.F.);
#2487 = EDGE_LOOP('',(#2488,#2496,#2504,#2510,#2511,#2512,#2513,#2514,
    #2515,#2516,#2517,#2525,#2533,#2539,#2540,#2541,#2542,#2543,#2544,
    #2545));
#2488 = ORIENTED_EDGE('',*,*,#2489,.F.);
#2489 = EDGE_CURVE('',#2490,#921,#2492,.T.);
#2490 = VERTEX_POINT('',#2491);
#2491 = CARTESIAN_POINT('',(-8.08,-19.83,8.2));
#2492 = LINE('',#2493,#2494);
#2493 = CARTESIAN_POINT('',(-8.08,-19.83,8.2));
#2494 = VECTOR('',#2495,1.);
#2495 = DIRECTION('',(0.,1.,0.));
#2496 = ORIENTED_EDGE('',*,*,#2497,.T.);
#2497 = EDGE_CURVE('',#2490,#2498,#2500,.T.);
#2498 = VERTEX_POINT('',#2499);
#2499 = CARTESIAN_POINT('',(8.08,-19.83,8.2));
#2500 = LINE('',#2501,#2502);
#2501 = CARTESIAN_POINT('',(-8.08,-19.83,8.2));
#2502 = VECTOR('',#2503,1.);
#2503 = DIRECTION('',(1.,0.,0.));
#2504 = ORIENTED_EDGE('',*,*,#2505,.T.);
#2505 = EDGE_CURVE('',#2498,#1306,#2506,.T.);
#2506 = LINE('',#2507,#2508);
#2507 = CARTESIAN_POINT('',(8.08,-19.83,8.2));
#2508 = VECTOR('',#2509,1.);
#2509 = DIRECTION('',(0.,1.,0.));
#2510 = ORIENTED_EDGE('',*,*,#1313,.F.);
#2511 = ORIENTED_EDGE('',*,*,#1239,.T.);
#2512 = ORIENTED_EDGE('',*,*,#1191,.F.);
#2513 = ORIENTED_EDGE('',*,*,#1217,.T.);
#2514 = ORIENTED_EDGE('',*,*,#1264,.F.);
#2515 = ORIENTED_EDGE('',*,*,#1330,.F.);
#2516 = ORIENTED_EDGE('',*,*,#1396,.F.);
#2517 = ORIENTED_EDGE('',*,*,#2518,.T.);
#2518 = EDGE_CURVE('',#1389,#2519,#2521,.T.);
#2519 = VERTEX_POINT('',#2520);
#2520 = CARTESIAN_POINT('',(8.08,19.83,8.2));
#2521 = LINE('',#2522,#2523);
#2522 = CARTESIAN_POINT('',(8.08,-19.83,8.2));
#2523 = VECTOR('',#2524,1.);
#2524 = DIRECTION('',(0.,1.,0.));
#2525 = ORIENTED_EDGE('',*,*,#2526,.F.);
#2526 = EDGE_CURVE('',#2527,#2519,#2529,.T.);
#2527 = VERTEX_POINT('',#2528);
#2528 = CARTESIAN_POINT('',(-8.08,19.83,8.2));
#2529 = LINE('',#2530,#2531);
#2530 = CARTESIAN_POINT('',(-8.08,19.83,8.2));
#2531 = VECTOR('',#2532,1.);
#2532 = DIRECTION('',(1.,0.,0.));
#2533 = ORIENTED_EDGE('',*,*,#2534,.F.);
#2534 = EDGE_CURVE('',#1011,#2527,#2535,.T.);
#2535 = LINE('',#2536,#2537);
#2536 = CARTESIAN_POINT('',(-8.08,-19.83,8.2));
#2537 = VECTOR('',#2538,1.);
#2538 = DIRECTION('',(0.,1.,0.));
#2539 = ORIENTED_EDGE('',*,*,#1018,.F.);
#2540 = ORIENTED_EDGE('',*,*,#1067,.F.);
#2541 = ORIENTED_EDGE('',*,*,#1116,.F.);
#2542 = ORIENTED_EDGE('',*,*,#1093,.F.);
#2543 = ORIENTED_EDGE('',*,*,#1050,.F.);
#2544 = ORIENTED_EDGE('',*,*,#976,.T.);
#2545 = ORIENTED_EDGE('',*,*,#928,.F.);
#2546 = FACE_BOUND('',#2547,.F.);
#2547 = EDGE_LOOP('',(#2548));
#2548 = ORIENTED_EDGE('',*,*,#1167,.F.);
#2549 = FACE_BOUND('',#2550,.F.);
#2550 = EDGE_LOOP('',(#2551));
#2551 = ORIENTED_EDGE('',*,*,#1142,.F.);
#2552 = FACE_BOUND('',#2553,.F.);
#2553 = EDGE_LOOP('',(#2554));
#2554 = ORIENTED_EDGE('',*,*,#1422,.F.);
#2555 = FACE_BOUND('',#2556,.F.);
#2556 = EDGE_LOOP('',(#2557,#2558,#2559,#2560,#2561,#2562,#2563,#2564));
#2557 = ORIENTED_EDGE('',*,*,#1446,.F.);
#2558 = ORIENTED_EDGE('',*,*,#1472,.T.);
#2559 = ORIENTED_EDGE('',*,*,#1519,.F.);
#2560 = ORIENTED_EDGE('',*,*,#1568,.F.);
#2561 = ORIENTED_EDGE('',*,*,#1617,.F.);
#2562 = ORIENTED_EDGE('',*,*,#1594,.F.);
#2563 = ORIENTED_EDGE('',*,*,#1551,.F.);
#2564 = ORIENTED_EDGE('',*,*,#1494,.T.);
#2565 = FACE_BOUND('',#2566,.F.);
#2566 = EDGE_LOOP('',(#2567,#2568,#2569,#2570,#2571,#2572,#2573,#2574));
#2567 = ORIENTED_EDGE('',*,*,#1642,.F.);
#2568 = ORIENTED_EDGE('',*,*,#1815,.T.);
#2569 = ORIENTED_EDGE('',*,*,#1796,.F.);
#2570 = ORIENTED_EDGE('',*,*,#1764,.F.);
#2571 = ORIENTED_EDGE('',*,*,#1740,.F.);
#2572 = ORIENTED_EDGE('',*,*,#1717,.F.);
#2573 = ORIENTED_EDGE('',*,*,#1698,.F.);
#2574 = ORIENTED_EDGE('',*,*,#1666,.T.);
#2575 = PLANE('',#2576);
#2576 = AXIS2_PLACEMENT_3D('',#2577,#2578,#2579);
#2577 = CARTESIAN_POINT('',(-8.08,-19.83,8.2));
#2578 = DIRECTION('',(0.,0.,1.));
#2579 = DIRECTION('',(1.,0.,0.));
#2580 = ADVANCED_FACE('',(#2581),#2599,.T.);
#2581 = FACE_BOUND('',#2582,.T.);
#2582 = EDGE_LOOP('',(#2583,#2591,#2597,#2598));
#2583 = ORIENTED_EDGE('',*,*,#2584,.F.);
#2584 = EDGE_CURVE('',#2585,#2490,#2587,.T.);
#2585 = VERTEX_POINT('',#2586);
#2586 = CARTESIAN_POINT('',(-8.08,-19.83,3.65));
#2587 = LINE('',#2588,#2589);
#2588 = CARTESIAN_POINT('',(-8.08,-19.83,-1.));
#2589 = VECTOR('',#2590,1.);
#2590 = DIRECTION('',(0.,0.,1.));
#2591 = ORIENTED_EDGE('',*,*,#2592,.T.);
#2592 = EDGE_CURVE('',#2585,#912,#2593,.T.);
#2593 = LINE('',#2594,#2595);
#2594 = CARTESIAN_POINT('',(-8.08,-20.28,3.65));
#2595 = VECTOR('',#2596,1.);
#2596 = DIRECTION('',(0.,1.,0.));
#2597 = ORIENTED_EDGE('',*,*,#920,.T.);
#2598 = ORIENTED_EDGE('',*,*,#2489,.F.);
#2599 = PLANE('',#2600);
#2600 = AXIS2_PLACEMENT_3D('',#2601,#2602,#2603);
#2601 = CARTESIAN_POINT('',(-8.08,-19.83,-1.));
#2602 = DIRECTION('',(1.,0.,0.));
#2603 = DIRECTION('',(0.,0.,1.));
#2604 = ADVANCED_FACE('',(#2605),#2636,.F.);
#2605 = FACE_BOUND('',#2606,.F.);
#2606 = EDGE_LOOP('',(#2607,#2608,#2609,#2610,#2611,#2617,#2618,#2619,
    #2620,#2621,#2629,#2635));
#2607 = ORIENTED_EDGE('',*,*,#1882,.F.);
#2608 = ORIENTED_EDGE('',*,*,#1914,.F.);
#2609 = ORIENTED_EDGE('',*,*,#2066,.T.);
#2610 = ORIENTED_EDGE('',*,*,#2101,.T.);
#2611 = ORIENTED_EDGE('',*,*,#2612,.T.);
#2612 = EDGE_CURVE('',#2102,#2585,#2613,.T.);
#2613 = LINE('',#2614,#2615);
#2614 = CARTESIAN_POINT('',(-8.53,-19.83,3.65));
#2615 = VECTOR('',#2616,1.);
#2616 = DIRECTION('',(-1.,0.,0.));
#2617 = ORIENTED_EDGE('',*,*,#2592,.T.);
#2618 = ORIENTED_EDGE('',*,*,#911,.F.);
#2619 = ORIENTED_EDGE('',*,*,#954,.T.);
#2620 = ORIENTED_EDGE('',*,*,#1001,.F.);
#2621 = ORIENTED_EDGE('',*,*,#2622,.T.);
#2622 = EDGE_CURVE('',#1002,#2623,#2625,.T.);
#2623 = VERTEX_POINT('',#2624);
#2624 = CARTESIAN_POINT('',(-8.08,19.83,3.65));
#2625 = LINE('',#2626,#2627);
#2626 = CARTESIAN_POINT('',(-8.08,-20.28,3.65));
#2627 = VECTOR('',#2628,1.);
#2628 = DIRECTION('',(0.,1.,0.));
#2629 = ORIENTED_EDGE('',*,*,#2630,.F.);
#2630 = EDGE_CURVE('',#1851,#2623,#2631,.T.);
#2631 = LINE('',#2632,#2633);
#2632 = CARTESIAN_POINT('',(-8.53,19.83,3.65));
#2633 = VECTOR('',#2634,1.);
#2634 = DIRECTION('',(-1.,0.,0.));
#2635 = ORIENTED_EDGE('',*,*,#1858,.T.);
#2636 = PLANE('',#2637);
#2637 = AXIS2_PLACEMENT_3D('',#2638,#2639,#2640);
#2638 = CARTESIAN_POINT('',(-8.98,-20.73,3.65));
#2639 = DIRECTION('',(0.,0.,1.));
#2640 = DIRECTION('',(1.,0.,0.));
#2641 = ADVANCED_FACE('',(#2642),#2653,.T.);
#2642 = FACE_BOUND('',#2643,.T.);
#2643 = EDGE_LOOP('',(#2644,#2645,#2646,#2652));
#2644 = ORIENTED_EDGE('',*,*,#1010,.F.);
#2645 = ORIENTED_EDGE('',*,*,#2622,.T.);
#2646 = ORIENTED_EDGE('',*,*,#2647,.T.);
#2647 = EDGE_CURVE('',#2623,#2527,#2648,.T.);
#2648 = LINE('',#2649,#2650);
#2649 = CARTESIAN_POINT('',(-8.08,19.83,-1.));
#2650 = VECTOR('',#2651,1.);
#2651 = DIRECTION('',(0.,0.,1.));
#2652 = ORIENTED_EDGE('',*,*,#2534,.F.);
#2653 = PLANE('',#2654);
#2654 = AXIS2_PLACEMENT_3D('',#2655,#2656,#2657);
#2655 = CARTESIAN_POINT('',(-8.08,-19.83,-1.));
#2656 = DIRECTION('',(1.,0.,0.));
#2657 = DIRECTION('',(0.,0.,1.));
#2658 = ADVANCED_FACE('',(#2659),#2677,.F.);
#2659 = FACE_BOUND('',#2660,.F.);
#2660 = EDGE_LOOP('',(#2661,#2669,#2675,#2676));
#2661 = ORIENTED_EDGE('',*,*,#2662,.F.);
#2662 = EDGE_CURVE('',#2663,#2498,#2665,.T.);
#2663 = VERTEX_POINT('',#2664);
#2664 = CARTESIAN_POINT('',(8.08,-19.83,3.65));
#2665 = LINE('',#2666,#2667);
#2666 = CARTESIAN_POINT('',(8.08,-19.83,-1.));
#2667 = VECTOR('',#2668,1.);
#2668 = DIRECTION('',(0.,0.,1.));
#2669 = ORIENTED_EDGE('',*,*,#2670,.T.);
#2670 = EDGE_CURVE('',#2663,#1297,#2671,.T.);
#2671 = LINE('',#2672,#2673);
#2672 = CARTESIAN_POINT('',(8.08,-20.28,3.65));
#2673 = VECTOR('',#2674,1.);
#2674 = DIRECTION('',(0.,1.,0.));
#2675 = ORIENTED_EDGE('',*,*,#1305,.T.);
#2676 = ORIENTED_EDGE('',*,*,#2505,.F.);
#2677 = PLANE('',#2678);
#2678 = AXIS2_PLACEMENT_3D('',#2679,#2680,#2681);
#2679 = CARTESIAN_POINT('',(8.08,-19.83,-1.));
#2680 = DIRECTION('',(1.,0.,0.));
#2681 = DIRECTION('',(0.,0.,1.));
#2682 = ADVANCED_FACE('',(#2683),#2742,.F.);
#2683 = FACE_BOUND('',#2684,.F.);
#2684 = EDGE_LOOP('',(#2685,#2695,#2703,#2711,#2717,#2718,#2719,#2720,
    #2721,#2727,#2728,#2736));
#2685 = ORIENTED_EDGE('',*,*,#2686,.F.);
#2686 = EDGE_CURVE('',#2687,#2689,#2691,.T.);
#2687 = VERTEX_POINT('',#2688);
#2688 = CARTESIAN_POINT('',(7.6,20.73,3.65));
#2689 = VERTEX_POINT('',#2690);
#2690 = CARTESIAN_POINT('',(8.98,20.73,3.65));
#2691 = LINE('',#2692,#2693);
#2692 = CARTESIAN_POINT('',(-8.98,20.73,3.65));
#2693 = VECTOR('',#2694,1.);
#2694 = DIRECTION('',(1.,0.,0.));
#2695 = ORIENTED_EDGE('',*,*,#2696,.F.);
#2696 = EDGE_CURVE('',#2697,#2687,#2699,.T.);
#2697 = VERTEX_POINT('',#2698);
#2698 = CARTESIAN_POINT('',(7.6,19.83,3.65));
#2699 = LINE('',#2700,#2701);
#2700 = CARTESIAN_POINT('',(7.6,-2.365,3.65));
#2701 = VECTOR('',#2702,1.);
#2702 = DIRECTION('',(0.,1.,0.));
#2703 = ORIENTED_EDGE('',*,*,#2704,.F.);
#2704 = EDGE_CURVE('',#2705,#2697,#2707,.T.);
#2705 = VERTEX_POINT('',#2706);
#2706 = CARTESIAN_POINT('',(8.08,19.83,3.65));
#2707 = LINE('',#2708,#2709);
#2708 = CARTESIAN_POINT('',(-8.53,19.83,3.65));
#2709 = VECTOR('',#2710,1.);
#2710 = DIRECTION('',(-1.,0.,0.));
#2711 = ORIENTED_EDGE('',*,*,#2712,.F.);
#2712 = EDGE_CURVE('',#1380,#2705,#2713,.T.);
#2713 = LINE('',#2714,#2715);
#2714 = CARTESIAN_POINT('',(8.08,-20.28,3.65));
#2715 = VECTOR('',#2716,1.);
#2716 = DIRECTION('',(0.,1.,0.));
#2717 = ORIENTED_EDGE('',*,*,#1379,.F.);
#2718 = ORIENTED_EDGE('',*,*,#1356,.F.);
#2719 = ORIENTED_EDGE('',*,*,#1296,.F.);
#2720 = ORIENTED_EDGE('',*,*,#2670,.F.);
#2721 = ORIENTED_EDGE('',*,*,#2722,.T.);
#2722 = EDGE_CURVE('',#2663,#2166,#2723,.T.);
#2723 = LINE('',#2724,#2725);
#2724 = CARTESIAN_POINT('',(-8.53,-19.83,3.65));
#2725 = VECTOR('',#2726,1.);
#2726 = DIRECTION('',(-1.,0.,0.));
#2727 = ORIENTED_EDGE('',*,*,#2165,.F.);
#2728 = ORIENTED_EDGE('',*,*,#2729,.T.);
#2729 = EDGE_CURVE('',#2158,#2730,#2732,.T.);
#2730 = VERTEX_POINT('',#2731);
#2731 = CARTESIAN_POINT('',(8.98,-20.73,3.65));
#2732 = LINE('',#2733,#2734);
#2733 = CARTESIAN_POINT('',(-8.98,-20.73,3.65));
#2734 = VECTOR('',#2735,1.);
#2735 = DIRECTION('',(1.,0.,0.));
#2736 = ORIENTED_EDGE('',*,*,#2737,.T.);
#2737 = EDGE_CURVE('',#2730,#2689,#2738,.T.);
#2738 = LINE('',#2739,#2740);
#2739 = CARTESIAN_POINT('',(8.98,-20.73,3.65));
#2740 = VECTOR('',#2741,1.);
#2741 = DIRECTION('',(0.,1.,0.));
#2742 = PLANE('',#2743);
#2743 = AXIS2_PLACEMENT_3D('',#2744,#2745,#2746);
#2744 = CARTESIAN_POINT('',(-8.98,-20.73,3.65));
#2745 = DIRECTION('',(0.,0.,1.));
#2746 = DIRECTION('',(1.,0.,0.));
#2747 = ADVANCED_FACE('',(#2748),#2759,.F.);
#2748 = FACE_BOUND('',#2749,.F.);
#2749 = EDGE_LOOP('',(#2750,#2751,#2752,#2758));
#2750 = ORIENTED_EDGE('',*,*,#1388,.F.);
#2751 = ORIENTED_EDGE('',*,*,#2712,.T.);
#2752 = ORIENTED_EDGE('',*,*,#2753,.T.);
#2753 = EDGE_CURVE('',#2705,#2519,#2754,.T.);
#2754 = LINE('',#2755,#2756);
#2755 = CARTESIAN_POINT('',(8.08,19.83,-1.));
#2756 = VECTOR('',#2757,1.);
#2757 = DIRECTION('',(0.,0.,1.));
#2758 = ORIENTED_EDGE('',*,*,#2518,.F.);
#2759 = PLANE('',#2760);
#2760 = AXIS2_PLACEMENT_3D('',#2761,#2762,#2763);
#2761 = CARTESIAN_POINT('',(8.08,-19.83,-1.));
#2762 = DIRECTION('',(1.,0.,0.));
#2763 = DIRECTION('',(0.,0.,1.));
#2764 = ADVANCED_FACE('',(#2765),#2784,.F.);
#2765 = FACE_BOUND('',#2766,.F.);
#2766 = EDGE_LOOP('',(#2767,#2768,#2769,#2775,#2776,#2777,#2778,#2779,
    #2780,#2781,#2782,#2783));
#2767 = ORIENTED_EDGE('',*,*,#2753,.F.);
#2768 = ORIENTED_EDGE('',*,*,#2704,.T.);
#2769 = ORIENTED_EDGE('',*,*,#2770,.F.);
#2770 = EDGE_CURVE('',#2319,#2697,#2771,.T.);
#2771 = LINE('',#2772,#2773);
#2772 = CARTESIAN_POINT('',(7.6,19.83,-1.));
#2773 = VECTOR('',#2774,1.);
#2774 = DIRECTION('',(0.,0.,-1.));
#2775 = ORIENTED_EDGE('',*,*,#2318,.F.);
#2776 = ORIENTED_EDGE('',*,*,#2295,.F.);
#2777 = ORIENTED_EDGE('',*,*,#2271,.F.);
#2778 = ORIENTED_EDGE('',*,*,#2254,.T.);
#2779 = ORIENTED_EDGE('',*,*,#2223,.F.);
#2780 = ORIENTED_EDGE('',*,*,#1850,.T.);
#2781 = ORIENTED_EDGE('',*,*,#2630,.T.);
#2782 = ORIENTED_EDGE('',*,*,#2647,.T.);
#2783 = ORIENTED_EDGE('',*,*,#2526,.T.);
#2784 = PLANE('',#2785);
#2785 = AXIS2_PLACEMENT_3D('',#2786,#2787,#2788);
#2786 = CARTESIAN_POINT('',(-8.08,19.83,-1.));
#2787 = DIRECTION('',(0.,1.,0.));
#2788 = DIRECTION('',(0.,0.,1.));
#2789 = ADVANCED_FACE('',(#2790),#2815,.F.);
#2790 = FACE_BOUND('',#2791,.F.);
#2791 = EDGE_LOOP('',(#2792,#2793,#2801,#2809));
#2792 = ORIENTED_EDGE('',*,*,#1924,.T.);
#2793 = ORIENTED_EDGE('',*,*,#2794,.T.);
#2794 = EDGE_CURVE('',#1927,#2795,#2797,.T.);
#2795 = VERTEX_POINT('',#2796);
#2796 = CARTESIAN_POINT('',(-9.2,18.,4.15));
#2797 = LINE('',#2798,#2799);
#2798 = CARTESIAN_POINT('',(-8.98,18.,3.77));
#2799 = VECTOR('',#2800,1.);
#2800 = DIRECTION('',(-0.501036270542,0.,0.865426285481));
#2801 = ORIENTED_EDGE('',*,*,#2802,.F.);
#2802 = EDGE_CURVE('',#2803,#2795,#2805,.T.);
#2803 = VERTEX_POINT('',#2804);
#2804 = CARTESIAN_POINT('',(-9.2,14.,4.15));
#2805 = LINE('',#2806,#2807);
#2806 = CARTESIAN_POINT('',(-9.2,14.,4.15));
#2807 = VECTOR('',#2808,1.);
#2808 = DIRECTION('',(0.,1.,0.));
#2809 = ORIENTED_EDGE('',*,*,#2810,.F.);
#2810 = EDGE_CURVE('',#1925,#2803,#2811,.T.);
#2811 = LINE('',#2812,#2813);
#2812 = CARTESIAN_POINT('',(-8.98,14.,3.77));
#2813 = VECTOR('',#2814,1.);
#2814 = DIRECTION('',(-0.501036270542,0.,0.865426285481));
#2815 = PLANE('',#2816);
#2816 = AXIS2_PLACEMENT_3D('',#2817,#2818,#2819);
#2817 = CARTESIAN_POINT('',(-8.98,14.,3.77));
#2818 = DIRECTION('',(0.865426285481,0.,0.501036270542));
#2819 = DIRECTION('',(-0.501036270542,0.,0.865426285481));
#2820 = ADVANCED_FACE('',(#2821),#2831,.T.);
#2821 = FACE_BOUND('',#2822,.T.);
#2822 = EDGE_LOOP('',(#2823,#2824,#2830));
#2823 = ORIENTED_EDGE('',*,*,#2794,.T.);
#2824 = ORIENTED_EDGE('',*,*,#2825,.T.);
#2825 = EDGE_CURVE('',#2795,#1943,#2826,.T.);
#2826 = LINE('',#2827,#2828);
#2827 = CARTESIAN_POINT('',(-9.2,18.,4.15));
#2828 = VECTOR('',#2829,1.);
#2829 = DIRECTION('',(0.501036270542,0.,0.865426285481));
#2830 = ORIENTED_EDGE('',*,*,#1950,.T.);
#2831 = PLANE('',#2832);
#2832 = AXIS2_PLACEMENT_3D('',#2833,#2834,#2835);
#2833 = CARTESIAN_POINT('',(-9.038967754907,18.,4.15));
#2834 = DIRECTION('',(0.,1.,0.));
#2835 = DIRECTION('',(0.,0.,1.));
#2836 = ADVANCED_FACE('',(#2837),#2848,.F.);
#2837 = FACE_BOUND('',#2838,.F.);
#2838 = EDGE_LOOP('',(#2839,#2840,#2841,#2842));
#2839 = ORIENTED_EDGE('',*,*,#2802,.T.);
#2840 = ORIENTED_EDGE('',*,*,#2825,.T.);
#2841 = ORIENTED_EDGE('',*,*,#1942,.F.);
#2842 = ORIENTED_EDGE('',*,*,#2843,.F.);
#2843 = EDGE_CURVE('',#2803,#1935,#2844,.T.);
#2844 = LINE('',#2845,#2846);
#2845 = CARTESIAN_POINT('',(-9.2,14.,4.15));
#2846 = VECTOR('',#2847,1.);
#2847 = DIRECTION('',(0.501036270542,0.,0.865426285481));
#2848 = PLANE('',#2849);
#2849 = AXIS2_PLACEMENT_3D('',#2850,#2851,#2852);
#2850 = CARTESIAN_POINT('',(-9.2,14.,4.15));
#2851 = DIRECTION('',(0.865426285481,0.,-0.501036270542));
#2852 = DIRECTION('',(0.501036270542,0.,0.865426285481));
#2853 = ADVANCED_FACE('',(#2854),#2859,.F.);
#2854 = FACE_BOUND('',#2855,.F.);
#2855 = EDGE_LOOP('',(#2856,#2857,#2858));
#2856 = ORIENTED_EDGE('',*,*,#2810,.T.);
#2857 = ORIENTED_EDGE('',*,*,#2843,.T.);
#2858 = ORIENTED_EDGE('',*,*,#1934,.T.);
#2859 = PLANE('',#2860);
#2860 = AXIS2_PLACEMENT_3D('',#2861,#2862,#2863);
#2861 = CARTESIAN_POINT('',(-9.038967754907,14.,4.15));
#2862 = DIRECTION('',(0.,1.,0.));
#2863 = DIRECTION('',(0.,0.,1.));
#2864 = ADVANCED_FACE('',(#2865),#2890,.F.);
#2865 = FACE_BOUND('',#2866,.F.);
#2866 = EDGE_LOOP('',(#2867,#2868,#2876,#2884));
#2867 = ORIENTED_EDGE('',*,*,#1958,.T.);
#2868 = ORIENTED_EDGE('',*,*,#2869,.T.);
#2869 = EDGE_CURVE('',#1961,#2870,#2872,.T.);
#2870 = VERTEX_POINT('',#2871);
#2871 = CARTESIAN_POINT('',(-9.2,9.,4.15));
#2872 = LINE('',#2873,#2874);
#2873 = CARTESIAN_POINT('',(-8.98,9.,3.77));
#2874 = VECTOR('',#2875,1.);
#2875 = DIRECTION('',(-0.501036270542,0.,0.865426285481));
#2876 = ORIENTED_EDGE('',*,*,#2877,.F.);
#2877 = EDGE_CURVE('',#2878,#2870,#2880,.T.);
#2878 = VERTEX_POINT('',#2879);
#2879 = CARTESIAN_POINT('',(-9.2,5.,4.15));
#2880 = LINE('',#2881,#2882);
#2881 = CARTESIAN_POINT('',(-9.2,5.,4.15));
#2882 = VECTOR('',#2883,1.);
#2883 = DIRECTION('',(0.,1.,0.));
#2884 = ORIENTED_EDGE('',*,*,#2885,.F.);
#2885 = EDGE_CURVE('',#1959,#2878,#2886,.T.);
#2886 = LINE('',#2887,#2888);
#2887 = CARTESIAN_POINT('',(-8.98,5.,3.77));
#2888 = VECTOR('',#2889,1.);
#2889 = DIRECTION('',(-0.501036270542,0.,0.865426285481));
#2890 = PLANE('',#2891);
#2891 = AXIS2_PLACEMENT_3D('',#2892,#2893,#2894);
#2892 = CARTESIAN_POINT('',(-8.98,5.,3.77));
#2893 = DIRECTION('',(0.865426285481,0.,0.501036270542));
#2894 = DIRECTION('',(-0.501036270542,0.,0.865426285481));
#2895 = ADVANCED_FACE('',(#2896),#2906,.F.);
#2896 = FACE_BOUND('',#2897,.F.);
#2897 = EDGE_LOOP('',(#2898,#2899,#2905));
#2898 = ORIENTED_EDGE('',*,*,#2885,.T.);
#2899 = ORIENTED_EDGE('',*,*,#2900,.T.);
#2900 = EDGE_CURVE('',#2878,#1969,#2901,.T.);
#2901 = LINE('',#2902,#2903);
#2902 = CARTESIAN_POINT('',(-9.2,5.,4.15));
#2903 = VECTOR('',#2904,1.);
#2904 = DIRECTION('',(0.501036270542,0.,0.865426285481));
#2905 = ORIENTED_EDGE('',*,*,#1968,.T.);
#2906 = PLANE('',#2907);
#2907 = AXIS2_PLACEMENT_3D('',#2908,#2909,#2910);
#2908 = CARTESIAN_POINT('',(-9.038967754907,5.,4.15));
#2909 = DIRECTION('',(0.,1.,0.));
#2910 = DIRECTION('',(0.,0.,1.));
#2911 = ADVANCED_FACE('',(#2912),#2922,.T.);
#2912 = FACE_BOUND('',#2913,.T.);
#2913 = EDGE_LOOP('',(#2914,#2915,#2921));
#2914 = ORIENTED_EDGE('',*,*,#2869,.T.);
#2915 = ORIENTED_EDGE('',*,*,#2916,.T.);
#2916 = EDGE_CURVE('',#2870,#1977,#2917,.T.);
#2917 = LINE('',#2918,#2919);
#2918 = CARTESIAN_POINT('',(-9.2,9.,4.15));
#2919 = VECTOR('',#2920,1.);
#2920 = DIRECTION('',(0.501036270542,0.,0.865426285481));
#2921 = ORIENTED_EDGE('',*,*,#1984,.T.);
#2922 = PLANE('',#2923);
#2923 = AXIS2_PLACEMENT_3D('',#2924,#2925,#2926);
#2924 = CARTESIAN_POINT('',(-9.038967754907,9.,4.15));
#2925 = DIRECTION('',(0.,1.,0.));
#2926 = DIRECTION('',(0.,0.,1.));
#2927 = ADVANCED_FACE('',(#2928),#2934,.F.);
#2928 = FACE_BOUND('',#2929,.F.);
#2929 = EDGE_LOOP('',(#2930,#2931,#2932,#2933));
#2930 = ORIENTED_EDGE('',*,*,#2877,.T.);
#2931 = ORIENTED_EDGE('',*,*,#2916,.T.);
#2932 = ORIENTED_EDGE('',*,*,#1976,.F.);
#2933 = ORIENTED_EDGE('',*,*,#2900,.F.);
#2934 = PLANE('',#2935);
#2935 = AXIS2_PLACEMENT_3D('',#2936,#2937,#2938);
#2936 = CARTESIAN_POINT('',(-9.2,5.,4.15));
#2937 = DIRECTION('',(0.865426285481,0.,-0.501036270542));
#2938 = DIRECTION('',(0.501036270542,0.,0.865426285481));
#2939 = ADVANCED_FACE('',(#2940),#2965,.F.);
#2940 = FACE_BOUND('',#2941,.F.);
#2941 = EDGE_LOOP('',(#2942,#2943,#2951,#2959));
#2942 = ORIENTED_EDGE('',*,*,#1992,.T.);
#2943 = ORIENTED_EDGE('',*,*,#2944,.T.);
#2944 = EDGE_CURVE('',#1995,#2945,#2947,.T.);
#2945 = VERTEX_POINT('',#2946);
#2946 = CARTESIAN_POINT('',(-9.2,-3.,4.15));
#2947 = LINE('',#2948,#2949);
#2948 = CARTESIAN_POINT('',(-8.98,-3.,3.77));
#2949 = VECTOR('',#2950,1.);
#2950 = DIRECTION('',(-0.501036270542,0.,0.865426285481));
#2951 = ORIENTED_EDGE('',*,*,#2952,.F.);
#2952 = EDGE_CURVE('',#2953,#2945,#2955,.T.);
#2953 = VERTEX_POINT('',#2954);
#2954 = CARTESIAN_POINT('',(-9.2,-7.,4.15));
#2955 = LINE('',#2956,#2957);
#2956 = CARTESIAN_POINT('',(-9.2,-7.,4.15));
#2957 = VECTOR('',#2958,1.);
#2958 = DIRECTION('',(0.,1.,0.));
#2959 = ORIENTED_EDGE('',*,*,#2960,.F.);
#2960 = EDGE_CURVE('',#1993,#2953,#2961,.T.);
#2961 = LINE('',#2962,#2963);
#2962 = CARTESIAN_POINT('',(-8.98,-7.,3.77));
#2963 = VECTOR('',#2964,1.);
#2964 = DIRECTION('',(-0.501036270542,0.,0.865426285481));
#2965 = PLANE('',#2966);
#2966 = AXIS2_PLACEMENT_3D('',#2967,#2968,#2969);
#2967 = CARTESIAN_POINT('',(-8.98,-7.,3.77));
#2968 = DIRECTION('',(0.865426285481,0.,0.501036270542));
#2969 = DIRECTION('',(-0.501036270542,0.,0.865426285481));
#2970 = ADVANCED_FACE('',(#2971),#2981,.F.);
#2971 = FACE_BOUND('',#2972,.F.);
#2972 = EDGE_LOOP('',(#2973,#2974,#2980));
#2973 = ORIENTED_EDGE('',*,*,#2960,.T.);
#2974 = ORIENTED_EDGE('',*,*,#2975,.T.);
#2975 = EDGE_CURVE('',#2953,#2003,#2976,.T.);
#2976 = LINE('',#2977,#2978);
#2977 = CARTESIAN_POINT('',(-9.2,-7.,4.15));
#2978 = VECTOR('',#2979,1.);
#2979 = DIRECTION('',(0.501036270542,0.,0.865426285481));
#2980 = ORIENTED_EDGE('',*,*,#2002,.T.);
#2981 = PLANE('',#2982);
#2982 = AXIS2_PLACEMENT_3D('',#2983,#2984,#2985);
#2983 = CARTESIAN_POINT('',(-9.038967754907,-7.,4.15));
#2984 = DIRECTION('',(0.,1.,0.));
#2985 = DIRECTION('',(0.,0.,1.));
#2986 = ADVANCED_FACE('',(#2987),#2997,.T.);
#2987 = FACE_BOUND('',#2988,.T.);
#2988 = EDGE_LOOP('',(#2989,#2990,#2996));
#2989 = ORIENTED_EDGE('',*,*,#2944,.T.);
#2990 = ORIENTED_EDGE('',*,*,#2991,.T.);
#2991 = EDGE_CURVE('',#2945,#2011,#2992,.T.);
#2992 = LINE('',#2993,#2994);
#2993 = CARTESIAN_POINT('',(-9.2,-3.,4.15));
#2994 = VECTOR('',#2995,1.);
#2995 = DIRECTION('',(0.501036270542,0.,0.865426285481));
#2996 = ORIENTED_EDGE('',*,*,#2018,.T.);
#2997 = PLANE('',#2998);
#2998 = AXIS2_PLACEMENT_3D('',#2999,#3000,#3001);
#2999 = CARTESIAN_POINT('',(-9.038967754907,-3.,4.15));
#3000 = DIRECTION('',(0.,1.,0.));
#3001 = DIRECTION('',(0.,0.,1.));
#3002 = ADVANCED_FACE('',(#3003),#3009,.F.);
#3003 = FACE_BOUND('',#3004,.F.);
#3004 = EDGE_LOOP('',(#3005,#3006,#3007,#3008));
#3005 = ORIENTED_EDGE('',*,*,#2952,.T.);
#3006 = ORIENTED_EDGE('',*,*,#2991,.T.);
#3007 = ORIENTED_EDGE('',*,*,#2010,.F.);
#3008 = ORIENTED_EDGE('',*,*,#2975,.F.);
#3009 = PLANE('',#3010);
#3010 = AXIS2_PLACEMENT_3D('',#3011,#3012,#3013);
#3011 = CARTESIAN_POINT('',(-9.2,-7.,4.15));
#3012 = DIRECTION('',(0.865426285481,0.,-0.501036270542));
#3013 = DIRECTION('',(0.501036270542,0.,0.865426285481));
#3014 = ADVANCED_FACE('',(#3015),#3040,.F.);
#3015 = FACE_BOUND('',#3016,.F.);
#3016 = EDGE_LOOP('',(#3017,#3018,#3026,#3034));
#3017 = ORIENTED_EDGE('',*,*,#2026,.T.);
#3018 = ORIENTED_EDGE('',*,*,#3019,.T.);
#3019 = EDGE_CURVE('',#2029,#3020,#3022,.T.);
#3020 = VERTEX_POINT('',#3021);
#3021 = CARTESIAN_POINT('',(-9.2,-13.,4.15));
#3022 = LINE('',#3023,#3024);
#3023 = CARTESIAN_POINT('',(-8.98,-13.,3.77));
#3024 = VECTOR('',#3025,1.);
#3025 = DIRECTION('',(-0.501036270542,0.,0.865426285481));
#3026 = ORIENTED_EDGE('',*,*,#3027,.F.);
#3027 = EDGE_CURVE('',#3028,#3020,#3030,.T.);
#3028 = VERTEX_POINT('',#3029);
#3029 = CARTESIAN_POINT('',(-9.2,-17.,4.15));
#3030 = LINE('',#3031,#3032);
#3031 = CARTESIAN_POINT('',(-9.2,-17.,4.15));
#3032 = VECTOR('',#3033,1.);
#3033 = DIRECTION('',(0.,1.,0.));
#3034 = ORIENTED_EDGE('',*,*,#3035,.F.);
#3035 = EDGE_CURVE('',#2027,#3028,#3036,.T.);
#3036 = LINE('',#3037,#3038);
#3037 = CARTESIAN_POINT('',(-8.98,-17.,3.77));
#3038 = VECTOR('',#3039,1.);
#3039 = DIRECTION('',(-0.501036270542,0.,0.865426285481));
#3040 = PLANE('',#3041);
#3041 = AXIS2_PLACEMENT_3D('',#3042,#3043,#3044);
#3042 = CARTESIAN_POINT('',(-8.98,-17.,3.77));
#3043 = DIRECTION('',(0.865426285481,0.,0.501036270542));
#3044 = DIRECTION('',(-0.501036270542,0.,0.865426285481));
#3045 = ADVANCED_FACE('',(#3046),#3056,.F.);
#3046 = FACE_BOUND('',#3047,.F.);
#3047 = EDGE_LOOP('',(#3048,#3049,#3055));
#3048 = ORIENTED_EDGE('',*,*,#3035,.T.);
#3049 = ORIENTED_EDGE('',*,*,#3050,.T.);
#3050 = EDGE_CURVE('',#3028,#2037,#3051,.T.);
#3051 = LINE('',#3052,#3053);
#3052 = CARTESIAN_POINT('',(-9.2,-17.,4.15));
#3053 = VECTOR('',#3054,1.);
#3054 = DIRECTION('',(0.501036270542,0.,0.865426285481));
#3055 = ORIENTED_EDGE('',*,*,#2036,.T.);
#3056 = PLANE('',#3057);
#3057 = AXIS2_PLACEMENT_3D('',#3058,#3059,#3060);
#3058 = CARTESIAN_POINT('',(-9.038967754907,-17.,4.15));
#3059 = DIRECTION('',(0.,1.,0.));
#3060 = DIRECTION('',(0.,0.,1.));
#3061 = ADVANCED_FACE('',(#3062),#3072,.T.);
#3062 = FACE_BOUND('',#3063,.T.);
#3063 = EDGE_LOOP('',(#3064,#3065,#3071));
#3064 = ORIENTED_EDGE('',*,*,#3019,.T.);
#3065 = ORIENTED_EDGE('',*,*,#3066,.T.);
#3066 = EDGE_CURVE('',#3020,#2045,#3067,.T.);
#3067 = LINE('',#3068,#3069);
#3068 = CARTESIAN_POINT('',(-9.2,-13.,4.15));
#3069 = VECTOR('',#3070,1.);
#3070 = DIRECTION('',(0.501036270542,0.,0.865426285481));
#3071 = ORIENTED_EDGE('',*,*,#2052,.T.);
#3072 = PLANE('',#3073);
#3073 = AXIS2_PLACEMENT_3D('',#3074,#3075,#3076);
#3074 = CARTESIAN_POINT('',(-9.038967754907,-13.,4.15));
#3075 = DIRECTION('',(0.,1.,0.));
#3076 = DIRECTION('',(0.,0.,1.));
#3077 = ADVANCED_FACE('',(#3078),#3084,.F.);
#3078 = FACE_BOUND('',#3079,.F.);
#3079 = EDGE_LOOP('',(#3080,#3081,#3082,#3083));
#3080 = ORIENTED_EDGE('',*,*,#3027,.T.);
#3081 = ORIENTED_EDGE('',*,*,#3066,.T.);
#3082 = ORIENTED_EDGE('',*,*,#2044,.F.);
#3083 = ORIENTED_EDGE('',*,*,#3050,.F.);
#3084 = PLANE('',#3085);
#3085 = AXIS2_PLACEMENT_3D('',#3086,#3087,#3088);
#3086 = CARTESIAN_POINT('',(-9.2,-17.,4.15));
#3087 = DIRECTION('',(0.865426285481,0.,-0.501036270542));
#3088 = DIRECTION('',(0.501036270542,0.,0.865426285481));
#3089 = ADVANCED_FACE('',(#3090),#3100,.T.);
#3090 = FACE_BOUND('',#3091,.T.);
#3091 = EDGE_LOOP('',(#3092,#3093,#3094,#3095,#3096,#3097,#3098,#3099));
#3092 = ORIENTED_EDGE('',*,*,#2662,.F.);
#3093 = ORIENTED_EDGE('',*,*,#2722,.T.);
#3094 = ORIENTED_EDGE('',*,*,#2173,.F.);
#3095 = ORIENTED_EDGE('',*,*,#2133,.F.);
#3096 = ORIENTED_EDGE('',*,*,#2109,.T.);
#3097 = ORIENTED_EDGE('',*,*,#2612,.T.);
#3098 = ORIENTED_EDGE('',*,*,#2584,.T.);
#3099 = ORIENTED_EDGE('',*,*,#2497,.T.);
#3100 = PLANE('',#3101);
#3101 = AXIS2_PLACEMENT_3D('',#3102,#3103,#3104);
#3102 = CARTESIAN_POINT('',(-8.08,-19.83,-1.));
#3103 = DIRECTION('',(0.,1.,0.));
#3104 = DIRECTION('',(0.,0.,1.));
#3105 = ADVANCED_FACE('',(#3106),#3117,.F.);
#3106 = FACE_BOUND('',#3107,.F.);
#3107 = EDGE_LOOP('',(#3108,#3109,#3110,#3111));
#3108 = ORIENTED_EDGE('',*,*,#2729,.F.);
#3109 = ORIENTED_EDGE('',*,*,#2157,.F.);
#3110 = ORIENTED_EDGE('',*,*,#2208,.T.);
#3111 = ORIENTED_EDGE('',*,*,#3112,.F.);
#3112 = EDGE_CURVE('',#2730,#2201,#3113,.T.);
#3113 = LINE('',#3114,#3115);
#3114 = CARTESIAN_POINT('',(8.98,-20.73,3.65));
#3115 = VECTOR('',#3116,1.);
#3116 = DIRECTION('',(0.,0.,1.));
#3117 = PLANE('',#3118);
#3118 = AXIS2_PLACEMENT_3D('',#3119,#3120,#3121);
#3119 = CARTESIAN_POINT('',(-8.98,-20.73,3.65));
#3120 = DIRECTION('',(0.,1.,0.));
#3121 = DIRECTION('',(0.,0.,1.));
#3122 = ADVANCED_FACE('',(#3123,#3150,#3184,#3218,#3252),#3286,.T.);
#3123 = FACE_BOUND('',#3124,.T.);
#3124 = EDGE_LOOP('',(#3125,#3126,#3127,#3135,#3143,#3149));
#3125 = ORIENTED_EDGE('',*,*,#3112,.F.);
#3126 = ORIENTED_EDGE('',*,*,#2737,.T.);
#3127 = ORIENTED_EDGE('',*,*,#3128,.T.);
#3128 = EDGE_CURVE('',#2689,#3129,#3131,.T.);
#3129 = VERTEX_POINT('',#3130);
#3130 = CARTESIAN_POINT('',(8.98,20.73,4.7));
#3131 = LINE('',#3132,#3133);
#3132 = CARTESIAN_POINT('',(8.98,20.73,3.65));
#3133 = VECTOR('',#3134,1.);
#3134 = DIRECTION('',(0.,0.,1.));
#3135 = ORIENTED_EDGE('',*,*,#3136,.F.);
#3136 = EDGE_CURVE('',#3137,#3129,#3139,.T.);
#3137 = VERTEX_POINT('',#3138);
#3138 = CARTESIAN_POINT('',(8.98,20.25,4.7));
#3139 = LINE('',#3140,#3141);
#3140 = CARTESIAN_POINT('',(8.98,-20.73,4.7));
#3141 = VECTOR('',#3142,1.);
#3142 = DIRECTION('',(0.,1.,0.));
#3143 = ORIENTED_EDGE('',*,*,#3144,.F.);
#3144 = EDGE_CURVE('',#2192,#3137,#3145,.T.);
#3145 = LINE('',#3146,#3147);
#3146 = CARTESIAN_POINT('',(8.98,-20.73,4.7));
#3147 = VECTOR('',#3148,1.);
#3148 = DIRECTION('',(0.,1.,0.));
#3149 = ORIENTED_EDGE('',*,*,#2200,.F.);
#3150 = FACE_BOUND('',#3151,.T.);
#3151 = EDGE_LOOP('',(#3152,#3162,#3170,#3178));
#3152 = ORIENTED_EDGE('',*,*,#3153,.F.);
#3153 = EDGE_CURVE('',#3154,#3156,#3158,.T.);
#3154 = VERTEX_POINT('',#3155);
#3155 = CARTESIAN_POINT('',(8.98,14.,3.77));
#3156 = VERTEX_POINT('',#3157);
#3157 = CARTESIAN_POINT('',(8.98,18.,3.77));
#3158 = LINE('',#3159,#3160);
#3159 = CARTESIAN_POINT('',(8.98,14.,3.77));
#3160 = VECTOR('',#3161,1.);
#3161 = DIRECTION('',(0.,1.,0.));
#3162 = ORIENTED_EDGE('',*,*,#3163,.F.);
#3163 = EDGE_CURVE('',#3164,#3154,#3166,.T.);
#3164 = VERTEX_POINT('',#3165);
#3165 = CARTESIAN_POINT('',(8.98,14.,4.53));
#3166 = LINE('',#3167,#3168);
#3167 = CARTESIAN_POINT('',(8.98,14.,4.53));
#3168 = VECTOR('',#3169,1.);
#3169 = DIRECTION('',(0.,0.,-1.));
#3170 = ORIENTED_EDGE('',*,*,#3171,.T.);
#3171 = EDGE_CURVE('',#3164,#3172,#3174,.T.);
#3172 = VERTEX_POINT('',#3173);
#3173 = CARTESIAN_POINT('',(8.98,18.,4.53));
#3174 = LINE('',#3175,#3176);
#3175 = CARTESIAN_POINT('',(8.98,14.,4.53));
#3176 = VECTOR('',#3177,1.);
#3177 = DIRECTION('',(0.,1.,0.));
#3178 = ORIENTED_EDGE('',*,*,#3179,.T.);
#3179 = EDGE_CURVE('',#3172,#3156,#3180,.T.);
#3180 = LINE('',#3181,#3182);
#3181 = CARTESIAN_POINT('',(8.98,18.,4.53));
#3182 = VECTOR('',#3183,1.);
#3183 = DIRECTION('',(0.,0.,-1.));
#3184 = FACE_BOUND('',#3185,.T.);
#3185 = EDGE_LOOP('',(#3186,#3196,#3204,#3212));
#3186 = ORIENTED_EDGE('',*,*,#3187,.F.);
#3187 = EDGE_CURVE('',#3188,#3190,#3192,.T.);
#3188 = VERTEX_POINT('',#3189);
#3189 = CARTESIAN_POINT('',(8.98,5.,3.77));
#3190 = VERTEX_POINT('',#3191);
#3191 = CARTESIAN_POINT('',(8.98,9.,3.77));
#3192 = LINE('',#3193,#3194);
#3193 = CARTESIAN_POINT('',(8.98,5.,3.77));
#3194 = VECTOR('',#3195,1.);
#3195 = DIRECTION('',(0.,1.,0.));
#3196 = ORIENTED_EDGE('',*,*,#3197,.F.);
#3197 = EDGE_CURVE('',#3198,#3188,#3200,.T.);
#3198 = VERTEX_POINT('',#3199);
#3199 = CARTESIAN_POINT('',(8.98,5.,4.53));
#3200 = LINE('',#3201,#3202);
#3201 = CARTESIAN_POINT('',(8.98,5.,4.53));
#3202 = VECTOR('',#3203,1.);
#3203 = DIRECTION('',(0.,0.,-1.));
#3204 = ORIENTED_EDGE('',*,*,#3205,.T.);
#3205 = EDGE_CURVE('',#3198,#3206,#3208,.T.);
#3206 = VERTEX_POINT('',#3207);
#3207 = CARTESIAN_POINT('',(8.98,9.,4.53));
#3208 = LINE('',#3209,#3210);
#3209 = CARTESIAN_POINT('',(8.98,5.,4.53));
#3210 = VECTOR('',#3211,1.);
#3211 = DIRECTION('',(0.,1.,0.));
#3212 = ORIENTED_EDGE('',*,*,#3213,.T.);
#3213 = EDGE_CURVE('',#3206,#3190,#3214,.T.);
#3214 = LINE('',#3215,#3216);
#3215 = CARTESIAN_POINT('',(8.98,9.,4.53));
#3216 = VECTOR('',#3217,1.);
#3217 = DIRECTION('',(0.,0.,-1.));
#3218 = FACE_BOUND('',#3219,.T.);
#3219 = EDGE_LOOP('',(#3220,#3230,#3238,#3246));
#3220 = ORIENTED_EDGE('',*,*,#3221,.F.);
#3221 = EDGE_CURVE('',#3222,#3224,#3226,.T.);
#3222 = VERTEX_POINT('',#3223);
#3223 = CARTESIAN_POINT('',(8.98,-7.,3.77));
#3224 = VERTEX_POINT('',#3225);
#3225 = CARTESIAN_POINT('',(8.98,-3.,3.77));
#3226 = LINE('',#3227,#3228);
#3227 = CARTESIAN_POINT('',(8.98,-7.,3.77));
#3228 = VECTOR('',#3229,1.);
#3229 = DIRECTION('',(0.,1.,0.));
#3230 = ORIENTED_EDGE('',*,*,#3231,.F.);
#3231 = EDGE_CURVE('',#3232,#3222,#3234,.T.);
#3232 = VERTEX_POINT('',#3233);
#3233 = CARTESIAN_POINT('',(8.98,-7.,4.53));
#3234 = LINE('',#3235,#3236);
#3235 = CARTESIAN_POINT('',(8.98,-7.,4.53));
#3236 = VECTOR('',#3237,1.);
#3237 = DIRECTION('',(0.,0.,-1.));
#3238 = ORIENTED_EDGE('',*,*,#3239,.T.);
#3239 = EDGE_CURVE('',#3232,#3240,#3242,.T.);
#3240 = VERTEX_POINT('',#3241);
#3241 = CARTESIAN_POINT('',(8.98,-3.,4.53));
#3242 = LINE('',#3243,#3244);
#3243 = CARTESIAN_POINT('',(8.98,-7.,4.53));
#3244 = VECTOR('',#3245,1.);
#3245 = DIRECTION('',(0.,1.,0.));
#3246 = ORIENTED_EDGE('',*,*,#3247,.T.);
#3247 = EDGE_CURVE('',#3240,#3224,#3248,.T.);
#3248 = LINE('',#3249,#3250);
#3249 = CARTESIAN_POINT('',(8.98,-3.,4.53));
#3250 = VECTOR('',#3251,1.);
#3251 = DIRECTION('',(0.,0.,-1.));
#3252 = FACE_BOUND('',#3253,.T.);
#3253 = EDGE_LOOP('',(#3254,#3264,#3272,#3280));
#3254 = ORIENTED_EDGE('',*,*,#3255,.F.);
#3255 = EDGE_CURVE('',#3256,#3258,#3260,.T.);
#3256 = VERTEX_POINT('',#3257);
#3257 = CARTESIAN_POINT('',(8.98,-17.,3.77));
#3258 = VERTEX_POINT('',#3259);
#3259 = CARTESIAN_POINT('',(8.98,-13.,3.77));
#3260 = LINE('',#3261,#3262);
#3261 = CARTESIAN_POINT('',(8.98,-17.,3.77));
#3262 = VECTOR('',#3263,1.);
#3263 = DIRECTION('',(0.,1.,0.));
#3264 = ORIENTED_EDGE('',*,*,#3265,.F.);
#3265 = EDGE_CURVE('',#3266,#3256,#3268,.T.);
#3266 = VERTEX_POINT('',#3267);
#3267 = CARTESIAN_POINT('',(8.98,-17.,4.53));
#3268 = LINE('',#3269,#3270);
#3269 = CARTESIAN_POINT('',(8.98,-17.,4.53));
#3270 = VECTOR('',#3271,1.);
#3271 = DIRECTION('',(0.,0.,-1.));
#3272 = ORIENTED_EDGE('',*,*,#3273,.T.);
#3273 = EDGE_CURVE('',#3266,#3274,#3276,.T.);
#3274 = VERTEX_POINT('',#3275);
#3275 = CARTESIAN_POINT('',(8.98,-13.,4.53));
#3276 = LINE('',#3277,#3278);
#3277 = CARTESIAN_POINT('',(8.98,-17.,4.53));
#3278 = VECTOR('',#3279,1.);
#3279 = DIRECTION('',(0.,1.,0.));
#3280 = ORIENTED_EDGE('',*,*,#3281,.T.);
#3281 = EDGE_CURVE('',#3274,#3258,#3282,.T.);
#3282 = LINE('',#3283,#3284);
#3283 = CARTESIAN_POINT('',(8.98,-13.,4.53));
#3284 = VECTOR('',#3285,1.);
#3285 = DIRECTION('',(0.,0.,-1.));
#3286 = PLANE('',#3287);
#3287 = AXIS2_PLACEMENT_3D('',#3288,#3289,#3290);
#3288 = CARTESIAN_POINT('',(8.98,-20.73,3.65));
#3289 = DIRECTION('',(1.,0.,0.));
#3290 = DIRECTION('',(0.,0.,1.));
#3291 = ADVANCED_FACE('',(#3292),#3310,.F.);
#3292 = FACE_BOUND('',#3293,.F.);
#3293 = EDGE_LOOP('',(#3294,#3302,#3303,#3304));
#3294 = ORIENTED_EDGE('',*,*,#3295,.F.);
#3295 = EDGE_CURVE('',#3137,#3296,#3298,.T.);
#3296 = VERTEX_POINT('',#3297);
#3297 = CARTESIAN_POINT('',(10.5,20.25,4.7));
#3298 = LINE('',#3299,#3300);
#3299 = CARTESIAN_POINT('',(6.5,20.25,4.7));
#3300 = VECTOR('',#3301,1.);
#3301 = DIRECTION('',(1.,0.,0.));
#3302 = ORIENTED_EDGE('',*,*,#3144,.F.);
#3303 = ORIENTED_EDGE('',*,*,#2191,.T.);
#3304 = ORIENTED_EDGE('',*,*,#3305,.T.);
#3305 = EDGE_CURVE('',#859,#3296,#3306,.T.);
#3306 = LINE('',#3307,#3308);
#3307 = CARTESIAN_POINT('',(10.5,-22.25,4.7));
#3308 = VECTOR('',#3309,1.);
#3309 = DIRECTION('',(0.,1.,0.));
#3310 = PLANE('',#3311);
#3311 = AXIS2_PLACEMENT_3D('',#3312,#3313,#3314);
#3312 = CARTESIAN_POINT('',(-10.5,-22.25,4.7));
#3313 = DIRECTION('',(0.,0.,1.));
#3314 = DIRECTION('',(1.,0.,0.));
#3315 = ADVANCED_FACE('',(#3316),#3342,.F.);
#3316 = FACE_BOUND('',#3317,.F.);
#3317 = EDGE_LOOP('',(#3318,#3326,#3334,#3340,#3341));
#3318 = ORIENTED_EDGE('',*,*,#3319,.F.);
#3319 = EDGE_CURVE('',#3320,#2327,#3322,.T.);
#3320 = VERTEX_POINT('',#3321);
#3321 = CARTESIAN_POINT('',(7.6,23.,4.7));
#3322 = LINE('',#3323,#3324);
#3323 = CARTESIAN_POINT('',(7.6,23.,-1.));
#3324 = VECTOR('',#3325,1.);
#3325 = DIRECTION('',(0.,0.,1.));
#3326 = ORIENTED_EDGE('',*,*,#3327,.T.);
#3327 = EDGE_CURVE('',#3320,#3328,#3330,.T.);
#3328 = VERTEX_POINT('',#3329);
#3329 = CARTESIAN_POINT('',(6.570941588625,23.,4.7));
#3330 = LINE('',#3331,#3332);
#3331 = CARTESIAN_POINT('',(1.45,23.,4.7));
#3332 = VECTOR('',#3333,1.);
#3333 = DIRECTION('',(-1.,0.,0.));
#3334 = ORIENTED_EDGE('',*,*,#3335,.T.);
#3335 = EDGE_CURVE('',#3328,#2369,#3336,.T.);
#3336 = LINE('',#3337,#3338);
#3337 = CARTESIAN_POINT('',(-0.55,23.,4.7));
#3338 = VECTOR('',#3339,1.);
#3339 = DIRECTION('',(-1.,0.,0.));
#3340 = ORIENTED_EDGE('',*,*,#2368,.T.);
#3341 = ORIENTED_EDGE('',*,*,#2334,.T.);
#3342 = PLANE('',#3343);
#3343 = AXIS2_PLACEMENT_3D('',#3344,#3345,#3346);
#3344 = CARTESIAN_POINT('',(-7.6,23.,-1.));
#3345 = DIRECTION('',(0.,1.,0.));
#3346 = DIRECTION('',(0.,0.,1.));
#3347 = ADVANCED_FACE('',(#3348),#3384,.F.);
#3348 = FACE_BOUND('',#3349,.F.);
#3349 = EDGE_LOOP('',(#3350,#3351,#3352,#3353,#3361,#3369,#3377,#3383));
#3350 = ORIENTED_EDGE('',*,*,#2326,.F.);
#3351 = ORIENTED_EDGE('',*,*,#2770,.T.);
#3352 = ORIENTED_EDGE('',*,*,#2696,.T.);
#3353 = ORIENTED_EDGE('',*,*,#3354,.F.);
#3354 = EDGE_CURVE('',#3355,#2687,#3357,.T.);
#3355 = VERTEX_POINT('',#3356);
#3356 = CARTESIAN_POINT('',(7.6,20.73,4.7));
#3357 = LINE('',#3358,#3359);
#3358 = CARTESIAN_POINT('',(7.6,20.73,1.325));
#3359 = VECTOR('',#3360,1.);
#3360 = DIRECTION('',(0.,0.,-1.));
#3361 = ORIENTED_EDGE('',*,*,#3362,.T.);
#3362 = EDGE_CURVE('',#3355,#3363,#3365,.T.);
#3363 = VERTEX_POINT('',#3364);
#3364 = CARTESIAN_POINT('',(7.6,20.995004537209,4.7));
#3365 = LINE('',#3366,#3367);
#3366 = CARTESIAN_POINT('',(7.6,-3.125,4.7));
#3367 = VECTOR('',#3368,1.);
#3368 = DIRECTION('',(0.,1.,0.));
#3369 = ORIENTED_EDGE('',*,*,#3370,.T.);
#3370 = EDGE_CURVE('',#3363,#3371,#3373,.T.);
#3371 = VERTEX_POINT('',#3372);
#3372 = CARTESIAN_POINT('',(7.6,22.25,4.7));
#3373 = LINE('',#3374,#3375);
#3374 = CARTESIAN_POINT('',(7.6,-3.125,4.7));
#3375 = VECTOR('',#3376,1.);
#3376 = DIRECTION('',(0.,1.,0.));
#3377 = ORIENTED_EDGE('',*,*,#3378,.T.);
#3378 = EDGE_CURVE('',#3371,#3320,#3379,.T.);
#3379 = LINE('',#3380,#3381);
#3380 = CARTESIAN_POINT('',(7.6,19.875,4.7));
#3381 = VECTOR('',#3382,1.);
#3382 = DIRECTION('',(0.,1.,0.));
#3383 = ORIENTED_EDGE('',*,*,#3319,.T.);
#3384 = PLANE('',#3385);
#3385 = AXIS2_PLACEMENT_3D('',#3386,#3387,#3388);
#3386 = CARTESIAN_POINT('',(7.6,16.,-1.));
#3387 = DIRECTION('',(1.,0.,0.));
#3388 = DIRECTION('',(0.,0.,1.));
#3389 = ADVANCED_FACE('',(#3390),#3415,.F.);
#3390 = FACE_BOUND('',#3391,.F.);
#3391 = EDGE_LOOP('',(#3392,#3393,#3401,#3409));
#3392 = ORIENTED_EDGE('',*,*,#2384,.F.);
#3393 = ORIENTED_EDGE('',*,*,#3394,.T.);
#3394 = EDGE_CURVE('',#2377,#3395,#3397,.T.);
#3395 = VERTEX_POINT('',#3396);
#3396 = CARTESIAN_POINT('',(6.5,24.25,4.7));
#3397 = LINE('',#3398,#3399);
#3398 = CARTESIAN_POINT('',(6.5,20.25,4.7));
#3399 = VECTOR('',#3400,1.);
#3400 = DIRECTION('',(0.,1.,0.));
#3401 = ORIENTED_EDGE('',*,*,#3402,.T.);
#3402 = EDGE_CURVE('',#3395,#3403,#3405,.T.);
#3403 = VERTEX_POINT('',#3404);
#3404 = CARTESIAN_POINT('',(6.5,24.25,9.4));
#3405 = LINE('',#3406,#3407);
#3406 = CARTESIAN_POINT('',(6.5,24.25,4.7));
#3407 = VECTOR('',#3408,1.);
#3408 = DIRECTION('',(0.,0.,1.));
#3409 = ORIENTED_EDGE('',*,*,#3410,.F.);
#3410 = EDGE_CURVE('',#2359,#3403,#3411,.T.);
#3411 = LINE('',#3412,#3413);
#3412 = CARTESIAN_POINT('',(6.5,20.25,9.4));
#3413 = VECTOR('',#3414,1.);
#3414 = DIRECTION('',(0.,1.,0.));
#3415 = PLANE('',#3416);
#3416 = AXIS2_PLACEMENT_3D('',#3417,#3418,#3419);
#3417 = CARTESIAN_POINT('',(6.5,20.25,4.7));
#3418 = DIRECTION('',(1.,0.,0.));
#3419 = DIRECTION('',(0.,0.,1.));
#3420 = ADVANCED_FACE('',(#3421),#3432,.F.);
#3421 = FACE_BOUND('',#3422,.F.);
#3422 = EDGE_LOOP('',(#3423,#3424,#3425));
#3423 = ORIENTED_EDGE('',*,*,#2376,.F.);
#3424 = ORIENTED_EDGE('',*,*,#3335,.F.);
#3425 = ORIENTED_EDGE('',*,*,#3426,.F.);
#3426 = EDGE_CURVE('',#2377,#3328,#3427,.T.);
#3427 = CIRCLE('',#3428,4.);
#3428 = AXIS2_PLACEMENT_3D('',#3429,#3430,#3431);
#3429 = CARTESIAN_POINT('',(10.5,23.75,4.7));
#3430 = DIRECTION('',(0.,0.,1.));
#3431 = DIRECTION('',(1.,0.,0.));
#3432 = PLANE('',#3433);
#3433 = AXIS2_PLACEMENT_3D('',#3434,#3435,#3436);
#3434 = CARTESIAN_POINT('',(6.5,20.25,4.7));
#3435 = DIRECTION('',(0.,0.,1.));
#3436 = DIRECTION('',(1.,0.,0.));
#3437 = ADVANCED_FACE('',(#3438),#3503,.T.);
#3438 = FACE_BOUND('',#3439,.T.);
#3439 = EDGE_LOOP('',(#3440,#3441,#3442,#3451,#3460,#3468,#3477,#3486,
    #3494,#3501,#3502));
#3440 = ORIENTED_EDGE('',*,*,#2425,.F.);
#3441 = ORIENTED_EDGE('',*,*,#2475,.T.);
#3442 = ORIENTED_EDGE('',*,*,#3443,.T.);
#3443 = EDGE_CURVE('',#2450,#3444,#3446,.T.);
#3444 = VERTEX_POINT('',#3445);
#3445 = CARTESIAN_POINT('',(14.5,23.75,9.4));
#3446 = CIRCLE('',#3447,4.);
#3447 = AXIS2_PLACEMENT_3D('',#3448,#3449,#3450);
#3448 = CARTESIAN_POINT('',(10.5,23.75,9.4));
#3449 = DIRECTION('',(0.,0.,1.));
#3450 = DIRECTION('',(1.,0.,0.));
#3451 = ORIENTED_EDGE('',*,*,#3452,.T.);
#3452 = EDGE_CURVE('',#3444,#3453,#3455,.T.);
#3453 = VERTEX_POINT('',#3454);
#3454 = CARTESIAN_POINT('',(14.468626966597,24.25,9.4));
#3455 = CIRCLE('',#3456,4.);
#3456 = AXIS2_PLACEMENT_3D('',#3457,#3458,#3459);
#3457 = CARTESIAN_POINT('',(10.5,23.75,9.4));
#3458 = DIRECTION('',(0.,0.,1.));
#3459 = DIRECTION('',(1.,0.,0.));
#3460 = ORIENTED_EDGE('',*,*,#3461,.F.);
#3461 = EDGE_CURVE('',#3462,#3453,#3464,.T.);
#3462 = VERTEX_POINT('',#3463);
#3463 = CARTESIAN_POINT('',(12.436491673104,24.25,9.4));
#3464 = LINE('',#3465,#3466);
#3465 = CARTESIAN_POINT('',(6.5,24.25,9.4));
#3466 = VECTOR('',#3467,1.);
#3467 = DIRECTION('',(1.,0.,0.));
#3468 = ORIENTED_EDGE('',*,*,#3469,.F.);
#3469 = EDGE_CURVE('',#3470,#3462,#3472,.T.);
#3470 = VERTEX_POINT('',#3471);
#3471 = CARTESIAN_POINT('',(12.5,23.75,9.4));
#3472 = CIRCLE('',#3473,2.);
#3473 = AXIS2_PLACEMENT_3D('',#3474,#3475,#3476);
#3474 = CARTESIAN_POINT('',(10.5,23.75,9.4));
#3475 = DIRECTION('',(0.,0.,1.));
#3476 = DIRECTION('',(1.,0.,0.));
#3477 = ORIENTED_EDGE('',*,*,#3478,.F.);
#3478 = EDGE_CURVE('',#3479,#3470,#3481,.T.);
#3479 = VERTEX_POINT('',#3480);
#3480 = CARTESIAN_POINT('',(8.563508326896,24.25,9.4));
#3481 = CIRCLE('',#3482,2.);
#3482 = AXIS2_PLACEMENT_3D('',#3483,#3484,#3485);
#3483 = CARTESIAN_POINT('',(10.5,23.75,9.4));
#3484 = DIRECTION('',(0.,0.,1.));
#3485 = DIRECTION('',(1.,0.,0.));
#3486 = ORIENTED_EDGE('',*,*,#3487,.F.);
#3487 = EDGE_CURVE('',#3488,#3479,#3490,.T.);
#3488 = VERTEX_POINT('',#3489);
#3489 = CARTESIAN_POINT('',(6.531373033403,24.25,9.4));
#3490 = LINE('',#3491,#3492);
#3491 = CARTESIAN_POINT('',(6.5,24.25,9.4));
#3492 = VECTOR('',#3493,1.);
#3493 = DIRECTION('',(1.,0.,0.));
#3494 = ORIENTED_EDGE('',*,*,#3495,.T.);
#3495 = EDGE_CURVE('',#3488,#2359,#3496,.T.);
#3496 = CIRCLE('',#3497,4.);
#3497 = AXIS2_PLACEMENT_3D('',#3498,#3499,#3500);
#3498 = CARTESIAN_POINT('',(10.5,23.75,9.4));
#3499 = DIRECTION('',(0.,0.,1.));
#3500 = DIRECTION('',(1.,0.,0.));
#3501 = ORIENTED_EDGE('',*,*,#2400,.T.);
#3502 = ORIENTED_EDGE('',*,*,#2415,.T.);
#3503 = PLANE('',#3504);
#3504 = AXIS2_PLACEMENT_3D('',#3505,#3506,#3507);
#3505 = CARTESIAN_POINT('',(10.5,23.75,9.4));
#3506 = DIRECTION('',(0.,0.,1.));
#3507 = DIRECTION('',(1.,0.,0.));
#3508 = ADVANCED_FACE('',(#3509),#3519,.F.);
#3509 = FACE_BOUND('',#3510,.F.);
#3510 = EDGE_LOOP('',(#3511,#3512,#3513));
#3511 = ORIENTED_EDGE('',*,*,#3305,.F.);
#3512 = ORIENTED_EDGE('',*,*,#2440,.T.);
#3513 = ORIENTED_EDGE('',*,*,#3514,.F.);
#3514 = EDGE_CURVE('',#3296,#2441,#3515,.T.);
#3515 = LINE('',#3516,#3517);
#3516 = CARTESIAN_POINT('',(6.5,20.25,4.7));
#3517 = VECTOR('',#3518,1.);
#3518 = DIRECTION('',(1.,0.,0.));
#3519 = PLANE('',#3520);
#3520 = AXIS2_PLACEMENT_3D('',#3521,#3522,#3523);
#3521 = CARTESIAN_POINT('',(10.5,23.75,4.7));
#3522 = DIRECTION('',(0.,0.,1.));
#3523 = DIRECTION('',(1.,0.,0.));
#3524 = ADVANCED_FACE('',(#3525),#3550,.F.);
#3525 = FACE_BOUND('',#3526,.F.);
#3526 = EDGE_LOOP('',(#3527,#3535,#3536,#3544));
#3527 = ORIENTED_EDGE('',*,*,#3528,.F.);
#3528 = EDGE_CURVE('',#2441,#3529,#3531,.T.);
#3529 = VERTEX_POINT('',#3530);
#3530 = CARTESIAN_POINT('',(14.5,20.25,4.7));
#3531 = LINE('',#3532,#3533);
#3532 = CARTESIAN_POINT('',(6.5,20.25,4.7));
#3533 = VECTOR('',#3534,1.);
#3534 = DIRECTION('',(1.,0.,0.));
#3535 = ORIENTED_EDGE('',*,*,#2449,.T.);
#3536 = ORIENTED_EDGE('',*,*,#3537,.T.);
#3537 = EDGE_CURVE('',#2450,#3538,#3540,.T.);
#3538 = VERTEX_POINT('',#3539);
#3539 = CARTESIAN_POINT('',(14.5,20.25,9.4));
#3540 = LINE('',#3541,#3542);
#3541 = CARTESIAN_POINT('',(6.5,20.25,9.4));
#3542 = VECTOR('',#3543,1.);
#3543 = DIRECTION('',(1.,0.,0.));
#3544 = ORIENTED_EDGE('',*,*,#3545,.F.);
#3545 = EDGE_CURVE('',#3529,#3538,#3546,.T.);
#3546 = LINE('',#3547,#3548);
#3547 = CARTESIAN_POINT('',(14.5,20.25,4.7));
#3548 = VECTOR('',#3549,1.);
#3549 = DIRECTION('',(0.,0.,1.));
#3550 = PLANE('',#3551);
#3551 = AXIS2_PLACEMENT_3D('',#3552,#3553,#3554);
#3552 = CARTESIAN_POINT('',(6.5,20.25,4.7));
#3553 = DIRECTION('',(0.,1.,0.));
#3554 = DIRECTION('',(0.,0.,1.));
#3555 = ADVANCED_FACE('',(#3556),#3575,.T.);
#3556 = FACE_BOUND('',#3557,.T.);
#3557 = EDGE_LOOP('',(#3558,#3559,#3560,#3568,#3574));
#3558 = ORIENTED_EDGE('',*,*,#2686,.F.);
#3559 = ORIENTED_EDGE('',*,*,#3354,.F.);
#3560 = ORIENTED_EDGE('',*,*,#3561,.T.);
#3561 = EDGE_CURVE('',#3355,#3562,#3564,.T.);
#3562 = VERTEX_POINT('',#3563);
#3563 = CARTESIAN_POINT('',(7.877100840673,20.73,4.7));
#3564 = LINE('',#3565,#3566);
#3565 = CARTESIAN_POINT('',(-8.98,20.73,4.7));
#3566 = VECTOR('',#3567,1.);
#3567 = DIRECTION('',(1.,0.,0.));
#3568 = ORIENTED_EDGE('',*,*,#3569,.T.);
#3569 = EDGE_CURVE('',#3562,#3129,#3570,.T.);
#3570 = LINE('',#3571,#3572);
#3571 = CARTESIAN_POINT('',(-8.98,20.73,4.7));
#3572 = VECTOR('',#3573,1.);
#3573 = DIRECTION('',(1.,0.,0.));
#3574 = ORIENTED_EDGE('',*,*,#3128,.F.);
#3575 = PLANE('',#3576);
#3576 = AXIS2_PLACEMENT_3D('',#3577,#3578,#3579);
#3577 = CARTESIAN_POINT('',(-8.98,20.73,3.65));
#3578 = DIRECTION('',(0.,1.,0.));
#3579 = DIRECTION('',(0.,0.,1.));
#3580 = ADVANCED_FACE('',(#3581),#3609,.F.);
#3581 = FACE_BOUND('',#3582,.F.);
#3582 = EDGE_LOOP('',(#3583,#3591,#3592,#3599,#3600,#3601,#3602));
#3583 = ORIENTED_EDGE('',*,*,#3584,.F.);
#3584 = EDGE_CURVE('',#3371,#3585,#3587,.T.);
#3585 = VERTEX_POINT('',#3586);
#3586 = CARTESIAN_POINT('',(8.5,22.25,4.7));
#3587 = LINE('',#3588,#3589);
#3588 = CARTESIAN_POINT('',(-10.5,22.25,4.7));
#3589 = VECTOR('',#3590,1.);
#3590 = DIRECTION('',(1.,0.,0.));
#3591 = ORIENTED_EDGE('',*,*,#3370,.F.);
#3592 = ORIENTED_EDGE('',*,*,#3593,.T.);
#3593 = EDGE_CURVE('',#3363,#3562,#3594,.T.);
#3594 = CIRCLE('',#3595,4.);
#3595 = AXIS2_PLACEMENT_3D('',#3596,#3597,#3598);
#3596 = CARTESIAN_POINT('',(10.5,23.75,4.7));
#3597 = DIRECTION('',(0.,0.,1.));
#3598 = DIRECTION('',(1.,0.,0.));
#3599 = ORIENTED_EDGE('',*,*,#3569,.T.);
#3600 = ORIENTED_EDGE('',*,*,#3136,.F.);
#3601 = ORIENTED_EDGE('',*,*,#3295,.T.);
#3602 = ORIENTED_EDGE('',*,*,#3603,.T.);
#3603 = EDGE_CURVE('',#3296,#3585,#3604,.T.);
#3604 = CIRCLE('',#3605,2.);
#3605 = AXIS2_PLACEMENT_3D('',#3606,#3607,#3608);
#3606 = CARTESIAN_POINT('',(8.5,20.25,4.7));
#3607 = DIRECTION('',(-0.,0.,1.));
#3608 = DIRECTION('',(0.,-1.,0.));
#3609 = PLANE('',#3610);
#3610 = AXIS2_PLACEMENT_3D('',#3611,#3612,#3613);
#3611 = CARTESIAN_POINT('',(-10.5,-22.25,4.7));
#3612 = DIRECTION('',(0.,0.,1.));
#3613 = DIRECTION('',(1.,0.,0.));
#3614 = ADVANCED_FACE('',(#3615),#3640,.T.);
#3615 = FACE_BOUND('',#3616,.T.);
#3616 = EDGE_LOOP('',(#3617,#3618,#3626,#3634));
#3617 = ORIENTED_EDGE('',*,*,#3153,.T.);
#3618 = ORIENTED_EDGE('',*,*,#3619,.T.);
#3619 = EDGE_CURVE('',#3156,#3620,#3622,.T.);
#3620 = VERTEX_POINT('',#3621);
#3621 = CARTESIAN_POINT('',(9.2,18.,4.15));
#3622 = LINE('',#3623,#3624);
#3623 = CARTESIAN_POINT('',(8.98,18.,3.77));
#3624 = VECTOR('',#3625,1.);
#3625 = DIRECTION('',(0.501036270542,0.,0.865426285481));
#3626 = ORIENTED_EDGE('',*,*,#3627,.F.);
#3627 = EDGE_CURVE('',#3628,#3620,#3630,.T.);
#3628 = VERTEX_POINT('',#3629);
#3629 = CARTESIAN_POINT('',(9.2,14.,4.15));
#3630 = LINE('',#3631,#3632);
#3631 = CARTESIAN_POINT('',(9.2,14.,4.15));
#3632 = VECTOR('',#3633,1.);
#3633 = DIRECTION('',(0.,1.,0.));
#3634 = ORIENTED_EDGE('',*,*,#3635,.F.);
#3635 = EDGE_CURVE('',#3154,#3628,#3636,.T.);
#3636 = LINE('',#3637,#3638);
#3637 = CARTESIAN_POINT('',(8.98,14.,3.77));
#3638 = VECTOR('',#3639,1.);
#3639 = DIRECTION('',(0.501036270542,0.,0.865426285481));
#3640 = PLANE('',#3641);
#3641 = AXIS2_PLACEMENT_3D('',#3642,#3643,#3644);
#3642 = CARTESIAN_POINT('',(8.98,14.,3.77));
#3643 = DIRECTION('',(0.865426285481,0.,-0.501036270542));
#3644 = DIRECTION('',(0.501036270542,0.,0.865426285481));
#3645 = ADVANCED_FACE('',(#3646),#3656,.F.);
#3646 = FACE_BOUND('',#3647,.F.);
#3647 = EDGE_LOOP('',(#3648,#3649,#3655));
#3648 = ORIENTED_EDGE('',*,*,#3619,.T.);
#3649 = ORIENTED_EDGE('',*,*,#3650,.T.);
#3650 = EDGE_CURVE('',#3620,#3172,#3651,.T.);
#3651 = LINE('',#3652,#3653);
#3652 = CARTESIAN_POINT('',(9.2,18.,4.15));
#3653 = VECTOR('',#3654,1.);
#3654 = DIRECTION('',(-0.501036270542,0.,0.865426285481));
#3655 = ORIENTED_EDGE('',*,*,#3179,.T.);
#3656 = PLANE('',#3657);
#3657 = AXIS2_PLACEMENT_3D('',#3658,#3659,#3660);
#3658 = CARTESIAN_POINT('',(9.038967754907,18.,4.15));
#3659 = DIRECTION('',(-0.,-1.,-0.));
#3660 = DIRECTION('',(0.,0.,-1.));
#3661 = ADVANCED_FACE('',(#3662),#3673,.T.);
#3662 = FACE_BOUND('',#3663,.T.);
#3663 = EDGE_LOOP('',(#3664,#3665,#3666,#3667));
#3664 = ORIENTED_EDGE('',*,*,#3627,.T.);
#3665 = ORIENTED_EDGE('',*,*,#3650,.T.);
#3666 = ORIENTED_EDGE('',*,*,#3171,.F.);
#3667 = ORIENTED_EDGE('',*,*,#3668,.F.);
#3668 = EDGE_CURVE('',#3628,#3164,#3669,.T.);
#3669 = LINE('',#3670,#3671);
#3670 = CARTESIAN_POINT('',(9.2,14.,4.15));
#3671 = VECTOR('',#3672,1.);
#3672 = DIRECTION('',(-0.501036270542,0.,0.865426285481));
#3673 = PLANE('',#3674);
#3674 = AXIS2_PLACEMENT_3D('',#3675,#3676,#3677);
#3675 = CARTESIAN_POINT('',(9.2,14.,4.15));
#3676 = DIRECTION('',(0.865426285481,0.,0.501036270542));
#3677 = DIRECTION('',(-0.501036270542,0.,0.865426285481));
#3678 = ADVANCED_FACE('',(#3679),#3684,.T.);
#3679 = FACE_BOUND('',#3680,.T.);
#3680 = EDGE_LOOP('',(#3681,#3682,#3683));
#3681 = ORIENTED_EDGE('',*,*,#3635,.T.);
#3682 = ORIENTED_EDGE('',*,*,#3668,.T.);
#3683 = ORIENTED_EDGE('',*,*,#3163,.T.);
#3684 = PLANE('',#3685);
#3685 = AXIS2_PLACEMENT_3D('',#3686,#3687,#3688);
#3686 = CARTESIAN_POINT('',(9.038967754907,14.,4.15));
#3687 = DIRECTION('',(-0.,-1.,-0.));
#3688 = DIRECTION('',(0.,0.,-1.));
#3689 = ADVANCED_FACE('',(#3690),#3715,.T.);
#3690 = FACE_BOUND('',#3691,.T.);
#3691 = EDGE_LOOP('',(#3692,#3693,#3701,#3709));
#3692 = ORIENTED_EDGE('',*,*,#3187,.T.);
#3693 = ORIENTED_EDGE('',*,*,#3694,.T.);
#3694 = EDGE_CURVE('',#3190,#3695,#3697,.T.);
#3695 = VERTEX_POINT('',#3696);
#3696 = CARTESIAN_POINT('',(9.2,9.,4.15));
#3697 = LINE('',#3698,#3699);
#3698 = CARTESIAN_POINT('',(8.98,9.,3.77));
#3699 = VECTOR('',#3700,1.);
#3700 = DIRECTION('',(0.501036270542,0.,0.865426285481));
#3701 = ORIENTED_EDGE('',*,*,#3702,.F.);
#3702 = EDGE_CURVE('',#3703,#3695,#3705,.T.);
#3703 = VERTEX_POINT('',#3704);
#3704 = CARTESIAN_POINT('',(9.2,5.,4.15));
#3705 = LINE('',#3706,#3707);
#3706 = CARTESIAN_POINT('',(9.2,5.,4.15));
#3707 = VECTOR('',#3708,1.);
#3708 = DIRECTION('',(0.,1.,0.));
#3709 = ORIENTED_EDGE('',*,*,#3710,.F.);
#3710 = EDGE_CURVE('',#3188,#3703,#3711,.T.);
#3711 = LINE('',#3712,#3713);
#3712 = CARTESIAN_POINT('',(8.98,5.,3.77));
#3713 = VECTOR('',#3714,1.);
#3714 = DIRECTION('',(0.501036270542,0.,0.865426285481));
#3715 = PLANE('',#3716);
#3716 = AXIS2_PLACEMENT_3D('',#3717,#3718,#3719);
#3717 = CARTESIAN_POINT('',(8.98,5.,3.77));
#3718 = DIRECTION('',(0.865426285481,0.,-0.501036270542));
#3719 = DIRECTION('',(0.501036270542,0.,0.865426285481));
#3720 = ADVANCED_FACE('',(#3721),#3731,.T.);
#3721 = FACE_BOUND('',#3722,.T.);
#3722 = EDGE_LOOP('',(#3723,#3724,#3730));
#3723 = ORIENTED_EDGE('',*,*,#3710,.T.);
#3724 = ORIENTED_EDGE('',*,*,#3725,.T.);
#3725 = EDGE_CURVE('',#3703,#3198,#3726,.T.);
#3726 = LINE('',#3727,#3728);
#3727 = CARTESIAN_POINT('',(9.2,5.,4.15));
#3728 = VECTOR('',#3729,1.);
#3729 = DIRECTION('',(-0.501036270542,0.,0.865426285481));
#3730 = ORIENTED_EDGE('',*,*,#3197,.T.);
#3731 = PLANE('',#3732);
#3732 = AXIS2_PLACEMENT_3D('',#3733,#3734,#3735);
#3733 = CARTESIAN_POINT('',(9.038967754907,5.,4.15));
#3734 = DIRECTION('',(-0.,-1.,-0.));
#3735 = DIRECTION('',(0.,0.,-1.));
#3736 = ADVANCED_FACE('',(#3737),#3747,.F.);
#3737 = FACE_BOUND('',#3738,.F.);
#3738 = EDGE_LOOP('',(#3739,#3740,#3746));
#3739 = ORIENTED_EDGE('',*,*,#3694,.T.);
#3740 = ORIENTED_EDGE('',*,*,#3741,.T.);
#3741 = EDGE_CURVE('',#3695,#3206,#3742,.T.);
#3742 = LINE('',#3743,#3744);
#3743 = CARTESIAN_POINT('',(9.2,9.,4.15));
#3744 = VECTOR('',#3745,1.);
#3745 = DIRECTION('',(-0.501036270542,0.,0.865426285481));
#3746 = ORIENTED_EDGE('',*,*,#3213,.T.);
#3747 = PLANE('',#3748);
#3748 = AXIS2_PLACEMENT_3D('',#3749,#3750,#3751);
#3749 = CARTESIAN_POINT('',(9.038967754907,9.,4.15));
#3750 = DIRECTION('',(-0.,-1.,-0.));
#3751 = DIRECTION('',(0.,0.,-1.));
#3752 = ADVANCED_FACE('',(#3753),#3759,.T.);
#3753 = FACE_BOUND('',#3754,.T.);
#3754 = EDGE_LOOP('',(#3755,#3756,#3757,#3758));
#3755 = ORIENTED_EDGE('',*,*,#3702,.T.);
#3756 = ORIENTED_EDGE('',*,*,#3741,.T.);
#3757 = ORIENTED_EDGE('',*,*,#3205,.F.);
#3758 = ORIENTED_EDGE('',*,*,#3725,.F.);
#3759 = PLANE('',#3760);
#3760 = AXIS2_PLACEMENT_3D('',#3761,#3762,#3763);
#3761 = CARTESIAN_POINT('',(9.2,5.,4.15));
#3762 = DIRECTION('',(0.865426285481,0.,0.501036270542));
#3763 = DIRECTION('',(-0.501036270542,0.,0.865426285481));
#3764 = ADVANCED_FACE('',(#3765),#3790,.T.);
#3765 = FACE_BOUND('',#3766,.T.);
#3766 = EDGE_LOOP('',(#3767,#3768,#3776,#3784));
#3767 = ORIENTED_EDGE('',*,*,#3221,.T.);
#3768 = ORIENTED_EDGE('',*,*,#3769,.T.);
#3769 = EDGE_CURVE('',#3224,#3770,#3772,.T.);
#3770 = VERTEX_POINT('',#3771);
#3771 = CARTESIAN_POINT('',(9.2,-3.,4.15));
#3772 = LINE('',#3773,#3774);
#3773 = CARTESIAN_POINT('',(8.98,-3.,3.77));
#3774 = VECTOR('',#3775,1.);
#3775 = DIRECTION('',(0.501036270542,0.,0.865426285481));
#3776 = ORIENTED_EDGE('',*,*,#3777,.F.);
#3777 = EDGE_CURVE('',#3778,#3770,#3780,.T.);
#3778 = VERTEX_POINT('',#3779);
#3779 = CARTESIAN_POINT('',(9.2,-7.,4.15));
#3780 = LINE('',#3781,#3782);
#3781 = CARTESIAN_POINT('',(9.2,-7.,4.15));
#3782 = VECTOR('',#3783,1.);
#3783 = DIRECTION('',(0.,1.,0.));
#3784 = ORIENTED_EDGE('',*,*,#3785,.F.);
#3785 = EDGE_CURVE('',#3222,#3778,#3786,.T.);
#3786 = LINE('',#3787,#3788);
#3787 = CARTESIAN_POINT('',(8.98,-7.,3.77));
#3788 = VECTOR('',#3789,1.);
#3789 = DIRECTION('',(0.501036270542,0.,0.865426285481));
#3790 = PLANE('',#3791);
#3791 = AXIS2_PLACEMENT_3D('',#3792,#3793,#3794);
#3792 = CARTESIAN_POINT('',(8.98,-7.,3.77));
#3793 = DIRECTION('',(0.865426285481,0.,-0.501036270542));
#3794 = DIRECTION('',(0.501036270542,0.,0.865426285481));
#3795 = ADVANCED_FACE('',(#3796),#3806,.T.);
#3796 = FACE_BOUND('',#3797,.T.);
#3797 = EDGE_LOOP('',(#3798,#3799,#3805));
#3798 = ORIENTED_EDGE('',*,*,#3785,.T.);
#3799 = ORIENTED_EDGE('',*,*,#3800,.T.);
#3800 = EDGE_CURVE('',#3778,#3232,#3801,.T.);
#3801 = LINE('',#3802,#3803);
#3802 = CARTESIAN_POINT('',(9.2,-7.,4.15));
#3803 = VECTOR('',#3804,1.);
#3804 = DIRECTION('',(-0.501036270542,0.,0.865426285481));
#3805 = ORIENTED_EDGE('',*,*,#3231,.T.);
#3806 = PLANE('',#3807);
#3807 = AXIS2_PLACEMENT_3D('',#3808,#3809,#3810);
#3808 = CARTESIAN_POINT('',(9.038967754907,-7.,4.15));
#3809 = DIRECTION('',(-0.,-1.,-0.));
#3810 = DIRECTION('',(0.,0.,-1.));
#3811 = ADVANCED_FACE('',(#3812),#3822,.F.);
#3812 = FACE_BOUND('',#3813,.F.);
#3813 = EDGE_LOOP('',(#3814,#3815,#3821));
#3814 = ORIENTED_EDGE('',*,*,#3769,.T.);
#3815 = ORIENTED_EDGE('',*,*,#3816,.T.);
#3816 = EDGE_CURVE('',#3770,#3240,#3817,.T.);
#3817 = LINE('',#3818,#3819);
#3818 = CARTESIAN_POINT('',(9.2,-3.,4.15));
#3819 = VECTOR('',#3820,1.);
#3820 = DIRECTION('',(-0.501036270542,0.,0.865426285481));
#3821 = ORIENTED_EDGE('',*,*,#3247,.T.);
#3822 = PLANE('',#3823);
#3823 = AXIS2_PLACEMENT_3D('',#3824,#3825,#3826);
#3824 = CARTESIAN_POINT('',(9.038967754907,-3.,4.15));
#3825 = DIRECTION('',(-0.,-1.,-0.));
#3826 = DIRECTION('',(0.,0.,-1.));
#3827 = ADVANCED_FACE('',(#3828),#3834,.T.);
#3828 = FACE_BOUND('',#3829,.T.);
#3829 = EDGE_LOOP('',(#3830,#3831,#3832,#3833));
#3830 = ORIENTED_EDGE('',*,*,#3777,.T.);
#3831 = ORIENTED_EDGE('',*,*,#3816,.T.);
#3832 = ORIENTED_EDGE('',*,*,#3239,.F.);
#3833 = ORIENTED_EDGE('',*,*,#3800,.F.);
#3834 = PLANE('',#3835);
#3835 = AXIS2_PLACEMENT_3D('',#3836,#3837,#3838);
#3836 = CARTESIAN_POINT('',(9.2,-7.,4.15));
#3837 = DIRECTION('',(0.865426285481,0.,0.501036270542));
#3838 = DIRECTION('',(-0.501036270542,0.,0.865426285481));
#3839 = ADVANCED_FACE('',(#3840),#3865,.T.);
#3840 = FACE_BOUND('',#3841,.T.);
#3841 = EDGE_LOOP('',(#3842,#3843,#3851,#3859));
#3842 = ORIENTED_EDGE('',*,*,#3255,.T.);
#3843 = ORIENTED_EDGE('',*,*,#3844,.T.);
#3844 = EDGE_CURVE('',#3258,#3845,#3847,.T.);
#3845 = VERTEX_POINT('',#3846);
#3846 = CARTESIAN_POINT('',(9.2,-13.,4.15));
#3847 = LINE('',#3848,#3849);
#3848 = CARTESIAN_POINT('',(8.98,-13.,3.77));
#3849 = VECTOR('',#3850,1.);
#3850 = DIRECTION('',(0.501036270542,0.,0.865426285481));
#3851 = ORIENTED_EDGE('',*,*,#3852,.F.);
#3852 = EDGE_CURVE('',#3853,#3845,#3855,.T.);
#3853 = VERTEX_POINT('',#3854);
#3854 = CARTESIAN_POINT('',(9.2,-17.,4.15));
#3855 = LINE('',#3856,#3857);
#3856 = CARTESIAN_POINT('',(9.2,-17.,4.15));
#3857 = VECTOR('',#3858,1.);
#3858 = DIRECTION('',(0.,1.,0.));
#3859 = ORIENTED_EDGE('',*,*,#3860,.F.);
#3860 = EDGE_CURVE('',#3256,#3853,#3861,.T.);
#3861 = LINE('',#3862,#3863);
#3862 = CARTESIAN_POINT('',(8.98,-17.,3.77));
#3863 = VECTOR('',#3864,1.);
#3864 = DIRECTION('',(0.501036270542,0.,0.865426285481));
#3865 = PLANE('',#3866);
#3866 = AXIS2_PLACEMENT_3D('',#3867,#3868,#3869);
#3867 = CARTESIAN_POINT('',(8.98,-17.,3.77));
#3868 = DIRECTION('',(0.865426285481,0.,-0.501036270542));
#3869 = DIRECTION('',(0.501036270542,0.,0.865426285481));
#3870 = ADVANCED_FACE('',(#3871),#3881,.T.);
#3871 = FACE_BOUND('',#3872,.T.);
#3872 = EDGE_LOOP('',(#3873,#3874,#3880));
#3873 = ORIENTED_EDGE('',*,*,#3860,.T.);
#3874 = ORIENTED_EDGE('',*,*,#3875,.T.);
#3875 = EDGE_CURVE('',#3853,#3266,#3876,.T.);
#3876 = LINE('',#3877,#3878);
#3877 = CARTESIAN_POINT('',(9.2,-17.,4.15));
#3878 = VECTOR('',#3879,1.);
#3879 = DIRECTION('',(-0.501036270542,0.,0.865426285481));
#3880 = ORIENTED_EDGE('',*,*,#3265,.T.);
#3881 = PLANE('',#3882);
#3882 = AXIS2_PLACEMENT_3D('',#3883,#3884,#3885);
#3883 = CARTESIAN_POINT('',(9.038967754907,-17.,4.15));
#3884 = DIRECTION('',(-0.,-1.,-0.));
#3885 = DIRECTION('',(0.,0.,-1.));
#3886 = ADVANCED_FACE('',(#3887),#3897,.F.);
#3887 = FACE_BOUND('',#3888,.F.);
#3888 = EDGE_LOOP('',(#3889,#3890,#3896));
#3889 = ORIENTED_EDGE('',*,*,#3844,.T.);
#3890 = ORIENTED_EDGE('',*,*,#3891,.T.);
#3891 = EDGE_CURVE('',#3845,#3274,#3892,.T.);
#3892 = LINE('',#3893,#3894);
#3893 = CARTESIAN_POINT('',(9.2,-13.,4.15));
#3894 = VECTOR('',#3895,1.);
#3895 = DIRECTION('',(-0.501036270542,0.,0.865426285481));
#3896 = ORIENTED_EDGE('',*,*,#3281,.T.);
#3897 = PLANE('',#3898);
#3898 = AXIS2_PLACEMENT_3D('',#3899,#3900,#3901);
#3899 = CARTESIAN_POINT('',(9.038967754907,-13.,4.15));
#3900 = DIRECTION('',(-0.,-1.,-0.));
#3901 = DIRECTION('',(0.,0.,-1.));
#3902 = ADVANCED_FACE('',(#3903),#3909,.T.);
#3903 = FACE_BOUND('',#3904,.T.);
#3904 = EDGE_LOOP('',(#3905,#3906,#3907,#3908));
#3905 = ORIENTED_EDGE('',*,*,#3852,.T.);
#3906 = ORIENTED_EDGE('',*,*,#3891,.T.);
#3907 = ORIENTED_EDGE('',*,*,#3273,.F.);
#3908 = ORIENTED_EDGE('',*,*,#3875,.F.);
#3909 = PLANE('',#3910);
#3910 = AXIS2_PLACEMENT_3D('',#3911,#3912,#3913);
#3911 = CARTESIAN_POINT('',(9.2,-17.,4.15));
#3912 = DIRECTION('',(0.865426285481,0.,0.501036270542));
#3913 = DIRECTION('',(-0.501036270542,0.,0.865426285481));
#3914 = ADVANCED_FACE('',(#3915),#3982,.F.);
#3915 = FACE_BOUND('',#3916,.F.);
#3916 = EDGE_LOOP('',(#3917,#3918,#3919,#3928,#3937,#3945,#3954,#3963,
    #3971,#3978,#3979,#3980,#3981));
#3917 = ORIENTED_EDGE('',*,*,#3603,.F.);
#3918 = ORIENTED_EDGE('',*,*,#3514,.T.);
#3919 = ORIENTED_EDGE('',*,*,#3920,.T.);
#3920 = EDGE_CURVE('',#2441,#3921,#3923,.T.);
#3921 = VERTEX_POINT('',#3922);
#3922 = CARTESIAN_POINT('',(14.5,23.75,4.7));
#3923 = CIRCLE('',#3924,4.);
#3924 = AXIS2_PLACEMENT_3D('',#3925,#3926,#3927);
#3925 = CARTESIAN_POINT('',(10.5,23.75,4.7));
#3926 = DIRECTION('',(0.,0.,1.));
#3927 = DIRECTION('',(1.,0.,0.));
#3928 = ORIENTED_EDGE('',*,*,#3929,.T.);
#3929 = EDGE_CURVE('',#3921,#3930,#3932,.T.);
#3930 = VERTEX_POINT('',#3931);
#3931 = CARTESIAN_POINT('',(14.468626966597,24.25,4.7));
#3932 = CIRCLE('',#3933,4.);
#3933 = AXIS2_PLACEMENT_3D('',#3934,#3935,#3936);
#3934 = CARTESIAN_POINT('',(10.5,23.75,4.7));
#3935 = DIRECTION('',(0.,0.,1.));
#3936 = DIRECTION('',(1.,0.,0.));
#3937 = ORIENTED_EDGE('',*,*,#3938,.F.);
#3938 = EDGE_CURVE('',#3939,#3930,#3941,.T.);
#3939 = VERTEX_POINT('',#3940);
#3940 = CARTESIAN_POINT('',(12.436491673104,24.25,4.7));
#3941 = LINE('',#3942,#3943);
#3942 = CARTESIAN_POINT('',(6.5,24.25,4.7));
#3943 = VECTOR('',#3944,1.);
#3944 = DIRECTION('',(1.,0.,0.));
#3945 = ORIENTED_EDGE('',*,*,#3946,.F.);
#3946 = EDGE_CURVE('',#3947,#3939,#3949,.T.);
#3947 = VERTEX_POINT('',#3948);
#3948 = CARTESIAN_POINT('',(12.5,23.75,4.7));
#3949 = CIRCLE('',#3950,2.);
#3950 = AXIS2_PLACEMENT_3D('',#3951,#3952,#3953);
#3951 = CARTESIAN_POINT('',(10.5,23.75,4.7));
#3952 = DIRECTION('',(0.,0.,1.));
#3953 = DIRECTION('',(1.,0.,0.));
#3954 = ORIENTED_EDGE('',*,*,#3955,.F.);
#3955 = EDGE_CURVE('',#3956,#3947,#3958,.T.);
#3956 = VERTEX_POINT('',#3957);
#3957 = CARTESIAN_POINT('',(8.563508326896,24.25,4.7));
#3958 = CIRCLE('',#3959,2.);
#3959 = AXIS2_PLACEMENT_3D('',#3960,#3961,#3962);
#3960 = CARTESIAN_POINT('',(10.5,23.75,4.7));
#3961 = DIRECTION('',(0.,0.,1.));
#3962 = DIRECTION('',(1.,0.,0.));
#3963 = ORIENTED_EDGE('',*,*,#3964,.F.);
#3964 = EDGE_CURVE('',#3965,#3956,#3967,.T.);
#3965 = VERTEX_POINT('',#3966);
#3966 = CARTESIAN_POINT('',(6.531373033403,24.25,4.7));
#3967 = LINE('',#3968,#3969);
#3968 = CARTESIAN_POINT('',(6.5,24.25,4.7));
#3969 = VECTOR('',#3970,1.);
#3970 = DIRECTION('',(1.,0.,0.));
#3971 = ORIENTED_EDGE('',*,*,#3972,.T.);
#3972 = EDGE_CURVE('',#3965,#2377,#3973,.T.);
#3973 = CIRCLE('',#3974,4.);
#3974 = AXIS2_PLACEMENT_3D('',#3975,#3976,#3977);
#3975 = CARTESIAN_POINT('',(10.5,23.75,4.7));
#3976 = DIRECTION('',(0.,0.,1.));
#3977 = DIRECTION('',(1.,0.,0.));
#3978 = ORIENTED_EDGE('',*,*,#3426,.T.);
#3979 = ORIENTED_EDGE('',*,*,#3327,.F.);
#3980 = ORIENTED_EDGE('',*,*,#3378,.F.);
#3981 = ORIENTED_EDGE('',*,*,#3584,.T.);
#3982 = PLANE('',#3983);
#3983 = AXIS2_PLACEMENT_3D('',#3984,#3985,#3986);
#3984 = CARTESIAN_POINT('',(10.5,23.75,4.7));
#3985 = DIRECTION('',(0.,0.,1.));
#3986 = DIRECTION('',(1.,0.,0.));
#3987 = ADVANCED_FACE('',(#3988),#3993,.F.);
#3988 = FACE_BOUND('',#3989,.F.);
#3989 = EDGE_LOOP('',(#3990,#3991,#3992));
#3990 = ORIENTED_EDGE('',*,*,#3593,.F.);
#3991 = ORIENTED_EDGE('',*,*,#3362,.F.);
#3992 = ORIENTED_EDGE('',*,*,#3561,.T.);
#3993 = PLANE('',#3994);
#3994 = AXIS2_PLACEMENT_3D('',#3995,#3996,#3997);
#3995 = CARTESIAN_POINT('',(-10.5,-22.25,4.7));
#3996 = DIRECTION('',(0.,0.,1.));
#3997 = DIRECTION('',(1.,0.,0.));
#3998 = ADVANCED_FACE('',(#3999),#4009,.T.);
#3999 = FACE_BOUND('',#4000,.T.);
#4000 = EDGE_LOOP('',(#4001,#4002,#4003));
#4001 = ORIENTED_EDGE('',*,*,#3410,.F.);
#4002 = ORIENTED_EDGE('',*,*,#3495,.F.);
#4003 = ORIENTED_EDGE('',*,*,#4004,.F.);
#4004 = EDGE_CURVE('',#3403,#3488,#4005,.T.);
#4005 = LINE('',#4006,#4007);
#4006 = CARTESIAN_POINT('',(6.5,24.25,9.4));
#4007 = VECTOR('',#4008,1.);
#4008 = DIRECTION('',(1.,0.,0.));
#4009 = PLANE('',#4010);
#4010 = AXIS2_PLACEMENT_3D('',#4011,#4012,#4013);
#4011 = CARTESIAN_POINT('',(6.5,20.25,9.4));
#4012 = DIRECTION('',(0.,0.,1.));
#4013 = DIRECTION('',(1.,0.,0.));
#4014 = ADVANCED_FACE('',(#4015),#4031,.T.);
#4015 = FACE_BOUND('',#4016,.T.);
#4016 = EDGE_LOOP('',(#4017,#4023,#4024,#4025));
#4017 = ORIENTED_EDGE('',*,*,#4018,.F.);
#4018 = EDGE_CURVE('',#3395,#3965,#4019,.T.);
#4019 = LINE('',#4020,#4021);
#4020 = CARTESIAN_POINT('',(6.5,24.25,4.7));
#4021 = VECTOR('',#4022,1.);
#4022 = DIRECTION('',(1.,0.,0.));
#4023 = ORIENTED_EDGE('',*,*,#3402,.T.);
#4024 = ORIENTED_EDGE('',*,*,#4004,.T.);
#4025 = ORIENTED_EDGE('',*,*,#4026,.F.);
#4026 = EDGE_CURVE('',#3965,#3488,#4027,.T.);
#4027 = LINE('',#4028,#4029);
#4028 = CARTESIAN_POINT('',(6.531373033403,24.25,4.7));
#4029 = VECTOR('',#4030,1.);
#4030 = DIRECTION('',(0.,0.,1.));
#4031 = PLANE('',#4032);
#4032 = AXIS2_PLACEMENT_3D('',#4033,#4034,#4035);
#4033 = CARTESIAN_POINT('',(6.5,24.25,4.7));
#4034 = DIRECTION('',(0.,1.,0.));
#4035 = DIRECTION('',(0.,0.,1.));
#4036 = ADVANCED_FACE('',(#4037),#4042,.F.);
#4037 = FACE_BOUND('',#4038,.F.);
#4038 = EDGE_LOOP('',(#4039,#4040,#4041));
#4039 = ORIENTED_EDGE('',*,*,#3394,.F.);
#4040 = ORIENTED_EDGE('',*,*,#3972,.F.);
#4041 = ORIENTED_EDGE('',*,*,#4018,.F.);
#4042 = PLANE('',#4043);
#4043 = AXIS2_PLACEMENT_3D('',#4044,#4045,#4046);
#4044 = CARTESIAN_POINT('',(6.5,20.25,4.7));
#4045 = DIRECTION('',(0.,0.,1.));
#4046 = DIRECTION('',(1.,0.,0.));
#4047 = ADVANCED_FACE('',(#4048),#4066,.T.);
#4048 = FACE_BOUND('',#4049,.T.);
#4049 = EDGE_LOOP('',(#4050,#4057,#4058,#4065));
#4050 = ORIENTED_EDGE('',*,*,#4051,.T.);
#4051 = EDGE_CURVE('',#3453,#3488,#4052,.T.);
#4052 = CIRCLE('',#4053,4.);
#4053 = AXIS2_PLACEMENT_3D('',#4054,#4055,#4056);
#4054 = CARTESIAN_POINT('',(10.5,23.75,9.4));
#4055 = DIRECTION('',(0.,0.,1.));
#4056 = DIRECTION('',(1.,0.,0.));
#4057 = ORIENTED_EDGE('',*,*,#3487,.T.);
#4058 = ORIENTED_EDGE('',*,*,#4059,.F.);
#4059 = EDGE_CURVE('',#3462,#3479,#4060,.T.);
#4060 = CIRCLE('',#4061,2.);
#4061 = AXIS2_PLACEMENT_3D('',#4062,#4063,#4064);
#4062 = CARTESIAN_POINT('',(10.5,23.75,9.4));
#4063 = DIRECTION('',(0.,0.,1.));
#4064 = DIRECTION('',(1.,0.,0.));
#4065 = ORIENTED_EDGE('',*,*,#3461,.T.);
#4066 = PLANE('',#4067);
#4067 = AXIS2_PLACEMENT_3D('',#4068,#4069,#4070);
#4068 = CARTESIAN_POINT('',(10.5,23.75,9.4));
#4069 = DIRECTION('',(0.,0.,1.));
#4070 = DIRECTION('',(1.,0.,0.));
#4071 = ADVANCED_FACE('',(#4072),#4093,.F.);
#4072 = FACE_BOUND('',#4073,.F.);
#4073 = EDGE_LOOP('',(#4074,#4075,#4081,#4082,#4089,#4090,#4091,#4092));
#4074 = ORIENTED_EDGE('',*,*,#3469,.F.);
#4075 = ORIENTED_EDGE('',*,*,#4076,.F.);
#4076 = EDGE_CURVE('',#3947,#3470,#4077,.T.);
#4077 = LINE('',#4078,#4079);
#4078 = CARTESIAN_POINT('',(12.5,23.75,2.7));
#4079 = VECTOR('',#4080,1.);
#4080 = DIRECTION('',(0.,0.,1.));
#4081 = ORIENTED_EDGE('',*,*,#3946,.T.);
#4082 = ORIENTED_EDGE('',*,*,#4083,.T.);
#4083 = EDGE_CURVE('',#3939,#3956,#4084,.T.);
#4084 = CIRCLE('',#4085,2.);
#4085 = AXIS2_PLACEMENT_3D('',#4086,#4087,#4088);
#4086 = CARTESIAN_POINT('',(10.5,23.75,4.7));
#4087 = DIRECTION('',(0.,0.,1.));
#4088 = DIRECTION('',(1.,0.,0.));
#4089 = ORIENTED_EDGE('',*,*,#3955,.T.);
#4090 = ORIENTED_EDGE('',*,*,#4076,.T.);
#4091 = ORIENTED_EDGE('',*,*,#3478,.F.);
#4092 = ORIENTED_EDGE('',*,*,#4059,.F.);
#4093 = CYLINDRICAL_SURFACE('',#4094,2.);
#4094 = AXIS2_PLACEMENT_3D('',#4095,#4096,#4097);
#4095 = CARTESIAN_POINT('',(10.5,23.75,2.7));
#4096 = DIRECTION('',(0.,0.,1.));
#4097 = DIRECTION('',(1.,0.,0.));
#4098 = ADVANCED_FACE('',(#4099),#4116,.T.);
#4099 = FACE_BOUND('',#4100,.T.);
#4100 = EDGE_LOOP('',(#4101,#4109,#4110));
#4101 = ORIENTED_EDGE('',*,*,#4102,.F.);
#4102 = EDGE_CURVE('',#3453,#4103,#4105,.T.);
#4103 = VERTEX_POINT('',#4104);
#4104 = CARTESIAN_POINT('',(14.5,24.25,9.4));
#4105 = LINE('',#4106,#4107);
#4106 = CARTESIAN_POINT('',(6.5,24.25,9.4));
#4107 = VECTOR('',#4108,1.);
#4108 = DIRECTION('',(1.,0.,0.));
#4109 = ORIENTED_EDGE('',*,*,#3452,.F.);
#4110 = ORIENTED_EDGE('',*,*,#4111,.T.);
#4111 = EDGE_CURVE('',#3444,#4103,#4112,.T.);
#4112 = LINE('',#4113,#4114);
#4113 = CARTESIAN_POINT('',(14.5,20.25,9.4));
#4114 = VECTOR('',#4115,1.);
#4115 = DIRECTION('',(0.,1.,0.));
#4116 = PLANE('',#4117);
#4117 = AXIS2_PLACEMENT_3D('',#4118,#4119,#4120);
#4118 = CARTESIAN_POINT('',(6.5,20.25,9.4));
#4119 = DIRECTION('',(0.,0.,1.));
#4120 = DIRECTION('',(1.,0.,0.));
#4121 = ADVANCED_FACE('',(#4122),#4132,.T.);
#4122 = FACE_BOUND('',#4123,.T.);
#4123 = EDGE_LOOP('',(#4124,#4125,#4126));
#4124 = ORIENTED_EDGE('',*,*,#3443,.F.);
#4125 = ORIENTED_EDGE('',*,*,#3537,.T.);
#4126 = ORIENTED_EDGE('',*,*,#4127,.T.);
#4127 = EDGE_CURVE('',#3538,#3444,#4128,.T.);
#4128 = LINE('',#4129,#4130);
#4129 = CARTESIAN_POINT('',(14.5,20.25,9.4));
#4130 = VECTOR('',#4131,1.);
#4131 = DIRECTION('',(0.,1.,0.));
#4132 = PLANE('',#4133);
#4133 = AXIS2_PLACEMENT_3D('',#4134,#4135,#4136);
#4134 = CARTESIAN_POINT('',(6.5,20.25,9.4));
#4135 = DIRECTION('',(0.,0.,1.));
#4136 = DIRECTION('',(1.,0.,0.));
#4137 = ADVANCED_FACE('',(#4138),#4148,.F.);
#4138 = FACE_BOUND('',#4139,.F.);
#4139 = EDGE_LOOP('',(#4140,#4141,#4142));
#4140 = ORIENTED_EDGE('',*,*,#3920,.F.);
#4141 = ORIENTED_EDGE('',*,*,#3528,.T.);
#4142 = ORIENTED_EDGE('',*,*,#4143,.T.);
#4143 = EDGE_CURVE('',#3529,#3921,#4144,.T.);
#4144 = LINE('',#4145,#4146);
#4145 = CARTESIAN_POINT('',(14.5,20.25,4.7));
#4146 = VECTOR('',#4147,1.);
#4147 = DIRECTION('',(0.,1.,0.));
#4148 = PLANE('',#4149);
#4149 = AXIS2_PLACEMENT_3D('',#4150,#4151,#4152);
#4150 = CARTESIAN_POINT('',(6.5,20.25,4.7));
#4151 = DIRECTION('',(0.,0.,1.));
#4152 = DIRECTION('',(1.,0.,0.));
#4153 = ADVANCED_FACE('',(#4154),#4165,.T.);
#4154 = FACE_BOUND('',#4155,.T.);
#4155 = EDGE_LOOP('',(#4156,#4157,#4158,#4159));
#4156 = ORIENTED_EDGE('',*,*,#4127,.F.);
#4157 = ORIENTED_EDGE('',*,*,#3545,.F.);
#4158 = ORIENTED_EDGE('',*,*,#4143,.T.);
#4159 = ORIENTED_EDGE('',*,*,#4160,.T.);
#4160 = EDGE_CURVE('',#3921,#3444,#4161,.T.);
#4161 = LINE('',#4162,#4163);
#4162 = CARTESIAN_POINT('',(14.5,23.75,4.7));
#4163 = VECTOR('',#4164,1.);
#4164 = DIRECTION('',(0.,0.,1.));
#4165 = PLANE('',#4166);
#4166 = AXIS2_PLACEMENT_3D('',#4167,#4168,#4169);
#4167 = CARTESIAN_POINT('',(14.5,20.25,4.7));
#4168 = DIRECTION('',(1.,0.,0.));
#4169 = DIRECTION('',(0.,0.,1.));
#4170 = ADVANCED_FACE('',(#4171),#4183,.F.);
#4171 = FACE_BOUND('',#4172,.F.);
#4172 = EDGE_LOOP('',(#4173,#4180,#4181,#4182));
#4173 = ORIENTED_EDGE('',*,*,#4174,.T.);
#4174 = EDGE_CURVE('',#3930,#3965,#4175,.T.);
#4175 = CIRCLE('',#4176,4.);
#4176 = AXIS2_PLACEMENT_3D('',#4177,#4178,#4179);
#4177 = CARTESIAN_POINT('',(10.5,23.75,4.7));
#4178 = DIRECTION('',(0.,0.,1.));
#4179 = DIRECTION('',(1.,0.,0.));
#4180 = ORIENTED_EDGE('',*,*,#3964,.T.);
#4181 = ORIENTED_EDGE('',*,*,#4083,.F.);
#4182 = ORIENTED_EDGE('',*,*,#3938,.T.);
#4183 = PLANE('',#4184);
#4184 = AXIS2_PLACEMENT_3D('',#4185,#4186,#4187);
#4185 = CARTESIAN_POINT('',(10.5,23.75,4.7));
#4186 = DIRECTION('',(0.,0.,1.));
#4187 = DIRECTION('',(1.,0.,0.));
#4188 = ADVANCED_FACE('',(#4189),#4206,.F.);
#4189 = FACE_BOUND('',#4190,.F.);
#4190 = EDGE_LOOP('',(#4191,#4199,#4200));
#4191 = ORIENTED_EDGE('',*,*,#4192,.F.);
#4192 = EDGE_CURVE('',#3930,#4193,#4195,.T.);
#4193 = VERTEX_POINT('',#4194);
#4194 = CARTESIAN_POINT('',(14.5,24.25,4.7));
#4195 = LINE('',#4196,#4197);
#4196 = CARTESIAN_POINT('',(6.5,24.25,4.7));
#4197 = VECTOR('',#4198,1.);
#4198 = DIRECTION('',(1.,0.,0.));
#4199 = ORIENTED_EDGE('',*,*,#3929,.F.);
#4200 = ORIENTED_EDGE('',*,*,#4201,.T.);
#4201 = EDGE_CURVE('',#3921,#4193,#4202,.T.);
#4202 = LINE('',#4203,#4204);
#4203 = CARTESIAN_POINT('',(14.5,20.25,4.7));
#4204 = VECTOR('',#4205,1.);
#4205 = DIRECTION('',(0.,1.,0.));
#4206 = PLANE('',#4207);
#4207 = AXIS2_PLACEMENT_3D('',#4208,#4209,#4210);
#4208 = CARTESIAN_POINT('',(6.5,20.25,4.7));
#4209 = DIRECTION('',(0.,0.,1.));
#4210 = DIRECTION('',(1.,0.,0.));
#4211 = ADVANCED_FACE('',(#4212),#4223,.T.);
#4212 = FACE_BOUND('',#4213,.T.);
#4213 = EDGE_LOOP('',(#4214,#4215,#4221,#4222));
#4214 = ORIENTED_EDGE('',*,*,#4051,.F.);
#4215 = ORIENTED_EDGE('',*,*,#4216,.F.);
#4216 = EDGE_CURVE('',#3930,#3453,#4217,.T.);
#4217 = LINE('',#4218,#4219);
#4218 = CARTESIAN_POINT('',(14.468626966597,24.25,4.7));
#4219 = VECTOR('',#4220,1.);
#4220 = DIRECTION('',(0.,0.,1.));
#4221 = ORIENTED_EDGE('',*,*,#4174,.T.);
#4222 = ORIENTED_EDGE('',*,*,#4026,.T.);
#4223 = CYLINDRICAL_SURFACE('',#4224,4.);
#4224 = AXIS2_PLACEMENT_3D('',#4225,#4226,#4227);
#4225 = CARTESIAN_POINT('',(10.5,23.75,4.7));
#4226 = DIRECTION('',(0.,0.,1.));
#4227 = DIRECTION('',(1.,0.,0.));
#4228 = ADVANCED_FACE('',(#4229),#4240,.T.);
#4229 = FACE_BOUND('',#4230,.T.);
#4230 = EDGE_LOOP('',(#4231,#4232,#4233,#4234));
#4231 = ORIENTED_EDGE('',*,*,#4192,.F.);
#4232 = ORIENTED_EDGE('',*,*,#4216,.T.);
#4233 = ORIENTED_EDGE('',*,*,#4102,.T.);
#4234 = ORIENTED_EDGE('',*,*,#4235,.F.);
#4235 = EDGE_CURVE('',#4193,#4103,#4236,.T.);
#4236 = LINE('',#4237,#4238);
#4237 = CARTESIAN_POINT('',(14.5,24.25,4.7));
#4238 = VECTOR('',#4239,1.);
#4239 = DIRECTION('',(0.,0.,1.));
#4240 = PLANE('',#4241);
#4241 = AXIS2_PLACEMENT_3D('',#4242,#4243,#4244);
#4242 = CARTESIAN_POINT('',(6.5,24.25,4.7));
#4243 = DIRECTION('',(0.,1.,0.));
#4244 = DIRECTION('',(0.,0.,1.));
#4245 = ADVANCED_FACE('',(#4246),#4252,.T.);
#4246 = FACE_BOUND('',#4247,.T.);
#4247 = EDGE_LOOP('',(#4248,#4249,#4250,#4251));
#4248 = ORIENTED_EDGE('',*,*,#4111,.F.);
#4249 = ORIENTED_EDGE('',*,*,#4160,.F.);
#4250 = ORIENTED_EDGE('',*,*,#4201,.T.);
#4251 = ORIENTED_EDGE('',*,*,#4235,.T.);
#4252 = PLANE('',#4253);
#4253 = AXIS2_PLACEMENT_3D('',#4254,#4255,#4256);
#4254 = CARTESIAN_POINT('',(14.5,20.25,4.7));
#4255 = DIRECTION('',(1.,0.,0.));
#4256 = DIRECTION('',(0.,0.,1.));
#4257 = ( GEOMETRIC_REPRESENTATION_CONTEXT(3) 
GLOBAL_UNCERTAINTY_ASSIGNED_CONTEXT((#4261)) 
GLOBAL_UNIT_ASSIGNED_CONTEXT((#4258,#4259,#4260)) REPRESENTATION_CONTEXT
('Context #1','3D Context with UNIT and UNCERTAINTY') );
#4258 = ( LENGTH_UNIT() NAMED_UNIT(*) SI_UNIT(.MILLI.,.METRE.) );
#4259 = ( NAMED_UNIT(*) PLANE_ANGLE_UNIT() SI_UNIT($,.RADIAN.) );
#4260 = ( NAMED_UNIT(*) SI_UNIT($,.STERADIAN.) SOLID_ANGLE_UNIT() );
#4261 = UNCERTAINTY_MEASURE_WITH_UNIT(LENGTH_MEASURE(1.E-07),#4258,
  'distance_accuracy_value','confusion accuracy');
#4262 = PRODUCT_RELATED_PRODUCT_CATEGORY('part',$,(#7));
ENDSEC;
END-ISO-10303-21;
