ISO-10303-21;
HEADER;
FILE_DESCRIPTION(('FreeCAD Model'),'2;1');
FILE_NAME('Open CASCADE Shape Model','2026-10-01T16:19:53',('FreeCAD'),(
    'FreeCAD'),'Open CASCADE STEP processor 7.8','FreeCAD','Unknown');
FILE_SCHEMA(('AUTOMOTIVE_DESIGN { 1 0 10303 214 1 1 1 1 }'));
ENDSEC;
DATA;
#1 = APPLICATION_PROTOCOL_DEFINITION('international standard',
  'automotive_design',2000,#2);
#2 = APPLICATION_CONTEXT(
  'core data for automotive mechanical design processes');
#3 = SHAPE_DEFINITION_REPRESENTATION(#4,#10);
#4 = PRODUCT_DEFINITION_SHAPE('','',#5);
#5 = PRODUCT_DEFINITION('design','',#6,#9);
#6 = PRODUCT_DEFINITION_FORMATION('','',#7);
#7 = PRODUCT('Open CASCADE STEP translator 7.8 2',
  'Open CASCADE STEP translator 7.8 2','',(#8));
#8 = PRODUCT_CONTEXT('',#2,'mechanical');
#9 = PRODUCT_DEFINITION_CONTEXT('part definition',#2,'design');
#10 = ADVANCED_BREP_SHAPE_REPRESENTATION('',(#11,#15),#3455);
#11 = AXIS2_PLACEMENT_3D('',#12,#13,#14);
#12 = CARTESIAN_POINT('',(0.,0.,0.));
#13 = DIRECTION('',(0.,0.,1.));
#14 = DIRECTION('',(1.,0.,-0.));
#15 = MANIFOLD_SOLID_BREP('',#16);
#16 = CLOSED_SHELL('',(#17,#57,#138,#163,#188,#436,#485,#509,#565,#589,
    #629,#654,#671,#696,#721,#745,#760,#793,#818,#884,#908,#932,#991,
    #1016,#1040,#1064,#1082,#1107,#1139,#1163,#1187,#1212,#1271,#1295,
    #1319,#1371,#1396,#1437,#1454,#1466,#1497,#1726,#1776,#1800,#1824,
    #1859,#1876,#1907,#1933,#1957,#2005,#2022,#2046,#2094,#2111,#2135,
    #2183,#2200,#2224,#2272,#2289,#2314,#2325,#2347,#2393,#2410,#2422,
    #2473,#2490,#2507,#2519,#2541,#2558,#2604,#2616,#2667,#2684,#2701,
    #2713,#2764,#2833,#2859,#2890,#2917,#2943,#2965,#2978,#3009,#3025,
    #3042,#3053,#3084,#3100,#3117,#3128,#3159,#3175,#3192,#3203,#3234,
    #3250,#3267,#3278,#3301,#3319,#3337,#3353,#3369,#3386,#3409,#3426,
    #3443));
#17 = ADVANCED_FACE('',(#18),#52,.F.);
#18 = FACE_BOUND('',#19,.F.);
#19 = EDGE_LOOP('',(#20,#30,#38,#46));
#20 = ORIENTED_EDGE('',*,*,#21,.F.);
#21 = EDGE_CURVE('',#22,#24,#26,.T.);
#22 = VERTEX_POINT('',#23);
#23 = CARTESIAN_POINT('',(-10.5,10.25,5.));
#24 = VERTEX_POINT('',#25);
#25 = CARTESIAN_POINT('',(-10.5,-10.25,5.));
#26 = LINE('',#27,#28);
#27 = CARTESIAN_POINT('',(-10.5,12.25,5.));
#28 = VECTOR('',#29,1.);
#29 = DIRECTION('',(0.,-1.,0.));
#30 = ORIENTED_EDGE('',*,*,#31,.F.);
#31 = EDGE_CURVE('',#32,#22,#34,.T.);
#32 = VERTEX_POINT('',#33);
#33 = CARTESIAN_POINT('',(-10.5,10.25,9.4));
#34 = LINE('',#35,#36);
#35 = CARTESIAN_POINT('',(-10.5,10.25,9.4));
#36 = VECTOR('',#37,1.);
#37 = DIRECTION('',(0.,0.,-1.));
#38 = ORIENTED_EDGE('',*,*,#39,.T.);
#39 = EDGE_CURVE('',#32,#40,#42,.T.);
#40 = VERTEX_POINT('',#41);
#41 = CARTESIAN_POINT('',(-10.5,-10.25,9.4));
#42 = LINE('',#43,#44);
#43 = CARTESIAN_POINT('',(-10.5,12.25,9.4));
#44 = VECTOR('',#45,1.);
#45 = DIRECTION('',(0.,-1.,0.));
#46 = ORIENTED_EDGE('',*,*,#47,.T.);
#47 = EDGE_CURVE('',#40,#24,#48,.T.);
#48 = LINE('',#49,#50);
#49 = CARTESIAN_POINT('',(-10.5,-10.25,9.4));
#50 = VECTOR('',#51,1.);
#51 = DIRECTION('',(0.,0.,-1.));
#52 = PLANE('',#53);
#53 = AXIS2_PLACEMENT_3D('',#54,#55,#56);
#54 = CARTESIAN_POINT('',(-10.5,12.25,9.4));
#55 = DIRECTION('',(1.,0.,0.));
#56 = DIRECTION('',(0.,0.,-1.));
#57 = ADVANCED_FACE('',(#58),#133,.T.);
#58 = FACE_BOUND('',#59,.T.);
#59 = EDGE_LOOP('',(#60,#61,#70,#78,#86,#94,#102,#110,#118,#126));
#60 = ORIENTED_EDGE('',*,*,#21,.F.);
#61 = ORIENTED_EDGE('',*,*,#62,.T.);
#62 = EDGE_CURVE('',#22,#63,#65,.T.);
#63 = VERTEX_POINT('',#64);
#64 = CARTESIAN_POINT('',(-8.5,12.25,5.));
#65 = CIRCLE('',#66,2.);
#66 = AXIS2_PLACEMENT_3D('',#67,#68,#69);
#67 = CARTESIAN_POINT('',(-8.5,10.25,5.));
#68 = DIRECTION('',(0.,0.,-1.));
#69 = DIRECTION('',(0.,1.,0.));
#70 = ORIENTED_EDGE('',*,*,#71,.T.);
#71 = EDGE_CURVE('',#63,#72,#74,.T.);
#72 = VERTEX_POINT('',#73);
#73 = CARTESIAN_POINT('',(2.8,12.25,5.));
#74 = LINE('',#75,#76);
#75 = CARTESIAN_POINT('',(-10.5,12.25,5.));
#76 = VECTOR('',#77,1.);
#77 = DIRECTION('',(1.,0.,0.));
#78 = ORIENTED_EDGE('',*,*,#79,.T.);
#79 = EDGE_CURVE('',#72,#80,#82,.T.);
#80 = VERTEX_POINT('',#81);
#81 = CARTESIAN_POINT('',(2.8,10.85,5.));
#82 = LINE('',#83,#84);
#83 = CARTESIAN_POINT('',(2.8,13.5,5.));
#84 = VECTOR('',#85,1.);
#85 = DIRECTION('',(0.,-1.,0.));
#86 = ORIENTED_EDGE('',*,*,#87,.T.);
#87 = EDGE_CURVE('',#80,#88,#90,.T.);
#88 = VERTEX_POINT('',#89);
#89 = CARTESIAN_POINT('',(-9.1,10.85,5.));
#90 = LINE('',#91,#92);
#91 = CARTESIAN_POINT('',(-9.8,10.85,5.));
#92 = VECTOR('',#93,1.);
#93 = DIRECTION('',(-1.,0.,-0.));
#94 = ORIENTED_EDGE('',*,*,#95,.T.);
#95 = EDGE_CURVE('',#88,#96,#98,.T.);
#96 = VERTEX_POINT('',#97);
#97 = CARTESIAN_POINT('',(-9.1,-10.85,5.));
#98 = LINE('',#99,#100);
#99 = CARTESIAN_POINT('',(-9.1,11.55,5.));
#100 = VECTOR('',#101,1.);
#101 = DIRECTION('',(0.,-1.,0.));
#102 = ORIENTED_EDGE('',*,*,#103,.F.);
#103 = EDGE_CURVE('',#104,#96,#106,.T.);
#104 = VERTEX_POINT('',#105);
#105 = CARTESIAN_POINT('',(-4.9,-10.85,5.));
#106 = LINE('',#107,#108);
#107 = CARTESIAN_POINT('',(-9.8,-10.85,5.));
#108 = VECTOR('',#109,1.);
#109 = DIRECTION('',(-1.,0.,-0.));
#110 = ORIENTED_EDGE('',*,*,#111,.T.);
#111 = EDGE_CURVE('',#104,#112,#114,.T.);
#112 = VERTEX_POINT('',#113);
#113 = CARTESIAN_POINT('',(-4.9,-12.25,5.));
#114 = LINE('',#115,#116);
#115 = CARTESIAN_POINT('',(-4.9,0.95,5.));
#116 = VECTOR('',#117,1.);
#117 = DIRECTION('',(0.,-1.,0.));
#118 = ORIENTED_EDGE('',*,*,#119,.F.);
#119 = EDGE_CURVE('',#120,#112,#122,.T.);
#120 = VERTEX_POINT('',#121);
#121 = CARTESIAN_POINT('',(-8.5,-12.25,5.));
#122 = LINE('',#123,#124);
#123 = CARTESIAN_POINT('',(-10.5,-12.25,5.));
#124 = VECTOR('',#125,1.);
#125 = DIRECTION('',(1.,0.,0.));
#126 = ORIENTED_EDGE('',*,*,#127,.F.);
#127 = EDGE_CURVE('',#24,#120,#128,.T.);
#128 = CIRCLE('',#129,2.);
#129 = AXIS2_PLACEMENT_3D('',#130,#131,#132);
#130 = CARTESIAN_POINT('',(-8.5,-10.25,5.));
#131 = DIRECTION('',(0.,-0.,1.));
#132 = DIRECTION('',(0.,1.,0.));
#133 = PLANE('',#134);
#134 = AXIS2_PLACEMENT_3D('',#135,#136,#137);
#135 = CARTESIAN_POINT('',(-10.5,12.25,5.));
#136 = DIRECTION('',(0.,0.,-1.));
#137 = DIRECTION('',(1.,0.,0.));
#138 = ADVANCED_FACE('',(#139),#158,.T.);
#139 = FACE_BOUND('',#140,.T.);
#140 = EDGE_LOOP('',(#141,#150,#156,#157));
#141 = ORIENTED_EDGE('',*,*,#142,.T.);
#142 = EDGE_CURVE('',#32,#143,#145,.T.);
#143 = VERTEX_POINT('',#144);
#144 = CARTESIAN_POINT('',(-8.5,12.25,9.4));
#145 = CIRCLE('',#146,2.);
#146 = AXIS2_PLACEMENT_3D('',#147,#148,#149);
#147 = CARTESIAN_POINT('',(-8.5,10.25,9.4));
#148 = DIRECTION('',(0.,0.,-1.));
#149 = DIRECTION('',(0.,1.,0.));
#150 = ORIENTED_EDGE('',*,*,#151,.T.);
#151 = EDGE_CURVE('',#143,#63,#152,.T.);
#152 = LINE('',#153,#154);
#153 = CARTESIAN_POINT('',(-8.5,12.25,9.4));
#154 = VECTOR('',#155,1.);
#155 = DIRECTION('',(0.,0.,-1.));
#156 = ORIENTED_EDGE('',*,*,#62,.F.);
#157 = ORIENTED_EDGE('',*,*,#31,.F.);
#158 = CYLINDRICAL_SURFACE('',#159,2.);
#159 = AXIS2_PLACEMENT_3D('',#160,#161,#162);
#160 = CARTESIAN_POINT('',(-8.5,10.25,9.4));
#161 = DIRECTION('',(0.,0.,-1.));
#162 = DIRECTION('',(-1.,0.,-0.));
#163 = ADVANCED_FACE('',(#164),#183,.T.);
#164 = FACE_BOUND('',#165,.F.);
#165 = EDGE_LOOP('',(#166,#175,#181,#182));
#166 = ORIENTED_EDGE('',*,*,#167,.T.);
#167 = EDGE_CURVE('',#40,#168,#170,.T.);
#168 = VERTEX_POINT('',#169);
#169 = CARTESIAN_POINT('',(-8.5,-12.25,9.4));
#170 = CIRCLE('',#171,2.);
#171 = AXIS2_PLACEMENT_3D('',#172,#173,#174);
#172 = CARTESIAN_POINT('',(-8.5,-10.25,9.4));
#173 = DIRECTION('',(0.,-0.,1.));
#174 = DIRECTION('',(0.,1.,0.));
#175 = ORIENTED_EDGE('',*,*,#176,.T.);
#176 = EDGE_CURVE('',#168,#120,#177,.T.);
#177 = LINE('',#178,#179);
#178 = CARTESIAN_POINT('',(-8.5,-12.25,9.4));
#179 = VECTOR('',#180,1.);
#180 = DIRECTION('',(0.,0.,-1.));
#181 = ORIENTED_EDGE('',*,*,#127,.F.);
#182 = ORIENTED_EDGE('',*,*,#47,.F.);
#183 = CYLINDRICAL_SURFACE('',#184,2.);
#184 = AXIS2_PLACEMENT_3D('',#185,#186,#187);
#185 = CARTESIAN_POINT('',(-8.5,-10.25,9.4));
#186 = DIRECTION('',(0.,0.,-1.));
#187 = DIRECTION('',(-1.,0.,-0.));
#188 = ADVANCED_FACE('',(#189,#258,#269,#339,#350,#420),#431,.F.);
#189 = FACE_BOUND('',#190,.F.);
#190 = EDGE_LOOP('',(#191,#192,#193,#201,#209,#217,#226,#234,#242,#251,
    #257));
#191 = ORIENTED_EDGE('',*,*,#39,.F.);
#192 = ORIENTED_EDGE('',*,*,#142,.T.);
#193 = ORIENTED_EDGE('',*,*,#194,.T.);
#194 = EDGE_CURVE('',#143,#195,#197,.T.);
#195 = VERTEX_POINT('',#196);
#196 = CARTESIAN_POINT('',(2.8,12.25,9.4));
#197 = LINE('',#198,#199);
#198 = CARTESIAN_POINT('',(-10.5,12.25,9.4));
#199 = VECTOR('',#200,1.);
#200 = DIRECTION('',(1.,0.,0.));
#201 = ORIENTED_EDGE('',*,*,#202,.T.);
#202 = EDGE_CURVE('',#195,#203,#205,.T.);
#203 = VERTEX_POINT('',#204);
#204 = CARTESIAN_POINT('',(2.8,9.5,9.4));
#205 = LINE('',#206,#207);
#206 = CARTESIAN_POINT('',(2.8,13.5,9.4));
#207 = VECTOR('',#208,1.);
#208 = DIRECTION('',(0.,-1.,0.));
#209 = ORIENTED_EDGE('',*,*,#210,.T.);
#210 = EDGE_CURVE('',#203,#211,#213,.T.);
#211 = VERTEX_POINT('',#212);
#212 = CARTESIAN_POINT('',(4.678362646751,9.5,9.4));
#213 = LINE('',#214,#215);
#214 = CARTESIAN_POINT('',(2.8,9.5,9.4));
#215 = VECTOR('',#216,1.);
#216 = DIRECTION('',(1.,0.,0.));
#217 = ORIENTED_EDGE('',*,*,#218,.F.);
#218 = EDGE_CURVE('',#219,#211,#221,.T.);
#219 = VERTEX_POINT('',#220);
#220 = CARTESIAN_POINT('',(9.321637353249,9.5,9.4));
#221 = CIRCLE('',#222,4.2);
#222 = AXIS2_PLACEMENT_3D('',#223,#224,#225);
#223 = CARTESIAN_POINT('',(7.,13.,9.4));
#224 = DIRECTION('',(0.,0.,-1.));
#225 = DIRECTION('',(1.,0.,0.));
#226 = ORIENTED_EDGE('',*,*,#227,.T.);
#227 = EDGE_CURVE('',#219,#228,#230,.T.);
#228 = VERTEX_POINT('',#229);
#229 = CARTESIAN_POINT('',(10.5,9.5,9.4));
#230 = LINE('',#231,#232);
#231 = CARTESIAN_POINT('',(2.8,9.5,9.4));
#232 = VECTOR('',#233,1.);
#233 = DIRECTION('',(1.,0.,0.));
#234 = ORIENTED_EDGE('',*,*,#235,.T.);
#235 = EDGE_CURVE('',#228,#236,#238,.T.);
#236 = VERTEX_POINT('',#237);
#237 = CARTESIAN_POINT('',(10.5,-10.25,9.4));
#238 = LINE('',#239,#240);
#239 = CARTESIAN_POINT('',(10.5,12.25,9.4));
#240 = VECTOR('',#241,1.);
#241 = DIRECTION('',(0.,-1.,0.));
#242 = ORIENTED_EDGE('',*,*,#243,.T.);
#243 = EDGE_CURVE('',#236,#244,#246,.T.);
#244 = VERTEX_POINT('',#245);
#245 = CARTESIAN_POINT('',(8.5,-12.25,9.4));
#246 = CIRCLE('',#247,2.);
#247 = AXIS2_PLACEMENT_3D('',#248,#249,#250);
#248 = CARTESIAN_POINT('',(8.5,-10.25,9.4));
#249 = DIRECTION('',(0.,0.,-1.));
#250 = DIRECTION('',(0.,1.,0.));
#251 = ORIENTED_EDGE('',*,*,#252,.F.);
#252 = EDGE_CURVE('',#168,#244,#253,.T.);
#253 = LINE('',#254,#255);
#254 = CARTESIAN_POINT('',(-10.5,-12.25,9.4));
#255 = VECTOR('',#256,1.);
#256 = DIRECTION('',(1.,0.,0.));
#257 = ORIENTED_EDGE('',*,*,#167,.F.);
#258 = FACE_BOUND('',#259,.F.);
#259 = EDGE_LOOP('',(#260));
#260 = ORIENTED_EDGE('',*,*,#261,.F.);
#261 = EDGE_CURVE('',#262,#262,#264,.T.);
#262 = VERTEX_POINT('',#263);
#263 = CARTESIAN_POINT('',(0.9,2.,9.4));
#264 = CIRCLE('',#265,0.9);
#265 = AXIS2_PLACEMENT_3D('',#266,#267,#268);
#266 = CARTESIAN_POINT('',(0.,2.,9.4));
#267 = DIRECTION('',(0.,0.,-1.));
#268 = DIRECTION('',(1.,0.,0.));
#269 = FACE_BOUND('',#270,.F.);
#270 = EDGE_LOOP('',(#271,#282,#290,#299,#307,#316,#324,#333));
#271 = ORIENTED_EDGE('',*,*,#272,.F.);
#272 = EDGE_CURVE('',#273,#275,#277,.T.);
#273 = VERTEX_POINT('',#274);
#274 = CARTESIAN_POINT('',(-8.92,7.5,9.4));
#275 = VERTEX_POINT('',#276);
#276 = CARTESIAN_POINT('',(-7.72,8.7,9.4));
#277 = CIRCLE('',#278,1.2);
#278 = AXIS2_PLACEMENT_3D('',#279,#280,#281);
#279 = CARTESIAN_POINT('',(-7.72,7.5,9.4));
#280 = DIRECTION('',(0.,0.,-1.));
#281 = DIRECTION('',(-1.,0.,-0.));
#282 = ORIENTED_EDGE('',*,*,#283,.T.);
#283 = EDGE_CURVE('',#273,#284,#286,.T.);
#284 = VERTEX_POINT('',#285);
#285 = CARTESIAN_POINT('',(-8.92,-7.5,9.4));
#286 = LINE('',#287,#288);
#287 = CARTESIAN_POINT('',(-8.92,10.475,9.4));
#288 = VECTOR('',#289,1.);
#289 = DIRECTION('',(0.,-1.,0.));
#290 = ORIENTED_EDGE('',*,*,#291,.F.);
#291 = EDGE_CURVE('',#292,#284,#294,.T.);
#292 = VERTEX_POINT('',#293);
#293 = CARTESIAN_POINT('',(-7.72,-8.7,9.4));
#294 = CIRCLE('',#295,1.2);
#295 = AXIS2_PLACEMENT_3D('',#296,#297,#298);
#296 = CARTESIAN_POINT('',(-7.72,-7.5,9.4));
#297 = DIRECTION('',(0.,0.,-1.));
#298 = DIRECTION('',(-1.,0.,-0.));
#299 = ORIENTED_EDGE('',*,*,#300,.F.);
#300 = EDGE_CURVE('',#301,#292,#303,.T.);
#301 = VERTEX_POINT('',#302);
#302 = CARTESIAN_POINT('',(-7.52,-8.7,9.4));
#303 = LINE('',#304,#305);
#304 = CARTESIAN_POINT('',(-9.71,-8.7,9.4));
#305 = VECTOR('',#306,1.);
#306 = DIRECTION('',(-1.,0.,-0.));
#307 = ORIENTED_EDGE('',*,*,#308,.F.);
#308 = EDGE_CURVE('',#309,#301,#311,.T.);
#309 = VERTEX_POINT('',#310);
#310 = CARTESIAN_POINT('',(-6.32,-7.5,9.4));
#311 = CIRCLE('',#312,1.2);
#312 = AXIS2_PLACEMENT_3D('',#313,#314,#315);
#313 = CARTESIAN_POINT('',(-7.52,-7.5,9.4));
#314 = DIRECTION('',(0.,0.,-1.));
#315 = DIRECTION('',(1.,0.,0.));
#316 = ORIENTED_EDGE('',*,*,#317,.F.);
#317 = EDGE_CURVE('',#318,#309,#320,.T.);
#318 = VERTEX_POINT('',#319);
#319 = CARTESIAN_POINT('',(-6.32,7.5,9.4));
#320 = LINE('',#321,#322);
#321 = CARTESIAN_POINT('',(-6.32,10.475,9.4));
#322 = VECTOR('',#323,1.);
#323 = DIRECTION('',(0.,-1.,0.));
#324 = ORIENTED_EDGE('',*,*,#325,.F.);
#325 = EDGE_CURVE('',#326,#318,#328,.T.);
#326 = VERTEX_POINT('',#327);
#327 = CARTESIAN_POINT('',(-7.52,8.7,9.4));
#328 = CIRCLE('',#329,1.2);
#329 = AXIS2_PLACEMENT_3D('',#330,#331,#332);
#330 = CARTESIAN_POINT('',(-7.52,7.5,9.4));
#331 = DIRECTION('',(0.,0.,-1.));
#332 = DIRECTION('',(1.,0.,0.));
#333 = ORIENTED_EDGE('',*,*,#334,.T.);
#334 = EDGE_CURVE('',#326,#275,#335,.T.);
#335 = LINE('',#336,#337);
#336 = CARTESIAN_POINT('',(-9.71,8.7,9.4));
#337 = VECTOR('',#338,1.);
#338 = DIRECTION('',(-1.,0.,-0.));
#339 = FACE_BOUND('',#340,.F.);
#340 = EDGE_LOOP('',(#341));
#341 = ORIENTED_EDGE('',*,*,#342,.F.);
#342 = EDGE_CURVE('',#343,#343,#345,.T.);
#343 = VERTEX_POINT('',#344);
#344 = CARTESIAN_POINT('',(-3.,-4.5,9.4));
#345 = CIRCLE('',#346,1.);
#346 = AXIS2_PLACEMENT_3D('',#347,#348,#349);
#347 = CARTESIAN_POINT('',(-4.,-4.5,9.4));
#348 = DIRECTION('',(0.,0.,-1.));
#349 = DIRECTION('',(1.,0.,0.));
#350 = FACE_BOUND('',#351,.F.);
#351 = EDGE_LOOP('',(#352,#363,#371,#380,#388,#397,#405,#414));
#352 = ORIENTED_EDGE('',*,*,#353,.F.);
#353 = EDGE_CURVE('',#354,#356,#358,.T.);
#354 = VERTEX_POINT('',#355);
#355 = CARTESIAN_POINT('',(6.32,7.5,9.4));
#356 = VERTEX_POINT('',#357);
#357 = CARTESIAN_POINT('',(7.52,8.7,9.4));
#358 = CIRCLE('',#359,1.2);
#359 = AXIS2_PLACEMENT_3D('',#360,#361,#362);
#360 = CARTESIAN_POINT('',(7.52,7.5,9.4));
#361 = DIRECTION('',(0.,0.,-1.));
#362 = DIRECTION('',(-1.,0.,-0.));
#363 = ORIENTED_EDGE('',*,*,#364,.T.);
#364 = EDGE_CURVE('',#354,#365,#367,.T.);
#365 = VERTEX_POINT('',#366);
#366 = CARTESIAN_POINT('',(6.32,-7.5,9.4));
#367 = LINE('',#368,#369);
#368 = CARTESIAN_POINT('',(6.32,10.475,9.4));
#369 = VECTOR('',#370,1.);
#370 = DIRECTION('',(0.,-1.,0.));
#371 = ORIENTED_EDGE('',*,*,#372,.F.);
#372 = EDGE_CURVE('',#373,#365,#375,.T.);
#373 = VERTEX_POINT('',#374);
#374 = CARTESIAN_POINT('',(7.52,-8.7,9.4));
#375 = CIRCLE('',#376,1.2);
#376 = AXIS2_PLACEMENT_3D('',#377,#378,#379);
#377 = CARTESIAN_POINT('',(7.52,-7.5,9.4));
#378 = DIRECTION('',(0.,0.,-1.));
#379 = DIRECTION('',(-1.,0.,-0.));
#380 = ORIENTED_EDGE('',*,*,#381,.F.);
#381 = EDGE_CURVE('',#382,#373,#384,.T.);
#382 = VERTEX_POINT('',#383);
#383 = CARTESIAN_POINT('',(7.72,-8.7,9.4));
#384 = LINE('',#385,#386);
#385 = CARTESIAN_POINT('',(-2.09,-8.7,9.4));
#386 = VECTOR('',#387,1.);
#387 = DIRECTION('',(-1.,0.,-0.));
#388 = ORIENTED_EDGE('',*,*,#389,.F.);
#389 = EDGE_CURVE('',#390,#382,#392,.T.);
#390 = VERTEX_POINT('',#391);
#391 = CARTESIAN_POINT('',(8.92,-7.5,9.4));
#392 = CIRCLE('',#393,1.2);
#393 = AXIS2_PLACEMENT_3D('',#394,#395,#396);
#394 = CARTESIAN_POINT('',(7.72,-7.5,9.4));
#395 = DIRECTION('',(0.,0.,-1.));
#396 = DIRECTION('',(1.,0.,0.));
#397 = ORIENTED_EDGE('',*,*,#398,.F.);
#398 = EDGE_CURVE('',#399,#390,#401,.T.);
#399 = VERTEX_POINT('',#400);
#400 = CARTESIAN_POINT('',(8.92,7.5,9.4));
#401 = LINE('',#402,#403);
#402 = CARTESIAN_POINT('',(8.92,10.475,9.4));
#403 = VECTOR('',#404,1.);
#404 = DIRECTION('',(0.,-1.,0.));
#405 = ORIENTED_EDGE('',*,*,#406,.F.);
#406 = EDGE_CURVE('',#407,#399,#409,.T.);
#407 = VERTEX_POINT('',#408);
#408 = CARTESIAN_POINT('',(7.72,8.7,9.4));
#409 = CIRCLE('',#410,1.2);
#410 = AXIS2_PLACEMENT_3D('',#411,#412,#413);
#411 = CARTESIAN_POINT('',(7.72,7.5,9.4));
#412 = DIRECTION('',(0.,0.,-1.));
#413 = DIRECTION('',(1.,0.,0.));
#414 = ORIENTED_EDGE('',*,*,#415,.T.);
#415 = EDGE_CURVE('',#407,#356,#416,.T.);
#416 = LINE('',#417,#418);
#417 = CARTESIAN_POINT('',(-2.09,8.7,9.4));
#418 = VECTOR('',#419,1.);
#419 = DIRECTION('',(-1.,0.,-0.));
#420 = FACE_BOUND('',#421,.F.);
#421 = EDGE_LOOP('',(#422));
#422 = ORIENTED_EDGE('',*,*,#423,.F.);
#423 = EDGE_CURVE('',#424,#424,#426,.T.);
#424 = VERTEX_POINT('',#425);
#425 = CARTESIAN_POINT('',(5.,-4.5,9.4));
#426 = CIRCLE('',#427,1.);
#427 = AXIS2_PLACEMENT_3D('',#428,#429,#430);
#428 = CARTESIAN_POINT('',(4.,-4.5,9.4));
#429 = DIRECTION('',(0.,0.,-1.));
#430 = DIRECTION('',(1.,0.,0.));
#431 = PLANE('',#432);
#432 = AXIS2_PLACEMENT_3D('',#433,#434,#435);
#433 = CARTESIAN_POINT('',(-10.5,12.25,9.4));
#434 = DIRECTION('',(0.,0.,-1.));
#435 = DIRECTION('',(1.,0.,0.));
#436 = ADVANCED_FACE('',(#437),#480,.T.);
#437 = FACE_BOUND('',#438,.T.);
#438 = EDGE_LOOP('',(#439,#440,#441,#442,#450,#458,#466,#474));
#439 = ORIENTED_EDGE('',*,*,#252,.F.);
#440 = ORIENTED_EDGE('',*,*,#176,.T.);
#441 = ORIENTED_EDGE('',*,*,#119,.T.);
#442 = ORIENTED_EDGE('',*,*,#443,.T.);
#443 = EDGE_CURVE('',#112,#444,#446,.T.);
#444 = VERTEX_POINT('',#445);
#445 = CARTESIAN_POINT('',(-4.9,-12.25,7.4));
#446 = LINE('',#447,#448);
#447 = CARTESIAN_POINT('',(-4.9,-12.25,8.4));
#448 = VECTOR('',#449,1.);
#449 = DIRECTION('',(0.,-0.,1.));
#450 = ORIENTED_EDGE('',*,*,#451,.T.);
#451 = EDGE_CURVE('',#444,#452,#454,.T.);
#452 = VERTEX_POINT('',#453);
#453 = CARTESIAN_POINT('',(4.9,-12.25,7.4));
#454 = LINE('',#455,#456);
#455 = CARTESIAN_POINT('',(-7.7,-12.25,7.4));
#456 = VECTOR('',#457,1.);
#457 = DIRECTION('',(1.,0.,0.));
#458 = ORIENTED_EDGE('',*,*,#459,.F.);
#459 = EDGE_CURVE('',#460,#452,#462,.T.);
#460 = VERTEX_POINT('',#461);
#461 = CARTESIAN_POINT('',(4.9,-12.25,5.));
#462 = LINE('',#463,#464);
#463 = CARTESIAN_POINT('',(4.9,-12.25,8.4));
#464 = VECTOR('',#465,1.);
#465 = DIRECTION('',(0.,-0.,1.));
#466 = ORIENTED_EDGE('',*,*,#467,.T.);
#467 = EDGE_CURVE('',#460,#468,#470,.T.);
#468 = VERTEX_POINT('',#469);
#469 = CARTESIAN_POINT('',(8.5,-12.25,5.));
#470 = LINE('',#471,#472);
#471 = CARTESIAN_POINT('',(-10.5,-12.25,5.));
#472 = VECTOR('',#473,1.);
#473 = DIRECTION('',(1.,0.,0.));
#474 = ORIENTED_EDGE('',*,*,#475,.F.);
#475 = EDGE_CURVE('',#244,#468,#476,.T.);
#476 = LINE('',#477,#478);
#477 = CARTESIAN_POINT('',(8.5,-12.25,9.4));
#478 = VECTOR('',#479,1.);
#479 = DIRECTION('',(0.,0.,-1.));
#480 = PLANE('',#481);
#481 = AXIS2_PLACEMENT_3D('',#482,#483,#484);
#482 = CARTESIAN_POINT('',(-10.5,-12.25,9.4));
#483 = DIRECTION('',(0.,-1.,0.));
#484 = DIRECTION('',(0.,0.,-1.));
#485 = ADVANCED_FACE('',(#486),#504,.T.);
#486 = FACE_BOUND('',#487,.T.);
#487 = EDGE_LOOP('',(#488,#496,#502,#503));
#488 = ORIENTED_EDGE('',*,*,#489,.T.);
#489 = EDGE_CURVE('',#104,#490,#492,.T.);
#490 = VERTEX_POINT('',#491);
#491 = CARTESIAN_POINT('',(-4.9,-10.85,7.4));
#492 = LINE('',#493,#494);
#493 = CARTESIAN_POINT('',(-4.9,-10.85,7.8));
#494 = VECTOR('',#495,1.);
#495 = DIRECTION('',(0.,-0.,1.));
#496 = ORIENTED_EDGE('',*,*,#497,.T.);
#497 = EDGE_CURVE('',#490,#444,#498,.T.);
#498 = LINE('',#499,#500);
#499 = CARTESIAN_POINT('',(-4.9,-10.35,7.4));
#500 = VECTOR('',#501,1.);
#501 = DIRECTION('',(0.,-1.,0.));
#502 = ORIENTED_EDGE('',*,*,#443,.F.);
#503 = ORIENTED_EDGE('',*,*,#111,.F.);
#504 = PLANE('',#505);
#505 = AXIS2_PLACEMENT_3D('',#506,#507,#508);
#506 = CARTESIAN_POINT('',(-4.9,-10.35,7.4));
#507 = DIRECTION('',(1.,0.,0.));
#508 = DIRECTION('',(0.,0.,-1.));
#509 = ADVANCED_FACE('',(#510),#560,.F.);
#510 = FACE_BOUND('',#511,.F.);
#511 = EDGE_LOOP('',(#512,#522,#530,#536,#537,#538,#546,#554));
#512 = ORIENTED_EDGE('',*,*,#513,.F.);
#513 = EDGE_CURVE('',#514,#516,#518,.T.);
#514 = VERTEX_POINT('',#515);
#515 = CARTESIAN_POINT('',(9.1,-10.85,8.2));
#516 = VERTEX_POINT('',#517);
#517 = CARTESIAN_POINT('',(9.1,-10.85,5.));
#518 = LINE('',#519,#520);
#519 = CARTESIAN_POINT('',(9.1,-10.85,8.2));
#520 = VECTOR('',#521,1.);
#521 = DIRECTION('',(0.,0.,-1.));
#522 = ORIENTED_EDGE('',*,*,#523,.F.);
#523 = EDGE_CURVE('',#524,#514,#526,.T.);
#524 = VERTEX_POINT('',#525);
#525 = CARTESIAN_POINT('',(-9.1,-10.85,8.2));
#526 = LINE('',#527,#528);
#527 = CARTESIAN_POINT('',(-9.1,-10.85,8.2));
#528 = VECTOR('',#529,1.);
#529 = DIRECTION('',(1.,0.,0.));
#530 = ORIENTED_EDGE('',*,*,#531,.T.);
#531 = EDGE_CURVE('',#524,#96,#532,.T.);
#532 = LINE('',#533,#534);
#533 = CARTESIAN_POINT('',(-9.1,-10.85,8.2));
#534 = VECTOR('',#535,1.);
#535 = DIRECTION('',(0.,0.,-1.));
#536 = ORIENTED_EDGE('',*,*,#103,.F.);
#537 = ORIENTED_EDGE('',*,*,#489,.T.);
#538 = ORIENTED_EDGE('',*,*,#539,.T.);
#539 = EDGE_CURVE('',#490,#540,#542,.T.);
#540 = VERTEX_POINT('',#541);
#541 = CARTESIAN_POINT('',(4.9,-10.85,7.4));
#542 = LINE('',#543,#544);
#543 = CARTESIAN_POINT('',(-7.,-10.85,7.4));
#544 = VECTOR('',#545,1.);
#545 = DIRECTION('',(1.,0.,0.));
#546 = ORIENTED_EDGE('',*,*,#547,.F.);
#547 = EDGE_CURVE('',#548,#540,#550,.T.);
#548 = VERTEX_POINT('',#549);
#549 = CARTESIAN_POINT('',(4.9,-10.85,5.));
#550 = LINE('',#551,#552);
#551 = CARTESIAN_POINT('',(4.9,-10.85,7.8));
#552 = VECTOR('',#553,1.);
#553 = DIRECTION('',(0.,-0.,1.));
#554 = ORIENTED_EDGE('',*,*,#555,.F.);
#555 = EDGE_CURVE('',#516,#548,#556,.T.);
#556 = LINE('',#557,#558);
#557 = CARTESIAN_POINT('',(-9.8,-10.85,5.));
#558 = VECTOR('',#559,1.);
#559 = DIRECTION('',(-1.,0.,-0.));
#560 = PLANE('',#561);
#561 = AXIS2_PLACEMENT_3D('',#562,#563,#564);
#562 = CARTESIAN_POINT('',(-9.1,-10.85,8.2));
#563 = DIRECTION('',(0.,-1.,0.));
#564 = DIRECTION('',(0.,0.,-1.));
#565 = ADVANCED_FACE('',(#566),#584,.T.);
#566 = FACE_BOUND('',#567,.T.);
#567 = EDGE_LOOP('',(#568,#576,#582,#583));
#568 = ORIENTED_EDGE('',*,*,#569,.F.);
#569 = EDGE_CURVE('',#570,#88,#572,.T.);
#570 = VERTEX_POINT('',#571);
#571 = CARTESIAN_POINT('',(-9.1,10.85,8.2));
#572 = LINE('',#573,#574);
#573 = CARTESIAN_POINT('',(-9.1,10.85,8.2));
#574 = VECTOR('',#575,1.);
#575 = DIRECTION('',(0.,0.,-1.));
#576 = ORIENTED_EDGE('',*,*,#577,.T.);
#577 = EDGE_CURVE('',#570,#524,#578,.T.);
#578 = LINE('',#579,#580);
#579 = CARTESIAN_POINT('',(-9.1,10.85,8.2));
#580 = VECTOR('',#581,1.);
#581 = DIRECTION('',(0.,-1.,0.));
#582 = ORIENTED_EDGE('',*,*,#531,.T.);
#583 = ORIENTED_EDGE('',*,*,#95,.F.);
#584 = PLANE('',#585);
#585 = AXIS2_PLACEMENT_3D('',#586,#587,#588);
#586 = CARTESIAN_POINT('',(-9.1,10.85,8.2));
#587 = DIRECTION('',(1.,0.,0.));
#588 = DIRECTION('',(0.,0.,-1.));
#589 = ADVANCED_FACE('',(#590),#624,.T.);
#590 = FACE_BOUND('',#591,.T.);
#591 = EDGE_LOOP('',(#592,#602,#608,#609,#610,#618));
#592 = ORIENTED_EDGE('',*,*,#593,.F.);
#593 = EDGE_CURVE('',#594,#596,#598,.T.);
#594 = VERTEX_POINT('',#595);
#595 = CARTESIAN_POINT('',(9.1,10.85,8.2));
#596 = VERTEX_POINT('',#597);
#597 = CARTESIAN_POINT('',(9.1,10.85,5.));
#598 = LINE('',#599,#600);
#599 = CARTESIAN_POINT('',(9.1,10.85,8.2));
#600 = VECTOR('',#601,1.);
#601 = DIRECTION('',(0.,0.,-1.));
#602 = ORIENTED_EDGE('',*,*,#603,.F.);
#603 = EDGE_CURVE('',#570,#594,#604,.T.);
#604 = LINE('',#605,#606);
#605 = CARTESIAN_POINT('',(-9.1,10.85,8.2));
#606 = VECTOR('',#607,1.);
#607 = DIRECTION('',(1.,0.,0.));
#608 = ORIENTED_EDGE('',*,*,#569,.T.);
#609 = ORIENTED_EDGE('',*,*,#87,.F.);
#610 = ORIENTED_EDGE('',*,*,#611,.F.);
#611 = EDGE_CURVE('',#612,#80,#614,.T.);
#612 = VERTEX_POINT('',#613);
#613 = CARTESIAN_POINT('',(3.392022727344,10.85,5.));
#614 = LINE('',#615,#616);
#615 = CARTESIAN_POINT('',(-9.8,10.85,5.));
#616 = VECTOR('',#617,1.);
#617 = DIRECTION('',(-1.,0.,-0.));
#618 = ORIENTED_EDGE('',*,*,#619,.F.);
#619 = EDGE_CURVE('',#596,#612,#620,.T.);
#620 = LINE('',#621,#622);
#621 = CARTESIAN_POINT('',(-9.8,10.85,5.));
#622 = VECTOR('',#623,1.);
#623 = DIRECTION('',(-1.,0.,-0.));
#624 = PLANE('',#625);
#625 = AXIS2_PLACEMENT_3D('',#626,#627,#628);
#626 = CARTESIAN_POINT('',(-9.1,10.85,8.2));
#627 = DIRECTION('',(0.,-1.,0.));
#628 = DIRECTION('',(0.,0.,-1.));
#629 = ADVANCED_FACE('',(#630),#649,.T.);
#630 = FACE_BOUND('',#631,.T.);
#631 = EDGE_LOOP('',(#632,#633,#641,#648));
#632 = ORIENTED_EDGE('',*,*,#79,.F.);
#633 = ORIENTED_EDGE('',*,*,#634,.T.);
#634 = EDGE_CURVE('',#72,#635,#637,.T.);
#635 = VERTEX_POINT('',#636);
#636 = CARTESIAN_POINT('',(2.867506805813,12.25,5.));
#637 = LINE('',#638,#639);
#638 = CARTESIAN_POINT('',(-10.5,12.25,5.));
#639 = VECTOR('',#640,1.);
#640 = DIRECTION('',(1.,0.,0.));
#641 = ORIENTED_EDGE('',*,*,#642,.F.);
#642 = EDGE_CURVE('',#612,#635,#643,.T.);
#643 = CIRCLE('',#644,4.2);
#644 = AXIS2_PLACEMENT_3D('',#645,#646,#647);
#645 = CARTESIAN_POINT('',(7.,13.,5.));
#646 = DIRECTION('',(0.,0.,-1.));
#647 = DIRECTION('',(1.,0.,0.));
#648 = ORIENTED_EDGE('',*,*,#611,.T.);
#649 = PLANE('',#650);
#650 = AXIS2_PLACEMENT_3D('',#651,#652,#653);
#651 = CARTESIAN_POINT('',(-10.5,12.25,5.));
#652 = DIRECTION('',(0.,0.,-1.));
#653 = DIRECTION('',(1.,0.,0.));
#654 = ADVANCED_FACE('',(#655),#666,.F.);
#655 = FACE_BOUND('',#656,.F.);
#656 = EDGE_LOOP('',(#657,#658,#659,#660));
#657 = ORIENTED_EDGE('',*,*,#194,.F.);
#658 = ORIENTED_EDGE('',*,*,#151,.T.);
#659 = ORIENTED_EDGE('',*,*,#71,.T.);
#660 = ORIENTED_EDGE('',*,*,#661,.T.);
#661 = EDGE_CURVE('',#72,#195,#662,.T.);
#662 = LINE('',#663,#664);
#663 = CARTESIAN_POINT('',(2.8,12.25,9.4));
#664 = VECTOR('',#665,1.);
#665 = DIRECTION('',(0.,-0.,1.));
#666 = PLANE('',#667);
#667 = AXIS2_PLACEMENT_3D('',#668,#669,#670);
#668 = CARTESIAN_POINT('',(-10.5,12.25,9.4));
#669 = DIRECTION('',(0.,-1.,0.));
#670 = DIRECTION('',(0.,0.,-1.));
#671 = ADVANCED_FACE('',(#672),#691,.F.);
#672 = FACE_BOUND('',#673,.F.);
#673 = EDGE_LOOP('',(#674,#675,#683,#690));
#674 = ORIENTED_EDGE('',*,*,#202,.F.);
#675 = ORIENTED_EDGE('',*,*,#676,.T.);
#676 = EDGE_CURVE('',#195,#677,#679,.T.);
#677 = VERTEX_POINT('',#678);
#678 = CARTESIAN_POINT('',(2.867506805813,12.25,9.4));
#679 = LINE('',#680,#681);
#680 = CARTESIAN_POINT('',(-10.5,12.25,9.4));
#681 = VECTOR('',#682,1.);
#682 = DIRECTION('',(1.,0.,0.));
#683 = ORIENTED_EDGE('',*,*,#684,.F.);
#684 = EDGE_CURVE('',#211,#677,#685,.T.);
#685 = CIRCLE('',#686,4.2);
#686 = AXIS2_PLACEMENT_3D('',#687,#688,#689);
#687 = CARTESIAN_POINT('',(7.,13.,9.4));
#688 = DIRECTION('',(0.,0.,-1.));
#689 = DIRECTION('',(1.,0.,0.));
#690 = ORIENTED_EDGE('',*,*,#210,.F.);
#691 = PLANE('',#692);
#692 = AXIS2_PLACEMENT_3D('',#693,#694,#695);
#693 = CARTESIAN_POINT('',(-10.5,12.25,9.4));
#694 = DIRECTION('',(0.,0.,-1.));
#695 = DIRECTION('',(1.,0.,0.));
#696 = ADVANCED_FACE('',(#697),#716,.T.);
#697 = FACE_BOUND('',#698,.T.);
#698 = EDGE_LOOP('',(#699,#700,#701,#710));
#699 = ORIENTED_EDGE('',*,*,#243,.T.);
#700 = ORIENTED_EDGE('',*,*,#475,.T.);
#701 = ORIENTED_EDGE('',*,*,#702,.F.);
#702 = EDGE_CURVE('',#703,#468,#705,.T.);
#703 = VERTEX_POINT('',#704);
#704 = CARTESIAN_POINT('',(10.5,-10.25,5.));
#705 = CIRCLE('',#706,2.);
#706 = AXIS2_PLACEMENT_3D('',#707,#708,#709);
#707 = CARTESIAN_POINT('',(8.5,-10.25,5.));
#708 = DIRECTION('',(0.,0.,-1.));
#709 = DIRECTION('',(0.,1.,0.));
#710 = ORIENTED_EDGE('',*,*,#711,.F.);
#711 = EDGE_CURVE('',#236,#703,#712,.T.);
#712 = LINE('',#713,#714);
#713 = CARTESIAN_POINT('',(10.5,-10.25,9.4));
#714 = VECTOR('',#715,1.);
#715 = DIRECTION('',(0.,0.,-1.));
#716 = CYLINDRICAL_SURFACE('',#717,2.);
#717 = AXIS2_PLACEMENT_3D('',#718,#719,#720);
#718 = CARTESIAN_POINT('',(8.5,-10.25,9.4));
#719 = DIRECTION('',(0.,0.,-1.));
#720 = DIRECTION('',(1.,0.,0.));
#721 = ADVANCED_FACE('',(#722),#740,.T.);
#722 = FACE_BOUND('',#723,.T.);
#723 = EDGE_LOOP('',(#724,#732,#738,#739));
#724 = ORIENTED_EDGE('',*,*,#725,.F.);
#725 = EDGE_CURVE('',#726,#703,#728,.T.);
#726 = VERTEX_POINT('',#727);
#727 = CARTESIAN_POINT('',(10.5,9.5,5.));
#728 = LINE('',#729,#730);
#729 = CARTESIAN_POINT('',(10.5,12.25,5.));
#730 = VECTOR('',#731,1.);
#731 = DIRECTION('',(0.,-1.,0.));
#732 = ORIENTED_EDGE('',*,*,#733,.F.);
#733 = EDGE_CURVE('',#228,#726,#734,.T.);
#734 = LINE('',#735,#736);
#735 = CARTESIAN_POINT('',(10.5,9.5,9.4));
#736 = VECTOR('',#737,1.);
#737 = DIRECTION('',(0.,0.,-1.));
#738 = ORIENTED_EDGE('',*,*,#235,.T.);
#739 = ORIENTED_EDGE('',*,*,#711,.T.);
#740 = PLANE('',#741);
#741 = AXIS2_PLACEMENT_3D('',#742,#743,#744);
#742 = CARTESIAN_POINT('',(10.5,12.25,9.4));
#743 = DIRECTION('',(1.,0.,0.));
#744 = DIRECTION('',(0.,0.,-1.));
#745 = ADVANCED_FACE('',(#746),#755,.F.);
#746 = FACE_BOUND('',#747,.F.);
#747 = EDGE_LOOP('',(#748,#754));
#748 = ORIENTED_EDGE('',*,*,#749,.T.);
#749 = EDGE_CURVE('',#211,#219,#750,.T.);
#750 = LINE('',#751,#752);
#751 = CARTESIAN_POINT('',(2.8,9.5,9.4));
#752 = VECTOR('',#753,1.);
#753 = DIRECTION('',(1.,0.,0.));
#754 = ORIENTED_EDGE('',*,*,#218,.T.);
#755 = PLANE('',#756);
#756 = AXIS2_PLACEMENT_3D('',#757,#758,#759);
#757 = CARTESIAN_POINT('',(-10.5,12.25,9.4));
#758 = DIRECTION('',(0.,0.,-1.));
#759 = DIRECTION('',(1.,0.,0.));
#760 = ADVANCED_FACE('',(#761),#788,.F.);
#761 = FACE_BOUND('',#762,.F.);
#762 = EDGE_LOOP('',(#763,#771,#772,#781));
#763 = ORIENTED_EDGE('',*,*,#764,.T.);
#764 = EDGE_CURVE('',#765,#228,#767,.T.);
#765 = VERTEX_POINT('',#766);
#766 = CARTESIAN_POINT('',(10.5,10.25,9.4));
#767 = LINE('',#768,#769);
#768 = CARTESIAN_POINT('',(10.5,12.25,9.4));
#769 = VECTOR('',#770,1.);
#770 = DIRECTION('',(0.,-1.,0.));
#771 = ORIENTED_EDGE('',*,*,#227,.F.);
#772 = ORIENTED_EDGE('',*,*,#773,.F.);
#773 = EDGE_CURVE('',#774,#219,#776,.T.);
#774 = VERTEX_POINT('',#775);
#775 = CARTESIAN_POINT('',(10.464416350602,10.625590736692,9.4));
#776 = CIRCLE('',#777,4.2);
#777 = AXIS2_PLACEMENT_3D('',#778,#779,#780);
#778 = CARTESIAN_POINT('',(7.,13.,9.4));
#779 = DIRECTION('',(0.,0.,-1.));
#780 = DIRECTION('',(1.,0.,0.));
#781 = ORIENTED_EDGE('',*,*,#782,.F.);
#782 = EDGE_CURVE('',#765,#774,#783,.T.);
#783 = CIRCLE('',#784,2.);
#784 = AXIS2_PLACEMENT_3D('',#785,#786,#787);
#785 = CARTESIAN_POINT('',(8.5,10.25,9.4));
#786 = DIRECTION('',(0.,-0.,1.));
#787 = DIRECTION('',(0.,1.,0.));
#788 = PLANE('',#789);
#789 = AXIS2_PLACEMENT_3D('',#790,#791,#792);
#790 = CARTESIAN_POINT('',(-10.5,12.25,9.4));
#791 = DIRECTION('',(0.,0.,-1.));
#792 = DIRECTION('',(1.,0.,0.));
#793 = ADVANCED_FACE('',(#794),#813,.F.);
#794 = FACE_BOUND('',#795,.F.);
#795 = EDGE_LOOP('',(#796,#805,#811,#812));
#796 = ORIENTED_EDGE('',*,*,#797,.F.);
#797 = EDGE_CURVE('',#798,#798,#800,.T.);
#798 = VERTEX_POINT('',#799);
#799 = CARTESIAN_POINT('',(0.9,2.,8.2));
#800 = CIRCLE('',#801,0.9);
#801 = AXIS2_PLACEMENT_3D('',#802,#803,#804);
#802 = CARTESIAN_POINT('',(0.,2.,8.2));
#803 = DIRECTION('',(0.,0.,-1.));
#804 = DIRECTION('',(1.,0.,0.));
#805 = ORIENTED_EDGE('',*,*,#806,.F.);
#806 = EDGE_CURVE('',#262,#798,#807,.T.);
#807 = LINE('',#808,#809);
#808 = CARTESIAN_POINT('',(0.9,2.,11.4));
#809 = VECTOR('',#810,1.);
#810 = DIRECTION('',(0.,0.,-1.));
#811 = ORIENTED_EDGE('',*,*,#261,.T.);
#812 = ORIENTED_EDGE('',*,*,#806,.T.);
#813 = CYLINDRICAL_SURFACE('',#814,0.9);
#814 = AXIS2_PLACEMENT_3D('',#815,#816,#817);
#815 = CARTESIAN_POINT('',(0.,2.,11.4));
#816 = DIRECTION('',(0.,0.,-1.));
#817 = DIRECTION('',(1.,0.,0.));
#818 = ADVANCED_FACE('',(#819),#879,.F.);
#819 = FACE_BOUND('',#820,.F.);
#820 = EDGE_LOOP('',(#821,#829,#830,#838,#847,#855,#864,#872));
#821 = ORIENTED_EDGE('',*,*,#822,.F.);
#822 = EDGE_CURVE('',#273,#823,#825,.T.);
#823 = VERTEX_POINT('',#824);
#824 = CARTESIAN_POINT('',(-8.92,7.5,8.2));
#825 = LINE('',#826,#827);
#826 = CARTESIAN_POINT('',(-8.92,7.5,11.4));
#827 = VECTOR('',#828,1.);
#828 = DIRECTION('',(0.,0.,-1.));
#829 = ORIENTED_EDGE('',*,*,#272,.T.);
#830 = ORIENTED_EDGE('',*,*,#831,.T.);
#831 = EDGE_CURVE('',#275,#832,#834,.T.);
#832 = VERTEX_POINT('',#833);
#833 = CARTESIAN_POINT('',(-7.72,8.7,8.2));
#834 = LINE('',#835,#836);
#835 = CARTESIAN_POINT('',(-7.72,8.7,11.4));
#836 = VECTOR('',#837,1.);
#837 = DIRECTION('',(0.,0.,-1.));
#838 = ORIENTED_EDGE('',*,*,#839,.F.);
#839 = EDGE_CURVE('',#840,#832,#842,.T.);
#840 = VERTEX_POINT('',#841);
#841 = CARTESIAN_POINT('',(-8.23,8.586232019414,8.2));
#842 = CIRCLE('',#843,1.2);
#843 = AXIS2_PLACEMENT_3D('',#844,#845,#846);
#844 = CARTESIAN_POINT('',(-7.72,7.5,8.2));
#845 = DIRECTION('',(0.,0.,-1.));
#846 = DIRECTION('',(-1.,0.,-0.));
#847 = ORIENTED_EDGE('',*,*,#848,.T.);
#848 = EDGE_CURVE('',#840,#849,#851,.T.);
#849 = VERTEX_POINT('',#850);
#850 = CARTESIAN_POINT('',(-8.23,8.586232019414,3.5));
#851 = LINE('',#852,#853);
#852 = CARTESIAN_POINT('',(-8.23,8.586232019414,11.4));
#853 = VECTOR('',#854,1.);
#854 = DIRECTION('',(0.,0.,-1.));
#855 = ORIENTED_EDGE('',*,*,#856,.F.);
#856 = EDGE_CURVE('',#857,#849,#859,.T.);
#857 = VERTEX_POINT('',#858);
#858 = CARTESIAN_POINT('',(-8.586660256387,8.33,3.5));
#859 = CIRCLE('',#860,1.2);
#860 = AXIS2_PLACEMENT_3D('',#861,#862,#863);
#861 = CARTESIAN_POINT('',(-7.72,7.5,3.5));
#862 = DIRECTION('',(0.,0.,-1.));
#863 = DIRECTION('',(-1.,0.,-0.));
#864 = ORIENTED_EDGE('',*,*,#865,.F.);
#865 = EDGE_CURVE('',#866,#857,#868,.T.);
#866 = VERTEX_POINT('',#867);
#867 = CARTESIAN_POINT('',(-8.586660256387,8.33,8.2));
#868 = LINE('',#869,#870);
#869 = CARTESIAN_POINT('',(-8.586660256387,8.33,11.4));
#870 = VECTOR('',#871,1.);
#871 = DIRECTION('',(0.,0.,-1.));
#872 = ORIENTED_EDGE('',*,*,#873,.F.);
#873 = EDGE_CURVE('',#823,#866,#874,.T.);
#874 = CIRCLE('',#875,1.2);
#875 = AXIS2_PLACEMENT_3D('',#876,#877,#878);
#876 = CARTESIAN_POINT('',(-7.72,7.5,8.2));
#877 = DIRECTION('',(0.,0.,-1.));
#878 = DIRECTION('',(-1.,0.,-0.));
#879 = CYLINDRICAL_SURFACE('',#880,1.2);
#880 = AXIS2_PLACEMENT_3D('',#881,#882,#883);
#881 = CARTESIAN_POINT('',(-7.72,7.5,11.4));
#882 = DIRECTION('',(0.,0.,-1.));
#883 = DIRECTION('',(-1.,0.,-0.));
#884 = ADVANCED_FACE('',(#885),#903,.T.);
#885 = FACE_BOUND('',#886,.T.);
#886 = EDGE_LOOP('',(#887,#895,#896,#897));
#887 = ORIENTED_EDGE('',*,*,#888,.F.);
#888 = EDGE_CURVE('',#823,#889,#891,.T.);
#889 = VERTEX_POINT('',#890);
#890 = CARTESIAN_POINT('',(-8.92,-7.5,8.2));
#891 = LINE('',#892,#893);
#892 = CARTESIAN_POINT('',(-8.92,9.775,8.2));
#893 = VECTOR('',#894,1.);
#894 = DIRECTION('',(0.,-1.,0.));
#895 = ORIENTED_EDGE('',*,*,#822,.F.);
#896 = ORIENTED_EDGE('',*,*,#283,.T.);
#897 = ORIENTED_EDGE('',*,*,#898,.T.);
#898 = EDGE_CURVE('',#284,#889,#899,.T.);
#899 = LINE('',#900,#901);
#900 = CARTESIAN_POINT('',(-8.92,-7.5,11.4));
#901 = VECTOR('',#902,1.);
#902 = DIRECTION('',(0.,0.,-1.));
#903 = PLANE('',#904);
#904 = AXIS2_PLACEMENT_3D('',#905,#906,#907);
#905 = CARTESIAN_POINT('',(-8.92,8.7,11.4));
#906 = DIRECTION('',(1.,0.,0.));
#907 = DIRECTION('',(0.,0.,-1.));
#908 = ADVANCED_FACE('',(#909),#927,.T.);
#909 = FACE_BOUND('',#910,.T.);
#910 = EDGE_LOOP('',(#911,#912,#913,#921));
#911 = ORIENTED_EDGE('',*,*,#334,.T.);
#912 = ORIENTED_EDGE('',*,*,#831,.T.);
#913 = ORIENTED_EDGE('',*,*,#914,.F.);
#914 = EDGE_CURVE('',#915,#832,#917,.T.);
#915 = VERTEX_POINT('',#916);
#916 = CARTESIAN_POINT('',(-7.52,8.7,8.2));
#917 = LINE('',#918,#919);
#918 = CARTESIAN_POINT('',(-9.01,8.7,8.2));
#919 = VECTOR('',#920,1.);
#920 = DIRECTION('',(-1.,0.,-0.));
#921 = ORIENTED_EDGE('',*,*,#922,.F.);
#922 = EDGE_CURVE('',#326,#915,#923,.T.);
#923 = LINE('',#924,#925);
#924 = CARTESIAN_POINT('',(-7.52,8.7,11.4));
#925 = VECTOR('',#926,1.);
#926 = DIRECTION('',(0.,0.,-1.));
#927 = PLANE('',#928);
#928 = AXIS2_PLACEMENT_3D('',#929,#930,#931);
#929 = CARTESIAN_POINT('',(-8.92,8.7,11.4));
#930 = DIRECTION('',(0.,-1.,0.));
#931 = DIRECTION('',(0.,0.,-1.));
#932 = ADVANCED_FACE('',(#933),#986,.F.);
#933 = FACE_BOUND('',#934,.T.);
#934 = EDGE_LOOP('',(#935,#936,#937,#945,#954,#962,#971,#979));
#935 = ORIENTED_EDGE('',*,*,#898,.F.);
#936 = ORIENTED_EDGE('',*,*,#291,.F.);
#937 = ORIENTED_EDGE('',*,*,#938,.T.);
#938 = EDGE_CURVE('',#292,#939,#941,.T.);
#939 = VERTEX_POINT('',#940);
#940 = CARTESIAN_POINT('',(-7.72,-8.7,8.2));
#941 = LINE('',#942,#943);
#942 = CARTESIAN_POINT('',(-7.72,-8.7,11.4));
#943 = VECTOR('',#944,1.);
#944 = DIRECTION('',(0.,0.,-1.));
#945 = ORIENTED_EDGE('',*,*,#946,.T.);
#946 = EDGE_CURVE('',#939,#947,#949,.T.);
#947 = VERTEX_POINT('',#948);
#948 = CARTESIAN_POINT('',(-8.23,-8.586232019414,8.2));
#949 = CIRCLE('',#950,1.2);
#950 = AXIS2_PLACEMENT_3D('',#951,#952,#953);
#951 = CARTESIAN_POINT('',(-7.72,-7.5,8.2));
#952 = DIRECTION('',(0.,0.,-1.));
#953 = DIRECTION('',(-1.,0.,-0.));
#954 = ORIENTED_EDGE('',*,*,#955,.T.);
#955 = EDGE_CURVE('',#947,#956,#958,.T.);
#956 = VERTEX_POINT('',#957);
#957 = CARTESIAN_POINT('',(-8.23,-8.586232019414,3.5));
#958 = LINE('',#959,#960);
#959 = CARTESIAN_POINT('',(-8.23,-8.586232019414,11.4));
#960 = VECTOR('',#961,1.);
#961 = DIRECTION('',(0.,0.,-1.));
#962 = ORIENTED_EDGE('',*,*,#963,.T.);
#963 = EDGE_CURVE('',#956,#964,#966,.T.);
#964 = VERTEX_POINT('',#965);
#965 = CARTESIAN_POINT('',(-8.586660256387,-8.33,3.5));
#966 = CIRCLE('',#967,1.2);
#967 = AXIS2_PLACEMENT_3D('',#968,#969,#970);
#968 = CARTESIAN_POINT('',(-7.72,-7.5,3.5));
#969 = DIRECTION('',(0.,0.,-1.));
#970 = DIRECTION('',(-1.,0.,-0.));
#971 = ORIENTED_EDGE('',*,*,#972,.F.);
#972 = EDGE_CURVE('',#973,#964,#975,.T.);
#973 = VERTEX_POINT('',#974);
#974 = CARTESIAN_POINT('',(-8.586660256387,-8.33,8.2));
#975 = LINE('',#976,#977);
#976 = CARTESIAN_POINT('',(-8.586660256387,-8.33,11.4));
#977 = VECTOR('',#978,1.);
#978 = DIRECTION('',(0.,0.,-1.));
#979 = ORIENTED_EDGE('',*,*,#980,.T.);
#980 = EDGE_CURVE('',#973,#889,#981,.T.);
#981 = CIRCLE('',#982,1.2);
#982 = AXIS2_PLACEMENT_3D('',#983,#984,#985);
#983 = CARTESIAN_POINT('',(-7.72,-7.5,8.2));
#984 = DIRECTION('',(0.,0.,-1.));
#985 = DIRECTION('',(-1.,0.,-0.));
#986 = CYLINDRICAL_SURFACE('',#987,1.2);
#987 = AXIS2_PLACEMENT_3D('',#988,#989,#990);
#988 = CARTESIAN_POINT('',(-7.72,-7.5,11.4));
#989 = DIRECTION('',(0.,0.,-1.));
#990 = DIRECTION('',(-1.,0.,-0.));
#991 = ADVANCED_FACE('',(#992),#1011,.F.);
#992 = FACE_BOUND('',#993,.T.);
#993 = EDGE_LOOP('',(#994,#1002,#1003,#1004));
#994 = ORIENTED_EDGE('',*,*,#995,.F.);
#995 = EDGE_CURVE('',#318,#996,#998,.T.);
#996 = VERTEX_POINT('',#997);
#997 = CARTESIAN_POINT('',(-6.32,7.5,8.2));
#998 = LINE('',#999,#1000);
#999 = CARTESIAN_POINT('',(-6.32,7.5,11.4));
#1000 = VECTOR('',#1001,1.);
#1001 = DIRECTION('',(0.,0.,-1.));
#1002 = ORIENTED_EDGE('',*,*,#325,.F.);
#1003 = ORIENTED_EDGE('',*,*,#922,.T.);
#1004 = ORIENTED_EDGE('',*,*,#1005,.T.);
#1005 = EDGE_CURVE('',#915,#996,#1006,.T.);
#1006 = CIRCLE('',#1007,1.2);
#1007 = AXIS2_PLACEMENT_3D('',#1008,#1009,#1010);
#1008 = CARTESIAN_POINT('',(-7.52,7.5,8.2));
#1009 = DIRECTION('',(0.,0.,-1.));
#1010 = DIRECTION('',(1.,0.,0.));
#1011 = CYLINDRICAL_SURFACE('',#1012,1.2);
#1012 = AXIS2_PLACEMENT_3D('',#1013,#1014,#1015);
#1013 = CARTESIAN_POINT('',(-7.52,7.5,11.4));
#1014 = DIRECTION('',(0.,0.,-1.));
#1015 = DIRECTION('',(1.,0.,0.));
#1016 = ADVANCED_FACE('',(#1017),#1035,.F.);
#1017 = FACE_BOUND('',#1018,.F.);
#1018 = EDGE_LOOP('',(#1019,#1020,#1021,#1029));
#1019 = ORIENTED_EDGE('',*,*,#300,.T.);
#1020 = ORIENTED_EDGE('',*,*,#938,.T.);
#1021 = ORIENTED_EDGE('',*,*,#1022,.F.);
#1022 = EDGE_CURVE('',#1023,#939,#1025,.T.);
#1023 = VERTEX_POINT('',#1024);
#1024 = CARTESIAN_POINT('',(-7.52,-8.7,8.2));
#1025 = LINE('',#1026,#1027);
#1026 = CARTESIAN_POINT('',(-9.01,-8.7,8.2));
#1027 = VECTOR('',#1028,1.);
#1028 = DIRECTION('',(-1.,0.,-0.));
#1029 = ORIENTED_EDGE('',*,*,#1030,.F.);
#1030 = EDGE_CURVE('',#301,#1023,#1031,.T.);
#1031 = LINE('',#1032,#1033);
#1032 = CARTESIAN_POINT('',(-7.52,-8.7,11.4));
#1033 = VECTOR('',#1034,1.);
#1034 = DIRECTION('',(0.,0.,-1.));
#1035 = PLANE('',#1036);
#1036 = AXIS2_PLACEMENT_3D('',#1037,#1038,#1039);
#1037 = CARTESIAN_POINT('',(-8.92,-8.7,11.4));
#1038 = DIRECTION('',(0.,-1.,0.));
#1039 = DIRECTION('',(0.,0.,-1.));
#1040 = ADVANCED_FACE('',(#1041),#1059,.F.);
#1041 = FACE_BOUND('',#1042,.F.);
#1042 = EDGE_LOOP('',(#1043,#1051,#1052,#1053));
#1043 = ORIENTED_EDGE('',*,*,#1044,.F.);
#1044 = EDGE_CURVE('',#996,#1045,#1047,.T.);
#1045 = VERTEX_POINT('',#1046);
#1046 = CARTESIAN_POINT('',(-6.32,-7.5,8.2));
#1047 = LINE('',#1048,#1049);
#1048 = CARTESIAN_POINT('',(-6.32,9.775,8.2));
#1049 = VECTOR('',#1050,1.);
#1050 = DIRECTION('',(0.,-1.,0.));
#1051 = ORIENTED_EDGE('',*,*,#995,.F.);
#1052 = ORIENTED_EDGE('',*,*,#317,.T.);
#1053 = ORIENTED_EDGE('',*,*,#1054,.T.);
#1054 = EDGE_CURVE('',#309,#1045,#1055,.T.);
#1055 = LINE('',#1056,#1057);
#1056 = CARTESIAN_POINT('',(-6.32,-7.5,11.4));
#1057 = VECTOR('',#1058,1.);
#1058 = DIRECTION('',(0.,0.,-1.));
#1059 = PLANE('',#1060);
#1060 = AXIS2_PLACEMENT_3D('',#1061,#1062,#1063);
#1061 = CARTESIAN_POINT('',(-6.32,8.7,11.4));
#1062 = DIRECTION('',(1.,0.,0.));
#1063 = DIRECTION('',(0.,0.,-1.));
#1064 = ADVANCED_FACE('',(#1065),#1077,.F.);
#1065 = FACE_BOUND('',#1066,.F.);
#1066 = EDGE_LOOP('',(#1067,#1068,#1069,#1070));
#1067 = ORIENTED_EDGE('',*,*,#1054,.F.);
#1068 = ORIENTED_EDGE('',*,*,#308,.T.);
#1069 = ORIENTED_EDGE('',*,*,#1030,.T.);
#1070 = ORIENTED_EDGE('',*,*,#1071,.F.);
#1071 = EDGE_CURVE('',#1045,#1023,#1072,.T.);
#1072 = CIRCLE('',#1073,1.2);
#1073 = AXIS2_PLACEMENT_3D('',#1074,#1075,#1076);
#1074 = CARTESIAN_POINT('',(-7.52,-7.5,8.2));
#1075 = DIRECTION('',(0.,0.,-1.));
#1076 = DIRECTION('',(1.,0.,0.));
#1077 = CYLINDRICAL_SURFACE('',#1078,1.2);
#1078 = AXIS2_PLACEMENT_3D('',#1079,#1080,#1081);
#1079 = CARTESIAN_POINT('',(-7.52,-7.5,11.4));
#1080 = DIRECTION('',(0.,0.,-1.));
#1081 = DIRECTION('',(1.,0.,0.));
#1082 = ADVANCED_FACE('',(#1083),#1102,.F.);
#1083 = FACE_BOUND('',#1084,.F.);
#1084 = EDGE_LOOP('',(#1085,#1094,#1100,#1101));
#1085 = ORIENTED_EDGE('',*,*,#1086,.F.);
#1086 = EDGE_CURVE('',#1087,#1087,#1089,.T.);
#1087 = VERTEX_POINT('',#1088);
#1088 = CARTESIAN_POINT('',(-3.,-4.5,8.2));
#1089 = CIRCLE('',#1090,1.);
#1090 = AXIS2_PLACEMENT_3D('',#1091,#1092,#1093);
#1091 = CARTESIAN_POINT('',(-4.,-4.5,8.2));
#1092 = DIRECTION('',(0.,0.,-1.));
#1093 = DIRECTION('',(1.,0.,0.));
#1094 = ORIENTED_EDGE('',*,*,#1095,.F.);
#1095 = EDGE_CURVE('',#343,#1087,#1096,.T.);
#1096 = LINE('',#1097,#1098);
#1097 = CARTESIAN_POINT('',(-3.,-4.5,11.4));
#1098 = VECTOR('',#1099,1.);
#1099 = DIRECTION('',(0.,0.,-1.));
#1100 = ORIENTED_EDGE('',*,*,#342,.T.);
#1101 = ORIENTED_EDGE('',*,*,#1095,.T.);
#1102 = CYLINDRICAL_SURFACE('',#1103,1.);
#1103 = AXIS2_PLACEMENT_3D('',#1104,#1105,#1106);
#1104 = CARTESIAN_POINT('',(-4.,-4.5,11.4));
#1105 = DIRECTION('',(0.,0.,-1.));
#1106 = DIRECTION('',(1.,0.,0.));
#1107 = ADVANCED_FACE('',(#1108),#1134,.F.);
#1108 = FACE_BOUND('',#1109,.F.);
#1109 = EDGE_LOOP('',(#1110,#1118,#1119,#1127));
#1110 = ORIENTED_EDGE('',*,*,#1111,.F.);
#1111 = EDGE_CURVE('',#354,#1112,#1114,.T.);
#1112 = VERTEX_POINT('',#1113);
#1113 = CARTESIAN_POINT('',(6.32,7.5,8.2));
#1114 = LINE('',#1115,#1116);
#1115 = CARTESIAN_POINT('',(6.32,7.5,11.4));
#1116 = VECTOR('',#1117,1.);
#1117 = DIRECTION('',(0.,0.,-1.));
#1118 = ORIENTED_EDGE('',*,*,#353,.T.);
#1119 = ORIENTED_EDGE('',*,*,#1120,.T.);
#1120 = EDGE_CURVE('',#356,#1121,#1123,.T.);
#1121 = VERTEX_POINT('',#1122);
#1122 = CARTESIAN_POINT('',(7.52,8.7,8.2));
#1123 = LINE('',#1124,#1125);
#1124 = CARTESIAN_POINT('',(7.52,8.7,11.4));
#1125 = VECTOR('',#1126,1.);
#1126 = DIRECTION('',(0.,0.,-1.));
#1127 = ORIENTED_EDGE('',*,*,#1128,.F.);
#1128 = EDGE_CURVE('',#1112,#1121,#1129,.T.);
#1129 = CIRCLE('',#1130,1.2);
#1130 = AXIS2_PLACEMENT_3D('',#1131,#1132,#1133);
#1131 = CARTESIAN_POINT('',(7.52,7.5,8.2));
#1132 = DIRECTION('',(0.,0.,-1.));
#1133 = DIRECTION('',(-1.,0.,-0.));
#1134 = CYLINDRICAL_SURFACE('',#1135,1.2);
#1135 = AXIS2_PLACEMENT_3D('',#1136,#1137,#1138);
#1136 = CARTESIAN_POINT('',(7.52,7.5,11.4));
#1137 = DIRECTION('',(0.,0.,-1.));
#1138 = DIRECTION('',(-1.,0.,-0.));
#1139 = ADVANCED_FACE('',(#1140),#1158,.T.);
#1140 = FACE_BOUND('',#1141,.T.);
#1141 = EDGE_LOOP('',(#1142,#1150,#1151,#1152));
#1142 = ORIENTED_EDGE('',*,*,#1143,.F.);
#1143 = EDGE_CURVE('',#1112,#1144,#1146,.T.);
#1144 = VERTEX_POINT('',#1145);
#1145 = CARTESIAN_POINT('',(6.32,-7.5,8.2));
#1146 = LINE('',#1147,#1148);
#1147 = CARTESIAN_POINT('',(6.32,9.775,8.2));
#1148 = VECTOR('',#1149,1.);
#1149 = DIRECTION('',(0.,-1.,0.));
#1150 = ORIENTED_EDGE('',*,*,#1111,.F.);
#1151 = ORIENTED_EDGE('',*,*,#364,.T.);
#1152 = ORIENTED_EDGE('',*,*,#1153,.T.);
#1153 = EDGE_CURVE('',#365,#1144,#1154,.T.);
#1154 = LINE('',#1155,#1156);
#1155 = CARTESIAN_POINT('',(6.32,-7.5,11.4));
#1156 = VECTOR('',#1157,1.);
#1157 = DIRECTION('',(0.,0.,-1.));
#1158 = PLANE('',#1159);
#1159 = AXIS2_PLACEMENT_3D('',#1160,#1161,#1162);
#1160 = CARTESIAN_POINT('',(6.32,8.7,11.4));
#1161 = DIRECTION('',(1.,0.,0.));
#1162 = DIRECTION('',(0.,0.,-1.));
#1163 = ADVANCED_FACE('',(#1164),#1182,.T.);
#1164 = FACE_BOUND('',#1165,.T.);
#1165 = EDGE_LOOP('',(#1166,#1167,#1168,#1176));
#1166 = ORIENTED_EDGE('',*,*,#415,.T.);
#1167 = ORIENTED_EDGE('',*,*,#1120,.T.);
#1168 = ORIENTED_EDGE('',*,*,#1169,.F.);
#1169 = EDGE_CURVE('',#1170,#1121,#1172,.T.);
#1170 = VERTEX_POINT('',#1171);
#1171 = CARTESIAN_POINT('',(7.72,8.7,8.2));
#1172 = LINE('',#1173,#1174);
#1173 = CARTESIAN_POINT('',(-1.39,8.7,8.2));
#1174 = VECTOR('',#1175,1.);
#1175 = DIRECTION('',(-1.,0.,-0.));
#1176 = ORIENTED_EDGE('',*,*,#1177,.F.);
#1177 = EDGE_CURVE('',#407,#1170,#1178,.T.);
#1178 = LINE('',#1179,#1180);
#1179 = CARTESIAN_POINT('',(7.72,8.7,11.4));
#1180 = VECTOR('',#1181,1.);
#1181 = DIRECTION('',(0.,0.,-1.));
#1182 = PLANE('',#1183);
#1183 = AXIS2_PLACEMENT_3D('',#1184,#1185,#1186);
#1184 = CARTESIAN_POINT('',(6.32,8.7,11.4));
#1185 = DIRECTION('',(0.,-1.,0.));
#1186 = DIRECTION('',(0.,0.,-1.));
#1187 = ADVANCED_FACE('',(#1188),#1207,.F.);
#1188 = FACE_BOUND('',#1189,.T.);
#1189 = EDGE_LOOP('',(#1190,#1191,#1192,#1200));
#1190 = ORIENTED_EDGE('',*,*,#1153,.F.);
#1191 = ORIENTED_EDGE('',*,*,#372,.F.);
#1192 = ORIENTED_EDGE('',*,*,#1193,.T.);
#1193 = EDGE_CURVE('',#373,#1194,#1196,.T.);
#1194 = VERTEX_POINT('',#1195);
#1195 = CARTESIAN_POINT('',(7.52,-8.7,8.2));
#1196 = LINE('',#1197,#1198);
#1197 = CARTESIAN_POINT('',(7.52,-8.7,11.4));
#1198 = VECTOR('',#1199,1.);
#1199 = DIRECTION('',(0.,0.,-1.));
#1200 = ORIENTED_EDGE('',*,*,#1201,.T.);
#1201 = EDGE_CURVE('',#1194,#1144,#1202,.T.);
#1202 = CIRCLE('',#1203,1.2);
#1203 = AXIS2_PLACEMENT_3D('',#1204,#1205,#1206);
#1204 = CARTESIAN_POINT('',(7.52,-7.5,8.2));
#1205 = DIRECTION('',(0.,0.,-1.));
#1206 = DIRECTION('',(-1.,0.,-0.));
#1207 = CYLINDRICAL_SURFACE('',#1208,1.2);
#1208 = AXIS2_PLACEMENT_3D('',#1209,#1210,#1211);
#1209 = CARTESIAN_POINT('',(7.52,-7.5,11.4));
#1210 = DIRECTION('',(0.,0.,-1.));
#1211 = DIRECTION('',(-1.,0.,-0.));
#1212 = ADVANCED_FACE('',(#1213),#1266,.F.);
#1213 = FACE_BOUND('',#1214,.T.);
#1214 = EDGE_LOOP('',(#1215,#1223,#1224,#1225,#1234,#1242,#1251,#1259));
#1215 = ORIENTED_EDGE('',*,*,#1216,.F.);
#1216 = EDGE_CURVE('',#399,#1217,#1219,.T.);
#1217 = VERTEX_POINT('',#1218);
#1218 = CARTESIAN_POINT('',(8.92,7.5,8.2));
#1219 = LINE('',#1220,#1221);
#1220 = CARTESIAN_POINT('',(8.92,7.5,11.4));
#1221 = VECTOR('',#1222,1.);
#1222 = DIRECTION('',(0.,0.,-1.));
#1223 = ORIENTED_EDGE('',*,*,#406,.F.);
#1224 = ORIENTED_EDGE('',*,*,#1177,.T.);
#1225 = ORIENTED_EDGE('',*,*,#1226,.T.);
#1226 = EDGE_CURVE('',#1170,#1227,#1229,.T.);
#1227 = VERTEX_POINT('',#1228);
#1228 = CARTESIAN_POINT('',(8.23,8.586232019414,8.2));
#1229 = CIRCLE('',#1230,1.2);
#1230 = AXIS2_PLACEMENT_3D('',#1231,#1232,#1233);
#1231 = CARTESIAN_POINT('',(7.72,7.5,8.2));
#1232 = DIRECTION('',(0.,0.,-1.));
#1233 = DIRECTION('',(1.,0.,0.));
#1234 = ORIENTED_EDGE('',*,*,#1235,.T.);
#1235 = EDGE_CURVE('',#1227,#1236,#1238,.T.);
#1236 = VERTEX_POINT('',#1237);
#1237 = CARTESIAN_POINT('',(8.23,8.586232019414,3.5));
#1238 = LINE('',#1239,#1240);
#1239 = CARTESIAN_POINT('',(8.23,8.586232019414,11.4));
#1240 = VECTOR('',#1241,1.);
#1241 = DIRECTION('',(0.,0.,-1.));
#1242 = ORIENTED_EDGE('',*,*,#1243,.T.);
#1243 = EDGE_CURVE('',#1236,#1244,#1246,.T.);
#1244 = VERTEX_POINT('',#1245);
#1245 = CARTESIAN_POINT('',(8.586660256387,8.33,3.5));
#1246 = CIRCLE('',#1247,1.2);
#1247 = AXIS2_PLACEMENT_3D('',#1248,#1249,#1250);
#1248 = CARTESIAN_POINT('',(7.72,7.5,3.5));
#1249 = DIRECTION('',(0.,0.,-1.));
#1250 = DIRECTION('',(1.,0.,0.));
#1251 = ORIENTED_EDGE('',*,*,#1252,.F.);
#1252 = EDGE_CURVE('',#1253,#1244,#1255,.T.);
#1253 = VERTEX_POINT('',#1254);
#1254 = CARTESIAN_POINT('',(8.586660256387,8.33,8.2));
#1255 = LINE('',#1256,#1257);
#1256 = CARTESIAN_POINT('',(8.586660256387,8.33,11.4));
#1257 = VECTOR('',#1258,1.);
#1258 = DIRECTION('',(0.,0.,-1.));
#1259 = ORIENTED_EDGE('',*,*,#1260,.T.);
#1260 = EDGE_CURVE('',#1253,#1217,#1261,.T.);
#1261 = CIRCLE('',#1262,1.2);
#1262 = AXIS2_PLACEMENT_3D('',#1263,#1264,#1265);
#1263 = CARTESIAN_POINT('',(7.72,7.5,8.2));
#1264 = DIRECTION('',(0.,0.,-1.));
#1265 = DIRECTION('',(1.,0.,0.));
#1266 = CYLINDRICAL_SURFACE('',#1267,1.2);
#1267 = AXIS2_PLACEMENT_3D('',#1268,#1269,#1270);
#1268 = CARTESIAN_POINT('',(7.72,7.5,11.4));
#1269 = DIRECTION('',(0.,0.,-1.));
#1270 = DIRECTION('',(1.,0.,0.));
#1271 = ADVANCED_FACE('',(#1272),#1290,.F.);
#1272 = FACE_BOUND('',#1273,.F.);
#1273 = EDGE_LOOP('',(#1274,#1275,#1276,#1284));
#1274 = ORIENTED_EDGE('',*,*,#381,.T.);
#1275 = ORIENTED_EDGE('',*,*,#1193,.T.);
#1276 = ORIENTED_EDGE('',*,*,#1277,.F.);
#1277 = EDGE_CURVE('',#1278,#1194,#1280,.T.);
#1278 = VERTEX_POINT('',#1279);
#1279 = CARTESIAN_POINT('',(7.72,-8.7,8.2));
#1280 = LINE('',#1281,#1282);
#1281 = CARTESIAN_POINT('',(-1.39,-8.7,8.2));
#1282 = VECTOR('',#1283,1.);
#1283 = DIRECTION('',(-1.,0.,-0.));
#1284 = ORIENTED_EDGE('',*,*,#1285,.F.);
#1285 = EDGE_CURVE('',#382,#1278,#1286,.T.);
#1286 = LINE('',#1287,#1288);
#1287 = CARTESIAN_POINT('',(7.72,-8.7,11.4));
#1288 = VECTOR('',#1289,1.);
#1289 = DIRECTION('',(0.,0.,-1.));
#1290 = PLANE('',#1291);
#1291 = AXIS2_PLACEMENT_3D('',#1292,#1293,#1294);
#1292 = CARTESIAN_POINT('',(6.32,-8.7,11.4));
#1293 = DIRECTION('',(0.,-1.,0.));
#1294 = DIRECTION('',(0.,0.,-1.));
#1295 = ADVANCED_FACE('',(#1296),#1314,.F.);
#1296 = FACE_BOUND('',#1297,.F.);
#1297 = EDGE_LOOP('',(#1298,#1306,#1307,#1308));
#1298 = ORIENTED_EDGE('',*,*,#1299,.F.);
#1299 = EDGE_CURVE('',#1217,#1300,#1302,.T.);
#1300 = VERTEX_POINT('',#1301);
#1301 = CARTESIAN_POINT('',(8.92,-7.5,8.2));
#1302 = LINE('',#1303,#1304);
#1303 = CARTESIAN_POINT('',(8.92,9.775,8.2));
#1304 = VECTOR('',#1305,1.);
#1305 = DIRECTION('',(0.,-1.,0.));
#1306 = ORIENTED_EDGE('',*,*,#1216,.F.);
#1307 = ORIENTED_EDGE('',*,*,#398,.T.);
#1308 = ORIENTED_EDGE('',*,*,#1309,.T.);
#1309 = EDGE_CURVE('',#390,#1300,#1310,.T.);
#1310 = LINE('',#1311,#1312);
#1311 = CARTESIAN_POINT('',(8.92,-7.5,11.4));
#1312 = VECTOR('',#1313,1.);
#1313 = DIRECTION('',(0.,0.,-1.));
#1314 = PLANE('',#1315);
#1315 = AXIS2_PLACEMENT_3D('',#1316,#1317,#1318);
#1316 = CARTESIAN_POINT('',(8.92,8.7,11.4));
#1317 = DIRECTION('',(1.,0.,0.));
#1318 = DIRECTION('',(0.,0.,-1.));
#1319 = ADVANCED_FACE('',(#1320),#1366,.F.);
#1320 = FACE_BOUND('',#1321,.F.);
#1321 = EDGE_LOOP('',(#1322,#1323,#1324,#1325,#1334,#1342,#1351,#1359));
#1322 = ORIENTED_EDGE('',*,*,#1309,.F.);
#1323 = ORIENTED_EDGE('',*,*,#389,.T.);
#1324 = ORIENTED_EDGE('',*,*,#1285,.T.);
#1325 = ORIENTED_EDGE('',*,*,#1326,.F.);
#1326 = EDGE_CURVE('',#1327,#1278,#1329,.T.);
#1327 = VERTEX_POINT('',#1328);
#1328 = CARTESIAN_POINT('',(8.23,-8.586232019414,8.2));
#1329 = CIRCLE('',#1330,1.2);
#1330 = AXIS2_PLACEMENT_3D('',#1331,#1332,#1333);
#1331 = CARTESIAN_POINT('',(7.72,-7.5,8.2));
#1332 = DIRECTION('',(0.,0.,-1.));
#1333 = DIRECTION('',(1.,0.,0.));
#1334 = ORIENTED_EDGE('',*,*,#1335,.T.);
#1335 = EDGE_CURVE('',#1327,#1336,#1338,.T.);
#1336 = VERTEX_POINT('',#1337);
#1337 = CARTESIAN_POINT('',(8.23,-8.586232019414,3.5));
#1338 = LINE('',#1339,#1340);
#1339 = CARTESIAN_POINT('',(8.23,-8.586232019414,11.4));
#1340 = VECTOR('',#1341,1.);
#1341 = DIRECTION('',(0.,0.,-1.));
#1342 = ORIENTED_EDGE('',*,*,#1343,.F.);
#1343 = EDGE_CURVE('',#1344,#1336,#1346,.T.);
#1344 = VERTEX_POINT('',#1345);
#1345 = CARTESIAN_POINT('',(8.586660256387,-8.33,3.5));
#1346 = CIRCLE('',#1347,1.2);
#1347 = AXIS2_PLACEMENT_3D('',#1348,#1349,#1350);
#1348 = CARTESIAN_POINT('',(7.72,-7.5,3.5));
#1349 = DIRECTION('',(0.,0.,-1.));
#1350 = DIRECTION('',(1.,0.,0.));
#1351 = ORIENTED_EDGE('',*,*,#1352,.F.);
#1352 = EDGE_CURVE('',#1353,#1344,#1355,.T.);
#1353 = VERTEX_POINT('',#1354);
#1354 = CARTESIAN_POINT('',(8.586660256387,-8.33,8.2));
#1355 = LINE('',#1356,#1357);
#1356 = CARTESIAN_POINT('',(8.586660256387,-8.33,11.4));
#1357 = VECTOR('',#1358,1.);
#1358 = DIRECTION('',(0.,0.,-1.));
#1359 = ORIENTED_EDGE('',*,*,#1360,.F.);
#1360 = EDGE_CURVE('',#1300,#1353,#1361,.T.);
#1361 = CIRCLE('',#1362,1.2);
#1362 = AXIS2_PLACEMENT_3D('',#1363,#1364,#1365);
#1363 = CARTESIAN_POINT('',(7.72,-7.5,8.2));
#1364 = DIRECTION('',(0.,0.,-1.));
#1365 = DIRECTION('',(1.,0.,0.));
#1366 = CYLINDRICAL_SURFACE('',#1367,1.2);
#1367 = AXIS2_PLACEMENT_3D('',#1368,#1369,#1370);
#1368 = CARTESIAN_POINT('',(7.72,-7.5,11.4));
#1369 = DIRECTION('',(0.,0.,-1.));
#1370 = DIRECTION('',(1.,0.,0.));
#1371 = ADVANCED_FACE('',(#1372),#1391,.F.);
#1372 = FACE_BOUND('',#1373,.F.);
#1373 = EDGE_LOOP('',(#1374,#1383,#1389,#1390));
#1374 = ORIENTED_EDGE('',*,*,#1375,.F.);
#1375 = EDGE_CURVE('',#1376,#1376,#1378,.T.);
#1376 = VERTEX_POINT('',#1377);
#1377 = CARTESIAN_POINT('',(5.,-4.5,8.2));
#1378 = CIRCLE('',#1379,1.);
#1379 = AXIS2_PLACEMENT_3D('',#1380,#1381,#1382);
#1380 = CARTESIAN_POINT('',(4.,-4.5,8.2));
#1381 = DIRECTION('',(0.,0.,-1.));
#1382 = DIRECTION('',(1.,0.,0.));
#1383 = ORIENTED_EDGE('',*,*,#1384,.F.);
#1384 = EDGE_CURVE('',#424,#1376,#1385,.T.);
#1385 = LINE('',#1386,#1387);
#1386 = CARTESIAN_POINT('',(5.,-4.5,11.4));
#1387 = VECTOR('',#1388,1.);
#1388 = DIRECTION('',(0.,0.,-1.));
#1389 = ORIENTED_EDGE('',*,*,#423,.T.);
#1390 = ORIENTED_EDGE('',*,*,#1384,.T.);
#1391 = CYLINDRICAL_SURFACE('',#1392,1.);
#1392 = AXIS2_PLACEMENT_3D('',#1393,#1394,#1395);
#1393 = CARTESIAN_POINT('',(4.,-4.5,11.4));
#1394 = DIRECTION('',(0.,0.,-1.));
#1395 = DIRECTION('',(1.,0.,0.));
#1396 = ADVANCED_FACE('',(#1397),#1432,.T.);
#1397 = FACE_BOUND('',#1398,.T.);
#1398 = EDGE_LOOP('',(#1399,#1400,#1406,#1407,#1415,#1424,#1430,#1431));
#1399 = ORIENTED_EDGE('',*,*,#467,.F.);
#1400 = ORIENTED_EDGE('',*,*,#1401,.F.);
#1401 = EDGE_CURVE('',#548,#460,#1402,.T.);
#1402 = LINE('',#1403,#1404);
#1403 = CARTESIAN_POINT('',(4.9,0.95,5.));
#1404 = VECTOR('',#1405,1.);
#1405 = DIRECTION('',(0.,-1.,0.));
#1406 = ORIENTED_EDGE('',*,*,#555,.F.);
#1407 = ORIENTED_EDGE('',*,*,#1408,.F.);
#1408 = EDGE_CURVE('',#1409,#516,#1411,.T.);
#1409 = VERTEX_POINT('',#1410);
#1410 = CARTESIAN_POINT('',(9.1,9.362693304105,5.));
#1411 = LINE('',#1412,#1413);
#1412 = CARTESIAN_POINT('',(9.1,11.55,5.));
#1413 = VECTOR('',#1414,1.);
#1414 = DIRECTION('',(0.,-1.,0.));
#1415 = ORIENTED_EDGE('',*,*,#1416,.F.);
#1416 = EDGE_CURVE('',#1417,#1409,#1419,.T.);
#1417 = VERTEX_POINT('',#1418);
#1418 = CARTESIAN_POINT('',(9.321637353249,9.5,5.));
#1419 = CIRCLE('',#1420,4.2);
#1420 = AXIS2_PLACEMENT_3D('',#1421,#1422,#1423);
#1421 = CARTESIAN_POINT('',(7.,13.,5.));
#1422 = DIRECTION('',(0.,0.,-1.));
#1423 = DIRECTION('',(1.,0.,0.));
#1424 = ORIENTED_EDGE('',*,*,#1425,.T.);
#1425 = EDGE_CURVE('',#1417,#726,#1426,.T.);
#1426 = LINE('',#1427,#1428);
#1427 = CARTESIAN_POINT('',(2.8,9.5,5.));
#1428 = VECTOR('',#1429,1.);
#1429 = DIRECTION('',(1.,0.,0.));
#1430 = ORIENTED_EDGE('',*,*,#725,.T.);
#1431 = ORIENTED_EDGE('',*,*,#702,.T.);
#1432 = PLANE('',#1433);
#1433 = AXIS2_PLACEMENT_3D('',#1434,#1435,#1436);
#1434 = CARTESIAN_POINT('',(-10.5,12.25,5.));
#1435 = DIRECTION('',(0.,0.,-1.));
#1436 = DIRECTION('',(1.,0.,0.));
#1437 = ADVANCED_FACE('',(#1438),#1449,.F.);
#1438 = FACE_BOUND('',#1439,.F.);
#1439 = EDGE_LOOP('',(#1440,#1441,#1447,#1448));
#1440 = ORIENTED_EDGE('',*,*,#547,.T.);
#1441 = ORIENTED_EDGE('',*,*,#1442,.T.);
#1442 = EDGE_CURVE('',#540,#452,#1443,.T.);
#1443 = LINE('',#1444,#1445);
#1444 = CARTESIAN_POINT('',(4.9,-10.35,7.4));
#1445 = VECTOR('',#1446,1.);
#1446 = DIRECTION('',(0.,-1.,0.));
#1447 = ORIENTED_EDGE('',*,*,#459,.F.);
#1448 = ORIENTED_EDGE('',*,*,#1401,.F.);
#1449 = PLANE('',#1450);
#1450 = AXIS2_PLACEMENT_3D('',#1451,#1452,#1453);
#1451 = CARTESIAN_POINT('',(4.9,-10.35,7.4));
#1452 = DIRECTION('',(1.,0.,0.));
#1453 = DIRECTION('',(0.,0.,-1.));
#1454 = ADVANCED_FACE('',(#1455),#1461,.T.);
#1455 = FACE_BOUND('',#1456,.T.);
#1456 = EDGE_LOOP('',(#1457,#1458,#1459,#1460));
#1457 = ORIENTED_EDGE('',*,*,#497,.F.);
#1458 = ORIENTED_EDGE('',*,*,#539,.T.);
#1459 = ORIENTED_EDGE('',*,*,#1442,.T.);
#1460 = ORIENTED_EDGE('',*,*,#451,.F.);
#1461 = PLANE('',#1462);
#1462 = AXIS2_PLACEMENT_3D('',#1463,#1464,#1465);
#1463 = CARTESIAN_POINT('',(-4.9,-10.35,7.4));
#1464 = DIRECTION('',(0.,0.,-1.));
#1465 = DIRECTION('',(1.,0.,0.));
#1466 = ADVANCED_FACE('',(#1467),#1492,.F.);
#1467 = FACE_BOUND('',#1468,.F.);
#1468 = EDGE_LOOP('',(#1469,#1470,#1476,#1477,#1478,#1486));
#1469 = ORIENTED_EDGE('',*,*,#593,.F.);
#1470 = ORIENTED_EDGE('',*,*,#1471,.T.);
#1471 = EDGE_CURVE('',#594,#514,#1472,.T.);
#1472 = LINE('',#1473,#1474);
#1473 = CARTESIAN_POINT('',(9.1,10.85,8.2));
#1474 = VECTOR('',#1475,1.);
#1475 = DIRECTION('',(0.,-1.,0.));
#1476 = ORIENTED_EDGE('',*,*,#513,.T.);
#1477 = ORIENTED_EDGE('',*,*,#1408,.F.);
#1478 = ORIENTED_EDGE('',*,*,#1479,.F.);
#1479 = EDGE_CURVE('',#1480,#1409,#1482,.T.);
#1480 = VERTEX_POINT('',#1481);
#1481 = CARTESIAN_POINT('',(9.1,9.5,5.));
#1482 = LINE('',#1483,#1484);
#1483 = CARTESIAN_POINT('',(9.1,11.55,5.));
#1484 = VECTOR('',#1485,1.);
#1485 = DIRECTION('',(0.,-1.,0.));
#1486 = ORIENTED_EDGE('',*,*,#1487,.F.);
#1487 = EDGE_CURVE('',#596,#1480,#1488,.T.);
#1488 = LINE('',#1489,#1490);
#1489 = CARTESIAN_POINT('',(9.1,11.55,5.));
#1490 = VECTOR('',#1491,1.);
#1491 = DIRECTION('',(0.,-1.,0.));
#1492 = PLANE('',#1493);
#1493 = AXIS2_PLACEMENT_3D('',#1494,#1495,#1496);
#1494 = CARTESIAN_POINT('',(9.1,10.85,8.2));
#1495 = DIRECTION('',(1.,0.,0.));
#1496 = DIRECTION('',(0.,0.,-1.));
#1497 = ADVANCED_FACE('',(#1498,#1504,#1608,#1611,#1715,#1718),#1721,.T.
  );
#1498 = FACE_BOUND('',#1499,.T.);
#1499 = EDGE_LOOP('',(#1500,#1501,#1502,#1503));
#1500 = ORIENTED_EDGE('',*,*,#577,.F.);
#1501 = ORIENTED_EDGE('',*,*,#603,.T.);
#1502 = ORIENTED_EDGE('',*,*,#1471,.T.);
#1503 = ORIENTED_EDGE('',*,*,#523,.F.);
#1504 = FACE_BOUND('',#1505,.T.);
#1505 = EDGE_LOOP('',(#1506,#1516,#1524,#1530,#1531,#1532,#1533,#1541,
    #1549,#1557,#1565,#1573,#1579,#1580,#1581,#1582,#1583,#1584,#1585,
    #1586,#1594,#1602));
#1506 = ORIENTED_EDGE('',*,*,#1507,.F.);
#1507 = EDGE_CURVE('',#1508,#1510,#1512,.T.);
#1508 = VERTEX_POINT('',#1509);
#1509 = CARTESIAN_POINT('',(-9.08,10.83,8.2));
#1510 = VERTEX_POINT('',#1511);
#1511 = CARTESIAN_POINT('',(-6.58,10.83,8.2));
#1512 = LINE('',#1513,#1514);
#1513 = CARTESIAN_POINT('',(-9.08,10.83,8.2));
#1514 = VECTOR('',#1515,1.);
#1515 = DIRECTION('',(1.,0.,0.));
#1516 = ORIENTED_EDGE('',*,*,#1517,.T.);
#1517 = EDGE_CURVE('',#1508,#1518,#1520,.T.);
#1518 = VERTEX_POINT('',#1519);
#1519 = CARTESIAN_POINT('',(-9.08,8.33,8.2));
#1520 = LINE('',#1521,#1522);
#1521 = CARTESIAN_POINT('',(-9.08,10.83,8.2));
#1522 = VECTOR('',#1523,1.);
#1523 = DIRECTION('',(0.,-1.,0.));
#1524 = ORIENTED_EDGE('',*,*,#1525,.T.);
#1525 = EDGE_CURVE('',#1518,#866,#1526,.T.);
#1526 = LINE('',#1527,#1528);
#1527 = CARTESIAN_POINT('',(-9.08,8.33,8.2));
#1528 = VECTOR('',#1529,1.);
#1529 = DIRECTION('',(1.,0.,0.));
#1530 = ORIENTED_EDGE('',*,*,#873,.F.);
#1531 = ORIENTED_EDGE('',*,*,#888,.T.);
#1532 = ORIENTED_EDGE('',*,*,#980,.F.);
#1533 = ORIENTED_EDGE('',*,*,#1534,.F.);
#1534 = EDGE_CURVE('',#1535,#973,#1537,.T.);
#1535 = VERTEX_POINT('',#1536);
#1536 = CARTESIAN_POINT('',(-9.08,-8.33,8.2));
#1537 = LINE('',#1538,#1539);
#1538 = CARTESIAN_POINT('',(-9.08,-8.33,8.2));
#1539 = VECTOR('',#1540,1.);
#1540 = DIRECTION('',(1.,0.,0.));
#1541 = ORIENTED_EDGE('',*,*,#1542,.T.);
#1542 = EDGE_CURVE('',#1535,#1543,#1545,.T.);
#1543 = VERTEX_POINT('',#1544);
#1544 = CARTESIAN_POINT('',(-9.08,-10.83,8.2));
#1545 = LINE('',#1546,#1547);
#1546 = CARTESIAN_POINT('',(-9.08,-8.33,8.2));
#1547 = VECTOR('',#1548,1.);
#1548 = DIRECTION('',(0.,-1.,0.));
#1549 = ORIENTED_EDGE('',*,*,#1550,.T.);
#1550 = EDGE_CURVE('',#1543,#1551,#1553,.T.);
#1551 = VERTEX_POINT('',#1552);
#1552 = CARTESIAN_POINT('',(-6.58,-10.83,8.2));
#1553 = LINE('',#1554,#1555);
#1554 = CARTESIAN_POINT('',(-9.08,-10.83,8.2));
#1555 = VECTOR('',#1556,1.);
#1556 = DIRECTION('',(1.,0.,0.));
#1557 = ORIENTED_EDGE('',*,*,#1558,.F.);
#1558 = EDGE_CURVE('',#1559,#1551,#1561,.T.);
#1559 = VERTEX_POINT('',#1560);
#1560 = CARTESIAN_POINT('',(-6.58,-9.98,8.2));
#1561 = LINE('',#1562,#1563);
#1562 = CARTESIAN_POINT('',(-6.58,-8.33,8.2));
#1563 = VECTOR('',#1564,1.);
#1564 = DIRECTION('',(0.,-1.,0.));
#1565 = ORIENTED_EDGE('',*,*,#1566,.T.);
#1566 = EDGE_CURVE('',#1559,#1567,#1569,.T.);
#1567 = VERTEX_POINT('',#1568);
#1568 = CARTESIAN_POINT('',(-8.23,-9.98,8.2));
#1569 = LINE('',#1570,#1571);
#1570 = CARTESIAN_POINT('',(-8.655,-9.98,8.2));
#1571 = VECTOR('',#1572,1.);
#1572 = DIRECTION('',(-1.,0.,-0.));
#1573 = ORIENTED_EDGE('',*,*,#1574,.F.);
#1574 = EDGE_CURVE('',#947,#1567,#1575,.T.);
#1575 = LINE('',#1576,#1577);
#1576 = CARTESIAN_POINT('',(-8.23,-8.28,8.2));
#1577 = VECTOR('',#1578,1.);
#1578 = DIRECTION('',(0.,-1.,0.));
#1579 = ORIENTED_EDGE('',*,*,#946,.F.);
#1580 = ORIENTED_EDGE('',*,*,#1022,.F.);
#1581 = ORIENTED_EDGE('',*,*,#1071,.F.);
#1582 = ORIENTED_EDGE('',*,*,#1044,.F.);
#1583 = ORIENTED_EDGE('',*,*,#1005,.F.);
#1584 = ORIENTED_EDGE('',*,*,#914,.T.);
#1585 = ORIENTED_EDGE('',*,*,#839,.F.);
#1586 = ORIENTED_EDGE('',*,*,#1587,.F.);
#1587 = EDGE_CURVE('',#1588,#840,#1590,.T.);
#1588 = VERTEX_POINT('',#1589);
#1589 = CARTESIAN_POINT('',(-8.23,9.98,8.2));
#1590 = LINE('',#1591,#1592);
#1591 = CARTESIAN_POINT('',(-8.23,10.405,8.2));
#1592 = VECTOR('',#1593,1.);
#1593 = DIRECTION('',(0.,-1.,0.));
#1594 = ORIENTED_EDGE('',*,*,#1595,.F.);
#1595 = EDGE_CURVE('',#1596,#1588,#1598,.T.);
#1596 = VERTEX_POINT('',#1597);
#1597 = CARTESIAN_POINT('',(-6.58,9.98,8.2));
#1598 = LINE('',#1599,#1600);
#1599 = CARTESIAN_POINT('',(-8.655,9.98,8.2));
#1600 = VECTOR('',#1601,1.);
#1601 = DIRECTION('',(-1.,0.,-0.));
#1602 = ORIENTED_EDGE('',*,*,#1603,.F.);
#1603 = EDGE_CURVE('',#1510,#1596,#1604,.T.);
#1604 = LINE('',#1605,#1606);
#1605 = CARTESIAN_POINT('',(-6.58,10.83,8.2));
#1606 = VECTOR('',#1607,1.);
#1607 = DIRECTION('',(0.,-1.,0.));
#1608 = FACE_BOUND('',#1609,.T.);
#1609 = EDGE_LOOP('',(#1610));
#1610 = ORIENTED_EDGE('',*,*,#797,.F.);
#1611 = FACE_BOUND('',#1612,.T.);
#1612 = EDGE_LOOP('',(#1613,#1623,#1631,#1639,#1645,#1646,#1647,#1648,
    #1649,#1650,#1651,#1652,#1660,#1668,#1676,#1684,#1692,#1698,#1699,
    #1700,#1701,#1709));
#1613 = ORIENTED_EDGE('',*,*,#1614,.F.);
#1614 = EDGE_CURVE('',#1615,#1617,#1619,.T.);
#1615 = VERTEX_POINT('',#1616);
#1616 = CARTESIAN_POINT('',(6.58,10.83,8.2));
#1617 = VERTEX_POINT('',#1618);
#1618 = CARTESIAN_POINT('',(9.08,10.83,8.2));
#1619 = LINE('',#1620,#1621);
#1620 = CARTESIAN_POINT('',(6.58,10.83,8.2));
#1621 = VECTOR('',#1622,1.);
#1622 = DIRECTION('',(1.,0.,0.));
#1623 = ORIENTED_EDGE('',*,*,#1624,.T.);
#1624 = EDGE_CURVE('',#1615,#1625,#1627,.T.);
#1625 = VERTEX_POINT('',#1626);
#1626 = CARTESIAN_POINT('',(6.58,9.98,8.2));
#1627 = LINE('',#1628,#1629);
#1628 = CARTESIAN_POINT('',(6.58,10.83,8.2));
#1629 = VECTOR('',#1630,1.);
#1630 = DIRECTION('',(0.,-1.,0.));
#1631 = ORIENTED_EDGE('',*,*,#1632,.F.);
#1632 = EDGE_CURVE('',#1633,#1625,#1635,.T.);
#1633 = VERTEX_POINT('',#1634);
#1634 = CARTESIAN_POINT('',(8.23,9.98,8.2));
#1635 = LINE('',#1636,#1637);
#1636 = CARTESIAN_POINT('',(6.53,9.98,8.2));
#1637 = VECTOR('',#1638,1.);
#1638 = DIRECTION('',(-1.,0.,-0.));
#1639 = ORIENTED_EDGE('',*,*,#1640,.T.);
#1640 = EDGE_CURVE('',#1633,#1227,#1641,.T.);
#1641 = LINE('',#1642,#1643);
#1642 = CARTESIAN_POINT('',(8.23,10.405,8.2));
#1643 = VECTOR('',#1644,1.);
#1644 = DIRECTION('',(0.,-1.,0.));
#1645 = ORIENTED_EDGE('',*,*,#1226,.F.);
#1646 = ORIENTED_EDGE('',*,*,#1169,.T.);
#1647 = ORIENTED_EDGE('',*,*,#1128,.F.);
#1648 = ORIENTED_EDGE('',*,*,#1143,.T.);
#1649 = ORIENTED_EDGE('',*,*,#1201,.F.);
#1650 = ORIENTED_EDGE('',*,*,#1277,.F.);
#1651 = ORIENTED_EDGE('',*,*,#1326,.F.);
#1652 = ORIENTED_EDGE('',*,*,#1653,.T.);
#1653 = EDGE_CURVE('',#1327,#1654,#1656,.T.);
#1654 = VERTEX_POINT('',#1655);
#1655 = CARTESIAN_POINT('',(8.23,-9.98,8.2));
#1656 = LINE('',#1657,#1658);
#1657 = CARTESIAN_POINT('',(8.23,-8.28,8.2));
#1658 = VECTOR('',#1659,1.);
#1659 = DIRECTION('',(0.,-1.,0.));
#1660 = ORIENTED_EDGE('',*,*,#1661,.T.);
#1661 = EDGE_CURVE('',#1654,#1662,#1664,.T.);
#1662 = VERTEX_POINT('',#1663);
#1663 = CARTESIAN_POINT('',(6.58,-9.98,8.2));
#1664 = LINE('',#1665,#1666);
#1665 = CARTESIAN_POINT('',(6.53,-9.98,8.2));
#1666 = VECTOR('',#1667,1.);
#1667 = DIRECTION('',(-1.,0.,-0.));
#1668 = ORIENTED_EDGE('',*,*,#1669,.T.);
#1669 = EDGE_CURVE('',#1662,#1670,#1672,.T.);
#1670 = VERTEX_POINT('',#1671);
#1671 = CARTESIAN_POINT('',(6.58,-10.83,8.2));
#1672 = LINE('',#1673,#1674);
#1673 = CARTESIAN_POINT('',(6.58,-8.33,8.2));
#1674 = VECTOR('',#1675,1.);
#1675 = DIRECTION('',(0.,-1.,0.));
#1676 = ORIENTED_EDGE('',*,*,#1677,.T.);
#1677 = EDGE_CURVE('',#1670,#1678,#1680,.T.);
#1678 = VERTEX_POINT('',#1679);
#1679 = CARTESIAN_POINT('',(9.08,-10.83,8.2));
#1680 = LINE('',#1681,#1682);
#1681 = CARTESIAN_POINT('',(6.58,-10.83,8.2));
#1682 = VECTOR('',#1683,1.);
#1683 = DIRECTION('',(1.,0.,0.));
#1684 = ORIENTED_EDGE('',*,*,#1685,.F.);
#1685 = EDGE_CURVE('',#1686,#1678,#1688,.T.);
#1686 = VERTEX_POINT('',#1687);
#1687 = CARTESIAN_POINT('',(9.08,-8.33,8.2));
#1688 = LINE('',#1689,#1690);
#1689 = CARTESIAN_POINT('',(9.08,-8.33,8.2));
#1690 = VECTOR('',#1691,1.);
#1691 = DIRECTION('',(0.,-1.,0.));
#1692 = ORIENTED_EDGE('',*,*,#1693,.F.);
#1693 = EDGE_CURVE('',#1353,#1686,#1694,.T.);
#1694 = LINE('',#1695,#1696);
#1695 = CARTESIAN_POINT('',(6.58,-8.33,8.2));
#1696 = VECTOR('',#1697,1.);
#1697 = DIRECTION('',(1.,0.,0.));
#1698 = ORIENTED_EDGE('',*,*,#1360,.F.);
#1699 = ORIENTED_EDGE('',*,*,#1299,.F.);
#1700 = ORIENTED_EDGE('',*,*,#1260,.F.);
#1701 = ORIENTED_EDGE('',*,*,#1702,.T.);
#1702 = EDGE_CURVE('',#1253,#1703,#1705,.T.);
#1703 = VERTEX_POINT('',#1704);
#1704 = CARTESIAN_POINT('',(9.08,8.33,8.2));
#1705 = LINE('',#1706,#1707);
#1706 = CARTESIAN_POINT('',(6.58,8.33,8.2));
#1707 = VECTOR('',#1708,1.);
#1708 = DIRECTION('',(1.,0.,0.));
#1709 = ORIENTED_EDGE('',*,*,#1710,.F.);
#1710 = EDGE_CURVE('',#1617,#1703,#1711,.T.);
#1711 = LINE('',#1712,#1713);
#1712 = CARTESIAN_POINT('',(9.08,10.83,8.2));
#1713 = VECTOR('',#1714,1.);
#1714 = DIRECTION('',(0.,-1.,0.));
#1715 = FACE_BOUND('',#1716,.T.);
#1716 = EDGE_LOOP('',(#1717));
#1717 = ORIENTED_EDGE('',*,*,#1086,.F.);
#1718 = FACE_BOUND('',#1719,.T.);
#1719 = EDGE_LOOP('',(#1720));
#1720 = ORIENTED_EDGE('',*,*,#1375,.F.);
#1721 = PLANE('',#1722);
#1722 = AXIS2_PLACEMENT_3D('',#1723,#1724,#1725);
#1723 = CARTESIAN_POINT('',(-9.1,10.85,8.2));
#1724 = DIRECTION('',(0.,0.,-1.));
#1725 = DIRECTION('',(1.,0.,0.));
#1726 = ADVANCED_FACE('',(#1727),#1771,.T.);
#1727 = FACE_BOUND('',#1728,.T.);
#1728 = EDGE_LOOP('',(#1729,#1740,#1747,#1753,#1754,#1755,#1756,#1764));
#1729 = ORIENTED_EDGE('',*,*,#1730,.F.);
#1730 = EDGE_CURVE('',#1731,#1733,#1735,.T.);
#1731 = VERTEX_POINT('',#1732);
#1732 = CARTESIAN_POINT('',(10.464416350602,10.625590736692,5.));
#1733 = VERTEX_POINT('',#1734);
#1734 = CARTESIAN_POINT('',(8.841868832677,12.220564817824,5.));
#1735 = CIRCLE('',#1736,2.);
#1736 = AXIS2_PLACEMENT_3D('',#1737,#1738,#1739);
#1737 = CARTESIAN_POINT('',(8.5,10.25,5.));
#1738 = DIRECTION('',(0.,-0.,1.));
#1739 = DIRECTION('',(0.,1.,0.));
#1740 = ORIENTED_EDGE('',*,*,#1741,.T.);
#1741 = EDGE_CURVE('',#1731,#1417,#1742,.T.);
#1742 = CIRCLE('',#1743,4.2);
#1743 = AXIS2_PLACEMENT_3D('',#1744,#1745,#1746);
#1744 = CARTESIAN_POINT('',(7.,13.,5.));
#1745 = DIRECTION('',(0.,0.,-1.));
#1746 = DIRECTION('',(1.,0.,0.));
#1747 = ORIENTED_EDGE('',*,*,#1748,.F.);
#1748 = EDGE_CURVE('',#1480,#1417,#1749,.T.);
#1749 = LINE('',#1750,#1751);
#1750 = CARTESIAN_POINT('',(2.8,9.5,5.));
#1751 = VECTOR('',#1752,1.);
#1752 = DIRECTION('',(1.,0.,0.));
#1753 = ORIENTED_EDGE('',*,*,#1487,.F.);
#1754 = ORIENTED_EDGE('',*,*,#619,.T.);
#1755 = ORIENTED_EDGE('',*,*,#642,.T.);
#1756 = ORIENTED_EDGE('',*,*,#1757,.T.);
#1757 = EDGE_CURVE('',#635,#1758,#1760,.T.);
#1758 = VERTEX_POINT('',#1759);
#1759 = CARTESIAN_POINT('',(5.145950378226,12.25,5.));
#1760 = LINE('',#1761,#1762);
#1761 = CARTESIAN_POINT('',(-10.5,12.25,5.));
#1762 = VECTOR('',#1763,1.);
#1763 = DIRECTION('',(1.,0.,0.));
#1764 = ORIENTED_EDGE('',*,*,#1765,.F.);
#1765 = EDGE_CURVE('',#1733,#1758,#1766,.T.);
#1766 = CIRCLE('',#1767,2.);
#1767 = AXIS2_PLACEMENT_3D('',#1768,#1769,#1770);
#1768 = CARTESIAN_POINT('',(7.,13.,5.));
#1769 = DIRECTION('',(0.,0.,-1.));
#1770 = DIRECTION('',(1.,0.,0.));
#1771 = PLANE('',#1772);
#1772 = AXIS2_PLACEMENT_3D('',#1773,#1774,#1775);
#1773 = CARTESIAN_POINT('',(-10.5,12.25,5.));
#1774 = DIRECTION('',(0.,0.,-1.));
#1775 = DIRECTION('',(1.,0.,0.));
#1776 = ADVANCED_FACE('',(#1777),#1795,.T.);
#1777 = FACE_BOUND('',#1778,.T.);
#1778 = EDGE_LOOP('',(#1779,#1787,#1794));
#1779 = ORIENTED_EDGE('',*,*,#1780,.F.);
#1780 = EDGE_CURVE('',#1781,#72,#1783,.T.);
#1781 = VERTEX_POINT('',#1782);
#1782 = CARTESIAN_POINT('',(2.8,12.999999999999,5.));
#1783 = LINE('',#1784,#1785);
#1784 = CARTESIAN_POINT('',(2.8,13.5,5.));
#1785 = VECTOR('',#1786,1.);
#1786 = DIRECTION('',(0.,-1.,0.));
#1787 = ORIENTED_EDGE('',*,*,#1788,.F.);
#1788 = EDGE_CURVE('',#635,#1781,#1789,.T.);
#1789 = CIRCLE('',#1790,4.2);
#1790 = AXIS2_PLACEMENT_3D('',#1791,#1792,#1793);
#1791 = CARTESIAN_POINT('',(7.,13.,5.));
#1792 = DIRECTION('',(0.,0.,-1.));
#1793 = DIRECTION('',(1.,0.,0.));
#1794 = ORIENTED_EDGE('',*,*,#634,.F.);
#1795 = PLANE('',#1796);
#1796 = AXIS2_PLACEMENT_3D('',#1797,#1798,#1799);
#1797 = CARTESIAN_POINT('',(2.8,13.5,5.));
#1798 = DIRECTION('',(0.,0.,-1.));
#1799 = DIRECTION('',(1.,0.,0.));
#1800 = ADVANCED_FACE('',(#1801),#1819,.F.);
#1801 = FACE_BOUND('',#1802,.F.);
#1802 = EDGE_LOOP('',(#1803,#1804,#1812,#1818));
#1803 = ORIENTED_EDGE('',*,*,#1780,.F.);
#1804 = ORIENTED_EDGE('',*,*,#1805,.F.);
#1805 = EDGE_CURVE('',#1806,#1781,#1808,.T.);
#1806 = VERTEX_POINT('',#1807);
#1807 = CARTESIAN_POINT('',(2.8,12.999999999999,9.4));
#1808 = LINE('',#1809,#1810);
#1809 = CARTESIAN_POINT('',(2.8,13.,9.4));
#1810 = VECTOR('',#1811,1.);
#1811 = DIRECTION('',(0.,0.,-1.));
#1812 = ORIENTED_EDGE('',*,*,#1813,.T.);
#1813 = EDGE_CURVE('',#1806,#195,#1814,.T.);
#1814 = LINE('',#1815,#1816);
#1815 = CARTESIAN_POINT('',(2.8,13.5,9.4));
#1816 = VECTOR('',#1817,1.);
#1817 = DIRECTION('',(0.,-1.,0.));
#1818 = ORIENTED_EDGE('',*,*,#661,.F.);
#1819 = PLANE('',#1820);
#1820 = AXIS2_PLACEMENT_3D('',#1821,#1822,#1823);
#1821 = CARTESIAN_POINT('',(2.8,13.5,9.4));
#1822 = DIRECTION('',(1.,0.,0.));
#1823 = DIRECTION('',(0.,0.,-1.));
#1824 = ADVANCED_FACE('',(#1825),#1854,.F.);
#1825 = FACE_BOUND('',#1826,.F.);
#1826 = EDGE_LOOP('',(#1827,#1836,#1837,#1838,#1839,#1847));
#1827 = ORIENTED_EDGE('',*,*,#1828,.F.);
#1828 = EDGE_CURVE('',#774,#1829,#1831,.T.);
#1829 = VERTEX_POINT('',#1830);
#1830 = CARTESIAN_POINT('',(8.841868832677,12.220564817824,9.4));
#1831 = CIRCLE('',#1832,2.);
#1832 = AXIS2_PLACEMENT_3D('',#1833,#1834,#1835);
#1833 = CARTESIAN_POINT('',(8.5,10.25,9.4));
#1834 = DIRECTION('',(0.,-0.,1.));
#1835 = DIRECTION('',(0.,1.,0.));
#1836 = ORIENTED_EDGE('',*,*,#773,.T.);
#1837 = ORIENTED_EDGE('',*,*,#749,.F.);
#1838 = ORIENTED_EDGE('',*,*,#684,.T.);
#1839 = ORIENTED_EDGE('',*,*,#1840,.T.);
#1840 = EDGE_CURVE('',#677,#1841,#1843,.T.);
#1841 = VERTEX_POINT('',#1842);
#1842 = CARTESIAN_POINT('',(5.145950378226,12.25,9.4));
#1843 = LINE('',#1844,#1845);
#1844 = CARTESIAN_POINT('',(-10.5,12.25,9.4));
#1845 = VECTOR('',#1846,1.);
#1846 = DIRECTION('',(1.,0.,0.));
#1847 = ORIENTED_EDGE('',*,*,#1848,.F.);
#1848 = EDGE_CURVE('',#1829,#1841,#1849,.T.);
#1849 = CIRCLE('',#1850,2.);
#1850 = AXIS2_PLACEMENT_3D('',#1851,#1852,#1853);
#1851 = CARTESIAN_POINT('',(7.,13.,9.4));
#1852 = DIRECTION('',(0.,0.,-1.));
#1853 = DIRECTION('',(1.,0.,0.));
#1854 = PLANE('',#1855);
#1855 = AXIS2_PLACEMENT_3D('',#1856,#1857,#1858);
#1856 = CARTESIAN_POINT('',(-10.5,12.25,9.4));
#1857 = DIRECTION('',(0.,0.,-1.));
#1858 = DIRECTION('',(1.,0.,0.));
#1859 = ADVANCED_FACE('',(#1860),#1871,.F.);
#1860 = FACE_BOUND('',#1861,.F.);
#1861 = EDGE_LOOP('',(#1862,#1863,#1870));
#1862 = ORIENTED_EDGE('',*,*,#1813,.F.);
#1863 = ORIENTED_EDGE('',*,*,#1864,.F.);
#1864 = EDGE_CURVE('',#677,#1806,#1865,.T.);
#1865 = CIRCLE('',#1866,4.2);
#1866 = AXIS2_PLACEMENT_3D('',#1867,#1868,#1869);
#1867 = CARTESIAN_POINT('',(7.,13.,9.4));
#1868 = DIRECTION('',(0.,0.,-1.));
#1869 = DIRECTION('',(1.,0.,0.));
#1870 = ORIENTED_EDGE('',*,*,#676,.F.);
#1871 = PLANE('',#1872);
#1872 = AXIS2_PLACEMENT_3D('',#1873,#1874,#1875);
#1873 = CARTESIAN_POINT('',(2.8,13.5,9.4));
#1874 = DIRECTION('',(0.,0.,-1.));
#1875 = DIRECTION('',(1.,0.,0.));
#1876 = ADVANCED_FACE('',(#1877),#1902,.T.);
#1877 = FACE_BOUND('',#1878,.T.);
#1878 = EDGE_LOOP('',(#1879,#1887,#1888,#1896));
#1879 = ORIENTED_EDGE('',*,*,#1880,.F.);
#1880 = EDGE_CURVE('',#228,#1881,#1883,.T.);
#1881 = VERTEX_POINT('',#1882);
#1882 = CARTESIAN_POINT('',(11.2,9.5,9.4));
#1883 = LINE('',#1884,#1885);
#1884 = CARTESIAN_POINT('',(2.8,9.5,9.4));
#1885 = VECTOR('',#1886,1.);
#1886 = DIRECTION('',(1.,0.,0.));
#1887 = ORIENTED_EDGE('',*,*,#733,.T.);
#1888 = ORIENTED_EDGE('',*,*,#1889,.T.);
#1889 = EDGE_CURVE('',#726,#1890,#1892,.T.);
#1890 = VERTEX_POINT('',#1891);
#1891 = CARTESIAN_POINT('',(11.2,9.5,5.));
#1892 = LINE('',#1893,#1894);
#1893 = CARTESIAN_POINT('',(2.8,9.5,5.));
#1894 = VECTOR('',#1895,1.);
#1895 = DIRECTION('',(1.,0.,0.));
#1896 = ORIENTED_EDGE('',*,*,#1897,.F.);
#1897 = EDGE_CURVE('',#1881,#1890,#1898,.T.);
#1898 = LINE('',#1899,#1900);
#1899 = CARTESIAN_POINT('',(11.2,9.5,9.4));
#1900 = VECTOR('',#1901,1.);
#1901 = DIRECTION('',(0.,0.,-1.));
#1902 = PLANE('',#1903);
#1903 = AXIS2_PLACEMENT_3D('',#1904,#1905,#1906);
#1904 = CARTESIAN_POINT('',(2.8,9.5,9.4));
#1905 = DIRECTION('',(0.,-1.,0.));
#1906 = DIRECTION('',(0.,0.,-1.));
#1907 = ADVANCED_FACE('',(#1908),#1928,.F.);
#1908 = FACE_BOUND('',#1909,.F.);
#1909 = EDGE_LOOP('',(#1910,#1919,#1925,#1926,#1927));
#1910 = ORIENTED_EDGE('',*,*,#1911,.F.);
#1911 = EDGE_CURVE('',#1912,#774,#1914,.T.);
#1912 = VERTEX_POINT('',#1913);
#1913 = CARTESIAN_POINT('',(11.2,13.,9.4));
#1914 = CIRCLE('',#1915,4.2);
#1915 = AXIS2_PLACEMENT_3D('',#1916,#1917,#1918);
#1916 = CARTESIAN_POINT('',(7.,13.,9.4));
#1917 = DIRECTION('',(0.,0.,-1.));
#1918 = DIRECTION('',(1.,0.,0.));
#1919 = ORIENTED_EDGE('',*,*,#1920,.T.);
#1920 = EDGE_CURVE('',#1912,#1881,#1921,.T.);
#1921 = LINE('',#1922,#1923);
#1922 = CARTESIAN_POINT('',(11.2,13.5,9.4));
#1923 = VECTOR('',#1924,1.);
#1924 = DIRECTION('',(0.,-1.,0.));
#1925 = ORIENTED_EDGE('',*,*,#1880,.F.);
#1926 = ORIENTED_EDGE('',*,*,#764,.F.);
#1927 = ORIENTED_EDGE('',*,*,#782,.T.);
#1928 = PLANE('',#1929);
#1929 = AXIS2_PLACEMENT_3D('',#1930,#1931,#1932);
#1930 = CARTESIAN_POINT('',(2.8,13.5,9.4));
#1931 = DIRECTION('',(0.,0.,-1.));
#1932 = DIRECTION('',(1.,0.,0.));
#1933 = ADVANCED_FACE('',(#1934),#1952,.T.);
#1934 = FACE_BOUND('',#1935,.T.);
#1935 = EDGE_LOOP('',(#1936,#1937,#1945,#1951));
#1936 = ORIENTED_EDGE('',*,*,#1525,.F.);
#1937 = ORIENTED_EDGE('',*,*,#1938,.T.);
#1938 = EDGE_CURVE('',#1518,#1939,#1941,.T.);
#1939 = VERTEX_POINT('',#1940);
#1940 = CARTESIAN_POINT('',(-9.08,8.33,3.5));
#1941 = LINE('',#1942,#1943);
#1942 = CARTESIAN_POINT('',(-9.08,8.33,8.2));
#1943 = VECTOR('',#1944,1.);
#1944 = DIRECTION('',(0.,0.,-1.));
#1945 = ORIENTED_EDGE('',*,*,#1946,.T.);
#1946 = EDGE_CURVE('',#1939,#857,#1947,.T.);
#1947 = LINE('',#1948,#1949);
#1948 = CARTESIAN_POINT('',(-9.08,8.33,3.5));
#1949 = VECTOR('',#1950,1.);
#1950 = DIRECTION('',(1.,0.,0.));
#1951 = ORIENTED_EDGE('',*,*,#865,.F.);
#1952 = PLANE('',#1953);
#1953 = AXIS2_PLACEMENT_3D('',#1954,#1955,#1956);
#1954 = CARTESIAN_POINT('',(-9.08,8.33,8.2));
#1955 = DIRECTION('',(0.,-1.,0.));
#1956 = DIRECTION('',(0.,0.,-1.));
#1957 = ADVANCED_FACE('',(#1958),#2000,.T.);
#1958 = FACE_BOUND('',#1959,.T.);
#1959 = EDGE_LOOP('',(#1960,#1961,#1969,#1977,#1985,#1993,#1999));
#1960 = ORIENTED_EDGE('',*,*,#1946,.F.);
#1961 = ORIENTED_EDGE('',*,*,#1962,.F.);
#1962 = EDGE_CURVE('',#1963,#1939,#1965,.T.);
#1963 = VERTEX_POINT('',#1964);
#1964 = CARTESIAN_POINT('',(-9.08,10.83,3.5));
#1965 = LINE('',#1966,#1967);
#1966 = CARTESIAN_POINT('',(-9.08,10.83,3.5));
#1967 = VECTOR('',#1968,1.);
#1968 = DIRECTION('',(0.,-1.,0.));
#1969 = ORIENTED_EDGE('',*,*,#1970,.T.);
#1970 = EDGE_CURVE('',#1963,#1971,#1973,.T.);
#1971 = VERTEX_POINT('',#1972);
#1972 = CARTESIAN_POINT('',(-6.58,10.83,3.5));
#1973 = LINE('',#1974,#1975);
#1974 = CARTESIAN_POINT('',(-9.08,10.83,3.5));
#1975 = VECTOR('',#1976,1.);
#1976 = DIRECTION('',(1.,0.,0.));
#1977 = ORIENTED_EDGE('',*,*,#1978,.T.);
#1978 = EDGE_CURVE('',#1971,#1979,#1981,.T.);
#1979 = VERTEX_POINT('',#1980);
#1980 = CARTESIAN_POINT('',(-6.58,9.98,3.5));
#1981 = LINE('',#1982,#1983);
#1982 = CARTESIAN_POINT('',(-6.58,10.83,3.5));
#1983 = VECTOR('',#1984,1.);
#1984 = DIRECTION('',(0.,-1.,0.));
#1985 = ORIENTED_EDGE('',*,*,#1986,.T.);
#1986 = EDGE_CURVE('',#1979,#1987,#1989,.T.);
#1987 = VERTEX_POINT('',#1988);
#1988 = CARTESIAN_POINT('',(-8.23,9.98,3.5));
#1989 = LINE('',#1990,#1991);
#1990 = CARTESIAN_POINT('',(-8.655,9.98,3.5));
#1991 = VECTOR('',#1992,1.);
#1992 = DIRECTION('',(-1.,0.,-0.));
#1993 = ORIENTED_EDGE('',*,*,#1994,.T.);
#1994 = EDGE_CURVE('',#1987,#849,#1995,.T.);
#1995 = LINE('',#1996,#1997);
#1996 = CARTESIAN_POINT('',(-8.23,10.405,3.5));
#1997 = VECTOR('',#1998,1.);
#1998 = DIRECTION('',(0.,-1.,0.));
#1999 = ORIENTED_EDGE('',*,*,#856,.F.);
#2000 = PLANE('',#2001);
#2001 = AXIS2_PLACEMENT_3D('',#2002,#2003,#2004);
#2002 = CARTESIAN_POINT('',(-9.08,10.83,3.5));
#2003 = DIRECTION('',(0.,0.,-1.));
#2004 = DIRECTION('',(1.,0.,0.));
#2005 = ADVANCED_FACE('',(#2006),#2017,.T.);
#2006 = FACE_BOUND('',#2007,.T.);
#2007 = EDGE_LOOP('',(#2008,#2014,#2015,#2016));
#2008 = ORIENTED_EDGE('',*,*,#2009,.F.);
#2009 = EDGE_CURVE('',#1588,#1987,#2010,.T.);
#2010 = LINE('',#2011,#2012);
#2011 = CARTESIAN_POINT('',(-8.23,9.98,8.7));
#2012 = VECTOR('',#2013,1.);
#2013 = DIRECTION('',(0.,0.,-1.));
#2014 = ORIENTED_EDGE('',*,*,#1587,.T.);
#2015 = ORIENTED_EDGE('',*,*,#848,.T.);
#2016 = ORIENTED_EDGE('',*,*,#1994,.F.);
#2017 = PLANE('',#2018);
#2018 = AXIS2_PLACEMENT_3D('',#2019,#2020,#2021);
#2019 = CARTESIAN_POINT('',(-8.23,9.98,8.7));
#2020 = DIRECTION('',(1.,0.,0.));
#2021 = DIRECTION('',(0.,0.,-1.));
#2022 = ADVANCED_FACE('',(#2023),#2041,.F.);
#2023 = FACE_BOUND('',#2024,.F.);
#2024 = EDGE_LOOP('',(#2025,#2026,#2034,#2040));
#2025 = ORIENTED_EDGE('',*,*,#1534,.F.);
#2026 = ORIENTED_EDGE('',*,*,#2027,.T.);
#2027 = EDGE_CURVE('',#1535,#2028,#2030,.T.);
#2028 = VERTEX_POINT('',#2029);
#2029 = CARTESIAN_POINT('',(-9.08,-8.33,3.5));
#2030 = LINE('',#2031,#2032);
#2031 = CARTESIAN_POINT('',(-9.08,-8.33,8.2));
#2032 = VECTOR('',#2033,1.);
#2033 = DIRECTION('',(0.,0.,-1.));
#2034 = ORIENTED_EDGE('',*,*,#2035,.T.);
#2035 = EDGE_CURVE('',#2028,#964,#2036,.T.);
#2036 = LINE('',#2037,#2038);
#2037 = CARTESIAN_POINT('',(-9.08,-8.33,3.5));
#2038 = VECTOR('',#2039,1.);
#2039 = DIRECTION('',(1.,0.,0.));
#2040 = ORIENTED_EDGE('',*,*,#972,.F.);
#2041 = PLANE('',#2042);
#2042 = AXIS2_PLACEMENT_3D('',#2043,#2044,#2045);
#2043 = CARTESIAN_POINT('',(-9.08,-8.33,8.2));
#2044 = DIRECTION('',(0.,-1.,0.));
#2045 = DIRECTION('',(0.,0.,-1.));
#2046 = ADVANCED_FACE('',(#2047),#2089,.T.);
#2047 = FACE_BOUND('',#2048,.T.);
#2048 = EDGE_LOOP('',(#2049,#2059,#2067,#2073,#2074,#2075,#2083));
#2049 = ORIENTED_EDGE('',*,*,#2050,.T.);
#2050 = EDGE_CURVE('',#2051,#2053,#2055,.T.);
#2051 = VERTEX_POINT('',#2052);
#2052 = CARTESIAN_POINT('',(-6.58,-9.98,3.5));
#2053 = VERTEX_POINT('',#2054);
#2054 = CARTESIAN_POINT('',(-6.58,-10.83,3.5));
#2055 = LINE('',#2056,#2057);
#2056 = CARTESIAN_POINT('',(-6.58,-8.33,3.5));
#2057 = VECTOR('',#2058,1.);
#2058 = DIRECTION('',(0.,-1.,0.));
#2059 = ORIENTED_EDGE('',*,*,#2060,.F.);
#2060 = EDGE_CURVE('',#2061,#2053,#2063,.T.);
#2061 = VERTEX_POINT('',#2062);
#2062 = CARTESIAN_POINT('',(-9.08,-10.83,3.5));
#2063 = LINE('',#2064,#2065);
#2064 = CARTESIAN_POINT('',(-9.08,-10.83,3.5));
#2065 = VECTOR('',#2066,1.);
#2066 = DIRECTION('',(1.,0.,0.));
#2067 = ORIENTED_EDGE('',*,*,#2068,.F.);
#2068 = EDGE_CURVE('',#2028,#2061,#2069,.T.);
#2069 = LINE('',#2070,#2071);
#2070 = CARTESIAN_POINT('',(-9.08,-8.33,3.5));
#2071 = VECTOR('',#2072,1.);
#2072 = DIRECTION('',(0.,-1.,0.));
#2073 = ORIENTED_EDGE('',*,*,#2035,.T.);
#2074 = ORIENTED_EDGE('',*,*,#963,.F.);
#2075 = ORIENTED_EDGE('',*,*,#2076,.T.);
#2076 = EDGE_CURVE('',#956,#2077,#2079,.T.);
#2077 = VERTEX_POINT('',#2078);
#2078 = CARTESIAN_POINT('',(-8.23,-9.98,3.5));
#2079 = LINE('',#2080,#2081);
#2080 = CARTESIAN_POINT('',(-8.23,-8.28,3.5));
#2081 = VECTOR('',#2082,1.);
#2082 = DIRECTION('',(0.,-1.,0.));
#2083 = ORIENTED_EDGE('',*,*,#2084,.F.);
#2084 = EDGE_CURVE('',#2051,#2077,#2085,.T.);
#2085 = LINE('',#2086,#2087);
#2086 = CARTESIAN_POINT('',(-8.655,-9.98,3.5));
#2087 = VECTOR('',#2088,1.);
#2088 = DIRECTION('',(-1.,0.,-0.));
#2089 = PLANE('',#2090);
#2090 = AXIS2_PLACEMENT_3D('',#2091,#2092,#2093);
#2091 = CARTESIAN_POINT('',(-9.08,-8.33,3.5));
#2092 = DIRECTION('',(0.,0.,-1.));
#2093 = DIRECTION('',(1.,0.,0.));
#2094 = ADVANCED_FACE('',(#2095),#2106,.T.);
#2095 = FACE_BOUND('',#2096,.T.);
#2096 = EDGE_LOOP('',(#2097,#2098,#2104,#2105));
#2097 = ORIENTED_EDGE('',*,*,#1574,.T.);
#2098 = ORIENTED_EDGE('',*,*,#2099,.T.);
#2099 = EDGE_CURVE('',#1567,#2077,#2100,.T.);
#2100 = LINE('',#2101,#2102);
#2101 = CARTESIAN_POINT('',(-8.23,-9.98,8.7));
#2102 = VECTOR('',#2103,1.);
#2103 = DIRECTION('',(0.,0.,-1.));
#2104 = ORIENTED_EDGE('',*,*,#2076,.F.);
#2105 = ORIENTED_EDGE('',*,*,#955,.F.);
#2106 = PLANE('',#2107);
#2107 = AXIS2_PLACEMENT_3D('',#2108,#2109,#2110);
#2108 = CARTESIAN_POINT('',(-8.23,-8.23,8.7));
#2109 = DIRECTION('',(1.,0.,0.));
#2110 = DIRECTION('',(0.,0.,-1.));
#2111 = ADVANCED_FACE('',(#2112),#2130,.T.);
#2112 = FACE_BOUND('',#2113,.T.);
#2113 = EDGE_LOOP('',(#2114,#2115,#2116,#2124));
#2114 = ORIENTED_EDGE('',*,*,#1702,.F.);
#2115 = ORIENTED_EDGE('',*,*,#1252,.T.);
#2116 = ORIENTED_EDGE('',*,*,#2117,.T.);
#2117 = EDGE_CURVE('',#1244,#2118,#2120,.T.);
#2118 = VERTEX_POINT('',#2119);
#2119 = CARTESIAN_POINT('',(9.08,8.33,3.5));
#2120 = LINE('',#2121,#2122);
#2121 = CARTESIAN_POINT('',(6.58,8.33,3.5));
#2122 = VECTOR('',#2123,1.);
#2123 = DIRECTION('',(1.,0.,0.));
#2124 = ORIENTED_EDGE('',*,*,#2125,.F.);
#2125 = EDGE_CURVE('',#1703,#2118,#2126,.T.);
#2126 = LINE('',#2127,#2128);
#2127 = CARTESIAN_POINT('',(9.08,8.33,8.2));
#2128 = VECTOR('',#2129,1.);
#2129 = DIRECTION('',(0.,0.,-1.));
#2130 = PLANE('',#2131);
#2131 = AXIS2_PLACEMENT_3D('',#2132,#2133,#2134);
#2132 = CARTESIAN_POINT('',(6.58,8.33,8.2));
#2133 = DIRECTION('',(0.,-1.,0.));
#2134 = DIRECTION('',(0.,0.,-1.));
#2135 = ADVANCED_FACE('',(#2136),#2178,.T.);
#2136 = FACE_BOUND('',#2137,.T.);
#2137 = EDGE_LOOP('',(#2138,#2148,#2156,#2162,#2163,#2164,#2172));
#2138 = ORIENTED_EDGE('',*,*,#2139,.F.);
#2139 = EDGE_CURVE('',#2140,#2142,#2144,.T.);
#2140 = VERTEX_POINT('',#2141);
#2141 = CARTESIAN_POINT('',(6.58,10.83,3.5));
#2142 = VERTEX_POINT('',#2143);
#2143 = CARTESIAN_POINT('',(6.58,9.98,3.5));
#2144 = LINE('',#2145,#2146);
#2145 = CARTESIAN_POINT('',(6.58,10.83,3.5));
#2146 = VECTOR('',#2147,1.);
#2147 = DIRECTION('',(0.,-1.,0.));
#2148 = ORIENTED_EDGE('',*,*,#2149,.T.);
#2149 = EDGE_CURVE('',#2140,#2150,#2152,.T.);
#2150 = VERTEX_POINT('',#2151);
#2151 = CARTESIAN_POINT('',(9.08,10.83,3.5));
#2152 = LINE('',#2153,#2154);
#2153 = CARTESIAN_POINT('',(6.58,10.83,3.5));
#2154 = VECTOR('',#2155,1.);
#2155 = DIRECTION('',(1.,0.,0.));
#2156 = ORIENTED_EDGE('',*,*,#2157,.T.);
#2157 = EDGE_CURVE('',#2150,#2118,#2158,.T.);
#2158 = LINE('',#2159,#2160);
#2159 = CARTESIAN_POINT('',(9.08,10.83,3.5));
#2160 = VECTOR('',#2161,1.);
#2161 = DIRECTION('',(0.,-1.,0.));
#2162 = ORIENTED_EDGE('',*,*,#2117,.F.);
#2163 = ORIENTED_EDGE('',*,*,#1243,.F.);
#2164 = ORIENTED_EDGE('',*,*,#2165,.F.);
#2165 = EDGE_CURVE('',#2166,#1236,#2168,.T.);
#2166 = VERTEX_POINT('',#2167);
#2167 = CARTESIAN_POINT('',(8.23,9.98,3.5));
#2168 = LINE('',#2169,#2170);
#2169 = CARTESIAN_POINT('',(8.23,10.405,3.5));
#2170 = VECTOR('',#2171,1.);
#2171 = DIRECTION('',(0.,-1.,0.));
#2172 = ORIENTED_EDGE('',*,*,#2173,.T.);
#2173 = EDGE_CURVE('',#2166,#2142,#2174,.T.);
#2174 = LINE('',#2175,#2176);
#2175 = CARTESIAN_POINT('',(6.53,9.98,3.5));
#2176 = VECTOR('',#2177,1.);
#2177 = DIRECTION('',(-1.,0.,-0.));
#2178 = PLANE('',#2179);
#2179 = AXIS2_PLACEMENT_3D('',#2180,#2181,#2182);
#2180 = CARTESIAN_POINT('',(6.58,10.83,3.5));
#2181 = DIRECTION('',(0.,0.,-1.));
#2182 = DIRECTION('',(1.,0.,0.));
#2183 = ADVANCED_FACE('',(#2184),#2195,.F.);
#2184 = FACE_BOUND('',#2185,.F.);
#2185 = EDGE_LOOP('',(#2186,#2192,#2193,#2194));
#2186 = ORIENTED_EDGE('',*,*,#2187,.F.);
#2187 = EDGE_CURVE('',#1633,#2166,#2188,.T.);
#2188 = LINE('',#2189,#2190);
#2189 = CARTESIAN_POINT('',(8.23,9.98,8.7));
#2190 = VECTOR('',#2191,1.);
#2191 = DIRECTION('',(0.,0.,-1.));
#2192 = ORIENTED_EDGE('',*,*,#1640,.T.);
#2193 = ORIENTED_EDGE('',*,*,#1235,.T.);
#2194 = ORIENTED_EDGE('',*,*,#2165,.F.);
#2195 = PLANE('',#2196);
#2196 = AXIS2_PLACEMENT_3D('',#2197,#2198,#2199);
#2197 = CARTESIAN_POINT('',(8.23,9.98,8.7));
#2198 = DIRECTION('',(1.,0.,0.));
#2199 = DIRECTION('',(0.,0.,-1.));
#2200 = ADVANCED_FACE('',(#2201),#2219,.F.);
#2201 = FACE_BOUND('',#2202,.F.);
#2202 = EDGE_LOOP('',(#2203,#2204,#2205,#2213));
#2203 = ORIENTED_EDGE('',*,*,#1693,.F.);
#2204 = ORIENTED_EDGE('',*,*,#1352,.T.);
#2205 = ORIENTED_EDGE('',*,*,#2206,.T.);
#2206 = EDGE_CURVE('',#1344,#2207,#2209,.T.);
#2207 = VERTEX_POINT('',#2208);
#2208 = CARTESIAN_POINT('',(9.08,-8.33,3.5));
#2209 = LINE('',#2210,#2211);
#2210 = CARTESIAN_POINT('',(6.58,-8.33,3.5));
#2211 = VECTOR('',#2212,1.);
#2212 = DIRECTION('',(1.,0.,0.));
#2213 = ORIENTED_EDGE('',*,*,#2214,.F.);
#2214 = EDGE_CURVE('',#1686,#2207,#2215,.T.);
#2215 = LINE('',#2216,#2217);
#2216 = CARTESIAN_POINT('',(9.08,-8.33,8.2));
#2217 = VECTOR('',#2218,1.);
#2218 = DIRECTION('',(0.,0.,-1.));
#2219 = PLANE('',#2220);
#2220 = AXIS2_PLACEMENT_3D('',#2221,#2222,#2223);
#2221 = CARTESIAN_POINT('',(6.58,-8.33,8.2));
#2222 = DIRECTION('',(0.,-1.,0.));
#2223 = DIRECTION('',(0.,0.,-1.));
#2224 = ADVANCED_FACE('',(#2225),#2267,.T.);
#2225 = FACE_BOUND('',#2226,.T.);
#2226 = EDGE_LOOP('',(#2227,#2237,#2245,#2251,#2252,#2253,#2261));
#2227 = ORIENTED_EDGE('',*,*,#2228,.F.);
#2228 = EDGE_CURVE('',#2229,#2231,#2233,.T.);
#2229 = VERTEX_POINT('',#2230);
#2230 = CARTESIAN_POINT('',(6.58,-9.98,3.5));
#2231 = VERTEX_POINT('',#2232);
#2232 = CARTESIAN_POINT('',(6.58,-10.83,3.5));
#2233 = LINE('',#2234,#2235);
#2234 = CARTESIAN_POINT('',(6.58,-8.33,3.5));
#2235 = VECTOR('',#2236,1.);
#2236 = DIRECTION('',(0.,-1.,0.));
#2237 = ORIENTED_EDGE('',*,*,#2238,.F.);
#2238 = EDGE_CURVE('',#2239,#2229,#2241,.T.);
#2239 = VERTEX_POINT('',#2240);
#2240 = CARTESIAN_POINT('',(8.23,-9.98,3.5));
#2241 = LINE('',#2242,#2243);
#2242 = CARTESIAN_POINT('',(6.53,-9.98,3.5));
#2243 = VECTOR('',#2244,1.);
#2244 = DIRECTION('',(-1.,0.,-0.));
#2245 = ORIENTED_EDGE('',*,*,#2246,.F.);
#2246 = EDGE_CURVE('',#1336,#2239,#2247,.T.);
#2247 = LINE('',#2248,#2249);
#2248 = CARTESIAN_POINT('',(8.23,-8.28,3.5));
#2249 = VECTOR('',#2250,1.);
#2250 = DIRECTION('',(0.,-1.,0.));
#2251 = ORIENTED_EDGE('',*,*,#1343,.F.);
#2252 = ORIENTED_EDGE('',*,*,#2206,.T.);
#2253 = ORIENTED_EDGE('',*,*,#2254,.T.);
#2254 = EDGE_CURVE('',#2207,#2255,#2257,.T.);
#2255 = VERTEX_POINT('',#2256);
#2256 = CARTESIAN_POINT('',(9.08,-10.83,3.5));
#2257 = LINE('',#2258,#2259);
#2258 = CARTESIAN_POINT('',(9.08,-8.33,3.5));
#2259 = VECTOR('',#2260,1.);
#2260 = DIRECTION('',(0.,-1.,0.));
#2261 = ORIENTED_EDGE('',*,*,#2262,.F.);
#2262 = EDGE_CURVE('',#2231,#2255,#2263,.T.);
#2263 = LINE('',#2264,#2265);
#2264 = CARTESIAN_POINT('',(6.58,-10.83,3.5));
#2265 = VECTOR('',#2266,1.);
#2266 = DIRECTION('',(1.,0.,0.));
#2267 = PLANE('',#2268);
#2268 = AXIS2_PLACEMENT_3D('',#2269,#2270,#2271);
#2269 = CARTESIAN_POINT('',(6.58,-8.33,3.5));
#2270 = DIRECTION('',(0.,0.,-1.));
#2271 = DIRECTION('',(1.,0.,0.));
#2272 = ADVANCED_FACE('',(#2273),#2284,.F.);
#2273 = FACE_BOUND('',#2274,.F.);
#2274 = EDGE_LOOP('',(#2275,#2276,#2282,#2283));
#2275 = ORIENTED_EDGE('',*,*,#1653,.T.);
#2276 = ORIENTED_EDGE('',*,*,#2277,.T.);
#2277 = EDGE_CURVE('',#1654,#2239,#2278,.T.);
#2278 = LINE('',#2279,#2280);
#2279 = CARTESIAN_POINT('',(8.23,-9.98,8.7));
#2280 = VECTOR('',#2281,1.);
#2281 = DIRECTION('',(0.,0.,-1.));
#2282 = ORIENTED_EDGE('',*,*,#2246,.F.);
#2283 = ORIENTED_EDGE('',*,*,#1335,.F.);
#2284 = PLANE('',#2285);
#2285 = AXIS2_PLACEMENT_3D('',#2286,#2287,#2288);
#2286 = CARTESIAN_POINT('',(8.23,-8.23,8.7));
#2287 = DIRECTION('',(1.,0.,0.));
#2288 = DIRECTION('',(0.,0.,-1.));
#2289 = ADVANCED_FACE('',(#2290),#2309,.T.);
#2290 = FACE_BOUND('',#2291,.T.);
#2291 = EDGE_LOOP('',(#2292,#2300,#2301,#2302));
#2292 = ORIENTED_EDGE('',*,*,#2293,.T.);
#2293 = EDGE_CURVE('',#2294,#726,#2296,.T.);
#2294 = VERTEX_POINT('',#2295);
#2295 = CARTESIAN_POINT('',(10.5,10.25,5.));
#2296 = LINE('',#2297,#2298);
#2297 = CARTESIAN_POINT('',(10.5,12.25,5.));
#2298 = VECTOR('',#2299,1.);
#2299 = DIRECTION('',(0.,-1.,0.));
#2300 = ORIENTED_EDGE('',*,*,#1425,.F.);
#2301 = ORIENTED_EDGE('',*,*,#1741,.F.);
#2302 = ORIENTED_EDGE('',*,*,#2303,.F.);
#2303 = EDGE_CURVE('',#2294,#1731,#2304,.T.);
#2304 = CIRCLE('',#2305,2.);
#2305 = AXIS2_PLACEMENT_3D('',#2306,#2307,#2308);
#2306 = CARTESIAN_POINT('',(8.5,10.25,5.));
#2307 = DIRECTION('',(0.,-0.,1.));
#2308 = DIRECTION('',(0.,1.,0.));
#2309 = PLANE('',#2310);
#2310 = AXIS2_PLACEMENT_3D('',#2311,#2312,#2313);
#2311 = CARTESIAN_POINT('',(-10.5,12.25,5.));
#2312 = DIRECTION('',(0.,0.,-1.));
#2313 = DIRECTION('',(1.,0.,0.));
#2314 = ADVANCED_FACE('',(#2315),#2320,.T.);
#2315 = FACE_BOUND('',#2316,.T.);
#2316 = EDGE_LOOP('',(#2317,#2318,#2319));
#2317 = ORIENTED_EDGE('',*,*,#1479,.F.);
#2318 = ORIENTED_EDGE('',*,*,#1748,.T.);
#2319 = ORIENTED_EDGE('',*,*,#1416,.T.);
#2320 = PLANE('',#2321);
#2321 = AXIS2_PLACEMENT_3D('',#2322,#2323,#2324);
#2322 = CARTESIAN_POINT('',(-10.5,12.25,5.));
#2323 = DIRECTION('',(0.,0.,-1.));
#2324 = DIRECTION('',(1.,0.,0.));
#2325 = ADVANCED_FACE('',(#2326),#2342,.F.);
#2326 = FACE_BOUND('',#2327,.F.);
#2327 = EDGE_LOOP('',(#2328,#2329,#2335,#2336));
#2328 = ORIENTED_EDGE('',*,*,#1507,.F.);
#2329 = ORIENTED_EDGE('',*,*,#2330,.T.);
#2330 = EDGE_CURVE('',#1508,#1963,#2331,.T.);
#2331 = LINE('',#2332,#2333);
#2332 = CARTESIAN_POINT('',(-9.08,10.83,8.2));
#2333 = VECTOR('',#2334,1.);
#2334 = DIRECTION('',(0.,0.,-1.));
#2335 = ORIENTED_EDGE('',*,*,#1970,.T.);
#2336 = ORIENTED_EDGE('',*,*,#2337,.F.);
#2337 = EDGE_CURVE('',#1510,#1971,#2338,.T.);
#2338 = LINE('',#2339,#2340);
#2339 = CARTESIAN_POINT('',(-6.58,10.83,8.2));
#2340 = VECTOR('',#2341,1.);
#2341 = DIRECTION('',(0.,0.,-1.));
#2342 = PLANE('',#2343);
#2343 = AXIS2_PLACEMENT_3D('',#2344,#2345,#2346);
#2344 = CARTESIAN_POINT('',(-9.08,10.83,8.2));
#2345 = DIRECTION('',(0.,-1.,0.));
#2346 = DIRECTION('',(0.,0.,-1.));
#2347 = ADVANCED_FACE('',(#2348,#2354),#2388,.F.);
#2348 = FACE_BOUND('',#2349,.F.);
#2349 = EDGE_LOOP('',(#2350,#2351,#2352,#2353));
#2350 = ORIENTED_EDGE('',*,*,#2330,.F.);
#2351 = ORIENTED_EDGE('',*,*,#1517,.T.);
#2352 = ORIENTED_EDGE('',*,*,#1938,.T.);
#2353 = ORIENTED_EDGE('',*,*,#1962,.F.);
#2354 = FACE_BOUND('',#2355,.F.);
#2355 = EDGE_LOOP('',(#2356,#2366,#2374,#2382));
#2356 = ORIENTED_EDGE('',*,*,#2357,.F.);
#2357 = EDGE_CURVE('',#2358,#2360,#2362,.T.);
#2358 = VERTEX_POINT('',#2359);
#2359 = CARTESIAN_POINT('',(-9.08,10.53,4.8));
#2360 = VERTEX_POINT('',#2361);
#2361 = CARTESIAN_POINT('',(-9.08,8.73,4.8));
#2362 = LINE('',#2363,#2364);
#2363 = CARTESIAN_POINT('',(-9.08,10.53,4.8));
#2364 = VECTOR('',#2365,1.);
#2365 = DIRECTION('',(0.,-1.,0.));
#2366 = ORIENTED_EDGE('',*,*,#2367,.F.);
#2367 = EDGE_CURVE('',#2368,#2358,#2370,.T.);
#2368 = VERTEX_POINT('',#2369);
#2369 = CARTESIAN_POINT('',(-9.08,10.53,3.9));
#2370 = LINE('',#2371,#2372);
#2371 = CARTESIAN_POINT('',(-9.08,10.53,3.9));
#2372 = VECTOR('',#2373,1.);
#2373 = DIRECTION('',(0.,0.,1.));
#2374 = ORIENTED_EDGE('',*,*,#2375,.T.);
#2375 = EDGE_CURVE('',#2368,#2376,#2378,.T.);
#2376 = VERTEX_POINT('',#2377);
#2377 = CARTESIAN_POINT('',(-9.08,8.73,3.9));
#2378 = LINE('',#2379,#2380);
#2379 = CARTESIAN_POINT('',(-9.08,10.53,3.9));
#2380 = VECTOR('',#2381,1.);
#2381 = DIRECTION('',(0.,-1.,0.));
#2382 = ORIENTED_EDGE('',*,*,#2383,.T.);
#2383 = EDGE_CURVE('',#2376,#2360,#2384,.T.);
#2384 = LINE('',#2385,#2386);
#2385 = CARTESIAN_POINT('',(-9.08,8.73,3.9));
#2386 = VECTOR('',#2387,1.);
#2387 = DIRECTION('',(0.,0.,1.));
#2388 = PLANE('',#2389);
#2389 = AXIS2_PLACEMENT_3D('',#2390,#2391,#2392);
#2390 = CARTESIAN_POINT('',(-9.08,10.83,8.2));
#2391 = DIRECTION('',(1.,0.,0.));
#2392 = DIRECTION('',(0.,0.,-1.));
#2393 = ADVANCED_FACE('',(#2394),#2405,.T.);
#2394 = FACE_BOUND('',#2395,.T.);
#2395 = EDGE_LOOP('',(#2396,#2397,#2398,#2399));
#2396 = ORIENTED_EDGE('',*,*,#1978,.F.);
#2397 = ORIENTED_EDGE('',*,*,#2337,.F.);
#2398 = ORIENTED_EDGE('',*,*,#1603,.T.);
#2399 = ORIENTED_EDGE('',*,*,#2400,.T.);
#2400 = EDGE_CURVE('',#1596,#1979,#2401,.T.);
#2401 = LINE('',#2402,#2403);
#2402 = CARTESIAN_POINT('',(-6.58,9.98,8.45));
#2403 = VECTOR('',#2404,1.);
#2404 = DIRECTION('',(0.,0.,-1.));
#2405 = PLANE('',#2406);
#2406 = AXIS2_PLACEMENT_3D('',#2407,#2408,#2409);
#2407 = CARTESIAN_POINT('',(-6.58,10.83,8.2));
#2408 = DIRECTION('',(1.,0.,0.));
#2409 = DIRECTION('',(0.,0.,-1.));
#2410 = ADVANCED_FACE('',(#2411),#2417,.T.);
#2411 = FACE_BOUND('',#2412,.T.);
#2412 = EDGE_LOOP('',(#2413,#2414,#2415,#2416));
#2413 = ORIENTED_EDGE('',*,*,#1595,.T.);
#2414 = ORIENTED_EDGE('',*,*,#2009,.T.);
#2415 = ORIENTED_EDGE('',*,*,#1986,.F.);
#2416 = ORIENTED_EDGE('',*,*,#2400,.F.);
#2417 = PLANE('',#2418);
#2418 = AXIS2_PLACEMENT_3D('',#2419,#2420,#2421);
#2419 = CARTESIAN_POINT('',(-8.23,9.98,8.7));
#2420 = DIRECTION('',(0.,-1.,0.));
#2421 = DIRECTION('',(0.,0.,-1.));
#2422 = ADVANCED_FACE('',(#2423,#2434),#2468,.F.);
#2423 = FACE_BOUND('',#2424,.F.);
#2424 = EDGE_LOOP('',(#2425,#2426,#2427,#2433));
#2425 = ORIENTED_EDGE('',*,*,#2027,.F.);
#2426 = ORIENTED_EDGE('',*,*,#1542,.T.);
#2427 = ORIENTED_EDGE('',*,*,#2428,.T.);
#2428 = EDGE_CURVE('',#1543,#2061,#2429,.T.);
#2429 = LINE('',#2430,#2431);
#2430 = CARTESIAN_POINT('',(-9.08,-10.83,8.2));
#2431 = VECTOR('',#2432,1.);
#2432 = DIRECTION('',(0.,0.,-1.));
#2433 = ORIENTED_EDGE('',*,*,#2068,.F.);
#2434 = FACE_BOUND('',#2435,.F.);
#2435 = EDGE_LOOP('',(#2436,#2446,#2454,#2462));
#2436 = ORIENTED_EDGE('',*,*,#2437,.F.);
#2437 = EDGE_CURVE('',#2438,#2440,#2442,.T.);
#2438 = VERTEX_POINT('',#2439);
#2439 = CARTESIAN_POINT('',(-9.08,-8.73,4.8));
#2440 = VERTEX_POINT('',#2441);
#2441 = CARTESIAN_POINT('',(-9.08,-10.53,4.8));
#2442 = LINE('',#2443,#2444);
#2443 = CARTESIAN_POINT('',(-9.08,-8.73,4.8));
#2444 = VECTOR('',#2445,1.);
#2445 = DIRECTION('',(0.,-1.,0.));
#2446 = ORIENTED_EDGE('',*,*,#2447,.F.);
#2447 = EDGE_CURVE('',#2448,#2438,#2450,.T.);
#2448 = VERTEX_POINT('',#2449);
#2449 = CARTESIAN_POINT('',(-9.08,-8.73,3.9));
#2450 = LINE('',#2451,#2452);
#2451 = CARTESIAN_POINT('',(-9.08,-8.73,3.9));
#2452 = VECTOR('',#2453,1.);
#2453 = DIRECTION('',(0.,0.,1.));
#2454 = ORIENTED_EDGE('',*,*,#2455,.T.);
#2455 = EDGE_CURVE('',#2448,#2456,#2458,.T.);
#2456 = VERTEX_POINT('',#2457);
#2457 = CARTESIAN_POINT('',(-9.08,-10.53,3.9));
#2458 = LINE('',#2459,#2460);
#2459 = CARTESIAN_POINT('',(-9.08,-8.73,3.9));
#2460 = VECTOR('',#2461,1.);
#2461 = DIRECTION('',(0.,-1.,0.));
#2462 = ORIENTED_EDGE('',*,*,#2463,.T.);
#2463 = EDGE_CURVE('',#2456,#2440,#2464,.T.);
#2464 = LINE('',#2465,#2466);
#2465 = CARTESIAN_POINT('',(-9.08,-10.53,3.9));
#2466 = VECTOR('',#2467,1.);
#2467 = DIRECTION('',(0.,0.,1.));
#2468 = PLANE('',#2469);
#2469 = AXIS2_PLACEMENT_3D('',#2470,#2471,#2472);
#2470 = CARTESIAN_POINT('',(-9.08,-8.33,8.2));
#2471 = DIRECTION('',(1.,0.,0.));
#2472 = DIRECTION('',(0.,0.,-1.));
#2473 = ADVANCED_FACE('',(#2474),#2485,.T.);
#2474 = FACE_BOUND('',#2475,.T.);
#2475 = EDGE_LOOP('',(#2476,#2477,#2478,#2479));
#2476 = ORIENTED_EDGE('',*,*,#1550,.F.);
#2477 = ORIENTED_EDGE('',*,*,#2428,.T.);
#2478 = ORIENTED_EDGE('',*,*,#2060,.T.);
#2479 = ORIENTED_EDGE('',*,*,#2480,.F.);
#2480 = EDGE_CURVE('',#1551,#2053,#2481,.T.);
#2481 = LINE('',#2482,#2483);
#2482 = CARTESIAN_POINT('',(-6.58,-10.83,8.2));
#2483 = VECTOR('',#2484,1.);
#2484 = DIRECTION('',(0.,0.,-1.));
#2485 = PLANE('',#2486);
#2486 = AXIS2_PLACEMENT_3D('',#2487,#2488,#2489);
#2487 = CARTESIAN_POINT('',(-9.08,-10.83,8.2));
#2488 = DIRECTION('',(0.,-1.,0.));
#2489 = DIRECTION('',(0.,0.,-1.));
#2490 = ADVANCED_FACE('',(#2491),#2502,.T.);
#2491 = FACE_BOUND('',#2492,.T.);
#2492 = EDGE_LOOP('',(#2493,#2494,#2500,#2501));
#2493 = ORIENTED_EDGE('',*,*,#2050,.F.);
#2494 = ORIENTED_EDGE('',*,*,#2495,.F.);
#2495 = EDGE_CURVE('',#1559,#2051,#2496,.T.);
#2496 = LINE('',#2497,#2498);
#2497 = CARTESIAN_POINT('',(-6.58,-9.98,8.45));
#2498 = VECTOR('',#2499,1.);
#2499 = DIRECTION('',(0.,0.,-1.));
#2500 = ORIENTED_EDGE('',*,*,#1558,.T.);
#2501 = ORIENTED_EDGE('',*,*,#2480,.T.);
#2502 = PLANE('',#2503);
#2503 = AXIS2_PLACEMENT_3D('',#2504,#2505,#2506);
#2504 = CARTESIAN_POINT('',(-6.58,-8.33,8.2));
#2505 = DIRECTION('',(1.,0.,0.));
#2506 = DIRECTION('',(0.,0.,-1.));
#2507 = ADVANCED_FACE('',(#2508),#2514,.F.);
#2508 = FACE_BOUND('',#2509,.F.);
#2509 = EDGE_LOOP('',(#2510,#2511,#2512,#2513));
#2510 = ORIENTED_EDGE('',*,*,#1566,.T.);
#2511 = ORIENTED_EDGE('',*,*,#2099,.T.);
#2512 = ORIENTED_EDGE('',*,*,#2084,.F.);
#2513 = ORIENTED_EDGE('',*,*,#2495,.F.);
#2514 = PLANE('',#2515);
#2515 = AXIS2_PLACEMENT_3D('',#2516,#2517,#2518);
#2516 = CARTESIAN_POINT('',(-8.23,-9.98,8.7));
#2517 = DIRECTION('',(0.,-1.,0.));
#2518 = DIRECTION('',(0.,0.,-1.));
#2519 = ADVANCED_FACE('',(#2520),#2536,.F.);
#2520 = FACE_BOUND('',#2521,.F.);
#2521 = EDGE_LOOP('',(#2522,#2523,#2529,#2530));
#2522 = ORIENTED_EDGE('',*,*,#1614,.F.);
#2523 = ORIENTED_EDGE('',*,*,#2524,.T.);
#2524 = EDGE_CURVE('',#1615,#2140,#2525,.T.);
#2525 = LINE('',#2526,#2527);
#2526 = CARTESIAN_POINT('',(6.58,10.83,8.2));
#2527 = VECTOR('',#2528,1.);
#2528 = DIRECTION('',(0.,0.,-1.));
#2529 = ORIENTED_EDGE('',*,*,#2149,.T.);
#2530 = ORIENTED_EDGE('',*,*,#2531,.F.);
#2531 = EDGE_CURVE('',#1617,#2150,#2532,.T.);
#2532 = LINE('',#2533,#2534);
#2533 = CARTESIAN_POINT('',(9.08,10.83,8.2));
#2534 = VECTOR('',#2535,1.);
#2535 = DIRECTION('',(0.,0.,-1.));
#2536 = PLANE('',#2537);
#2537 = AXIS2_PLACEMENT_3D('',#2538,#2539,#2540);
#2538 = CARTESIAN_POINT('',(6.58,10.83,8.2));
#2539 = DIRECTION('',(0.,-1.,0.));
#2540 = DIRECTION('',(0.,0.,-1.));
#2541 = ADVANCED_FACE('',(#2542),#2553,.F.);
#2542 = FACE_BOUND('',#2543,.F.);
#2543 = EDGE_LOOP('',(#2544,#2545,#2546,#2547));
#2544 = ORIENTED_EDGE('',*,*,#2139,.F.);
#2545 = ORIENTED_EDGE('',*,*,#2524,.F.);
#2546 = ORIENTED_EDGE('',*,*,#1624,.T.);
#2547 = ORIENTED_EDGE('',*,*,#2548,.T.);
#2548 = EDGE_CURVE('',#1625,#2142,#2549,.T.);
#2549 = LINE('',#2550,#2551);
#2550 = CARTESIAN_POINT('',(6.58,9.98,8.45));
#2551 = VECTOR('',#2552,1.);
#2552 = DIRECTION('',(0.,0.,-1.));
#2553 = PLANE('',#2554);
#2554 = AXIS2_PLACEMENT_3D('',#2555,#2556,#2557);
#2555 = CARTESIAN_POINT('',(6.58,10.83,8.2));
#2556 = DIRECTION('',(1.,0.,0.));
#2557 = DIRECTION('',(0.,0.,-1.));
#2558 = ADVANCED_FACE('',(#2559,#2565),#2599,.T.);
#2559 = FACE_BOUND('',#2560,.T.);
#2560 = EDGE_LOOP('',(#2561,#2562,#2563,#2564));
#2561 = ORIENTED_EDGE('',*,*,#2531,.F.);
#2562 = ORIENTED_EDGE('',*,*,#1710,.T.);
#2563 = ORIENTED_EDGE('',*,*,#2125,.T.);
#2564 = ORIENTED_EDGE('',*,*,#2157,.F.);
#2565 = FACE_BOUND('',#2566,.T.);
#2566 = EDGE_LOOP('',(#2567,#2577,#2585,#2593));
#2567 = ORIENTED_EDGE('',*,*,#2568,.F.);
#2568 = EDGE_CURVE('',#2569,#2571,#2573,.T.);
#2569 = VERTEX_POINT('',#2570);
#2570 = CARTESIAN_POINT('',(9.08,10.53,4.8));
#2571 = VERTEX_POINT('',#2572);
#2572 = CARTESIAN_POINT('',(9.08,8.73,4.8));
#2573 = LINE('',#2574,#2575);
#2574 = CARTESIAN_POINT('',(9.08,10.53,4.8));
#2575 = VECTOR('',#2576,1.);
#2576 = DIRECTION('',(0.,-1.,0.));
#2577 = ORIENTED_EDGE('',*,*,#2578,.F.);
#2578 = EDGE_CURVE('',#2579,#2569,#2581,.T.);
#2579 = VERTEX_POINT('',#2580);
#2580 = CARTESIAN_POINT('',(9.08,10.53,3.9));
#2581 = LINE('',#2582,#2583);
#2582 = CARTESIAN_POINT('',(9.08,10.53,3.9));
#2583 = VECTOR('',#2584,1.);
#2584 = DIRECTION('',(0.,0.,1.));
#2585 = ORIENTED_EDGE('',*,*,#2586,.T.);
#2586 = EDGE_CURVE('',#2579,#2587,#2589,.T.);
#2587 = VERTEX_POINT('',#2588);
#2588 = CARTESIAN_POINT('',(9.08,8.73,3.9));
#2589 = LINE('',#2590,#2591);
#2590 = CARTESIAN_POINT('',(9.08,10.53,3.9));
#2591 = VECTOR('',#2592,1.);
#2592 = DIRECTION('',(0.,-1.,0.));
#2593 = ORIENTED_EDGE('',*,*,#2594,.T.);
#2594 = EDGE_CURVE('',#2587,#2571,#2595,.T.);
#2595 = LINE('',#2596,#2597);
#2596 = CARTESIAN_POINT('',(9.08,8.73,3.9));
#2597 = VECTOR('',#2598,1.);
#2598 = DIRECTION('',(0.,0.,1.));
#2599 = PLANE('',#2600);
#2600 = AXIS2_PLACEMENT_3D('',#2601,#2602,#2603);
#2601 = CARTESIAN_POINT('',(9.08,10.83,8.2));
#2602 = DIRECTION('',(1.,0.,0.));
#2603 = DIRECTION('',(0.,0.,-1.));
#2604 = ADVANCED_FACE('',(#2605),#2611,.T.);
#2605 = FACE_BOUND('',#2606,.T.);
#2606 = EDGE_LOOP('',(#2607,#2608,#2609,#2610));
#2607 = ORIENTED_EDGE('',*,*,#2187,.F.);
#2608 = ORIENTED_EDGE('',*,*,#1632,.T.);
#2609 = ORIENTED_EDGE('',*,*,#2548,.T.);
#2610 = ORIENTED_EDGE('',*,*,#2173,.F.);
#2611 = PLANE('',#2612);
#2612 = AXIS2_PLACEMENT_3D('',#2613,#2614,#2615);
#2613 = CARTESIAN_POINT('',(6.48,9.98,8.7));
#2614 = DIRECTION('',(0.,-1.,0.));
#2615 = DIRECTION('',(0.,0.,-1.));
#2616 = ADVANCED_FACE('',(#2617,#2628),#2662,.T.);
#2617 = FACE_BOUND('',#2618,.T.);
#2618 = EDGE_LOOP('',(#2619,#2620,#2621,#2627));
#2619 = ORIENTED_EDGE('',*,*,#2214,.F.);
#2620 = ORIENTED_EDGE('',*,*,#1685,.T.);
#2621 = ORIENTED_EDGE('',*,*,#2622,.T.);
#2622 = EDGE_CURVE('',#1678,#2255,#2623,.T.);
#2623 = LINE('',#2624,#2625);
#2624 = CARTESIAN_POINT('',(9.08,-10.83,8.2));
#2625 = VECTOR('',#2626,1.);
#2626 = DIRECTION('',(0.,0.,-1.));
#2627 = ORIENTED_EDGE('',*,*,#2254,.F.);
#2628 = FACE_BOUND('',#2629,.T.);
#2629 = EDGE_LOOP('',(#2630,#2640,#2648,#2656));
#2630 = ORIENTED_EDGE('',*,*,#2631,.F.);
#2631 = EDGE_CURVE('',#2632,#2634,#2636,.T.);
#2632 = VERTEX_POINT('',#2633);
#2633 = CARTESIAN_POINT('',(9.08,-8.73,4.8));
#2634 = VERTEX_POINT('',#2635);
#2635 = CARTESIAN_POINT('',(9.08,-10.53,4.8));
#2636 = LINE('',#2637,#2638);
#2637 = CARTESIAN_POINT('',(9.08,-8.73,4.8));
#2638 = VECTOR('',#2639,1.);
#2639 = DIRECTION('',(0.,-1.,0.));
#2640 = ORIENTED_EDGE('',*,*,#2641,.F.);
#2641 = EDGE_CURVE('',#2642,#2632,#2644,.T.);
#2642 = VERTEX_POINT('',#2643);
#2643 = CARTESIAN_POINT('',(9.08,-8.73,3.9));
#2644 = LINE('',#2645,#2646);
#2645 = CARTESIAN_POINT('',(9.08,-8.73,3.9));
#2646 = VECTOR('',#2647,1.);
#2647 = DIRECTION('',(0.,0.,1.));
#2648 = ORIENTED_EDGE('',*,*,#2649,.T.);
#2649 = EDGE_CURVE('',#2642,#2650,#2652,.T.);
#2650 = VERTEX_POINT('',#2651);
#2651 = CARTESIAN_POINT('',(9.08,-10.53,3.9));
#2652 = LINE('',#2653,#2654);
#2653 = CARTESIAN_POINT('',(9.08,-8.73,3.9));
#2654 = VECTOR('',#2655,1.);
#2655 = DIRECTION('',(0.,-1.,0.));
#2656 = ORIENTED_EDGE('',*,*,#2657,.T.);
#2657 = EDGE_CURVE('',#2650,#2634,#2658,.T.);
#2658 = LINE('',#2659,#2660);
#2659 = CARTESIAN_POINT('',(9.08,-10.53,3.9));
#2660 = VECTOR('',#2661,1.);
#2661 = DIRECTION('',(0.,0.,1.));
#2662 = PLANE('',#2663);
#2663 = AXIS2_PLACEMENT_3D('',#2664,#2665,#2666);
#2664 = CARTESIAN_POINT('',(9.08,-8.33,8.2));
#2665 = DIRECTION('',(1.,0.,0.));
#2666 = DIRECTION('',(0.,0.,-1.));
#2667 = ADVANCED_FACE('',(#2668),#2679,.T.);
#2668 = FACE_BOUND('',#2669,.T.);
#2669 = EDGE_LOOP('',(#2670,#2671,#2677,#2678));
#2670 = ORIENTED_EDGE('',*,*,#1677,.F.);
#2671 = ORIENTED_EDGE('',*,*,#2672,.T.);
#2672 = EDGE_CURVE('',#1670,#2231,#2673,.T.);
#2673 = LINE('',#2674,#2675);
#2674 = CARTESIAN_POINT('',(6.58,-10.83,8.2));
#2675 = VECTOR('',#2676,1.);
#2676 = DIRECTION('',(0.,0.,-1.));
#2677 = ORIENTED_EDGE('',*,*,#2262,.T.);
#2678 = ORIENTED_EDGE('',*,*,#2622,.F.);
#2679 = PLANE('',#2680);
#2680 = AXIS2_PLACEMENT_3D('',#2681,#2682,#2683);
#2681 = CARTESIAN_POINT('',(6.58,-10.83,8.2));
#2682 = DIRECTION('',(0.,-1.,0.));
#2683 = DIRECTION('',(0.,0.,-1.));
#2684 = ADVANCED_FACE('',(#2685),#2696,.F.);
#2685 = FACE_BOUND('',#2686,.F.);
#2686 = EDGE_LOOP('',(#2687,#2688,#2694,#2695));
#2687 = ORIENTED_EDGE('',*,*,#2228,.F.);
#2688 = ORIENTED_EDGE('',*,*,#2689,.F.);
#2689 = EDGE_CURVE('',#1662,#2229,#2690,.T.);
#2690 = LINE('',#2691,#2692);
#2691 = CARTESIAN_POINT('',(6.58,-9.98,8.45));
#2692 = VECTOR('',#2693,1.);
#2693 = DIRECTION('',(0.,0.,-1.));
#2694 = ORIENTED_EDGE('',*,*,#1669,.T.);
#2695 = ORIENTED_EDGE('',*,*,#2672,.T.);
#2696 = PLANE('',#2697);
#2697 = AXIS2_PLACEMENT_3D('',#2698,#2699,#2700);
#2698 = CARTESIAN_POINT('',(6.58,-8.33,8.2));
#2699 = DIRECTION('',(1.,0.,0.));
#2700 = DIRECTION('',(0.,0.,-1.));
#2701 = ADVANCED_FACE('',(#2702),#2708,.F.);
#2702 = FACE_BOUND('',#2703,.F.);
#2703 = EDGE_LOOP('',(#2704,#2705,#2706,#2707));
#2704 = ORIENTED_EDGE('',*,*,#2277,.F.);
#2705 = ORIENTED_EDGE('',*,*,#1661,.T.);
#2706 = ORIENTED_EDGE('',*,*,#2689,.T.);
#2707 = ORIENTED_EDGE('',*,*,#2238,.F.);
#2708 = PLANE('',#2709);
#2709 = AXIS2_PLACEMENT_3D('',#2710,#2711,#2712);
#2710 = CARTESIAN_POINT('',(6.48,-9.98,8.7));
#2711 = DIRECTION('',(0.,-1.,0.));
#2712 = DIRECTION('',(0.,0.,-1.));
#2713 = ADVANCED_FACE('',(#2714),#2759,.T.);
#2714 = FACE_BOUND('',#2715,.T.);
#2715 = EDGE_LOOP('',(#2716,#2717,#2726,#2735,#2743,#2752));
#2716 = ORIENTED_EDGE('',*,*,#1730,.T.);
#2717 = ORIENTED_EDGE('',*,*,#2718,.F.);
#2718 = EDGE_CURVE('',#2719,#1733,#2721,.T.);
#2719 = VERTEX_POINT('',#2720);
#2720 = CARTESIAN_POINT('',(9.,13.,5.));
#2721 = CIRCLE('',#2722,2.);
#2722 = AXIS2_PLACEMENT_3D('',#2723,#2724,#2725);
#2723 = CARTESIAN_POINT('',(7.,13.,5.));
#2724 = DIRECTION('',(0.,0.,-1.));
#2725 = DIRECTION('',(1.,0.,0.));
#2726 = ORIENTED_EDGE('',*,*,#2727,.F.);
#2727 = EDGE_CURVE('',#2728,#2719,#2730,.T.);
#2728 = VERTEX_POINT('',#2729);
#2729 = CARTESIAN_POINT('',(8.936491673104,13.5,5.));
#2730 = CIRCLE('',#2731,2.);
#2731 = AXIS2_PLACEMENT_3D('',#2732,#2733,#2734);
#2732 = CARTESIAN_POINT('',(7.,13.,5.));
#2733 = DIRECTION('',(0.,0.,-1.));
#2734 = DIRECTION('',(1.,0.,0.));
#2735 = ORIENTED_EDGE('',*,*,#2736,.T.);
#2736 = EDGE_CURVE('',#2728,#2737,#2739,.T.);
#2737 = VERTEX_POINT('',#2738);
#2738 = CARTESIAN_POINT('',(11.170131892399,13.5,5.));
#2739 = LINE('',#2740,#2741);
#2740 = CARTESIAN_POINT('',(2.8,13.5,5.));
#2741 = VECTOR('',#2742,1.);
#2742 = DIRECTION('',(1.,0.,0.));
#2743 = ORIENTED_EDGE('',*,*,#2744,.T.);
#2744 = EDGE_CURVE('',#2737,#2745,#2747,.T.);
#2745 = VERTEX_POINT('',#2746);
#2746 = CARTESIAN_POINT('',(11.2,13.,5.));
#2747 = CIRCLE('',#2748,4.2);
#2748 = AXIS2_PLACEMENT_3D('',#2749,#2750,#2751);
#2749 = CARTESIAN_POINT('',(7.,13.,5.));
#2750 = DIRECTION('',(0.,0.,-1.));
#2751 = DIRECTION('',(1.,0.,0.));
#2752 = ORIENTED_EDGE('',*,*,#2753,.T.);
#2753 = EDGE_CURVE('',#2745,#1731,#2754,.T.);
#2754 = CIRCLE('',#2755,4.2);
#2755 = AXIS2_PLACEMENT_3D('',#2756,#2757,#2758);
#2756 = CARTESIAN_POINT('',(7.,13.,5.));
#2757 = DIRECTION('',(0.,0.,-1.));
#2758 = DIRECTION('',(1.,0.,0.));
#2759 = PLANE('',#2760);
#2760 = AXIS2_PLACEMENT_3D('',#2761,#2762,#2763);
#2761 = CARTESIAN_POINT('',(7.,13.,5.));
#2762 = DIRECTION('',(0.,0.,-1.));
#2763 = DIRECTION('',(1.,0.,0.));
#2764 = ADVANCED_FACE('',(#2765),#2828,.F.);
#2765 = FACE_BOUND('',#2766,.F.);
#2766 = EDGE_LOOP('',(#2767,#2768,#2776,#2783,#2784,#2793,#2802,#2809,
    #2810,#2811,#2820,#2827));
#2767 = ORIENTED_EDGE('',*,*,#2718,.F.);
#2768 = ORIENTED_EDGE('',*,*,#2769,.F.);
#2769 = EDGE_CURVE('',#2770,#2719,#2772,.T.);
#2770 = VERTEX_POINT('',#2771);
#2771 = CARTESIAN_POINT('',(9.,13.,9.4));
#2772 = LINE('',#2773,#2774);
#2773 = CARTESIAN_POINT('',(9.,13.,11.4));
#2774 = VECTOR('',#2775,1.);
#2775 = DIRECTION('',(0.,0.,-1.));
#2776 = ORIENTED_EDGE('',*,*,#2777,.T.);
#2777 = EDGE_CURVE('',#2770,#1829,#2778,.T.);
#2778 = CIRCLE('',#2779,2.);
#2779 = AXIS2_PLACEMENT_3D('',#2780,#2781,#2782);
#2780 = CARTESIAN_POINT('',(7.,13.,9.4));
#2781 = DIRECTION('',(0.,0.,-1.));
#2782 = DIRECTION('',(1.,0.,0.));
#2783 = ORIENTED_EDGE('',*,*,#1848,.T.);
#2784 = ORIENTED_EDGE('',*,*,#2785,.T.);
#2785 = EDGE_CURVE('',#1841,#2786,#2788,.T.);
#2786 = VERTEX_POINT('',#2787);
#2787 = CARTESIAN_POINT('',(5.063508326896,13.5,9.4));
#2788 = CIRCLE('',#2789,2.);
#2789 = AXIS2_PLACEMENT_3D('',#2790,#2791,#2792);
#2790 = CARTESIAN_POINT('',(7.,13.,9.4));
#2791 = DIRECTION('',(0.,0.,-1.));
#2792 = DIRECTION('',(1.,0.,0.));
#2793 = ORIENTED_EDGE('',*,*,#2794,.T.);
#2794 = EDGE_CURVE('',#2786,#2795,#2797,.T.);
#2795 = VERTEX_POINT('',#2796);
#2796 = CARTESIAN_POINT('',(8.936491673104,13.5,9.4));
#2797 = CIRCLE('',#2798,2.);
#2798 = AXIS2_PLACEMENT_3D('',#2799,#2800,#2801);
#2799 = CARTESIAN_POINT('',(7.,13.,9.4));
#2800 = DIRECTION('',(0.,0.,-1.));
#2801 = DIRECTION('',(1.,0.,0.));
#2802 = ORIENTED_EDGE('',*,*,#2803,.T.);
#2803 = EDGE_CURVE('',#2795,#2770,#2804,.T.);
#2804 = CIRCLE('',#2805,2.);
#2805 = AXIS2_PLACEMENT_3D('',#2806,#2807,#2808);
#2806 = CARTESIAN_POINT('',(7.,13.,9.4));
#2807 = DIRECTION('',(0.,0.,-1.));
#2808 = DIRECTION('',(1.,0.,0.));
#2809 = ORIENTED_EDGE('',*,*,#2769,.T.);
#2810 = ORIENTED_EDGE('',*,*,#2727,.F.);
#2811 = ORIENTED_EDGE('',*,*,#2812,.F.);
#2812 = EDGE_CURVE('',#2813,#2728,#2815,.T.);
#2813 = VERTEX_POINT('',#2814);
#2814 = CARTESIAN_POINT('',(5.063508326896,13.5,5.));
#2815 = CIRCLE('',#2816,2.);
#2816 = AXIS2_PLACEMENT_3D('',#2817,#2818,#2819);
#2817 = CARTESIAN_POINT('',(7.,13.,5.));
#2818 = DIRECTION('',(0.,0.,-1.));
#2819 = DIRECTION('',(1.,0.,0.));
#2820 = ORIENTED_EDGE('',*,*,#2821,.F.);
#2821 = EDGE_CURVE('',#1758,#2813,#2822,.T.);
#2822 = CIRCLE('',#2823,2.);
#2823 = AXIS2_PLACEMENT_3D('',#2824,#2825,#2826);
#2824 = CARTESIAN_POINT('',(7.,13.,5.));
#2825 = DIRECTION('',(0.,0.,-1.));
#2826 = DIRECTION('',(1.,0.,0.));
#2827 = ORIENTED_EDGE('',*,*,#1765,.F.);
#2828 = CYLINDRICAL_SURFACE('',#2829,2.);
#2829 = AXIS2_PLACEMENT_3D('',#2830,#2831,#2832);
#2830 = CARTESIAN_POINT('',(7.,13.,11.4));
#2831 = DIRECTION('',(0.,0.,-1.));
#2832 = DIRECTION('',(1.,0.,0.));
#2833 = ADVANCED_FACE('',(#2834),#2854,.T.);
#2834 = FACE_BOUND('',#2835,.T.);
#2835 = EDGE_LOOP('',(#2836,#2837,#2838,#2847,#2853));
#2836 = ORIENTED_EDGE('',*,*,#1757,.F.);
#2837 = ORIENTED_EDGE('',*,*,#1788,.T.);
#2838 = ORIENTED_EDGE('',*,*,#2839,.T.);
#2839 = EDGE_CURVE('',#1781,#2840,#2842,.T.);
#2840 = VERTEX_POINT('',#2841);
#2841 = CARTESIAN_POINT('',(2.829868107601,13.5,5.));
#2842 = CIRCLE('',#2843,4.2);
#2843 = AXIS2_PLACEMENT_3D('',#2844,#2845,#2846);
#2844 = CARTESIAN_POINT('',(7.,13.,5.));
#2845 = DIRECTION('',(0.,0.,-1.));
#2846 = DIRECTION('',(1.,0.,0.));
#2847 = ORIENTED_EDGE('',*,*,#2848,.T.);
#2848 = EDGE_CURVE('',#2840,#2813,#2849,.T.);
#2849 = LINE('',#2850,#2851);
#2850 = CARTESIAN_POINT('',(2.8,13.5,5.));
#2851 = VECTOR('',#2852,1.);
#2852 = DIRECTION('',(1.,0.,0.));
#2853 = ORIENTED_EDGE('',*,*,#2821,.F.);
#2854 = PLANE('',#2855);
#2855 = AXIS2_PLACEMENT_3D('',#2856,#2857,#2858);
#2856 = CARTESIAN_POINT('',(7.,13.,5.));
#2857 = DIRECTION('',(0.,0.,-1.));
#2858 = DIRECTION('',(1.,0.,0.));
#2859 = ADVANCED_FACE('',(#2860),#2885,.F.);
#2860 = FACE_BOUND('',#2861,.F.);
#2861 = EDGE_LOOP('',(#2862,#2870,#2878,#2884));
#2862 = ORIENTED_EDGE('',*,*,#2863,.F.);
#2863 = EDGE_CURVE('',#2864,#1781,#2866,.T.);
#2864 = VERTEX_POINT('',#2865);
#2865 = CARTESIAN_POINT('',(2.8,13.5,5.));
#2866 = LINE('',#2867,#2868);
#2867 = CARTESIAN_POINT('',(2.8,13.5,5.));
#2868 = VECTOR('',#2869,1.);
#2869 = DIRECTION('',(0.,-1.,0.));
#2870 = ORIENTED_EDGE('',*,*,#2871,.F.);
#2871 = EDGE_CURVE('',#2872,#2864,#2874,.T.);
#2872 = VERTEX_POINT('',#2873);
#2873 = CARTESIAN_POINT('',(2.8,13.5,9.4));
#2874 = LINE('',#2875,#2876);
#2875 = CARTESIAN_POINT('',(2.8,13.5,9.4));
#2876 = VECTOR('',#2877,1.);
#2877 = DIRECTION('',(0.,0.,-1.));
#2878 = ORIENTED_EDGE('',*,*,#2879,.T.);
#2879 = EDGE_CURVE('',#2872,#1806,#2880,.T.);
#2880 = LINE('',#2881,#2882);
#2881 = CARTESIAN_POINT('',(2.8,13.5,9.4));
#2882 = VECTOR('',#2883,1.);
#2883 = DIRECTION('',(0.,-1.,0.));
#2884 = ORIENTED_EDGE('',*,*,#1805,.T.);
#2885 = PLANE('',#2886);
#2886 = AXIS2_PLACEMENT_3D('',#2887,#2888,#2889);
#2887 = CARTESIAN_POINT('',(2.8,13.5,9.4));
#2888 = DIRECTION('',(1.,0.,0.));
#2889 = DIRECTION('',(0.,0.,-1.));
#2890 = ADVANCED_FACE('',(#2891),#2912,.F.);
#2891 = FACE_BOUND('',#2892,.F.);
#2892 = EDGE_LOOP('',(#2893,#2894,#2895,#2896,#2904,#2911));
#2893 = ORIENTED_EDGE('',*,*,#1828,.T.);
#2894 = ORIENTED_EDGE('',*,*,#2777,.F.);
#2895 = ORIENTED_EDGE('',*,*,#2803,.F.);
#2896 = ORIENTED_EDGE('',*,*,#2897,.T.);
#2897 = EDGE_CURVE('',#2795,#2898,#2900,.T.);
#2898 = VERTEX_POINT('',#2899);
#2899 = CARTESIAN_POINT('',(11.170131892399,13.5,9.4));
#2900 = LINE('',#2901,#2902);
#2901 = CARTESIAN_POINT('',(2.8,13.5,9.4));
#2902 = VECTOR('',#2903,1.);
#2903 = DIRECTION('',(1.,0.,0.));
#2904 = ORIENTED_EDGE('',*,*,#2905,.T.);
#2905 = EDGE_CURVE('',#2898,#1912,#2906,.T.);
#2906 = CIRCLE('',#2907,4.2);
#2907 = AXIS2_PLACEMENT_3D('',#2908,#2909,#2910);
#2908 = CARTESIAN_POINT('',(7.,13.,9.4));
#2909 = DIRECTION('',(0.,0.,-1.));
#2910 = DIRECTION('',(1.,0.,0.));
#2911 = ORIENTED_EDGE('',*,*,#1911,.T.);
#2912 = PLANE('',#2913);
#2913 = AXIS2_PLACEMENT_3D('',#2914,#2915,#2916);
#2914 = CARTESIAN_POINT('',(7.,13.,9.4));
#2915 = DIRECTION('',(0.,0.,-1.));
#2916 = DIRECTION('',(1.,0.,0.));
#2917 = ADVANCED_FACE('',(#2918),#2938,.F.);
#2918 = FACE_BOUND('',#2919,.F.);
#2919 = EDGE_LOOP('',(#2920,#2921,#2922,#2931,#2937));
#2920 = ORIENTED_EDGE('',*,*,#1840,.F.);
#2921 = ORIENTED_EDGE('',*,*,#1864,.T.);
#2922 = ORIENTED_EDGE('',*,*,#2923,.T.);
#2923 = EDGE_CURVE('',#1806,#2924,#2926,.T.);
#2924 = VERTEX_POINT('',#2925);
#2925 = CARTESIAN_POINT('',(2.829868107601,13.5,9.4));
#2926 = CIRCLE('',#2927,4.2);
#2927 = AXIS2_PLACEMENT_3D('',#2928,#2929,#2930);
#2928 = CARTESIAN_POINT('',(7.,13.,9.4));
#2929 = DIRECTION('',(0.,0.,-1.));
#2930 = DIRECTION('',(1.,0.,0.));
#2931 = ORIENTED_EDGE('',*,*,#2932,.T.);
#2932 = EDGE_CURVE('',#2924,#2786,#2933,.T.);
#2933 = LINE('',#2934,#2935);
#2934 = CARTESIAN_POINT('',(2.8,13.5,9.4));
#2935 = VECTOR('',#2936,1.);
#2936 = DIRECTION('',(1.,0.,0.));
#2937 = ORIENTED_EDGE('',*,*,#2785,.F.);
#2938 = PLANE('',#2939);
#2939 = AXIS2_PLACEMENT_3D('',#2940,#2941,#2942);
#2940 = CARTESIAN_POINT('',(7.,13.,9.4));
#2941 = DIRECTION('',(0.,0.,-1.));
#2942 = DIRECTION('',(1.,0.,0.));
#2943 = ADVANCED_FACE('',(#2944),#2960,.T.);
#2944 = FACE_BOUND('',#2945,.T.);
#2945 = EDGE_LOOP('',(#2946,#2952,#2958,#2959));
#2946 = ORIENTED_EDGE('',*,*,#2947,.F.);
#2947 = EDGE_CURVE('',#2745,#1890,#2948,.T.);
#2948 = LINE('',#2949,#2950);
#2949 = CARTESIAN_POINT('',(11.2,13.5,5.));
#2950 = VECTOR('',#2951,1.);
#2951 = DIRECTION('',(0.,-1.,0.));
#2952 = ORIENTED_EDGE('',*,*,#2953,.F.);
#2953 = EDGE_CURVE('',#1912,#2745,#2954,.T.);
#2954 = LINE('',#2955,#2956);
#2955 = CARTESIAN_POINT('',(11.2,13.,9.4));
#2956 = VECTOR('',#2957,1.);
#2957 = DIRECTION('',(0.,0.,-1.));
#2958 = ORIENTED_EDGE('',*,*,#1920,.T.);
#2959 = ORIENTED_EDGE('',*,*,#1897,.T.);
#2960 = PLANE('',#2961);
#2961 = AXIS2_PLACEMENT_3D('',#2962,#2963,#2964);
#2962 = CARTESIAN_POINT('',(11.2,13.5,9.4));
#2963 = DIRECTION('',(1.,0.,0.));
#2964 = DIRECTION('',(0.,0.,-1.));
#2965 = ADVANCED_FACE('',(#2966),#2973,.T.);
#2966 = FACE_BOUND('',#2967,.T.);
#2967 = EDGE_LOOP('',(#2968,#2969,#2970,#2971,#2972));
#2968 = ORIENTED_EDGE('',*,*,#2753,.F.);
#2969 = ORIENTED_EDGE('',*,*,#2947,.T.);
#2970 = ORIENTED_EDGE('',*,*,#1889,.F.);
#2971 = ORIENTED_EDGE('',*,*,#2293,.F.);
#2972 = ORIENTED_EDGE('',*,*,#2303,.T.);
#2973 = PLANE('',#2974);
#2974 = AXIS2_PLACEMENT_3D('',#2975,#2976,#2977);
#2975 = CARTESIAN_POINT('',(2.8,13.5,5.));
#2976 = DIRECTION('',(0.,0.,-1.));
#2977 = DIRECTION('',(1.,0.,0.));
#2978 = ADVANCED_FACE('',(#2979),#3004,.F.);
#2979 = FACE_BOUND('',#2980,.F.);
#2980 = EDGE_LOOP('',(#2981,#2982,#2990,#2998));
#2981 = ORIENTED_EDGE('',*,*,#2357,.T.);
#2982 = ORIENTED_EDGE('',*,*,#2983,.T.);
#2983 = EDGE_CURVE('',#2360,#2984,#2986,.T.);
#2984 = VERTEX_POINT('',#2985);
#2985 = CARTESIAN_POINT('',(-9.3,8.73,4.35));
#2986 = LINE('',#2987,#2988);
#2987 = CARTESIAN_POINT('',(-9.08,8.73,4.8));
#2988 = VECTOR('',#2989,1.);
#2989 = DIRECTION('',(-0.439210132005,0.,-0.898384360919));
#2990 = ORIENTED_EDGE('',*,*,#2991,.F.);
#2991 = EDGE_CURVE('',#2992,#2984,#2994,.T.);
#2992 = VERTEX_POINT('',#2993);
#2993 = CARTESIAN_POINT('',(-9.3,10.53,4.35));
#2994 = LINE('',#2995,#2996);
#2995 = CARTESIAN_POINT('',(-9.3,10.53,4.35));
#2996 = VECTOR('',#2997,1.);
#2997 = DIRECTION('',(0.,-1.,0.));
#2998 = ORIENTED_EDGE('',*,*,#2999,.F.);
#2999 = EDGE_CURVE('',#2358,#2992,#3000,.T.);
#3000 = LINE('',#3001,#3002);
#3001 = CARTESIAN_POINT('',(-9.08,10.53,4.8));
#3002 = VECTOR('',#3003,1.);
#3003 = DIRECTION('',(-0.439210132005,0.,-0.898384360919));
#3004 = PLANE('',#3005);
#3005 = AXIS2_PLACEMENT_3D('',#3006,#3007,#3008);
#3006 = CARTESIAN_POINT('',(-9.08,10.53,4.8));
#3007 = DIRECTION('',(0.898384360919,0.,-0.439210132005));
#3008 = DIRECTION('',(-0.439210132005,0.,-0.898384360919));
#3009 = ADVANCED_FACE('',(#3010),#3020,.T.);
#3010 = FACE_BOUND('',#3011,.T.);
#3011 = EDGE_LOOP('',(#3012,#3013,#3019));
#3012 = ORIENTED_EDGE('',*,*,#2983,.T.);
#3013 = ORIENTED_EDGE('',*,*,#3014,.T.);
#3014 = EDGE_CURVE('',#2984,#2376,#3015,.T.);
#3015 = LINE('',#3016,#3017);
#3016 = CARTESIAN_POINT('',(-9.3,8.73,4.35));
#3017 = VECTOR('',#3018,1.);
#3018 = DIRECTION('',(0.439210132005,0.,-0.898384360919));
#3019 = ORIENTED_EDGE('',*,*,#2383,.T.);
#3020 = PLANE('',#3021);
#3021 = AXIS2_PLACEMENT_3D('',#3022,#3023,#3024);
#3022 = CARTESIAN_POINT('',(-9.137944008739,8.73,4.35));
#3023 = DIRECTION('',(0.,-1.,0.));
#3024 = DIRECTION('',(0.,0.,-1.));
#3025 = ADVANCED_FACE('',(#3026),#3037,.F.);
#3026 = FACE_BOUND('',#3027,.F.);
#3027 = EDGE_LOOP('',(#3028,#3029,#3030,#3031));
#3028 = ORIENTED_EDGE('',*,*,#2991,.T.);
#3029 = ORIENTED_EDGE('',*,*,#3014,.T.);
#3030 = ORIENTED_EDGE('',*,*,#2375,.F.);
#3031 = ORIENTED_EDGE('',*,*,#3032,.F.);
#3032 = EDGE_CURVE('',#2992,#2368,#3033,.T.);
#3033 = LINE('',#3034,#3035);
#3034 = CARTESIAN_POINT('',(-9.3,10.53,4.35));
#3035 = VECTOR('',#3036,1.);
#3036 = DIRECTION('',(0.439210132005,0.,-0.898384360919));
#3037 = PLANE('',#3038);
#3038 = AXIS2_PLACEMENT_3D('',#3039,#3040,#3041);
#3039 = CARTESIAN_POINT('',(-9.3,10.53,4.35));
#3040 = DIRECTION('',(0.898384360919,0.,0.439210132005));
#3041 = DIRECTION('',(0.439210132005,0.,-0.898384360919));
#3042 = ADVANCED_FACE('',(#3043),#3048,.F.);
#3043 = FACE_BOUND('',#3044,.F.);
#3044 = EDGE_LOOP('',(#3045,#3046,#3047));
#3045 = ORIENTED_EDGE('',*,*,#2999,.T.);
#3046 = ORIENTED_EDGE('',*,*,#3032,.T.);
#3047 = ORIENTED_EDGE('',*,*,#2367,.T.);
#3048 = PLANE('',#3049);
#3049 = AXIS2_PLACEMENT_3D('',#3050,#3051,#3052);
#3050 = CARTESIAN_POINT('',(-9.137944008739,10.53,4.35));
#3051 = DIRECTION('',(0.,-1.,0.));
#3052 = DIRECTION('',(0.,0.,-1.));
#3053 = ADVANCED_FACE('',(#3054),#3079,.F.);
#3054 = FACE_BOUND('',#3055,.F.);
#3055 = EDGE_LOOP('',(#3056,#3057,#3065,#3073));
#3056 = ORIENTED_EDGE('',*,*,#2437,.T.);
#3057 = ORIENTED_EDGE('',*,*,#3058,.T.);
#3058 = EDGE_CURVE('',#2440,#3059,#3061,.T.);
#3059 = VERTEX_POINT('',#3060);
#3060 = CARTESIAN_POINT('',(-9.3,-10.53,4.35));
#3061 = LINE('',#3062,#3063);
#3062 = CARTESIAN_POINT('',(-9.08,-10.53,4.8));
#3063 = VECTOR('',#3064,1.);
#3064 = DIRECTION('',(-0.439210132005,0.,-0.898384360919));
#3065 = ORIENTED_EDGE('',*,*,#3066,.F.);
#3066 = EDGE_CURVE('',#3067,#3059,#3069,.T.);
#3067 = VERTEX_POINT('',#3068);
#3068 = CARTESIAN_POINT('',(-9.3,-8.73,4.35));
#3069 = LINE('',#3070,#3071);
#3070 = CARTESIAN_POINT('',(-9.3,-8.73,4.35));
#3071 = VECTOR('',#3072,1.);
#3072 = DIRECTION('',(0.,-1.,0.));
#3073 = ORIENTED_EDGE('',*,*,#3074,.F.);
#3074 = EDGE_CURVE('',#2438,#3067,#3075,.T.);
#3075 = LINE('',#3076,#3077);
#3076 = CARTESIAN_POINT('',(-9.08,-8.73,4.8));
#3077 = VECTOR('',#3078,1.);
#3078 = DIRECTION('',(-0.439210132005,0.,-0.898384360919));
#3079 = PLANE('',#3080);
#3080 = AXIS2_PLACEMENT_3D('',#3081,#3082,#3083);
#3081 = CARTESIAN_POINT('',(-9.08,-8.73,4.8));
#3082 = DIRECTION('',(0.898384360919,0.,-0.439210132005));
#3083 = DIRECTION('',(-0.439210132005,0.,-0.898384360919));
#3084 = ADVANCED_FACE('',(#3085),#3095,.T.);
#3085 = FACE_BOUND('',#3086,.T.);
#3086 = EDGE_LOOP('',(#3087,#3088,#3094));
#3087 = ORIENTED_EDGE('',*,*,#3058,.T.);
#3088 = ORIENTED_EDGE('',*,*,#3089,.T.);
#3089 = EDGE_CURVE('',#3059,#2456,#3090,.T.);
#3090 = LINE('',#3091,#3092);
#3091 = CARTESIAN_POINT('',(-9.3,-10.53,4.35));
#3092 = VECTOR('',#3093,1.);
#3093 = DIRECTION('',(0.439210132005,0.,-0.898384360919));
#3094 = ORIENTED_EDGE('',*,*,#2463,.T.);
#3095 = PLANE('',#3096);
#3096 = AXIS2_PLACEMENT_3D('',#3097,#3098,#3099);
#3097 = CARTESIAN_POINT('',(-9.137944008739,-10.53,4.35));
#3098 = DIRECTION('',(0.,-1.,0.));
#3099 = DIRECTION('',(0.,0.,-1.));
#3100 = ADVANCED_FACE('',(#3101),#3112,.F.);
#3101 = FACE_BOUND('',#3102,.F.);
#3102 = EDGE_LOOP('',(#3103,#3104,#3105,#3106));
#3103 = ORIENTED_EDGE('',*,*,#3066,.T.);
#3104 = ORIENTED_EDGE('',*,*,#3089,.T.);
#3105 = ORIENTED_EDGE('',*,*,#2455,.F.);
#3106 = ORIENTED_EDGE('',*,*,#3107,.F.);
#3107 = EDGE_CURVE('',#3067,#2448,#3108,.T.);
#3108 = LINE('',#3109,#3110);
#3109 = CARTESIAN_POINT('',(-9.3,-8.73,4.35));
#3110 = VECTOR('',#3111,1.);
#3111 = DIRECTION('',(0.439210132005,0.,-0.898384360919));
#3112 = PLANE('',#3113);
#3113 = AXIS2_PLACEMENT_3D('',#3114,#3115,#3116);
#3114 = CARTESIAN_POINT('',(-9.3,-8.73,4.35));
#3115 = DIRECTION('',(0.898384360919,0.,0.439210132005));
#3116 = DIRECTION('',(0.439210132005,0.,-0.898384360919));
#3117 = ADVANCED_FACE('',(#3118),#3123,.F.);
#3118 = FACE_BOUND('',#3119,.F.);
#3119 = EDGE_LOOP('',(#3120,#3121,#3122));
#3120 = ORIENTED_EDGE('',*,*,#3074,.T.);
#3121 = ORIENTED_EDGE('',*,*,#3107,.T.);
#3122 = ORIENTED_EDGE('',*,*,#2447,.T.);
#3123 = PLANE('',#3124);
#3124 = AXIS2_PLACEMENT_3D('',#3125,#3126,#3127);
#3125 = CARTESIAN_POINT('',(-9.137944008739,-8.73,4.35));
#3126 = DIRECTION('',(0.,-1.,0.));
#3127 = DIRECTION('',(0.,0.,-1.));
#3128 = ADVANCED_FACE('',(#3129),#3154,.T.);
#3129 = FACE_BOUND('',#3130,.T.);
#3130 = EDGE_LOOP('',(#3131,#3132,#3140,#3148));
#3131 = ORIENTED_EDGE('',*,*,#2568,.T.);
#3132 = ORIENTED_EDGE('',*,*,#3133,.T.);
#3133 = EDGE_CURVE('',#2571,#3134,#3136,.T.);
#3134 = VERTEX_POINT('',#3135);
#3135 = CARTESIAN_POINT('',(9.3,8.73,4.35));
#3136 = LINE('',#3137,#3138);
#3137 = CARTESIAN_POINT('',(9.08,8.73,4.8));
#3138 = VECTOR('',#3139,1.);
#3139 = DIRECTION('',(0.439210132005,0.,-0.898384360919));
#3140 = ORIENTED_EDGE('',*,*,#3141,.F.);
#3141 = EDGE_CURVE('',#3142,#3134,#3144,.T.);
#3142 = VERTEX_POINT('',#3143);
#3143 = CARTESIAN_POINT('',(9.3,10.53,4.35));
#3144 = LINE('',#3145,#3146);
#3145 = CARTESIAN_POINT('',(9.3,10.53,4.35));
#3146 = VECTOR('',#3147,1.);
#3147 = DIRECTION('',(0.,-1.,0.));
#3148 = ORIENTED_EDGE('',*,*,#3149,.F.);
#3149 = EDGE_CURVE('',#2569,#3142,#3150,.T.);
#3150 = LINE('',#3151,#3152);
#3151 = CARTESIAN_POINT('',(9.08,10.53,4.8));
#3152 = VECTOR('',#3153,1.);
#3153 = DIRECTION('',(0.439210132005,0.,-0.898384360919));
#3154 = PLANE('',#3155);
#3155 = AXIS2_PLACEMENT_3D('',#3156,#3157,#3158);
#3156 = CARTESIAN_POINT('',(9.08,10.53,4.8));
#3157 = DIRECTION('',(0.898384360919,0.,0.439210132005));
#3158 = DIRECTION('',(0.439210132005,0.,-0.898384360919));
#3159 = ADVANCED_FACE('',(#3160),#3170,.F.);
#3160 = FACE_BOUND('',#3161,.F.);
#3161 = EDGE_LOOP('',(#3162,#3163,#3169));
#3162 = ORIENTED_EDGE('',*,*,#3133,.T.);
#3163 = ORIENTED_EDGE('',*,*,#3164,.T.);
#3164 = EDGE_CURVE('',#3134,#2587,#3165,.T.);
#3165 = LINE('',#3166,#3167);
#3166 = CARTESIAN_POINT('',(9.3,8.73,4.35));
#3167 = VECTOR('',#3168,1.);
#3168 = DIRECTION('',(-0.439210132005,0.,-0.898384360919));
#3169 = ORIENTED_EDGE('',*,*,#2594,.T.);
#3170 = PLANE('',#3171);
#3171 = AXIS2_PLACEMENT_3D('',#3172,#3173,#3174);
#3172 = CARTESIAN_POINT('',(9.137944008739,8.73,4.35));
#3173 = DIRECTION('',(-0.,1.,0.));
#3174 = DIRECTION('',(0.,0.,1.));
#3175 = ADVANCED_FACE('',(#3176),#3187,.T.);
#3176 = FACE_BOUND('',#3177,.T.);
#3177 = EDGE_LOOP('',(#3178,#3179,#3180,#3181));
#3178 = ORIENTED_EDGE('',*,*,#3141,.T.);
#3179 = ORIENTED_EDGE('',*,*,#3164,.T.);
#3180 = ORIENTED_EDGE('',*,*,#2586,.F.);
#3181 = ORIENTED_EDGE('',*,*,#3182,.F.);
#3182 = EDGE_CURVE('',#3142,#2579,#3183,.T.);
#3183 = LINE('',#3184,#3185);
#3184 = CARTESIAN_POINT('',(9.3,10.53,4.35));
#3185 = VECTOR('',#3186,1.);
#3186 = DIRECTION('',(-0.439210132005,0.,-0.898384360919));
#3187 = PLANE('',#3188);
#3188 = AXIS2_PLACEMENT_3D('',#3189,#3190,#3191);
#3189 = CARTESIAN_POINT('',(9.3,10.53,4.35));
#3190 = DIRECTION('',(0.898384360919,0.,-0.439210132005));
#3191 = DIRECTION('',(-0.439210132005,0.,-0.898384360919));
#3192 = ADVANCED_FACE('',(#3193),#3198,.T.);
#3193 = FACE_BOUND('',#3194,.T.);
#3194 = EDGE_LOOP('',(#3195,#3196,#3197));
#3195 = ORIENTED_EDGE('',*,*,#3149,.T.);
#3196 = ORIENTED_EDGE('',*,*,#3182,.T.);
#3197 = ORIENTED_EDGE('',*,*,#2578,.T.);
#3198 = PLANE('',#3199);
#3199 = AXIS2_PLACEMENT_3D('',#3200,#3201,#3202);
#3200 = CARTESIAN_POINT('',(9.137944008739,10.53,4.35));
#3201 = DIRECTION('',(-0.,1.,0.));
#3202 = DIRECTION('',(0.,0.,1.));
#3203 = ADVANCED_FACE('',(#3204),#3229,.T.);
#3204 = FACE_BOUND('',#3205,.T.);
#3205 = EDGE_LOOP('',(#3206,#3207,#3215,#3223));
#3206 = ORIENTED_EDGE('',*,*,#2631,.T.);
#3207 = ORIENTED_EDGE('',*,*,#3208,.T.);
#3208 = EDGE_CURVE('',#2634,#3209,#3211,.T.);
#3209 = VERTEX_POINT('',#3210);
#3210 = CARTESIAN_POINT('',(9.3,-10.53,4.35));
#3211 = LINE('',#3212,#3213);
#3212 = CARTESIAN_POINT('',(9.08,-10.53,4.8));
#3213 = VECTOR('',#3214,1.);
#3214 = DIRECTION('',(0.439210132005,0.,-0.898384360919));
#3215 = ORIENTED_EDGE('',*,*,#3216,.F.);
#3216 = EDGE_CURVE('',#3217,#3209,#3219,.T.);
#3217 = VERTEX_POINT('',#3218);
#3218 = CARTESIAN_POINT('',(9.3,-8.73,4.35));
#3219 = LINE('',#3220,#3221);
#3220 = CARTESIAN_POINT('',(9.3,-8.73,4.35));
#3221 = VECTOR('',#3222,1.);
#3222 = DIRECTION('',(0.,-1.,0.));
#3223 = ORIENTED_EDGE('',*,*,#3224,.F.);
#3224 = EDGE_CURVE('',#2632,#3217,#3225,.T.);
#3225 = LINE('',#3226,#3227);
#3226 = CARTESIAN_POINT('',(9.08,-8.73,4.8));
#3227 = VECTOR('',#3228,1.);
#3228 = DIRECTION('',(0.439210132005,0.,-0.898384360919));
#3229 = PLANE('',#3230);
#3230 = AXIS2_PLACEMENT_3D('',#3231,#3232,#3233);
#3231 = CARTESIAN_POINT('',(9.08,-8.73,4.8));
#3232 = DIRECTION('',(0.898384360919,0.,0.439210132005));
#3233 = DIRECTION('',(0.439210132005,0.,-0.898384360919));
#3234 = ADVANCED_FACE('',(#3235),#3245,.F.);
#3235 = FACE_BOUND('',#3236,.F.);
#3236 = EDGE_LOOP('',(#3237,#3238,#3244));
#3237 = ORIENTED_EDGE('',*,*,#3208,.T.);
#3238 = ORIENTED_EDGE('',*,*,#3239,.T.);
#3239 = EDGE_CURVE('',#3209,#2650,#3240,.T.);
#3240 = LINE('',#3241,#3242);
#3241 = CARTESIAN_POINT('',(9.3,-10.53,4.35));
#3242 = VECTOR('',#3243,1.);
#3243 = DIRECTION('',(-0.439210132005,0.,-0.898384360919));
#3244 = ORIENTED_EDGE('',*,*,#2657,.T.);
#3245 = PLANE('',#3246);
#3246 = AXIS2_PLACEMENT_3D('',#3247,#3248,#3249);
#3247 = CARTESIAN_POINT('',(9.137944008739,-10.53,4.35));
#3248 = DIRECTION('',(-0.,1.,0.));
#3249 = DIRECTION('',(0.,0.,1.));
#3250 = ADVANCED_FACE('',(#3251),#3262,.T.);
#3251 = FACE_BOUND('',#3252,.T.);
#3252 = EDGE_LOOP('',(#3253,#3254,#3255,#3256));
#3253 = ORIENTED_EDGE('',*,*,#3216,.T.);
#3254 = ORIENTED_EDGE('',*,*,#3239,.T.);
#3255 = ORIENTED_EDGE('',*,*,#2649,.F.);
#3256 = ORIENTED_EDGE('',*,*,#3257,.F.);
#3257 = EDGE_CURVE('',#3217,#2642,#3258,.T.);
#3258 = LINE('',#3259,#3260);
#3259 = CARTESIAN_POINT('',(9.3,-8.73,4.35));
#3260 = VECTOR('',#3261,1.);
#3261 = DIRECTION('',(-0.439210132005,0.,-0.898384360919));
#3262 = PLANE('',#3263);
#3263 = AXIS2_PLACEMENT_3D('',#3264,#3265,#3266);
#3264 = CARTESIAN_POINT('',(9.3,-8.73,4.35));
#3265 = DIRECTION('',(0.898384360919,0.,-0.439210132005));
#3266 = DIRECTION('',(-0.439210132005,0.,-0.898384360919));
#3267 = ADVANCED_FACE('',(#3268),#3273,.T.);
#3268 = FACE_BOUND('',#3269,.T.);
#3269 = EDGE_LOOP('',(#3270,#3271,#3272));
#3270 = ORIENTED_EDGE('',*,*,#3224,.T.);
#3271 = ORIENTED_EDGE('',*,*,#3257,.T.);
#3272 = ORIENTED_EDGE('',*,*,#2641,.T.);
#3273 = PLANE('',#3274);
#3274 = AXIS2_PLACEMENT_3D('',#3275,#3276,#3277);
#3275 = CARTESIAN_POINT('',(9.137944008739,-8.73,4.35));
#3276 = DIRECTION('',(-0.,1.,0.));
#3277 = DIRECTION('',(0.,0.,1.));
#3278 = ADVANCED_FACE('',(#3279),#3296,.T.);
#3279 = FACE_BOUND('',#3280,.T.);
#3280 = EDGE_LOOP('',(#3281,#3282,#3290));
#3281 = ORIENTED_EDGE('',*,*,#2744,.F.);
#3282 = ORIENTED_EDGE('',*,*,#3283,.T.);
#3283 = EDGE_CURVE('',#2737,#3284,#3286,.T.);
#3284 = VERTEX_POINT('',#3285);
#3285 = CARTESIAN_POINT('',(11.2,13.5,5.));
#3286 = LINE('',#3287,#3288);
#3287 = CARTESIAN_POINT('',(2.8,13.5,5.));
#3288 = VECTOR('',#3289,1.);
#3289 = DIRECTION('',(1.,0.,0.));
#3290 = ORIENTED_EDGE('',*,*,#3291,.T.);
#3291 = EDGE_CURVE('',#3284,#2745,#3292,.T.);
#3292 = LINE('',#3293,#3294);
#3293 = CARTESIAN_POINT('',(11.2,13.5,5.));
#3294 = VECTOR('',#3295,1.);
#3295 = DIRECTION('',(0.,-1.,0.));
#3296 = PLANE('',#3297);
#3297 = AXIS2_PLACEMENT_3D('',#3298,#3299,#3300);
#3298 = CARTESIAN_POINT('',(2.8,13.5,5.));
#3299 = DIRECTION('',(0.,0.,-1.));
#3300 = DIRECTION('',(1.,0.,0.));
#3301 = ADVANCED_FACE('',(#3302),#3314,.T.);
#3302 = FACE_BOUND('',#3303,.T.);
#3303 = EDGE_LOOP('',(#3304,#3305,#3312,#3313));
#3304 = ORIENTED_EDGE('',*,*,#2848,.F.);
#3305 = ORIENTED_EDGE('',*,*,#3306,.T.);
#3306 = EDGE_CURVE('',#2840,#2737,#3307,.T.);
#3307 = CIRCLE('',#3308,4.2);
#3308 = AXIS2_PLACEMENT_3D('',#3309,#3310,#3311);
#3309 = CARTESIAN_POINT('',(7.,13.,5.));
#3310 = DIRECTION('',(0.,0.,-1.));
#3311 = DIRECTION('',(1.,0.,0.));
#3312 = ORIENTED_EDGE('',*,*,#2736,.F.);
#3313 = ORIENTED_EDGE('',*,*,#2812,.F.);
#3314 = PLANE('',#3315);
#3315 = AXIS2_PLACEMENT_3D('',#3316,#3317,#3318);
#3316 = CARTESIAN_POINT('',(7.,13.,5.));
#3317 = DIRECTION('',(0.,0.,-1.));
#3318 = DIRECTION('',(1.,0.,0.));
#3319 = ADVANCED_FACE('',(#3320),#3332,.F.);
#3320 = FACE_BOUND('',#3321,.F.);
#3321 = EDGE_LOOP('',(#3322,#3323,#3330,#3331));
#3322 = ORIENTED_EDGE('',*,*,#2932,.F.);
#3323 = ORIENTED_EDGE('',*,*,#3324,.T.);
#3324 = EDGE_CURVE('',#2924,#2898,#3325,.T.);
#3325 = CIRCLE('',#3326,4.2);
#3326 = AXIS2_PLACEMENT_3D('',#3327,#3328,#3329);
#3327 = CARTESIAN_POINT('',(7.,13.,9.4));
#3328 = DIRECTION('',(0.,0.,-1.));
#3329 = DIRECTION('',(1.,0.,0.));
#3330 = ORIENTED_EDGE('',*,*,#2897,.F.);
#3331 = ORIENTED_EDGE('',*,*,#2794,.F.);
#3332 = PLANE('',#3333);
#3333 = AXIS2_PLACEMENT_3D('',#3334,#3335,#3336);
#3334 = CARTESIAN_POINT('',(7.,13.,9.4));
#3335 = DIRECTION('',(0.,0.,-1.));
#3336 = DIRECTION('',(1.,0.,0.));
#3337 = ADVANCED_FACE('',(#3338),#3348,.T.);
#3338 = FACE_BOUND('',#3339,.T.);
#3339 = EDGE_LOOP('',(#3340,#3341,#3347));
#3340 = ORIENTED_EDGE('',*,*,#2863,.F.);
#3341 = ORIENTED_EDGE('',*,*,#3342,.T.);
#3342 = EDGE_CURVE('',#2864,#2840,#3343,.T.);
#3343 = LINE('',#3344,#3345);
#3344 = CARTESIAN_POINT('',(2.8,13.5,5.));
#3345 = VECTOR('',#3346,1.);
#3346 = DIRECTION('',(1.,0.,0.));
#3347 = ORIENTED_EDGE('',*,*,#2839,.F.);
#3348 = PLANE('',#3349);
#3349 = AXIS2_PLACEMENT_3D('',#3350,#3351,#3352);
#3350 = CARTESIAN_POINT('',(2.8,13.5,5.));
#3351 = DIRECTION('',(0.,0.,-1.));
#3352 = DIRECTION('',(1.,0.,0.));
#3353 = ADVANCED_FACE('',(#3354),#3364,.F.);
#3354 = FACE_BOUND('',#3355,.F.);
#3355 = EDGE_LOOP('',(#3356,#3357,#3363));
#3356 = ORIENTED_EDGE('',*,*,#2879,.F.);
#3357 = ORIENTED_EDGE('',*,*,#3358,.T.);
#3358 = EDGE_CURVE('',#2872,#2924,#3359,.T.);
#3359 = LINE('',#3360,#3361);
#3360 = CARTESIAN_POINT('',(2.8,13.5,9.4));
#3361 = VECTOR('',#3362,1.);
#3362 = DIRECTION('',(1.,0.,0.));
#3363 = ORIENTED_EDGE('',*,*,#2923,.F.);
#3364 = PLANE('',#3365);
#3365 = AXIS2_PLACEMENT_3D('',#3366,#3367,#3368);
#3366 = CARTESIAN_POINT('',(2.8,13.5,9.4));
#3367 = DIRECTION('',(0.,0.,-1.));
#3368 = DIRECTION('',(1.,0.,0.));
#3369 = ADVANCED_FACE('',(#3370),#3381,.F.);
#3370 = FACE_BOUND('',#3371,.F.);
#3371 = EDGE_LOOP('',(#3372,#3373,#3374,#3375));
#3372 = ORIENTED_EDGE('',*,*,#3358,.F.);
#3373 = ORIENTED_EDGE('',*,*,#2871,.T.);
#3374 = ORIENTED_EDGE('',*,*,#3342,.T.);
#3375 = ORIENTED_EDGE('',*,*,#3376,.F.);
#3376 = EDGE_CURVE('',#2924,#2840,#3377,.T.);
#3377 = LINE('',#3378,#3379);
#3378 = CARTESIAN_POINT('',(2.829868107601,13.5,9.4));
#3379 = VECTOR('',#3380,1.);
#3380 = DIRECTION('',(0.,0.,-1.));
#3381 = PLANE('',#3382);
#3382 = AXIS2_PLACEMENT_3D('',#3383,#3384,#3385);
#3383 = CARTESIAN_POINT('',(2.8,13.5,9.4));
#3384 = DIRECTION('',(0.,-1.,0.));
#3385 = DIRECTION('',(0.,0.,-1.));
#3386 = ADVANCED_FACE('',(#3387),#3404,.F.);
#3387 = FACE_BOUND('',#3388,.F.);
#3388 = EDGE_LOOP('',(#3389,#3390,#3398));
#3389 = ORIENTED_EDGE('',*,*,#2905,.F.);
#3390 = ORIENTED_EDGE('',*,*,#3391,.T.);
#3391 = EDGE_CURVE('',#2898,#3392,#3394,.T.);
#3392 = VERTEX_POINT('',#3393);
#3393 = CARTESIAN_POINT('',(11.2,13.5,9.4));
#3394 = LINE('',#3395,#3396);
#3395 = CARTESIAN_POINT('',(2.8,13.5,9.4));
#3396 = VECTOR('',#3397,1.);
#3397 = DIRECTION('',(1.,0.,0.));
#3398 = ORIENTED_EDGE('',*,*,#3399,.T.);
#3399 = EDGE_CURVE('',#3392,#1912,#3400,.T.);
#3400 = LINE('',#3401,#3402);
#3401 = CARTESIAN_POINT('',(11.2,13.5,9.4));
#3402 = VECTOR('',#3403,1.);
#3403 = DIRECTION('',(0.,-1.,0.));
#3404 = PLANE('',#3405);
#3405 = AXIS2_PLACEMENT_3D('',#3406,#3407,#3408);
#3406 = CARTESIAN_POINT('',(2.8,13.5,9.4));
#3407 = DIRECTION('',(0.,0.,-1.));
#3408 = DIRECTION('',(1.,0.,0.));
#3409 = ADVANCED_FACE('',(#3410),#3421,.T.);
#3410 = FACE_BOUND('',#3411,.T.);
#3411 = EDGE_LOOP('',(#3412,#3413,#3419,#3420));
#3412 = ORIENTED_EDGE('',*,*,#3291,.F.);
#3413 = ORIENTED_EDGE('',*,*,#3414,.F.);
#3414 = EDGE_CURVE('',#3392,#3284,#3415,.T.);
#3415 = LINE('',#3416,#3417);
#3416 = CARTESIAN_POINT('',(11.2,13.5,9.4));
#3417 = VECTOR('',#3418,1.);
#3418 = DIRECTION('',(0.,0.,-1.));
#3419 = ORIENTED_EDGE('',*,*,#3399,.T.);
#3420 = ORIENTED_EDGE('',*,*,#2953,.T.);
#3421 = PLANE('',#3422);
#3422 = AXIS2_PLACEMENT_3D('',#3423,#3424,#3425);
#3423 = CARTESIAN_POINT('',(11.2,13.5,9.4));
#3424 = DIRECTION('',(1.,0.,0.));
#3425 = DIRECTION('',(0.,0.,-1.));
#3426 = ADVANCED_FACE('',(#3427),#3438,.F.);
#3427 = FACE_BOUND('',#3428,.F.);
#3428 = EDGE_LOOP('',(#3429,#3430,#3436,#3437));
#3429 = ORIENTED_EDGE('',*,*,#3391,.F.);
#3430 = ORIENTED_EDGE('',*,*,#3431,.T.);
#3431 = EDGE_CURVE('',#2898,#2737,#3432,.T.);
#3432 = LINE('',#3433,#3434);
#3433 = CARTESIAN_POINT('',(11.170131892399,13.5,9.4));
#3434 = VECTOR('',#3435,1.);
#3435 = DIRECTION('',(0.,0.,-1.));
#3436 = ORIENTED_EDGE('',*,*,#3283,.T.);
#3437 = ORIENTED_EDGE('',*,*,#3414,.F.);
#3438 = PLANE('',#3439);
#3439 = AXIS2_PLACEMENT_3D('',#3440,#3441,#3442);
#3440 = CARTESIAN_POINT('',(2.8,13.5,9.4));
#3441 = DIRECTION('',(0.,-1.,0.));
#3442 = DIRECTION('',(0.,0.,-1.));
#3443 = ADVANCED_FACE('',(#3444),#3450,.T.);
#3444 = FACE_BOUND('',#3445,.T.);
#3445 = EDGE_LOOP('',(#3446,#3447,#3448,#3449));
#3446 = ORIENTED_EDGE('',*,*,#3324,.T.);
#3447 = ORIENTED_EDGE('',*,*,#3431,.T.);
#3448 = ORIENTED_EDGE('',*,*,#3306,.F.);
#3449 = ORIENTED_EDGE('',*,*,#3376,.F.);
#3450 = CYLINDRICAL_SURFACE('',#3451,4.2);
#3451 = AXIS2_PLACEMENT_3D('',#3452,#3453,#3454);
#3452 = CARTESIAN_POINT('',(7.,13.,9.4));
#3453 = DIRECTION('',(0.,0.,-1.));
#3454 = DIRECTION('',(1.,0.,0.));
#3455 = ( GEOMETRIC_REPRESENTATION_CONTEXT(3) 
GLOBAL_UNCERTAINTY_ASSIGNED_CONTEXT((#3459)) 
GLOBAL_UNIT_ASSIGNED_CONTEXT((#3456,#3457,#3458)) REPRESENTATION_CONTEXT
('Context #1','3D Context with UNIT and UNCERTAINTY') );
#3456 = ( LENGTH_UNIT() NAMED_UNIT(*) SI_UNIT(.MILLI.,.METRE.) );
#3457 = ( NAMED_UNIT(*) PLANE_ANGLE_UNIT() SI_UNIT($,.RADIAN.) );
#3458 = ( NAMED_UNIT(*) SI_UNIT($,.STERADIAN.) SOLID_ANGLE_UNIT() );
#3459 = UNCERTAINTY_MEASURE_WITH_UNIT(LENGTH_MEASURE(1.E-07),#3456,
  'distance_accuracy_value','confusion accuracy');
#3460 = PRODUCT_RELATED_PRODUCT_CATEGORY('part',$,(#7));
ENDSEC;
END-ISO-10303-21;
