ISO-10303-21;
HEADER;
FILE_DESCRIPTION(('FreeCAD Model'),'2;1');
FILE_NAME('Open CASCADE Shape Model','2026-10-01T16:19:53',('FreeCAD'),(
    'FreeCAD'),'Open CASCADE STEP processor 7.8','FreeCAD','Unknown');
FILE_SCHEMA(('AUTOMOTIVE_DESIGN { 1 0 10303 214 1 1 1 1 }'));
ENDSEC;
DATA;
#1 = APPLICATION_PROTOCOL_DEFINITION('international standard',
  'automotive_design',2000,#2);
#2 = APPLICATION_CONTEXT(
  'core data for automotive mechanical design processes');
#3 = SHAPE_DEFINITION_REPRESENTATION(#4,#10);
#4 = PRODUCT_DEFINITION_SHAPE('','',#5);
#5 = PRODUCT_DEFINITION('design','',#6,#9);
#6 = PRODUCT_DEFINITION_FORMATION('','',#7);
#7 = PRODUCT('Open CASCADE STEP translator 7.8 3',
  'Open CASCADE STEP translator 7.8 3','',(#8));
#8 = PRODUCT_CONTEXT('',#2,'mechanical');
#9 = PRODUCT_DEFINITION_CONTEXT('part definition',#2,'design');
#10 = SHAPE_REPRESENTATION('',(#11,#15,#2250,#5690),#6162);
#11 = AXIS2_PLACEMENT_3D('',#12,#13,#14);
#12 = CARTESIAN_POINT('',(0.,0.,0.));
#13 = DIRECTION('',(0.,0.,1.));
#14 = DIRECTION('',(1.,0.,-0.));
#15 = MANIFOLD_SOLID_BREP('',#16);
#16 = CLOSED_SHELL('',(#17,#57,#138,#163,#188,#263,#280,#312,#384,#508,
    #596,#620,#662,#687,#702,#735,#766,#784,#815,#832,#891,#1022,#1046,
    #1070,#1131,#1155,#1172,#1196,#1213,#1225,#1256,#1272,#1289,#1300,
    #1331,#1347,#1363,#1375,#1407,#1424,#1436,#1448,#1472,#1489,#1506,
    #1541,#1574,#1598,#1629,#1663,#1740,#1775,#1800,#1811,#1823,#1835,
    #1866,#1882,#1899,#1910,#1941,#1957,#1973,#1985,#2011,#2038,#2060,
    #2073,#2089,#2111,#2122,#2140,#2158,#2181,#2204,#2221,#2238));
#17 = ADVANCED_FACE('',(#18),#52,.F.);
#18 = FACE_BOUND('',#19,.F.);
#19 = EDGE_LOOP('',(#20,#30,#38,#46));
#20 = ORIENTED_EDGE('',*,*,#21,.F.);
#21 = EDGE_CURVE('',#22,#24,#26,.T.);
#22 = VERTEX_POINT('',#23);
#23 = CARTESIAN_POINT('',(-10.5,-10.25,5.));
#24 = VERTEX_POINT('',#25);
#25 = CARTESIAN_POINT('',(-10.5,10.25,5.));
#26 = LINE('',#27,#28);
#27 = CARTESIAN_POINT('',(-10.5,-12.25,5.));
#28 = VECTOR('',#29,1.);
#29 = DIRECTION('',(0.,1.,0.));
#30 = ORIENTED_EDGE('',*,*,#31,.F.);
#31 = EDGE_CURVE('',#32,#22,#34,.T.);
#32 = VERTEX_POINT('',#33);
#33 = CARTESIAN_POINT('',(-10.5,-10.25,0.));
#34 = LINE('',#35,#36);
#35 = CARTESIAN_POINT('',(-10.5,-10.25,0.));
#36 = VECTOR('',#37,1.);
#37 = DIRECTION('',(0.,0.,1.));
#38 = ORIENTED_EDGE('',*,*,#39,.T.);
#39 = EDGE_CURVE('',#32,#40,#42,.T.);
#40 = VERTEX_POINT('',#41);
#41 = CARTESIAN_POINT('',(-10.5,10.25,0.));
#42 = LINE('',#43,#44);
#43 = CARTESIAN_POINT('',(-10.5,-12.25,0.));
#44 = VECTOR('',#45,1.);
#45 = DIRECTION('',(0.,1.,0.));
#46 = ORIENTED_EDGE('',*,*,#47,.T.);
#47 = EDGE_CURVE('',#40,#24,#48,.T.);
#48 = LINE('',#49,#50);
#49 = CARTESIAN_POINT('',(-10.5,10.25,0.));
#50 = VECTOR('',#51,1.);
#51 = DIRECTION('',(0.,0.,1.));
#52 = PLANE('',#53);
#53 = AXIS2_PLACEMENT_3D('',#54,#55,#56);
#54 = CARTESIAN_POINT('',(-10.5,-12.25,0.));
#55 = DIRECTION('',(1.,0.,0.));
#56 = DIRECTION('',(0.,0.,1.));
#57 = ADVANCED_FACE('',(#58),#133,.T.);
#58 = FACE_BOUND('',#59,.T.);
#59 = EDGE_LOOP('',(#60,#61,#70,#78,#86,#94,#102,#110,#118,#126));
#60 = ORIENTED_EDGE('',*,*,#21,.F.);
#61 = ORIENTED_EDGE('',*,*,#62,.T.);
#62 = EDGE_CURVE('',#22,#63,#65,.T.);
#63 = VERTEX_POINT('',#64);
#64 = CARTESIAN_POINT('',(-8.5,-12.25,5.));
#65 = CIRCLE('',#66,2.);
#66 = AXIS2_PLACEMENT_3D('',#67,#68,#69);
#67 = CARTESIAN_POINT('',(-8.5,-10.25,5.));
#68 = DIRECTION('',(-0.,0.,1.));
#69 = DIRECTION('',(0.,-1.,0.));
#70 = ORIENTED_EDGE('',*,*,#71,.T.);
#71 = EDGE_CURVE('',#63,#72,#74,.T.);
#72 = VERTEX_POINT('',#73);
#73 = CARTESIAN_POINT('',(-4.9,-12.25,5.));
#74 = LINE('',#75,#76);
#75 = CARTESIAN_POINT('',(-10.5,-12.25,5.));
#76 = VECTOR('',#77,1.);
#77 = DIRECTION('',(1.,0.,0.));
#78 = ORIENTED_EDGE('',*,*,#79,.T.);
#79 = EDGE_CURVE('',#72,#80,#82,.T.);
#80 = VERTEX_POINT('',#81);
#81 = CARTESIAN_POINT('',(-4.9,-10.85,5.));
#82 = LINE('',#83,#84);
#83 = CARTESIAN_POINT('',(-4.9,-12.75,5.));
#84 = VECTOR('',#85,1.);
#85 = DIRECTION('',(0.,1.,0.));
#86 = ORIENTED_EDGE('',*,*,#87,.T.);
#87 = EDGE_CURVE('',#80,#88,#90,.T.);
#88 = VERTEX_POINT('',#89);
#89 = CARTESIAN_POINT('',(-9.1,-10.85,5.));
#90 = LINE('',#91,#92);
#91 = CARTESIAN_POINT('',(-9.8,-10.85,5.));
#92 = VECTOR('',#93,1.);
#93 = DIRECTION('',(-1.,0.,0.));
#94 = ORIENTED_EDGE('',*,*,#95,.T.);
#95 = EDGE_CURVE('',#88,#96,#98,.T.);
#96 = VERTEX_POINT('',#97);
#97 = CARTESIAN_POINT('',(-9.1,10.85,5.));
#98 = LINE('',#99,#100);
#99 = CARTESIAN_POINT('',(-9.1,-11.55,5.));
#100 = VECTOR('',#101,1.);
#101 = DIRECTION('',(0.,1.,0.));
#102 = ORIENTED_EDGE('',*,*,#103,.F.);
#103 = EDGE_CURVE('',#104,#96,#106,.T.);
#104 = VERTEX_POINT('',#105);
#105 = CARTESIAN_POINT('',(2.8,10.85,5.));
#106 = LINE('',#107,#108);
#107 = CARTESIAN_POINT('',(-9.8,10.85,5.));
#108 = VECTOR('',#109,1.);
#109 = DIRECTION('',(-1.,0.,0.));
#110 = ORIENTED_EDGE('',*,*,#111,.T.);
#111 = EDGE_CURVE('',#104,#112,#114,.T.);
#112 = VERTEX_POINT('',#113);
#113 = CARTESIAN_POINT('',(2.8,12.25,5.));
#114 = LINE('',#115,#116);
#115 = CARTESIAN_POINT('',(2.8,9.5,5.));
#116 = VECTOR('',#117,1.);
#117 = DIRECTION('',(0.,1.,0.));
#118 = ORIENTED_EDGE('',*,*,#119,.F.);
#119 = EDGE_CURVE('',#120,#112,#122,.T.);
#120 = VERTEX_POINT('',#121);
#121 = CARTESIAN_POINT('',(-8.5,12.25,5.));
#122 = LINE('',#123,#124);
#123 = CARTESIAN_POINT('',(-10.5,12.25,5.));
#124 = VECTOR('',#125,1.);
#125 = DIRECTION('',(1.,0.,0.));
#126 = ORIENTED_EDGE('',*,*,#127,.F.);
#127 = EDGE_CURVE('',#24,#120,#128,.T.);
#128 = CIRCLE('',#129,2.);
#129 = AXIS2_PLACEMENT_3D('',#130,#131,#132);
#130 = CARTESIAN_POINT('',(-8.5,10.25,5.));
#131 = DIRECTION('',(-0.,-0.,-1.));
#132 = DIRECTION('',(0.,-1.,0.));
#133 = PLANE('',#134);
#134 = AXIS2_PLACEMENT_3D('',#135,#136,#137);
#135 = CARTESIAN_POINT('',(-10.5,-12.25,5.));
#136 = DIRECTION('',(0.,0.,1.));
#137 = DIRECTION('',(1.,0.,0.));
#138 = ADVANCED_FACE('',(#139),#158,.T.);
#139 = FACE_BOUND('',#140,.T.);
#140 = EDGE_LOOP('',(#141,#150,#156,#157));
#141 = ORIENTED_EDGE('',*,*,#142,.T.);
#142 = EDGE_CURVE('',#32,#143,#145,.T.);
#143 = VERTEX_POINT('',#144);
#144 = CARTESIAN_POINT('',(-8.5,-12.25,0.));
#145 = CIRCLE('',#146,2.);
#146 = AXIS2_PLACEMENT_3D('',#147,#148,#149);
#147 = CARTESIAN_POINT('',(-8.5,-10.25,0.));
#148 = DIRECTION('',(-0.,0.,1.));
#149 = DIRECTION('',(0.,-1.,0.));
#150 = ORIENTED_EDGE('',*,*,#151,.T.);
#151 = EDGE_CURVE('',#143,#63,#152,.T.);
#152 = LINE('',#153,#154);
#153 = CARTESIAN_POINT('',(-8.5,-12.25,0.));
#154 = VECTOR('',#155,1.);
#155 = DIRECTION('',(0.,0.,1.));
#156 = ORIENTED_EDGE('',*,*,#62,.F.);
#157 = ORIENTED_EDGE('',*,*,#31,.F.);
#158 = CYLINDRICAL_SURFACE('',#159,2.);
#159 = AXIS2_PLACEMENT_3D('',#160,#161,#162);
#160 = CARTESIAN_POINT('',(-8.5,-10.25,0.));
#161 = DIRECTION('',(0.,0.,1.));
#162 = DIRECTION('',(-1.,0.,0.));
#163 = ADVANCED_FACE('',(#164),#183,.T.);
#164 = FACE_BOUND('',#165,.F.);
#165 = EDGE_LOOP('',(#166,#175,#181,#182));
#166 = ORIENTED_EDGE('',*,*,#167,.T.);
#167 = EDGE_CURVE('',#40,#168,#170,.T.);
#168 = VERTEX_POINT('',#169);
#169 = CARTESIAN_POINT('',(-8.5,12.25,0.));
#170 = CIRCLE('',#171,2.);
#171 = AXIS2_PLACEMENT_3D('',#172,#173,#174);
#172 = CARTESIAN_POINT('',(-8.5,10.25,0.));
#173 = DIRECTION('',(-0.,-0.,-1.));
#174 = DIRECTION('',(0.,-1.,0.));
#175 = ORIENTED_EDGE('',*,*,#176,.T.);
#176 = EDGE_CURVE('',#168,#120,#177,.T.);
#177 = LINE('',#178,#179);
#178 = CARTESIAN_POINT('',(-8.5,12.25,0.));
#179 = VECTOR('',#180,1.);
#180 = DIRECTION('',(0.,0.,1.));
#181 = ORIENTED_EDGE('',*,*,#127,.F.);
#182 = ORIENTED_EDGE('',*,*,#47,.F.);
#183 = CYLINDRICAL_SURFACE('',#184,2.);
#184 = AXIS2_PLACEMENT_3D('',#185,#186,#187);
#185 = CARTESIAN_POINT('',(-8.5,10.25,0.));
#186 = DIRECTION('',(0.,0.,1.));
#187 = DIRECTION('',(-1.,0.,0.));
#188 = ADVANCED_FACE('',(#189),#258,.F.);
#189 = FACE_BOUND('',#190,.F.);
#190 = EDGE_LOOP('',(#191,#192,#193,#201,#210,#218,#226,#235,#243,#251,
    #257));
#191 = ORIENTED_EDGE('',*,*,#39,.F.);
#192 = ORIENTED_EDGE('',*,*,#142,.T.);
#193 = ORIENTED_EDGE('',*,*,#194,.T.);
#194 = EDGE_CURVE('',#143,#195,#197,.T.);
#195 = VERTEX_POINT('',#196);
#196 = CARTESIAN_POINT('',(8.5,-12.25,0.));
#197 = LINE('',#198,#199);
#198 = CARTESIAN_POINT('',(-10.5,-12.25,0.));
#199 = VECTOR('',#200,1.);
#200 = DIRECTION('',(1.,0.,0.));
#201 = ORIENTED_EDGE('',*,*,#202,.F.);
#202 = EDGE_CURVE('',#203,#195,#205,.T.);
#203 = VERTEX_POINT('',#204);
#204 = CARTESIAN_POINT('',(10.5,-10.25,0.));
#205 = CIRCLE('',#206,2.);
#206 = AXIS2_PLACEMENT_3D('',#207,#208,#209);
#207 = CARTESIAN_POINT('',(8.5,-10.25,0.));
#208 = DIRECTION('',(-0.,-0.,-1.));
#209 = DIRECTION('',(0.,-1.,0.));
#210 = ORIENTED_EDGE('',*,*,#211,.T.);
#211 = EDGE_CURVE('',#203,#212,#214,.T.);
#212 = VERTEX_POINT('',#213);
#213 = CARTESIAN_POINT('',(10.5,9.5,0.));
#214 = LINE('',#215,#216);
#215 = CARTESIAN_POINT('',(10.5,-12.25,0.));
#216 = VECTOR('',#217,1.);
#217 = DIRECTION('',(0.,1.,0.));
#218 = ORIENTED_EDGE('',*,*,#219,.F.);
#219 = EDGE_CURVE('',#220,#212,#222,.T.);
#220 = VERTEX_POINT('',#221);
#221 = CARTESIAN_POINT('',(9.321637353249,9.5,0.));
#222 = LINE('',#223,#224);
#223 = CARTESIAN_POINT('',(2.8,9.5,0.));
#224 = VECTOR('',#225,1.);
#225 = DIRECTION('',(1.,0.,0.));
#226 = ORIENTED_EDGE('',*,*,#227,.F.);
#227 = EDGE_CURVE('',#228,#220,#230,.T.);
#228 = VERTEX_POINT('',#229);
#229 = CARTESIAN_POINT('',(4.678362646751,9.5,0.));
#230 = CIRCLE('',#231,4.2);
#231 = AXIS2_PLACEMENT_3D('',#232,#233,#234);
#232 = CARTESIAN_POINT('',(7.,13.,0.));
#233 = DIRECTION('',(0.,0.,1.));
#234 = DIRECTION('',(1.,0.,0.));
#235 = ORIENTED_EDGE('',*,*,#236,.F.);
#236 = EDGE_CURVE('',#237,#228,#239,.T.);
#237 = VERTEX_POINT('',#238);
#238 = CARTESIAN_POINT('',(2.8,9.5,0.));
#239 = LINE('',#240,#241);
#240 = CARTESIAN_POINT('',(2.8,9.5,0.));
#241 = VECTOR('',#242,1.);
#242 = DIRECTION('',(1.,0.,0.));
#243 = ORIENTED_EDGE('',*,*,#244,.T.);
#244 = EDGE_CURVE('',#237,#245,#247,.T.);
#245 = VERTEX_POINT('',#246);
#246 = CARTESIAN_POINT('',(2.8,12.25,0.));
#247 = LINE('',#248,#249);
#248 = CARTESIAN_POINT('',(2.8,9.5,0.));
#249 = VECTOR('',#250,1.);
#250 = DIRECTION('',(0.,1.,0.));
#251 = ORIENTED_EDGE('',*,*,#252,.F.);
#252 = EDGE_CURVE('',#168,#245,#253,.T.);
#253 = LINE('',#254,#255);
#254 = CARTESIAN_POINT('',(-10.5,12.25,0.));
#255 = VECTOR('',#256,1.);
#256 = DIRECTION('',(1.,0.,0.));
#257 = ORIENTED_EDGE('',*,*,#167,.F.);
#258 = PLANE('',#259);
#259 = AXIS2_PLACEMENT_3D('',#260,#261,#262);
#260 = CARTESIAN_POINT('',(-10.5,-12.25,0.));
#261 = DIRECTION('',(0.,0.,1.));
#262 = DIRECTION('',(1.,0.,0.));
#263 = ADVANCED_FACE('',(#264),#275,.T.);
#264 = FACE_BOUND('',#265,.T.);
#265 = EDGE_LOOP('',(#266,#267,#268,#269));
#266 = ORIENTED_EDGE('',*,*,#252,.F.);
#267 = ORIENTED_EDGE('',*,*,#176,.T.);
#268 = ORIENTED_EDGE('',*,*,#119,.T.);
#269 = ORIENTED_EDGE('',*,*,#270,.T.);
#270 = EDGE_CURVE('',#112,#245,#271,.T.);
#271 = LINE('',#272,#273);
#272 = CARTESIAN_POINT('',(2.8,12.25,0.));
#273 = VECTOR('',#274,1.);
#274 = DIRECTION('',(0.,0.,-1.));
#275 = PLANE('',#276);
#276 = AXIS2_PLACEMENT_3D('',#277,#278,#279);
#277 = CARTESIAN_POINT('',(-10.5,12.25,0.));
#278 = DIRECTION('',(0.,1.,0.));
#279 = DIRECTION('',(0.,0.,1.));
#280 = ADVANCED_FACE('',(#281),#307,.T.);
#281 = FACE_BOUND('',#282,.T.);
#282 = EDGE_LOOP('',(#283,#291,#292,#300));
#283 = ORIENTED_EDGE('',*,*,#284,.F.);
#284 = EDGE_CURVE('',#112,#285,#287,.T.);
#285 = VERTEX_POINT('',#286);
#286 = CARTESIAN_POINT('',(2.867506805813,12.25,5.));
#287 = LINE('',#288,#289);
#288 = CARTESIAN_POINT('',(-10.5,12.25,5.));
#289 = VECTOR('',#290,1.);
#290 = DIRECTION('',(1.,0.,0.));
#291 = ORIENTED_EDGE('',*,*,#111,.F.);
#292 = ORIENTED_EDGE('',*,*,#293,.F.);
#293 = EDGE_CURVE('',#294,#104,#296,.T.);
#294 = VERTEX_POINT('',#295);
#295 = CARTESIAN_POINT('',(3.392022727344,10.85,5.));
#296 = LINE('',#297,#298);
#297 = CARTESIAN_POINT('',(-9.8,10.85,5.));
#298 = VECTOR('',#299,1.);
#299 = DIRECTION('',(-1.,0.,0.));
#300 = ORIENTED_EDGE('',*,*,#301,.F.);
#301 = EDGE_CURVE('',#285,#294,#302,.T.);
#302 = CIRCLE('',#303,4.2);
#303 = AXIS2_PLACEMENT_3D('',#304,#305,#306);
#304 = CARTESIAN_POINT('',(7.,13.,5.));
#305 = DIRECTION('',(0.,0.,1.));
#306 = DIRECTION('',(1.,0.,0.));
#307 = PLANE('',#308);
#308 = AXIS2_PLACEMENT_3D('',#309,#310,#311);
#309 = CARTESIAN_POINT('',(-10.5,-12.25,5.));
#310 = DIRECTION('',(0.,0.,1.));
#311 = DIRECTION('',(1.,0.,0.));
#312 = ADVANCED_FACE('',(#313),#379,.F.);
#313 = FACE_BOUND('',#314,.F.);
#314 = EDGE_LOOP('',(#315,#325,#333,#341,#349,#357,#365,#371,#372,#373)
  );
#315 = ORIENTED_EDGE('',*,*,#316,.F.);
#316 = EDGE_CURVE('',#317,#319,#321,.T.);
#317 = VERTEX_POINT('',#318);
#318 = CARTESIAN_POINT('',(9.1,10.85,2.));
#319 = VERTEX_POINT('',#320);
#320 = CARTESIAN_POINT('',(9.1,10.85,5.));
#321 = LINE('',#322,#323);
#322 = CARTESIAN_POINT('',(9.1,10.85,1.2));
#323 = VECTOR('',#324,1.);
#324 = DIRECTION('',(0.,0.,1.));
#325 = ORIENTED_EDGE('',*,*,#326,.F.);
#326 = EDGE_CURVE('',#327,#317,#329,.T.);
#327 = VERTEX_POINT('',#328);
#328 = CARTESIAN_POINT('',(6.9,10.85,2.));
#329 = LINE('',#330,#331);
#330 = CARTESIAN_POINT('',(6.9,10.85,2.));
#331 = VECTOR('',#332,1.);
#332 = DIRECTION('',(1.,0.,0.));
#333 = ORIENTED_EDGE('',*,*,#334,.F.);
#334 = EDGE_CURVE('',#335,#327,#337,.T.);
#335 = VERTEX_POINT('',#336);
#336 = CARTESIAN_POINT('',(6.9,10.85,1.2));
#337 = LINE('',#338,#339);
#338 = CARTESIAN_POINT('',(6.9,10.85,1.2));
#339 = VECTOR('',#340,1.);
#340 = DIRECTION('',(0.,0.,1.));
#341 = ORIENTED_EDGE('',*,*,#342,.F.);
#342 = EDGE_CURVE('',#343,#335,#345,.T.);
#343 = VERTEX_POINT('',#344);
#344 = CARTESIAN_POINT('',(-6.9,10.85,1.2));
#345 = LINE('',#346,#347);
#346 = CARTESIAN_POINT('',(-9.1,10.85,1.2));
#347 = VECTOR('',#348,1.);
#348 = DIRECTION('',(1.,0.,0.));
#349 = ORIENTED_EDGE('',*,*,#350,.T.);
#350 = EDGE_CURVE('',#343,#351,#353,.T.);
#351 = VERTEX_POINT('',#352);
#352 = CARTESIAN_POINT('',(-6.9,10.85,2.));
#353 = LINE('',#354,#355);
#354 = CARTESIAN_POINT('',(-6.9,10.85,1.2));
#355 = VECTOR('',#356,1.);
#356 = DIRECTION('',(0.,0.,1.));
#357 = ORIENTED_EDGE('',*,*,#358,.F.);
#358 = EDGE_CURVE('',#359,#351,#361,.T.);
#359 = VERTEX_POINT('',#360);
#360 = CARTESIAN_POINT('',(-9.1,10.85,2.));
#361 = LINE('',#362,#363);
#362 = CARTESIAN_POINT('',(-9.1,10.85,2.));
#363 = VECTOR('',#364,1.);
#364 = DIRECTION('',(1.,0.,0.));
#365 = ORIENTED_EDGE('',*,*,#366,.T.);
#366 = EDGE_CURVE('',#359,#96,#367,.T.);
#367 = LINE('',#368,#369);
#368 = CARTESIAN_POINT('',(-9.1,10.85,1.2));
#369 = VECTOR('',#370,1.);
#370 = DIRECTION('',(0.,0.,1.));
#371 = ORIENTED_EDGE('',*,*,#103,.F.);
#372 = ORIENTED_EDGE('',*,*,#293,.F.);
#373 = ORIENTED_EDGE('',*,*,#374,.F.);
#374 = EDGE_CURVE('',#319,#294,#375,.T.);
#375 = LINE('',#376,#377);
#376 = CARTESIAN_POINT('',(-9.8,10.85,5.));
#377 = VECTOR('',#378,1.);
#378 = DIRECTION('',(-1.,0.,0.));
#379 = PLANE('',#380);
#380 = AXIS2_PLACEMENT_3D('',#381,#382,#383);
#381 = CARTESIAN_POINT('',(-9.1,10.85,1.2));
#382 = DIRECTION('',(0.,1.,0.));
#383 = DIRECTION('',(0.,0.,1.));
#384 = ADVANCED_FACE('',(#385,#435,#469),#503,.T.);
#385 = FACE_BOUND('',#386,.T.);
#386 = EDGE_LOOP('',(#387,#395,#403,#411,#419,#427,#433,#434));
#387 = ORIENTED_EDGE('',*,*,#388,.F.);
#388 = EDGE_CURVE('',#389,#88,#391,.T.);
#389 = VERTEX_POINT('',#390);
#390 = CARTESIAN_POINT('',(-9.1,-10.85,2.));
#391 = LINE('',#392,#393);
#392 = CARTESIAN_POINT('',(-9.1,-10.85,1.2));
#393 = VECTOR('',#394,1.);
#394 = DIRECTION('',(0.,0.,1.));
#395 = ORIENTED_EDGE('',*,*,#396,.T.);
#396 = EDGE_CURVE('',#389,#397,#399,.T.);
#397 = VERTEX_POINT('',#398);
#398 = CARTESIAN_POINT('',(-9.1,-8.65,2.));
#399 = LINE('',#400,#401);
#400 = CARTESIAN_POINT('',(-9.1,-10.85,2.));
#401 = VECTOR('',#402,1.);
#402 = DIRECTION('',(0.,1.,0.));
#403 = ORIENTED_EDGE('',*,*,#404,.F.);
#404 = EDGE_CURVE('',#405,#397,#407,.T.);
#405 = VERTEX_POINT('',#406);
#406 = CARTESIAN_POINT('',(-9.1,-8.65,1.2));
#407 = LINE('',#408,#409);
#408 = CARTESIAN_POINT('',(-9.1,-8.65,1.2));
#409 = VECTOR('',#410,1.);
#410 = DIRECTION('',(0.,0.,1.));
#411 = ORIENTED_EDGE('',*,*,#412,.T.);
#412 = EDGE_CURVE('',#405,#413,#415,.T.);
#413 = VERTEX_POINT('',#414);
#414 = CARTESIAN_POINT('',(-9.1,8.65,1.2));
#415 = LINE('',#416,#417);
#416 = CARTESIAN_POINT('',(-9.1,-10.85,1.2));
#417 = VECTOR('',#418,1.);
#418 = DIRECTION('',(0.,1.,0.));
#419 = ORIENTED_EDGE('',*,*,#420,.T.);
#420 = EDGE_CURVE('',#413,#421,#423,.T.);
#421 = VERTEX_POINT('',#422);
#422 = CARTESIAN_POINT('',(-9.1,8.65,2.));
#423 = LINE('',#424,#425);
#424 = CARTESIAN_POINT('',(-9.1,8.65,1.2));
#425 = VECTOR('',#426,1.);
#426 = DIRECTION('',(0.,0.,1.));
#427 = ORIENTED_EDGE('',*,*,#428,.T.);
#428 = EDGE_CURVE('',#421,#359,#429,.T.);
#429 = LINE('',#430,#431);
#430 = CARTESIAN_POINT('',(-9.1,8.65,2.));
#431 = VECTOR('',#432,1.);
#432 = DIRECTION('',(0.,1.,0.));
#433 = ORIENTED_EDGE('',*,*,#366,.T.);
#434 = ORIENTED_EDGE('',*,*,#95,.F.);
#435 = FACE_BOUND('',#436,.T.);
#436 = EDGE_LOOP('',(#437,#447,#455,#463));
#437 = ORIENTED_EDGE('',*,*,#438,.F.);
#438 = EDGE_CURVE('',#439,#441,#443,.T.);
#439 = VERTEX_POINT('',#440);
#440 = CARTESIAN_POINT('',(-9.1,8.75,3.9));
#441 = VERTEX_POINT('',#442);
#442 = CARTESIAN_POINT('',(-9.1,10.55,3.9));
#443 = LINE('',#444,#445);
#444 = CARTESIAN_POINT('',(-9.1,8.75,3.9));
#445 = VECTOR('',#446,1.);
#446 = DIRECTION('',(0.,1.,0.));
#447 = ORIENTED_EDGE('',*,*,#448,.F.);
#448 = EDGE_CURVE('',#449,#439,#451,.T.);
#449 = VERTEX_POINT('',#450);
#450 = CARTESIAN_POINT('',(-9.1,8.75,4.8));
#451 = LINE('',#452,#453);
#452 = CARTESIAN_POINT('',(-9.1,8.75,4.8));
#453 = VECTOR('',#454,1.);
#454 = DIRECTION('',(0.,0.,-1.));
#455 = ORIENTED_EDGE('',*,*,#456,.T.);
#456 = EDGE_CURVE('',#449,#457,#459,.T.);
#457 = VERTEX_POINT('',#458);
#458 = CARTESIAN_POINT('',(-9.1,10.55,4.8));
#459 = LINE('',#460,#461);
#460 = CARTESIAN_POINT('',(-9.1,8.75,4.8));
#461 = VECTOR('',#462,1.);
#462 = DIRECTION('',(0.,1.,0.));
#463 = ORIENTED_EDGE('',*,*,#464,.T.);
#464 = EDGE_CURVE('',#457,#441,#465,.T.);
#465 = LINE('',#466,#467);
#466 = CARTESIAN_POINT('',(-9.1,10.55,4.8));
#467 = VECTOR('',#468,1.);
#468 = DIRECTION('',(0.,0.,-1.));
#469 = FACE_BOUND('',#470,.T.);
#470 = EDGE_LOOP('',(#471,#481,#489,#497));
#471 = ORIENTED_EDGE('',*,*,#472,.F.);
#472 = EDGE_CURVE('',#473,#475,#477,.T.);
#473 = VERTEX_POINT('',#474);
#474 = CARTESIAN_POINT('',(-9.1,-10.55,3.9));
#475 = VERTEX_POINT('',#476);
#476 = CARTESIAN_POINT('',(-9.1,-8.75,3.9));
#477 = LINE('',#478,#479);
#478 = CARTESIAN_POINT('',(-9.1,-10.55,3.9));
#479 = VECTOR('',#480,1.);
#480 = DIRECTION('',(0.,1.,0.));
#481 = ORIENTED_EDGE('',*,*,#482,.F.);
#482 = EDGE_CURVE('',#483,#473,#485,.T.);
#483 = VERTEX_POINT('',#484);
#484 = CARTESIAN_POINT('',(-9.1,-10.55,4.8));
#485 = LINE('',#486,#487);
#486 = CARTESIAN_POINT('',(-9.1,-10.55,4.8));
#487 = VECTOR('',#488,1.);
#488 = DIRECTION('',(0.,0.,-1.));
#489 = ORIENTED_EDGE('',*,*,#490,.T.);
#490 = EDGE_CURVE('',#483,#491,#493,.T.);
#491 = VERTEX_POINT('',#492);
#492 = CARTESIAN_POINT('',(-9.1,-8.75,4.8));
#493 = LINE('',#494,#495);
#494 = CARTESIAN_POINT('',(-9.1,-10.55,4.8));
#495 = VECTOR('',#496,1.);
#496 = DIRECTION('',(0.,1.,0.));
#497 = ORIENTED_EDGE('',*,*,#498,.T.);
#498 = EDGE_CURVE('',#491,#475,#499,.T.);
#499 = LINE('',#500,#501);
#500 = CARTESIAN_POINT('',(-9.1,-8.75,4.8));
#501 = VECTOR('',#502,1.);
#502 = DIRECTION('',(0.,0.,-1.));
#503 = PLANE('',#504);
#504 = AXIS2_PLACEMENT_3D('',#505,#506,#507);
#505 = CARTESIAN_POINT('',(-9.1,-10.85,1.2));
#506 = DIRECTION('',(1.,0.,0.));
#507 = DIRECTION('',(0.,0.,1.));
#508 = ADVANCED_FACE('',(#509),#591,.T.);
#509 = FACE_BOUND('',#510,.T.);
#510 = EDGE_LOOP('',(#511,#521,#529,#537,#545,#553,#559,#560,#561,#569,
    #577,#585));
#511 = ORIENTED_EDGE('',*,*,#512,.F.);
#512 = EDGE_CURVE('',#513,#515,#517,.T.);
#513 = VERTEX_POINT('',#514);
#514 = CARTESIAN_POINT('',(9.1,-10.85,2.));
#515 = VERTEX_POINT('',#516);
#516 = CARTESIAN_POINT('',(9.1,-10.85,5.));
#517 = LINE('',#518,#519);
#518 = CARTESIAN_POINT('',(9.1,-10.85,1.2));
#519 = VECTOR('',#520,1.);
#520 = DIRECTION('',(0.,0.,1.));
#521 = ORIENTED_EDGE('',*,*,#522,.F.);
#522 = EDGE_CURVE('',#523,#513,#525,.T.);
#523 = VERTEX_POINT('',#524);
#524 = CARTESIAN_POINT('',(6.9,-10.85,2.));
#525 = LINE('',#526,#527);
#526 = CARTESIAN_POINT('',(6.9,-10.85,2.));
#527 = VECTOR('',#528,1.);
#528 = DIRECTION('',(1.,0.,0.));
#529 = ORIENTED_EDGE('',*,*,#530,.F.);
#530 = EDGE_CURVE('',#531,#523,#533,.T.);
#531 = VERTEX_POINT('',#532);
#532 = CARTESIAN_POINT('',(6.9,-10.85,1.2));
#533 = LINE('',#534,#535);
#534 = CARTESIAN_POINT('',(6.9,-10.85,1.2));
#535 = VECTOR('',#536,1.);
#536 = DIRECTION('',(0.,0.,1.));
#537 = ORIENTED_EDGE('',*,*,#538,.F.);
#538 = EDGE_CURVE('',#539,#531,#541,.T.);
#539 = VERTEX_POINT('',#540);
#540 = CARTESIAN_POINT('',(-6.9,-10.85,1.2));
#541 = LINE('',#542,#543);
#542 = CARTESIAN_POINT('',(-9.1,-10.85,1.2));
#543 = VECTOR('',#544,1.);
#544 = DIRECTION('',(1.,0.,0.));
#545 = ORIENTED_EDGE('',*,*,#546,.T.);
#546 = EDGE_CURVE('',#539,#547,#549,.T.);
#547 = VERTEX_POINT('',#548);
#548 = CARTESIAN_POINT('',(-6.9,-10.85,2.));
#549 = LINE('',#550,#551);
#550 = CARTESIAN_POINT('',(-6.9,-10.85,1.2));
#551 = VECTOR('',#552,1.);
#552 = DIRECTION('',(0.,0.,1.));
#553 = ORIENTED_EDGE('',*,*,#554,.F.);
#554 = EDGE_CURVE('',#389,#547,#555,.T.);
#555 = LINE('',#556,#557);
#556 = CARTESIAN_POINT('',(-9.1,-10.85,2.));
#557 = VECTOR('',#558,1.);
#558 = DIRECTION('',(1.,0.,0.));
#559 = ORIENTED_EDGE('',*,*,#388,.T.);
#560 = ORIENTED_EDGE('',*,*,#87,.F.);
#561 = ORIENTED_EDGE('',*,*,#562,.T.);
#562 = EDGE_CURVE('',#80,#563,#565,.T.);
#563 = VERTEX_POINT('',#564);
#564 = CARTESIAN_POINT('',(-4.9,-10.85,2.));
#565 = LINE('',#566,#567);
#566 = CARTESIAN_POINT('',(-4.9,-10.85,1.6));
#567 = VECTOR('',#568,1.);
#568 = DIRECTION('',(0.,0.,-1.));
#569 = ORIENTED_EDGE('',*,*,#570,.T.);
#570 = EDGE_CURVE('',#563,#571,#573,.T.);
#571 = VERTEX_POINT('',#572);
#572 = CARTESIAN_POINT('',(4.9,-10.85,2.));
#573 = LINE('',#574,#575);
#574 = CARTESIAN_POINT('',(-7.,-10.85,2.));
#575 = VECTOR('',#576,1.);
#576 = DIRECTION('',(1.,0.,0.));
#577 = ORIENTED_EDGE('',*,*,#578,.F.);
#578 = EDGE_CURVE('',#579,#571,#581,.T.);
#579 = VERTEX_POINT('',#580);
#580 = CARTESIAN_POINT('',(4.9,-10.85,5.));
#581 = LINE('',#582,#583);
#582 = CARTESIAN_POINT('',(4.9,-10.85,1.6));
#583 = VECTOR('',#584,1.);
#584 = DIRECTION('',(0.,0.,-1.));
#585 = ORIENTED_EDGE('',*,*,#586,.F.);
#586 = EDGE_CURVE('',#515,#579,#587,.T.);
#587 = LINE('',#588,#589);
#588 = CARTESIAN_POINT('',(-9.8,-10.85,5.));
#589 = VECTOR('',#590,1.);
#590 = DIRECTION('',(-1.,0.,0.));
#591 = PLANE('',#592);
#592 = AXIS2_PLACEMENT_3D('',#593,#594,#595);
#593 = CARTESIAN_POINT('',(-9.1,-10.85,1.2));
#594 = DIRECTION('',(0.,1.,0.));
#595 = DIRECTION('',(0.,0.,1.));
#596 = ADVANCED_FACE('',(#597),#615,.T.);
#597 = FACE_BOUND('',#598,.T.);
#598 = EDGE_LOOP('',(#599,#607,#613,#614));
#599 = ORIENTED_EDGE('',*,*,#600,.T.);
#600 = EDGE_CURVE('',#72,#601,#603,.T.);
#601 = VERTEX_POINT('',#602);
#602 = CARTESIAN_POINT('',(-4.9,-12.25,2.));
#603 = LINE('',#604,#605);
#604 = CARTESIAN_POINT('',(-4.9,-12.25,1.));
#605 = VECTOR('',#606,1.);
#606 = DIRECTION('',(0.,0.,-1.));
#607 = ORIENTED_EDGE('',*,*,#608,.T.);
#608 = EDGE_CURVE('',#601,#563,#609,.T.);
#609 = LINE('',#610,#611);
#610 = CARTESIAN_POINT('',(-4.9,-13.25,2.));
#611 = VECTOR('',#612,1.);
#612 = DIRECTION('',(0.,1.,0.));
#613 = ORIENTED_EDGE('',*,*,#562,.F.);
#614 = ORIENTED_EDGE('',*,*,#79,.F.);
#615 = PLANE('',#616);
#616 = AXIS2_PLACEMENT_3D('',#617,#618,#619);
#617 = CARTESIAN_POINT('',(-4.9,-13.25,2.));
#618 = DIRECTION('',(1.,0.,0.));
#619 = DIRECTION('',(0.,0.,1.));
#620 = ADVANCED_FACE('',(#621),#657,.F.);
#621 = FACE_BOUND('',#622,.F.);
#622 = EDGE_LOOP('',(#623,#624,#625,#626,#627,#635,#643,#651));
#623 = ORIENTED_EDGE('',*,*,#194,.F.);
#624 = ORIENTED_EDGE('',*,*,#151,.T.);
#625 = ORIENTED_EDGE('',*,*,#71,.T.);
#626 = ORIENTED_EDGE('',*,*,#600,.T.);
#627 = ORIENTED_EDGE('',*,*,#628,.T.);
#628 = EDGE_CURVE('',#601,#629,#631,.T.);
#629 = VERTEX_POINT('',#630);
#630 = CARTESIAN_POINT('',(4.9,-12.25,2.));
#631 = LINE('',#632,#633);
#632 = CARTESIAN_POINT('',(-7.7,-12.25,2.));
#633 = VECTOR('',#634,1.);
#634 = DIRECTION('',(1.,0.,0.));
#635 = ORIENTED_EDGE('',*,*,#636,.F.);
#636 = EDGE_CURVE('',#637,#629,#639,.T.);
#637 = VERTEX_POINT('',#638);
#638 = CARTESIAN_POINT('',(4.9,-12.25,5.));
#639 = LINE('',#640,#641);
#640 = CARTESIAN_POINT('',(4.9,-12.25,1.));
#641 = VECTOR('',#642,1.);
#642 = DIRECTION('',(0.,0.,-1.));
#643 = ORIENTED_EDGE('',*,*,#644,.T.);
#644 = EDGE_CURVE('',#637,#645,#647,.T.);
#645 = VERTEX_POINT('',#646);
#646 = CARTESIAN_POINT('',(8.5,-12.25,5.));
#647 = LINE('',#648,#649);
#648 = CARTESIAN_POINT('',(-10.5,-12.25,5.));
#649 = VECTOR('',#650,1.);
#650 = DIRECTION('',(1.,0.,0.));
#651 = ORIENTED_EDGE('',*,*,#652,.F.);
#652 = EDGE_CURVE('',#195,#645,#653,.T.);
#653 = LINE('',#654,#655);
#654 = CARTESIAN_POINT('',(8.5,-12.25,0.));
#655 = VECTOR('',#656,1.);
#656 = DIRECTION('',(0.,0.,1.));
#657 = PLANE('',#658);
#658 = AXIS2_PLACEMENT_3D('',#659,#660,#661);
#659 = CARTESIAN_POINT('',(-10.5,-12.25,0.));
#660 = DIRECTION('',(0.,1.,0.));
#661 = DIRECTION('',(0.,0.,1.));
#662 = ADVANCED_FACE('',(#663),#682,.F.);
#663 = FACE_BOUND('',#664,.F.);
#664 = EDGE_LOOP('',(#665,#673,#674,#675));
#665 = ORIENTED_EDGE('',*,*,#666,.F.);
#666 = EDGE_CURVE('',#245,#667,#669,.T.);
#667 = VERTEX_POINT('',#668);
#668 = CARTESIAN_POINT('',(2.867506805813,12.25,0.));
#669 = LINE('',#670,#671);
#670 = CARTESIAN_POINT('',(-10.5,12.25,0.));
#671 = VECTOR('',#672,1.);
#672 = DIRECTION('',(1.,0.,0.));
#673 = ORIENTED_EDGE('',*,*,#244,.F.);
#674 = ORIENTED_EDGE('',*,*,#236,.T.);
#675 = ORIENTED_EDGE('',*,*,#676,.F.);
#676 = EDGE_CURVE('',#667,#228,#677,.T.);
#677 = CIRCLE('',#678,4.2);
#678 = AXIS2_PLACEMENT_3D('',#679,#680,#681);
#679 = CARTESIAN_POINT('',(7.,13.,0.));
#680 = DIRECTION('',(0.,0.,1.));
#681 = DIRECTION('',(1.,0.,0.));
#682 = PLANE('',#683);
#683 = AXIS2_PLACEMENT_3D('',#684,#685,#686);
#684 = CARTESIAN_POINT('',(-10.5,-12.25,0.));
#685 = DIRECTION('',(0.,0.,1.));
#686 = DIRECTION('',(1.,0.,0.));
#687 = ADVANCED_FACE('',(#688),#697,.F.);
#688 = FACE_BOUND('',#689,.F.);
#689 = EDGE_LOOP('',(#690,#696));
#690 = ORIENTED_EDGE('',*,*,#691,.F.);
#691 = EDGE_CURVE('',#228,#220,#692,.T.);
#692 = LINE('',#693,#694);
#693 = CARTESIAN_POINT('',(2.8,9.5,0.));
#694 = VECTOR('',#695,1.);
#695 = DIRECTION('',(1.,0.,0.));
#696 = ORIENTED_EDGE('',*,*,#227,.T.);
#697 = PLANE('',#698);
#698 = AXIS2_PLACEMENT_3D('',#699,#700,#701);
#699 = CARTESIAN_POINT('',(-10.5,-12.25,0.));
#700 = DIRECTION('',(0.,0.,1.));
#701 = DIRECTION('',(1.,0.,0.));
#702 = ADVANCED_FACE('',(#703),#730,.F.);
#703 = FACE_BOUND('',#704,.F.);
#704 = EDGE_LOOP('',(#705,#706,#714,#723));
#705 = ORIENTED_EDGE('',*,*,#219,.T.);
#706 = ORIENTED_EDGE('',*,*,#707,.T.);
#707 = EDGE_CURVE('',#212,#708,#710,.T.);
#708 = VERTEX_POINT('',#709);
#709 = CARTESIAN_POINT('',(10.5,10.25,0.));
#710 = LINE('',#711,#712);
#711 = CARTESIAN_POINT('',(10.5,-12.25,0.));
#712 = VECTOR('',#713,1.);
#713 = DIRECTION('',(0.,1.,0.));
#714 = ORIENTED_EDGE('',*,*,#715,.T.);
#715 = EDGE_CURVE('',#708,#716,#718,.T.);
#716 = VERTEX_POINT('',#717);
#717 = CARTESIAN_POINT('',(10.464416350602,10.625590736692,0.));
#718 = CIRCLE('',#719,2.);
#719 = AXIS2_PLACEMENT_3D('',#720,#721,#722);
#720 = CARTESIAN_POINT('',(8.5,10.25,0.));
#721 = DIRECTION('',(-0.,0.,1.));
#722 = DIRECTION('',(0.,-1.,0.));
#723 = ORIENTED_EDGE('',*,*,#724,.F.);
#724 = EDGE_CURVE('',#220,#716,#725,.T.);
#725 = CIRCLE('',#726,4.2);
#726 = AXIS2_PLACEMENT_3D('',#727,#728,#729);
#727 = CARTESIAN_POINT('',(7.,13.,0.));
#728 = DIRECTION('',(0.,0.,1.));
#729 = DIRECTION('',(1.,0.,0.));
#730 = PLANE('',#731);
#731 = AXIS2_PLACEMENT_3D('',#732,#733,#734);
#732 = CARTESIAN_POINT('',(-10.5,-12.25,0.));
#733 = DIRECTION('',(0.,0.,1.));
#734 = DIRECTION('',(1.,0.,0.));
#735 = ADVANCED_FACE('',(#736),#761,.T.);
#736 = FACE_BOUND('',#737,.T.);
#737 = EDGE_LOOP('',(#738,#748,#754,#755));
#738 = ORIENTED_EDGE('',*,*,#739,.F.);
#739 = EDGE_CURVE('',#740,#742,#744,.T.);
#740 = VERTEX_POINT('',#741);
#741 = CARTESIAN_POINT('',(10.5,-10.25,5.));
#742 = VERTEX_POINT('',#743);
#743 = CARTESIAN_POINT('',(10.5,9.5,5.));
#744 = LINE('',#745,#746);
#745 = CARTESIAN_POINT('',(10.5,-12.25,5.));
#746 = VECTOR('',#747,1.);
#747 = DIRECTION('',(0.,1.,0.));
#748 = ORIENTED_EDGE('',*,*,#749,.F.);
#749 = EDGE_CURVE('',#203,#740,#750,.T.);
#750 = LINE('',#751,#752);
#751 = CARTESIAN_POINT('',(10.5,-10.25,0.));
#752 = VECTOR('',#753,1.);
#753 = DIRECTION('',(0.,0.,1.));
#754 = ORIENTED_EDGE('',*,*,#211,.T.);
#755 = ORIENTED_EDGE('',*,*,#756,.T.);
#756 = EDGE_CURVE('',#212,#742,#757,.T.);
#757 = LINE('',#758,#759);
#758 = CARTESIAN_POINT('',(10.5,9.5,0.));
#759 = VECTOR('',#760,1.);
#760 = DIRECTION('',(0.,0.,1.));
#761 = PLANE('',#762);
#762 = AXIS2_PLACEMENT_3D('',#763,#764,#765);
#763 = CARTESIAN_POINT('',(10.5,-12.25,0.));
#764 = DIRECTION('',(1.,0.,0.));
#765 = DIRECTION('',(0.,0.,1.));
#766 = ADVANCED_FACE('',(#767),#779,.T.);
#767 = FACE_BOUND('',#768,.F.);
#768 = EDGE_LOOP('',(#769,#770,#771,#778));
#769 = ORIENTED_EDGE('',*,*,#202,.T.);
#770 = ORIENTED_EDGE('',*,*,#652,.T.);
#771 = ORIENTED_EDGE('',*,*,#772,.F.);
#772 = EDGE_CURVE('',#740,#645,#773,.T.);
#773 = CIRCLE('',#774,2.);
#774 = AXIS2_PLACEMENT_3D('',#775,#776,#777);
#775 = CARTESIAN_POINT('',(8.5,-10.25,5.));
#776 = DIRECTION('',(-0.,-0.,-1.));
#777 = DIRECTION('',(0.,-1.,0.));
#778 = ORIENTED_EDGE('',*,*,#749,.F.);
#779 = CYLINDRICAL_SURFACE('',#780,2.);
#780 = AXIS2_PLACEMENT_3D('',#781,#782,#783);
#781 = CARTESIAN_POINT('',(8.5,-10.25,0.));
#782 = DIRECTION('',(0.,0.,1.));
#783 = DIRECTION('',(1.,0.,0.));
#784 = ADVANCED_FACE('',(#785),#810,.F.);
#785 = FACE_BOUND('',#786,.F.);
#786 = EDGE_LOOP('',(#787,#788,#796,#804));
#787 = ORIENTED_EDGE('',*,*,#270,.T.);
#788 = ORIENTED_EDGE('',*,*,#789,.T.);
#789 = EDGE_CURVE('',#245,#790,#792,.T.);
#790 = VERTEX_POINT('',#791);
#791 = CARTESIAN_POINT('',(2.8,12.999999999999,0.));
#792 = LINE('',#793,#794);
#793 = CARTESIAN_POINT('',(2.8,9.5,0.));
#794 = VECTOR('',#795,1.);
#795 = DIRECTION('',(0.,1.,0.));
#796 = ORIENTED_EDGE('',*,*,#797,.T.);
#797 = EDGE_CURVE('',#790,#798,#800,.T.);
#798 = VERTEX_POINT('',#799);
#799 = CARTESIAN_POINT('',(2.8,12.999999999999,5.));
#800 = LINE('',#801,#802);
#801 = CARTESIAN_POINT('',(2.8,13.,0.));
#802 = VECTOR('',#803,1.);
#803 = DIRECTION('',(0.,0.,1.));
#804 = ORIENTED_EDGE('',*,*,#805,.F.);
#805 = EDGE_CURVE('',#112,#798,#806,.T.);
#806 = LINE('',#807,#808);
#807 = CARTESIAN_POINT('',(2.8,9.5,5.));
#808 = VECTOR('',#809,1.);
#809 = DIRECTION('',(0.,1.,0.));
#810 = PLANE('',#811);
#811 = AXIS2_PLACEMENT_3D('',#812,#813,#814);
#812 = CARTESIAN_POINT('',(2.8,9.5,0.));
#813 = DIRECTION('',(1.,0.,0.));
#814 = DIRECTION('',(0.,0.,1.));
#815 = ADVANCED_FACE('',(#816),#827,.T.);
#816 = FACE_BOUND('',#817,.T.);
#817 = EDGE_LOOP('',(#818,#819,#820));
#818 = ORIENTED_EDGE('',*,*,#805,.F.);
#819 = ORIENTED_EDGE('',*,*,#284,.T.);
#820 = ORIENTED_EDGE('',*,*,#821,.F.);
#821 = EDGE_CURVE('',#798,#285,#822,.T.);
#822 = CIRCLE('',#823,4.2);
#823 = AXIS2_PLACEMENT_3D('',#824,#825,#826);
#824 = CARTESIAN_POINT('',(7.,13.,5.));
#825 = DIRECTION('',(0.,0.,1.));
#826 = DIRECTION('',(1.,0.,0.));
#827 = PLANE('',#828);
#828 = AXIS2_PLACEMENT_3D('',#829,#830,#831);
#829 = CARTESIAN_POINT('',(2.8,9.5,5.));
#830 = DIRECTION('',(0.,0.,1.));
#831 = DIRECTION('',(1.,0.,0.));
#832 = ADVANCED_FACE('',(#833),#886,.T.);
#833 = FACE_BOUND('',#834,.T.);
#834 = EDGE_LOOP('',(#835,#843,#844,#845,#853,#861,#870,#879));
#835 = ORIENTED_EDGE('',*,*,#836,.F.);
#836 = EDGE_CURVE('',#285,#837,#839,.T.);
#837 = VERTEX_POINT('',#838);
#838 = CARTESIAN_POINT('',(5.145950378226,12.25,5.));
#839 = LINE('',#840,#841);
#840 = CARTESIAN_POINT('',(-10.5,12.25,5.));
#841 = VECTOR('',#842,1.);
#842 = DIRECTION('',(1.,0.,0.));
#843 = ORIENTED_EDGE('',*,*,#301,.T.);
#844 = ORIENTED_EDGE('',*,*,#374,.F.);
#845 = ORIENTED_EDGE('',*,*,#846,.F.);
#846 = EDGE_CURVE('',#847,#319,#849,.T.);
#847 = VERTEX_POINT('',#848);
#848 = CARTESIAN_POINT('',(9.1,9.5,5.));
#849 = LINE('',#850,#851);
#850 = CARTESIAN_POINT('',(9.1,-11.55,5.));
#851 = VECTOR('',#852,1.);
#852 = DIRECTION('',(0.,1.,0.));
#853 = ORIENTED_EDGE('',*,*,#854,.T.);
#854 = EDGE_CURVE('',#847,#855,#857,.T.);
#855 = VERTEX_POINT('',#856);
#856 = CARTESIAN_POINT('',(9.321637353249,9.5,5.));
#857 = LINE('',#858,#859);
#858 = CARTESIAN_POINT('',(2.8,9.5,5.));
#859 = VECTOR('',#860,1.);
#860 = DIRECTION('',(1.,0.,0.));
#861 = ORIENTED_EDGE('',*,*,#862,.T.);
#862 = EDGE_CURVE('',#855,#863,#865,.T.);
#863 = VERTEX_POINT('',#864);
#864 = CARTESIAN_POINT('',(10.464416350602,10.625590736692,5.));
#865 = CIRCLE('',#866,4.2);
#866 = AXIS2_PLACEMENT_3D('',#867,#868,#869);
#867 = CARTESIAN_POINT('',(7.,13.,5.));
#868 = DIRECTION('',(0.,0.,1.));
#869 = DIRECTION('',(1.,0.,0.));
#870 = ORIENTED_EDGE('',*,*,#871,.T.);
#871 = EDGE_CURVE('',#863,#872,#874,.T.);
#872 = VERTEX_POINT('',#873);
#873 = CARTESIAN_POINT('',(8.841868832677,12.220564817824,5.));
#874 = CIRCLE('',#875,2.);
#875 = AXIS2_PLACEMENT_3D('',#876,#877,#878);
#876 = CARTESIAN_POINT('',(8.5,10.25,5.));
#877 = DIRECTION('',(-0.,0.,1.));
#878 = DIRECTION('',(0.,-1.,0.));
#879 = ORIENTED_EDGE('',*,*,#880,.F.);
#880 = EDGE_CURVE('',#837,#872,#881,.T.);
#881 = CIRCLE('',#882,2.);
#882 = AXIS2_PLACEMENT_3D('',#883,#884,#885);
#883 = CARTESIAN_POINT('',(7.,13.,5.));
#884 = DIRECTION('',(0.,0.,1.));
#885 = DIRECTION('',(1.,0.,0.));
#886 = PLANE('',#887);
#887 = AXIS2_PLACEMENT_3D('',#888,#889,#890);
#888 = CARTESIAN_POINT('',(-10.5,-12.25,5.));
#889 = DIRECTION('',(0.,0.,1.));
#890 = DIRECTION('',(1.,0.,0.));
#891 = ADVANCED_FACE('',(#892,#949,#983),#1017,.F.);
#892 = FACE_BOUND('',#893,.F.);
#893 = EDGE_LOOP('',(#894,#895,#903,#911,#919,#927,#933,#934,#935,#943)
  );
#894 = ORIENTED_EDGE('',*,*,#512,.F.);
#895 = ORIENTED_EDGE('',*,*,#896,.T.);
#896 = EDGE_CURVE('',#513,#897,#899,.T.);
#897 = VERTEX_POINT('',#898);
#898 = CARTESIAN_POINT('',(9.1,-8.65,2.));
#899 = LINE('',#900,#901);
#900 = CARTESIAN_POINT('',(9.1,-10.85,2.));
#901 = VECTOR('',#902,1.);
#902 = DIRECTION('',(0.,1.,0.));
#903 = ORIENTED_EDGE('',*,*,#904,.F.);
#904 = EDGE_CURVE('',#905,#897,#907,.T.);
#905 = VERTEX_POINT('',#906);
#906 = CARTESIAN_POINT('',(9.1,-8.65,1.2));
#907 = LINE('',#908,#909);
#908 = CARTESIAN_POINT('',(9.1,-8.65,1.2));
#909 = VECTOR('',#910,1.);
#910 = DIRECTION('',(0.,0.,1.));
#911 = ORIENTED_EDGE('',*,*,#912,.T.);
#912 = EDGE_CURVE('',#905,#913,#915,.T.);
#913 = VERTEX_POINT('',#914);
#914 = CARTESIAN_POINT('',(9.1,8.65,1.2));
#915 = LINE('',#916,#917);
#916 = CARTESIAN_POINT('',(9.1,-10.85,1.2));
#917 = VECTOR('',#918,1.);
#918 = DIRECTION('',(0.,1.,0.));
#919 = ORIENTED_EDGE('',*,*,#920,.T.);
#920 = EDGE_CURVE('',#913,#921,#923,.T.);
#921 = VERTEX_POINT('',#922);
#922 = CARTESIAN_POINT('',(9.1,8.65,2.));
#923 = LINE('',#924,#925);
#924 = CARTESIAN_POINT('',(9.1,8.65,1.2));
#925 = VECTOR('',#926,1.);
#926 = DIRECTION('',(0.,0.,1.));
#927 = ORIENTED_EDGE('',*,*,#928,.T.);
#928 = EDGE_CURVE('',#921,#317,#929,.T.);
#929 = LINE('',#930,#931);
#930 = CARTESIAN_POINT('',(9.1,8.65,2.));
#931 = VECTOR('',#932,1.);
#932 = DIRECTION('',(0.,1.,0.));
#933 = ORIENTED_EDGE('',*,*,#316,.T.);
#934 = ORIENTED_EDGE('',*,*,#846,.F.);
#935 = ORIENTED_EDGE('',*,*,#936,.F.);
#936 = EDGE_CURVE('',#937,#847,#939,.T.);
#937 = VERTEX_POINT('',#938);
#938 = CARTESIAN_POINT('',(9.1,9.362693304105,5.));
#939 = LINE('',#940,#941);
#940 = CARTESIAN_POINT('',(9.1,-11.55,5.));
#941 = VECTOR('',#942,1.);
#942 = DIRECTION('',(0.,1.,0.));
#943 = ORIENTED_EDGE('',*,*,#944,.F.);
#944 = EDGE_CURVE('',#515,#937,#945,.T.);
#945 = LINE('',#946,#947);
#946 = CARTESIAN_POINT('',(9.1,-11.55,5.));
#947 = VECTOR('',#948,1.);
#948 = DIRECTION('',(0.,1.,0.));
#949 = FACE_BOUND('',#950,.F.);
#950 = EDGE_LOOP('',(#951,#961,#969,#977));
#951 = ORIENTED_EDGE('',*,*,#952,.F.);
#952 = EDGE_CURVE('',#953,#955,#957,.T.);
#953 = VERTEX_POINT('',#954);
#954 = CARTESIAN_POINT('',(9.1,8.75,3.9));
#955 = VERTEX_POINT('',#956);
#956 = CARTESIAN_POINT('',(9.1,10.55,3.9));
#957 = LINE('',#958,#959);
#958 = CARTESIAN_POINT('',(9.1,8.75,3.9));
#959 = VECTOR('',#960,1.);
#960 = DIRECTION('',(0.,1.,0.));
#961 = ORIENTED_EDGE('',*,*,#962,.F.);
#962 = EDGE_CURVE('',#963,#953,#965,.T.);
#963 = VERTEX_POINT('',#964);
#964 = CARTESIAN_POINT('',(9.1,8.75,4.8));
#965 = LINE('',#966,#967);
#966 = CARTESIAN_POINT('',(9.1,8.75,4.8));
#967 = VECTOR('',#968,1.);
#968 = DIRECTION('',(0.,0.,-1.));
#969 = ORIENTED_EDGE('',*,*,#970,.T.);
#970 = EDGE_CURVE('',#963,#971,#973,.T.);
#971 = VERTEX_POINT('',#972);
#972 = CARTESIAN_POINT('',(9.1,10.55,4.8));
#973 = LINE('',#974,#975);
#974 = CARTESIAN_POINT('',(9.1,8.75,4.8));
#975 = VECTOR('',#976,1.);
#976 = DIRECTION('',(0.,1.,0.));
#977 = ORIENTED_EDGE('',*,*,#978,.T.);
#978 = EDGE_CURVE('',#971,#955,#979,.T.);
#979 = LINE('',#980,#981);
#980 = CARTESIAN_POINT('',(9.1,10.55,4.8));
#981 = VECTOR('',#982,1.);
#982 = DIRECTION('',(0.,0.,-1.));
#983 = FACE_BOUND('',#984,.F.);
#984 = EDGE_LOOP('',(#985,#995,#1003,#1011));
#985 = ORIENTED_EDGE('',*,*,#986,.F.);
#986 = EDGE_CURVE('',#987,#989,#991,.T.);
#987 = VERTEX_POINT('',#988);
#988 = CARTESIAN_POINT('',(9.1,-10.55,3.9));
#989 = VERTEX_POINT('',#990);
#990 = CARTESIAN_POINT('',(9.1,-8.75,3.9));
#991 = LINE('',#992,#993);
#992 = CARTESIAN_POINT('',(9.1,-10.55,3.9));
#993 = VECTOR('',#994,1.);
#994 = DIRECTION('',(0.,1.,0.));
#995 = ORIENTED_EDGE('',*,*,#996,.F.);
#996 = EDGE_CURVE('',#997,#987,#999,.T.);
#997 = VERTEX_POINT('',#998);
#998 = CARTESIAN_POINT('',(9.1,-10.55,4.8));
#999 = LINE('',#1000,#1001);
#1000 = CARTESIAN_POINT('',(9.1,-10.55,4.8));
#1001 = VECTOR('',#1002,1.);
#1002 = DIRECTION('',(0.,0.,-1.));
#1003 = ORIENTED_EDGE('',*,*,#1004,.T.);
#1004 = EDGE_CURVE('',#997,#1005,#1007,.T.);
#1005 = VERTEX_POINT('',#1006);
#1006 = CARTESIAN_POINT('',(9.1,-8.75,4.8));
#1007 = LINE('',#1008,#1009);
#1008 = CARTESIAN_POINT('',(9.1,-10.55,4.8));
#1009 = VECTOR('',#1010,1.);
#1010 = DIRECTION('',(0.,1.,0.));
#1011 = ORIENTED_EDGE('',*,*,#1012,.T.);
#1012 = EDGE_CURVE('',#1005,#989,#1013,.T.);
#1013 = LINE('',#1014,#1015);
#1014 = CARTESIAN_POINT('',(9.1,-8.75,4.8));
#1015 = VECTOR('',#1016,1.);
#1016 = DIRECTION('',(0.,0.,-1.));
#1017 = PLANE('',#1018);
#1018 = AXIS2_PLACEMENT_3D('',#1019,#1020,#1021);
#1019 = CARTESIAN_POINT('',(9.1,-10.85,1.2));
#1020 = DIRECTION('',(1.,0.,0.));
#1021 = DIRECTION('',(0.,0.,1.));
#1022 = ADVANCED_FACE('',(#1023),#1041,.T.);
#1023 = FACE_BOUND('',#1024,.T.);
#1024 = EDGE_LOOP('',(#1025,#1026,#1034,#1040));
#1025 = ORIENTED_EDGE('',*,*,#428,.F.);
#1026 = ORIENTED_EDGE('',*,*,#1027,.T.);
#1027 = EDGE_CURVE('',#421,#1028,#1030,.T.);
#1028 = VERTEX_POINT('',#1029);
#1029 = CARTESIAN_POINT('',(-6.9,8.65,2.));
#1030 = LINE('',#1031,#1032);
#1031 = CARTESIAN_POINT('',(-9.1,8.65,2.));
#1032 = VECTOR('',#1033,1.);
#1033 = DIRECTION('',(1.,0.,0.));
#1034 = ORIENTED_EDGE('',*,*,#1035,.T.);
#1035 = EDGE_CURVE('',#1028,#351,#1036,.T.);
#1036 = LINE('',#1037,#1038);
#1037 = CARTESIAN_POINT('',(-6.9,8.65,2.));
#1038 = VECTOR('',#1039,1.);
#1039 = DIRECTION('',(0.,1.,0.));
#1040 = ORIENTED_EDGE('',*,*,#358,.F.);
#1041 = PLANE('',#1042);
#1042 = AXIS2_PLACEMENT_3D('',#1043,#1044,#1045);
#1043 = CARTESIAN_POINT('',(-9.1,8.65,2.));
#1044 = DIRECTION('',(0.,0.,1.));
#1045 = DIRECTION('',(1.,0.,0.));
#1046 = ADVANCED_FACE('',(#1047),#1065,.T.);
#1047 = FACE_BOUND('',#1048,.T.);
#1048 = EDGE_LOOP('',(#1049,#1057,#1063,#1064));
#1049 = ORIENTED_EDGE('',*,*,#1050,.F.);
#1050 = EDGE_CURVE('',#1051,#1028,#1053,.T.);
#1051 = VERTEX_POINT('',#1052);
#1052 = CARTESIAN_POINT('',(-6.9,8.65,1.2));
#1053 = LINE('',#1054,#1055);
#1054 = CARTESIAN_POINT('',(-6.9,8.65,1.2));
#1055 = VECTOR('',#1056,1.);
#1056 = DIRECTION('',(0.,0.,1.));
#1057 = ORIENTED_EDGE('',*,*,#1058,.T.);
#1058 = EDGE_CURVE('',#1051,#343,#1059,.T.);
#1059 = LINE('',#1060,#1061);
#1060 = CARTESIAN_POINT('',(-6.9,8.65,1.2));
#1061 = VECTOR('',#1062,1.);
#1062 = DIRECTION('',(0.,1.,0.));
#1063 = ORIENTED_EDGE('',*,*,#350,.T.);
#1064 = ORIENTED_EDGE('',*,*,#1035,.F.);
#1065 = PLANE('',#1066);
#1066 = AXIS2_PLACEMENT_3D('',#1067,#1068,#1069);
#1067 = CARTESIAN_POINT('',(-6.9,8.65,1.2));
#1068 = DIRECTION('',(1.,0.,0.));
#1069 = DIRECTION('',(0.,0.,1.));
#1070 = ADVANCED_FACE('',(#1071),#1126,.T.);
#1071 = FACE_BOUND('',#1072,.T.);
#1072 = EDGE_LOOP('',(#1073,#1074,#1082,#1088,#1089,#1097,#1103,#1104,
    #1112,#1118,#1119,#1120));
#1073 = ORIENTED_EDGE('',*,*,#412,.F.);
#1074 = ORIENTED_EDGE('',*,*,#1075,.T.);
#1075 = EDGE_CURVE('',#405,#1076,#1078,.T.);
#1076 = VERTEX_POINT('',#1077);
#1077 = CARTESIAN_POINT('',(-6.9,-8.65,1.2));
#1078 = LINE('',#1079,#1080);
#1079 = CARTESIAN_POINT('',(-9.1,-8.65,1.2));
#1080 = VECTOR('',#1081,1.);
#1081 = DIRECTION('',(1.,0.,0.));
#1082 = ORIENTED_EDGE('',*,*,#1083,.F.);
#1083 = EDGE_CURVE('',#539,#1076,#1084,.T.);
#1084 = LINE('',#1085,#1086);
#1085 = CARTESIAN_POINT('',(-6.9,-10.85,1.2));
#1086 = VECTOR('',#1087,1.);
#1087 = DIRECTION('',(0.,1.,0.));
#1088 = ORIENTED_EDGE('',*,*,#538,.T.);
#1089 = ORIENTED_EDGE('',*,*,#1090,.T.);
#1090 = EDGE_CURVE('',#531,#1091,#1093,.T.);
#1091 = VERTEX_POINT('',#1092);
#1092 = CARTESIAN_POINT('',(6.9,-8.65,1.2));
#1093 = LINE('',#1094,#1095);
#1094 = CARTESIAN_POINT('',(6.9,-10.85,1.2));
#1095 = VECTOR('',#1096,1.);
#1096 = DIRECTION('',(0.,1.,0.));
#1097 = ORIENTED_EDGE('',*,*,#1098,.T.);
#1098 = EDGE_CURVE('',#1091,#905,#1099,.T.);
#1099 = LINE('',#1100,#1101);
#1100 = CARTESIAN_POINT('',(6.9,-8.65,1.2));
#1101 = VECTOR('',#1102,1.);
#1102 = DIRECTION('',(1.,0.,0.));
#1103 = ORIENTED_EDGE('',*,*,#912,.T.);
#1104 = ORIENTED_EDGE('',*,*,#1105,.F.);
#1105 = EDGE_CURVE('',#1106,#913,#1108,.T.);
#1106 = VERTEX_POINT('',#1107);
#1107 = CARTESIAN_POINT('',(6.9,8.65,1.2));
#1108 = LINE('',#1109,#1110);
#1109 = CARTESIAN_POINT('',(6.9,8.65,1.2));
#1110 = VECTOR('',#1111,1.);
#1111 = DIRECTION('',(1.,0.,0.));
#1112 = ORIENTED_EDGE('',*,*,#1113,.T.);
#1113 = EDGE_CURVE('',#1106,#335,#1114,.T.);
#1114 = LINE('',#1115,#1116);
#1115 = CARTESIAN_POINT('',(6.9,8.65,1.2));
#1116 = VECTOR('',#1117,1.);
#1117 = DIRECTION('',(0.,1.,0.));
#1118 = ORIENTED_EDGE('',*,*,#342,.F.);
#1119 = ORIENTED_EDGE('',*,*,#1058,.F.);
#1120 = ORIENTED_EDGE('',*,*,#1121,.F.);
#1121 = EDGE_CURVE('',#413,#1051,#1122,.T.);
#1122 = LINE('',#1123,#1124);
#1123 = CARTESIAN_POINT('',(-9.1,8.65,1.2));
#1124 = VECTOR('',#1125,1.);
#1125 = DIRECTION('',(1.,0.,0.));
#1126 = PLANE('',#1127);
#1127 = AXIS2_PLACEMENT_3D('',#1128,#1129,#1130);
#1128 = CARTESIAN_POINT('',(-9.1,-10.85,1.2));
#1129 = DIRECTION('',(0.,0.,1.));
#1130 = DIRECTION('',(1.,0.,0.));
#1131 = ADVANCED_FACE('',(#1132),#1150,.F.);
#1132 = FACE_BOUND('',#1133,.F.);
#1133 = EDGE_LOOP('',(#1134,#1142,#1143,#1144));
#1134 = ORIENTED_EDGE('',*,*,#1135,.F.);
#1135 = EDGE_CURVE('',#1106,#1136,#1138,.T.);
#1136 = VERTEX_POINT('',#1137);
#1137 = CARTESIAN_POINT('',(6.9,8.65,2.));
#1138 = LINE('',#1139,#1140);
#1139 = CARTESIAN_POINT('',(6.9,8.65,1.2));
#1140 = VECTOR('',#1141,1.);
#1141 = DIRECTION('',(0.,0.,1.));
#1142 = ORIENTED_EDGE('',*,*,#1113,.T.);
#1143 = ORIENTED_EDGE('',*,*,#334,.T.);
#1144 = ORIENTED_EDGE('',*,*,#1145,.F.);
#1145 = EDGE_CURVE('',#1136,#327,#1146,.T.);
#1146 = LINE('',#1147,#1148);
#1147 = CARTESIAN_POINT('',(6.9,8.65,2.));
#1148 = VECTOR('',#1149,1.);
#1149 = DIRECTION('',(0.,1.,0.));
#1150 = PLANE('',#1151);
#1151 = AXIS2_PLACEMENT_3D('',#1152,#1153,#1154);
#1152 = CARTESIAN_POINT('',(6.9,8.65,1.2));
#1153 = DIRECTION('',(1.,0.,0.));
#1154 = DIRECTION('',(0.,0.,1.));
#1155 = ADVANCED_FACE('',(#1156),#1167,.T.);
#1156 = FACE_BOUND('',#1157,.T.);
#1157 = EDGE_LOOP('',(#1158,#1159,#1165,#1166));
#1158 = ORIENTED_EDGE('',*,*,#1145,.F.);
#1159 = ORIENTED_EDGE('',*,*,#1160,.T.);
#1160 = EDGE_CURVE('',#1136,#921,#1161,.T.);
#1161 = LINE('',#1162,#1163);
#1162 = CARTESIAN_POINT('',(6.9,8.65,2.));
#1163 = VECTOR('',#1164,1.);
#1164 = DIRECTION('',(1.,0.,0.));
#1165 = ORIENTED_EDGE('',*,*,#928,.T.);
#1166 = ORIENTED_EDGE('',*,*,#326,.F.);
#1167 = PLANE('',#1168);
#1168 = AXIS2_PLACEMENT_3D('',#1169,#1170,#1171);
#1169 = CARTESIAN_POINT('',(6.9,8.65,2.));
#1170 = DIRECTION('',(0.,0.,1.));
#1171 = DIRECTION('',(1.,0.,0.));
#1172 = ADVANCED_FACE('',(#1173),#1191,.T.);
#1173 = FACE_BOUND('',#1174,.T.);
#1174 = EDGE_LOOP('',(#1175,#1176,#1177,#1185));
#1175 = ORIENTED_EDGE('',*,*,#396,.F.);
#1176 = ORIENTED_EDGE('',*,*,#554,.T.);
#1177 = ORIENTED_EDGE('',*,*,#1178,.T.);
#1178 = EDGE_CURVE('',#547,#1179,#1181,.T.);
#1179 = VERTEX_POINT('',#1180);
#1180 = CARTESIAN_POINT('',(-6.9,-8.65,2.));
#1181 = LINE('',#1182,#1183);
#1182 = CARTESIAN_POINT('',(-6.9,-10.85,2.));
#1183 = VECTOR('',#1184,1.);
#1184 = DIRECTION('',(0.,1.,0.));
#1185 = ORIENTED_EDGE('',*,*,#1186,.F.);
#1186 = EDGE_CURVE('',#397,#1179,#1187,.T.);
#1187 = LINE('',#1188,#1189);
#1188 = CARTESIAN_POINT('',(-9.1,-8.65,2.));
#1189 = VECTOR('',#1190,1.);
#1190 = DIRECTION('',(1.,0.,0.));
#1191 = PLANE('',#1192);
#1192 = AXIS2_PLACEMENT_3D('',#1193,#1194,#1195);
#1193 = CARTESIAN_POINT('',(-9.1,-10.85,2.));
#1194 = DIRECTION('',(0.,0.,1.));
#1195 = DIRECTION('',(1.,0.,0.));
#1196 = ADVANCED_FACE('',(#1197),#1208,.T.);
#1197 = FACE_BOUND('',#1198,.T.);
#1198 = EDGE_LOOP('',(#1199,#1200,#1201,#1202));
#1199 = ORIENTED_EDGE('',*,*,#1075,.F.);
#1200 = ORIENTED_EDGE('',*,*,#404,.T.);
#1201 = ORIENTED_EDGE('',*,*,#1186,.T.);
#1202 = ORIENTED_EDGE('',*,*,#1203,.F.);
#1203 = EDGE_CURVE('',#1076,#1179,#1204,.T.);
#1204 = LINE('',#1205,#1206);
#1205 = CARTESIAN_POINT('',(-6.9,-8.65,1.2));
#1206 = VECTOR('',#1207,1.);
#1207 = DIRECTION('',(0.,0.,1.));
#1208 = PLANE('',#1209);
#1209 = AXIS2_PLACEMENT_3D('',#1210,#1211,#1212);
#1210 = CARTESIAN_POINT('',(-9.1,-8.65,1.2));
#1211 = DIRECTION('',(0.,1.,0.));
#1212 = DIRECTION('',(0.,0.,1.));
#1213 = ADVANCED_FACE('',(#1214),#1220,.F.);
#1214 = FACE_BOUND('',#1215,.F.);
#1215 = EDGE_LOOP('',(#1216,#1217,#1218,#1219));
#1216 = ORIENTED_EDGE('',*,*,#1121,.F.);
#1217 = ORIENTED_EDGE('',*,*,#420,.T.);
#1218 = ORIENTED_EDGE('',*,*,#1027,.T.);
#1219 = ORIENTED_EDGE('',*,*,#1050,.F.);
#1220 = PLANE('',#1221);
#1221 = AXIS2_PLACEMENT_3D('',#1222,#1223,#1224);
#1222 = CARTESIAN_POINT('',(-9.1,8.65,1.2));
#1223 = DIRECTION('',(0.,1.,0.));
#1224 = DIRECTION('',(0.,0.,1.));
#1225 = ADVANCED_FACE('',(#1226),#1251,.T.);
#1226 = FACE_BOUND('',#1227,.T.);
#1227 = EDGE_LOOP('',(#1228,#1229,#1237,#1245));
#1228 = ORIENTED_EDGE('',*,*,#438,.T.);
#1229 = ORIENTED_EDGE('',*,*,#1230,.T.);
#1230 = EDGE_CURVE('',#441,#1231,#1233,.T.);
#1231 = VERTEX_POINT('',#1232);
#1232 = CARTESIAN_POINT('',(-9.32,10.55,4.35));
#1233 = LINE('',#1234,#1235);
#1234 = CARTESIAN_POINT('',(-9.1,10.55,3.9));
#1235 = VECTOR('',#1236,1.);
#1236 = DIRECTION('',(-0.439210132005,0.,0.898384360919));
#1237 = ORIENTED_EDGE('',*,*,#1238,.F.);
#1238 = EDGE_CURVE('',#1239,#1231,#1241,.T.);
#1239 = VERTEX_POINT('',#1240);
#1240 = CARTESIAN_POINT('',(-9.32,8.75,4.35));
#1241 = LINE('',#1242,#1243);
#1242 = CARTESIAN_POINT('',(-9.32,8.75,4.35));
#1243 = VECTOR('',#1244,1.);
#1244 = DIRECTION('',(0.,1.,0.));
#1245 = ORIENTED_EDGE('',*,*,#1246,.F.);
#1246 = EDGE_CURVE('',#439,#1239,#1247,.T.);
#1247 = LINE('',#1248,#1249);
#1248 = CARTESIAN_POINT('',(-9.1,8.75,3.9));
#1249 = VECTOR('',#1250,1.);
#1250 = DIRECTION('',(-0.439210132005,0.,0.898384360919));
#1251 = PLANE('',#1252);
#1252 = AXIS2_PLACEMENT_3D('',#1253,#1254,#1255);
#1253 = CARTESIAN_POINT('',(-9.1,8.75,3.9));
#1254 = DIRECTION('',(0.898384360919,0.,0.439210132005));
#1255 = DIRECTION('',(-0.439210132005,0.,0.898384360919));
#1256 = ADVANCED_FACE('',(#1257),#1267,.F.);
#1257 = FACE_BOUND('',#1258,.F.);
#1258 = EDGE_LOOP('',(#1259,#1260,#1266));
#1259 = ORIENTED_EDGE('',*,*,#1230,.T.);
#1260 = ORIENTED_EDGE('',*,*,#1261,.T.);
#1261 = EDGE_CURVE('',#1231,#457,#1262,.T.);
#1262 = LINE('',#1263,#1264);
#1263 = CARTESIAN_POINT('',(-9.32,10.55,4.35));
#1264 = VECTOR('',#1265,1.);
#1265 = DIRECTION('',(0.439210132005,0.,0.898384360919));
#1266 = ORIENTED_EDGE('',*,*,#464,.T.);
#1267 = PLANE('',#1268);
#1268 = AXIS2_PLACEMENT_3D('',#1269,#1270,#1271);
#1269 = CARTESIAN_POINT('',(-9.157944008739,10.55,4.35));
#1270 = DIRECTION('',(0.,1.,0.));
#1271 = DIRECTION('',(0.,0.,1.));
#1272 = ADVANCED_FACE('',(#1273),#1284,.T.);
#1273 = FACE_BOUND('',#1274,.T.);
#1274 = EDGE_LOOP('',(#1275,#1276,#1277,#1278));
#1275 = ORIENTED_EDGE('',*,*,#1238,.T.);
#1276 = ORIENTED_EDGE('',*,*,#1261,.T.);
#1277 = ORIENTED_EDGE('',*,*,#456,.F.);
#1278 = ORIENTED_EDGE('',*,*,#1279,.F.);
#1279 = EDGE_CURVE('',#1239,#449,#1280,.T.);
#1280 = LINE('',#1281,#1282);
#1281 = CARTESIAN_POINT('',(-9.32,8.75,4.35));
#1282 = VECTOR('',#1283,1.);
#1283 = DIRECTION('',(0.439210132005,0.,0.898384360919));
#1284 = PLANE('',#1285);
#1285 = AXIS2_PLACEMENT_3D('',#1286,#1287,#1288);
#1286 = CARTESIAN_POINT('',(-9.32,8.75,4.35));
#1287 = DIRECTION('',(0.898384360919,0.,-0.439210132005));
#1288 = DIRECTION('',(0.439210132005,0.,0.898384360919));
#1289 = ADVANCED_FACE('',(#1290),#1295,.T.);
#1290 = FACE_BOUND('',#1291,.T.);
#1291 = EDGE_LOOP('',(#1292,#1293,#1294));
#1292 = ORIENTED_EDGE('',*,*,#1246,.T.);
#1293 = ORIENTED_EDGE('',*,*,#1279,.T.);
#1294 = ORIENTED_EDGE('',*,*,#448,.T.);
#1295 = PLANE('',#1296);
#1296 = AXIS2_PLACEMENT_3D('',#1297,#1298,#1299);
#1297 = CARTESIAN_POINT('',(-9.157944008739,8.75,4.35));
#1298 = DIRECTION('',(0.,1.,0.));
#1299 = DIRECTION('',(0.,0.,1.));
#1300 = ADVANCED_FACE('',(#1301),#1326,.T.);
#1301 = FACE_BOUND('',#1302,.T.);
#1302 = EDGE_LOOP('',(#1303,#1304,#1312,#1320));
#1303 = ORIENTED_EDGE('',*,*,#472,.T.);
#1304 = ORIENTED_EDGE('',*,*,#1305,.T.);
#1305 = EDGE_CURVE('',#475,#1306,#1308,.T.);
#1306 = VERTEX_POINT('',#1307);
#1307 = CARTESIAN_POINT('',(-9.32,-8.75,4.35));
#1308 = LINE('',#1309,#1310);
#1309 = CARTESIAN_POINT('',(-9.1,-8.75,3.9));
#1310 = VECTOR('',#1311,1.);
#1311 = DIRECTION('',(-0.439210132005,0.,0.898384360919));
#1312 = ORIENTED_EDGE('',*,*,#1313,.F.);
#1313 = EDGE_CURVE('',#1314,#1306,#1316,.T.);
#1314 = VERTEX_POINT('',#1315);
#1315 = CARTESIAN_POINT('',(-9.32,-10.55,4.35));
#1316 = LINE('',#1317,#1318);
#1317 = CARTESIAN_POINT('',(-9.32,-10.55,4.35));
#1318 = VECTOR('',#1319,1.);
#1319 = DIRECTION('',(0.,1.,0.));
#1320 = ORIENTED_EDGE('',*,*,#1321,.F.);
#1321 = EDGE_CURVE('',#473,#1314,#1322,.T.);
#1322 = LINE('',#1323,#1324);
#1323 = CARTESIAN_POINT('',(-9.1,-10.55,3.9));
#1324 = VECTOR('',#1325,1.);
#1325 = DIRECTION('',(-0.439210132005,0.,0.898384360919));
#1326 = PLANE('',#1327);
#1327 = AXIS2_PLACEMENT_3D('',#1328,#1329,#1330);
#1328 = CARTESIAN_POINT('',(-9.1,-10.55,3.9));
#1329 = DIRECTION('',(0.898384360919,0.,0.439210132005));
#1330 = DIRECTION('',(-0.439210132005,0.,0.898384360919));
#1331 = ADVANCED_FACE('',(#1332),#1342,.T.);
#1332 = FACE_BOUND('',#1333,.T.);
#1333 = EDGE_LOOP('',(#1334,#1335,#1341));
#1334 = ORIENTED_EDGE('',*,*,#1321,.T.);
#1335 = ORIENTED_EDGE('',*,*,#1336,.T.);
#1336 = EDGE_CURVE('',#1314,#483,#1337,.T.);
#1337 = LINE('',#1338,#1339);
#1338 = CARTESIAN_POINT('',(-9.32,-10.55,4.35));
#1339 = VECTOR('',#1340,1.);
#1340 = DIRECTION('',(0.439210132005,0.,0.898384360919));
#1341 = ORIENTED_EDGE('',*,*,#482,.T.);
#1342 = PLANE('',#1343);
#1343 = AXIS2_PLACEMENT_3D('',#1344,#1345,#1346);
#1344 = CARTESIAN_POINT('',(-9.157944008739,-10.55,4.35));
#1345 = DIRECTION('',(0.,1.,0.));
#1346 = DIRECTION('',(0.,0.,1.));
#1347 = ADVANCED_FACE('',(#1348),#1358,.F.);
#1348 = FACE_BOUND('',#1349,.F.);
#1349 = EDGE_LOOP('',(#1350,#1351,#1357));
#1350 = ORIENTED_EDGE('',*,*,#1305,.T.);
#1351 = ORIENTED_EDGE('',*,*,#1352,.T.);
#1352 = EDGE_CURVE('',#1306,#491,#1353,.T.);
#1353 = LINE('',#1354,#1355);
#1354 = CARTESIAN_POINT('',(-9.32,-8.75,4.35));
#1355 = VECTOR('',#1356,1.);
#1356 = DIRECTION('',(0.439210132005,0.,0.898384360919));
#1357 = ORIENTED_EDGE('',*,*,#498,.T.);
#1358 = PLANE('',#1359);
#1359 = AXIS2_PLACEMENT_3D('',#1360,#1361,#1362);
#1360 = CARTESIAN_POINT('',(-9.157944008739,-8.75,4.35));
#1361 = DIRECTION('',(0.,1.,0.));
#1362 = DIRECTION('',(0.,0.,1.));
#1363 = ADVANCED_FACE('',(#1364),#1370,.T.);
#1364 = FACE_BOUND('',#1365,.T.);
#1365 = EDGE_LOOP('',(#1366,#1367,#1368,#1369));
#1366 = ORIENTED_EDGE('',*,*,#1313,.T.);
#1367 = ORIENTED_EDGE('',*,*,#1352,.T.);
#1368 = ORIENTED_EDGE('',*,*,#490,.F.);
#1369 = ORIENTED_EDGE('',*,*,#1336,.F.);
#1370 = PLANE('',#1371);
#1371 = AXIS2_PLACEMENT_3D('',#1372,#1373,#1374);
#1372 = CARTESIAN_POINT('',(-9.32,-10.55,4.35));
#1373 = DIRECTION('',(0.898384360919,0.,-0.439210132005));
#1374 = DIRECTION('',(0.439210132005,0.,0.898384360919));
#1375 = ADVANCED_FACE('',(#1376),#1402,.T.);
#1376 = FACE_BOUND('',#1377,.T.);
#1377 = EDGE_LOOP('',(#1378,#1384,#1385,#1386,#1387,#1393,#1400,#1401));
#1378 = ORIENTED_EDGE('',*,*,#1379,.F.);
#1379 = EDGE_CURVE('',#637,#579,#1380,.T.);
#1380 = LINE('',#1381,#1382);
#1381 = CARTESIAN_POINT('',(4.9,-12.75,5.));
#1382 = VECTOR('',#1383,1.);
#1383 = DIRECTION('',(0.,1.,0.));
#1384 = ORIENTED_EDGE('',*,*,#644,.T.);
#1385 = ORIENTED_EDGE('',*,*,#772,.F.);
#1386 = ORIENTED_EDGE('',*,*,#739,.T.);
#1387 = ORIENTED_EDGE('',*,*,#1388,.F.);
#1388 = EDGE_CURVE('',#855,#742,#1389,.T.);
#1389 = LINE('',#1390,#1391);
#1390 = CARTESIAN_POINT('',(2.8,9.5,5.));
#1391 = VECTOR('',#1392,1.);
#1392 = DIRECTION('',(1.,0.,0.));
#1393 = ORIENTED_EDGE('',*,*,#1394,.F.);
#1394 = EDGE_CURVE('',#937,#855,#1395,.T.);
#1395 = CIRCLE('',#1396,4.2);
#1396 = AXIS2_PLACEMENT_3D('',#1397,#1398,#1399);
#1397 = CARTESIAN_POINT('',(7.,13.,5.));
#1398 = DIRECTION('',(0.,0.,1.));
#1399 = DIRECTION('',(1.,0.,0.));
#1400 = ORIENTED_EDGE('',*,*,#944,.F.);
#1401 = ORIENTED_EDGE('',*,*,#586,.T.);
#1402 = PLANE('',#1403);
#1403 = AXIS2_PLACEMENT_3D('',#1404,#1405,#1406);
#1404 = CARTESIAN_POINT('',(-10.5,-12.25,5.));
#1405 = DIRECTION('',(0.,0.,1.));
#1406 = DIRECTION('',(1.,0.,0.));
#1407 = ADVANCED_FACE('',(#1408),#1419,.F.);
#1408 = FACE_BOUND('',#1409,.F.);
#1409 = EDGE_LOOP('',(#1410,#1411,#1417,#1418));
#1410 = ORIENTED_EDGE('',*,*,#636,.T.);
#1411 = ORIENTED_EDGE('',*,*,#1412,.T.);
#1412 = EDGE_CURVE('',#629,#571,#1413,.T.);
#1413 = LINE('',#1414,#1415);
#1414 = CARTESIAN_POINT('',(4.9,-13.25,2.));
#1415 = VECTOR('',#1416,1.);
#1416 = DIRECTION('',(0.,1.,0.));
#1417 = ORIENTED_EDGE('',*,*,#578,.F.);
#1418 = ORIENTED_EDGE('',*,*,#1379,.F.);
#1419 = PLANE('',#1420);
#1420 = AXIS2_PLACEMENT_3D('',#1421,#1422,#1423);
#1421 = CARTESIAN_POINT('',(4.9,-13.25,2.));
#1422 = DIRECTION('',(1.,0.,0.));
#1423 = DIRECTION('',(0.,0.,1.));
#1424 = ADVANCED_FACE('',(#1425),#1431,.T.);
#1425 = FACE_BOUND('',#1426,.T.);
#1426 = EDGE_LOOP('',(#1427,#1428,#1429,#1430));
#1427 = ORIENTED_EDGE('',*,*,#608,.F.);
#1428 = ORIENTED_EDGE('',*,*,#628,.T.);
#1429 = ORIENTED_EDGE('',*,*,#1412,.T.);
#1430 = ORIENTED_EDGE('',*,*,#570,.F.);
#1431 = PLANE('',#1432);
#1432 = AXIS2_PLACEMENT_3D('',#1433,#1434,#1435);
#1433 = CARTESIAN_POINT('',(-4.9,-13.25,2.));
#1434 = DIRECTION('',(0.,0.,1.));
#1435 = DIRECTION('',(1.,0.,0.));
#1436 = ADVANCED_FACE('',(#1437),#1443,.T.);
#1437 = FACE_BOUND('',#1438,.T.);
#1438 = EDGE_LOOP('',(#1439,#1440,#1441,#1442));
#1439 = ORIENTED_EDGE('',*,*,#546,.F.);
#1440 = ORIENTED_EDGE('',*,*,#1083,.T.);
#1441 = ORIENTED_EDGE('',*,*,#1203,.T.);
#1442 = ORIENTED_EDGE('',*,*,#1178,.F.);
#1443 = PLANE('',#1444);
#1444 = AXIS2_PLACEMENT_3D('',#1445,#1446,#1447);
#1445 = CARTESIAN_POINT('',(-6.9,-10.85,1.2));
#1446 = DIRECTION('',(1.,0.,0.));
#1447 = DIRECTION('',(0.,0.,1.));
#1448 = ADVANCED_FACE('',(#1449),#1467,.F.);
#1449 = FACE_BOUND('',#1450,.F.);
#1450 = EDGE_LOOP('',(#1451,#1452,#1453,#1461));
#1451 = ORIENTED_EDGE('',*,*,#530,.F.);
#1452 = ORIENTED_EDGE('',*,*,#1090,.T.);
#1453 = ORIENTED_EDGE('',*,*,#1454,.T.);
#1454 = EDGE_CURVE('',#1091,#1455,#1457,.T.);
#1455 = VERTEX_POINT('',#1456);
#1456 = CARTESIAN_POINT('',(6.9,-8.65,2.));
#1457 = LINE('',#1458,#1459);
#1458 = CARTESIAN_POINT('',(6.9,-8.65,1.2));
#1459 = VECTOR('',#1460,1.);
#1460 = DIRECTION('',(0.,0.,1.));
#1461 = ORIENTED_EDGE('',*,*,#1462,.F.);
#1462 = EDGE_CURVE('',#523,#1455,#1463,.T.);
#1463 = LINE('',#1464,#1465);
#1464 = CARTESIAN_POINT('',(6.9,-10.85,2.));
#1465 = VECTOR('',#1466,1.);
#1466 = DIRECTION('',(0.,1.,0.));
#1467 = PLANE('',#1468);
#1468 = AXIS2_PLACEMENT_3D('',#1469,#1470,#1471);
#1469 = CARTESIAN_POINT('',(6.9,-10.85,1.2));
#1470 = DIRECTION('',(1.,0.,0.));
#1471 = DIRECTION('',(0.,0.,1.));
#1472 = ADVANCED_FACE('',(#1473),#1484,.T.);
#1473 = FACE_BOUND('',#1474,.T.);
#1474 = EDGE_LOOP('',(#1475,#1476,#1477,#1478));
#1475 = ORIENTED_EDGE('',*,*,#1462,.F.);
#1476 = ORIENTED_EDGE('',*,*,#522,.T.);
#1477 = ORIENTED_EDGE('',*,*,#896,.T.);
#1478 = ORIENTED_EDGE('',*,*,#1479,.F.);
#1479 = EDGE_CURVE('',#1455,#897,#1480,.T.);
#1480 = LINE('',#1481,#1482);
#1481 = CARTESIAN_POINT('',(6.9,-8.65,2.));
#1482 = VECTOR('',#1483,1.);
#1483 = DIRECTION('',(1.,0.,0.));
#1484 = PLANE('',#1485);
#1485 = AXIS2_PLACEMENT_3D('',#1486,#1487,#1488);
#1486 = CARTESIAN_POINT('',(6.9,-10.85,2.));
#1487 = DIRECTION('',(0.,0.,1.));
#1488 = DIRECTION('',(1.,0.,0.));
#1489 = ADVANCED_FACE('',(#1490),#1501,.F.);
#1490 = FACE_BOUND('',#1491,.F.);
#1491 = EDGE_LOOP('',(#1492,#1493,#1494));
#1492 = ORIENTED_EDGE('',*,*,#789,.F.);
#1493 = ORIENTED_EDGE('',*,*,#666,.T.);
#1494 = ORIENTED_EDGE('',*,*,#1495,.F.);
#1495 = EDGE_CURVE('',#790,#667,#1496,.T.);
#1496 = CIRCLE('',#1497,4.2);
#1497 = AXIS2_PLACEMENT_3D('',#1498,#1499,#1500);
#1498 = CARTESIAN_POINT('',(7.,13.,0.));
#1499 = DIRECTION('',(0.,0.,1.));
#1500 = DIRECTION('',(1.,0.,0.));
#1501 = PLANE('',#1502);
#1502 = AXIS2_PLACEMENT_3D('',#1503,#1504,#1505);
#1503 = CARTESIAN_POINT('',(2.8,9.5,0.));
#1504 = DIRECTION('',(0.,0.,1.));
#1505 = DIRECTION('',(1.,0.,0.));
#1506 = ADVANCED_FACE('',(#1507),#1536,.F.);
#1507 = FACE_BOUND('',#1508,.F.);
#1508 = EDGE_LOOP('',(#1509,#1517,#1518,#1519,#1520,#1529));
#1509 = ORIENTED_EDGE('',*,*,#1510,.F.);
#1510 = EDGE_CURVE('',#667,#1511,#1513,.T.);
#1511 = VERTEX_POINT('',#1512);
#1512 = CARTESIAN_POINT('',(5.145950378226,12.25,0.));
#1513 = LINE('',#1514,#1515);
#1514 = CARTESIAN_POINT('',(-10.5,12.25,0.));
#1515 = VECTOR('',#1516,1.);
#1516 = DIRECTION('',(1.,0.,0.));
#1517 = ORIENTED_EDGE('',*,*,#676,.T.);
#1518 = ORIENTED_EDGE('',*,*,#691,.T.);
#1519 = ORIENTED_EDGE('',*,*,#724,.T.);
#1520 = ORIENTED_EDGE('',*,*,#1521,.T.);
#1521 = EDGE_CURVE('',#716,#1522,#1524,.T.);
#1522 = VERTEX_POINT('',#1523);
#1523 = CARTESIAN_POINT('',(8.841868832677,12.220564817824,0.));
#1524 = CIRCLE('',#1525,2.);
#1525 = AXIS2_PLACEMENT_3D('',#1526,#1527,#1528);
#1526 = CARTESIAN_POINT('',(8.5,10.25,0.));
#1527 = DIRECTION('',(-0.,0.,1.));
#1528 = DIRECTION('',(0.,-1.,0.));
#1529 = ORIENTED_EDGE('',*,*,#1530,.F.);
#1530 = EDGE_CURVE('',#1511,#1522,#1531,.T.);
#1531 = CIRCLE('',#1532,2.);
#1532 = AXIS2_PLACEMENT_3D('',#1533,#1534,#1535);
#1533 = CARTESIAN_POINT('',(7.,13.,0.));
#1534 = DIRECTION('',(0.,0.,1.));
#1535 = DIRECTION('',(1.,0.,0.));
#1536 = PLANE('',#1537);
#1537 = AXIS2_PLACEMENT_3D('',#1538,#1539,#1540);
#1538 = CARTESIAN_POINT('',(-10.5,-12.25,0.));
#1539 = DIRECTION('',(0.,0.,1.));
#1540 = DIRECTION('',(1.,0.,0.));
#1541 = ADVANCED_FACE('',(#1542),#1569,.F.);
#1542 = FACE_BOUND('',#1543,.F.);
#1543 = EDGE_LOOP('',(#1544,#1545,#1553,#1561,#1568));
#1544 = ORIENTED_EDGE('',*,*,#707,.F.);
#1545 = ORIENTED_EDGE('',*,*,#1546,.T.);
#1546 = EDGE_CURVE('',#212,#1547,#1549,.T.);
#1547 = VERTEX_POINT('',#1548);
#1548 = CARTESIAN_POINT('',(11.2,9.5,0.));
#1549 = LINE('',#1550,#1551);
#1550 = CARTESIAN_POINT('',(2.8,9.5,0.));
#1551 = VECTOR('',#1552,1.);
#1552 = DIRECTION('',(1.,0.,0.));
#1553 = ORIENTED_EDGE('',*,*,#1554,.T.);
#1554 = EDGE_CURVE('',#1547,#1555,#1557,.T.);
#1555 = VERTEX_POINT('',#1556);
#1556 = CARTESIAN_POINT('',(11.2,13.,0.));
#1557 = LINE('',#1558,#1559);
#1558 = CARTESIAN_POINT('',(11.2,9.5,0.));
#1559 = VECTOR('',#1560,1.);
#1560 = DIRECTION('',(0.,1.,0.));
#1561 = ORIENTED_EDGE('',*,*,#1562,.F.);
#1562 = EDGE_CURVE('',#716,#1555,#1563,.T.);
#1563 = CIRCLE('',#1564,4.2);
#1564 = AXIS2_PLACEMENT_3D('',#1565,#1566,#1567);
#1565 = CARTESIAN_POINT('',(7.,13.,0.));
#1566 = DIRECTION('',(0.,0.,1.));
#1567 = DIRECTION('',(1.,0.,0.));
#1568 = ORIENTED_EDGE('',*,*,#715,.F.);
#1569 = PLANE('',#1570);
#1570 = AXIS2_PLACEMENT_3D('',#1571,#1572,#1573);
#1571 = CARTESIAN_POINT('',(2.8,9.5,0.));
#1572 = DIRECTION('',(0.,0.,1.));
#1573 = DIRECTION('',(1.,0.,0.));
#1574 = ADVANCED_FACE('',(#1575),#1593,.F.);
#1575 = FACE_BOUND('',#1576,.F.);
#1576 = EDGE_LOOP('',(#1577,#1578,#1579,#1587));
#1577 = ORIENTED_EDGE('',*,*,#1546,.F.);
#1578 = ORIENTED_EDGE('',*,*,#756,.T.);
#1579 = ORIENTED_EDGE('',*,*,#1580,.T.);
#1580 = EDGE_CURVE('',#742,#1581,#1583,.T.);
#1581 = VERTEX_POINT('',#1582);
#1582 = CARTESIAN_POINT('',(11.2,9.5,5.));
#1583 = LINE('',#1584,#1585);
#1584 = CARTESIAN_POINT('',(2.8,9.5,5.));
#1585 = VECTOR('',#1586,1.);
#1586 = DIRECTION('',(1.,0.,0.));
#1587 = ORIENTED_EDGE('',*,*,#1588,.F.);
#1588 = EDGE_CURVE('',#1547,#1581,#1589,.T.);
#1589 = LINE('',#1590,#1591);
#1590 = CARTESIAN_POINT('',(11.2,9.5,0.));
#1591 = VECTOR('',#1592,1.);
#1592 = DIRECTION('',(0.,0.,1.));
#1593 = PLANE('',#1594);
#1594 = AXIS2_PLACEMENT_3D('',#1595,#1596,#1597);
#1595 = CARTESIAN_POINT('',(2.8,9.5,0.));
#1596 = DIRECTION('',(0.,1.,0.));
#1597 = DIRECTION('',(0.,0.,1.));
#1598 = ADVANCED_FACE('',(#1599),#1624,.F.);
#1599 = FACE_BOUND('',#1600,.F.);
#1600 = EDGE_LOOP('',(#1601,#1602,#1610,#1618));
#1601 = ORIENTED_EDGE('',*,*,#797,.F.);
#1602 = ORIENTED_EDGE('',*,*,#1603,.T.);
#1603 = EDGE_CURVE('',#790,#1604,#1606,.T.);
#1604 = VERTEX_POINT('',#1605);
#1605 = CARTESIAN_POINT('',(2.8,13.5,0.));
#1606 = LINE('',#1607,#1608);
#1607 = CARTESIAN_POINT('',(2.8,9.5,0.));
#1608 = VECTOR('',#1609,1.);
#1609 = DIRECTION('',(0.,1.,0.));
#1610 = ORIENTED_EDGE('',*,*,#1611,.T.);
#1611 = EDGE_CURVE('',#1604,#1612,#1614,.T.);
#1612 = VERTEX_POINT('',#1613);
#1613 = CARTESIAN_POINT('',(2.8,13.5,5.));
#1614 = LINE('',#1615,#1616);
#1615 = CARTESIAN_POINT('',(2.8,13.5,0.));
#1616 = VECTOR('',#1617,1.);
#1617 = DIRECTION('',(0.,0.,1.));
#1618 = ORIENTED_EDGE('',*,*,#1619,.F.);
#1619 = EDGE_CURVE('',#798,#1612,#1620,.T.);
#1620 = LINE('',#1621,#1622);
#1621 = CARTESIAN_POINT('',(2.8,9.5,5.));
#1622 = VECTOR('',#1623,1.);
#1623 = DIRECTION('',(0.,1.,0.));
#1624 = PLANE('',#1625);
#1625 = AXIS2_PLACEMENT_3D('',#1626,#1627,#1628);
#1626 = CARTESIAN_POINT('',(2.8,9.5,0.));
#1627 = DIRECTION('',(1.,0.,0.));
#1628 = DIRECTION('',(0.,0.,1.));
#1629 = ADVANCED_FACE('',(#1630),#1658,.T.);
#1630 = FACE_BOUND('',#1631,.T.);
#1631 = EDGE_LOOP('',(#1632,#1633,#1642,#1650,#1657));
#1632 = ORIENTED_EDGE('',*,*,#836,.T.);
#1633 = ORIENTED_EDGE('',*,*,#1634,.F.);
#1634 = EDGE_CURVE('',#1635,#837,#1637,.T.);
#1635 = VERTEX_POINT('',#1636);
#1636 = CARTESIAN_POINT('',(5.063508326896,13.5,5.));
#1637 = CIRCLE('',#1638,2.);
#1638 = AXIS2_PLACEMENT_3D('',#1639,#1640,#1641);
#1639 = CARTESIAN_POINT('',(7.,13.,5.));
#1640 = DIRECTION('',(0.,0.,1.));
#1641 = DIRECTION('',(1.,0.,0.));
#1642 = ORIENTED_EDGE('',*,*,#1643,.F.);
#1643 = EDGE_CURVE('',#1644,#1635,#1646,.T.);
#1644 = VERTEX_POINT('',#1645);
#1645 = CARTESIAN_POINT('',(2.829868107601,13.5,5.));
#1646 = LINE('',#1647,#1648);
#1647 = CARTESIAN_POINT('',(2.8,13.5,5.));
#1648 = VECTOR('',#1649,1.);
#1649 = DIRECTION('',(1.,0.,0.));
#1650 = ORIENTED_EDGE('',*,*,#1651,.T.);
#1651 = EDGE_CURVE('',#1644,#798,#1652,.T.);
#1652 = CIRCLE('',#1653,4.2);
#1653 = AXIS2_PLACEMENT_3D('',#1654,#1655,#1656);
#1654 = CARTESIAN_POINT('',(7.,13.,5.));
#1655 = DIRECTION('',(0.,0.,1.));
#1656 = DIRECTION('',(1.,0.,0.));
#1657 = ORIENTED_EDGE('',*,*,#821,.T.);
#1658 = PLANE('',#1659);
#1659 = AXIS2_PLACEMENT_3D('',#1660,#1661,#1662);
#1660 = CARTESIAN_POINT('',(7.,13.,5.));
#1661 = DIRECTION('',(0.,0.,1.));
#1662 = DIRECTION('',(1.,0.,0.));
#1663 = ADVANCED_FACE('',(#1664),#1735,.F.);
#1664 = FACE_BOUND('',#1665,.F.);
#1665 = EDGE_LOOP('',(#1666,#1677,#1685,#1694,#1703,#1710,#1711,#1718,
    #1719,#1726,#1727,#1728));
#1666 = ORIENTED_EDGE('',*,*,#1667,.F.);
#1667 = EDGE_CURVE('',#1668,#1670,#1672,.T.);
#1668 = VERTEX_POINT('',#1669);
#1669 = CARTESIAN_POINT('',(9.,13.,5.));
#1670 = VERTEX_POINT('',#1671);
#1671 = CARTESIAN_POINT('',(8.936491673104,13.5,5.));
#1672 = CIRCLE('',#1673,2.);
#1673 = AXIS2_PLACEMENT_3D('',#1674,#1675,#1676);
#1674 = CARTESIAN_POINT('',(7.,13.,5.));
#1675 = DIRECTION('',(0.,0.,1.));
#1676 = DIRECTION('',(1.,0.,0.));
#1677 = ORIENTED_EDGE('',*,*,#1678,.F.);
#1678 = EDGE_CURVE('',#1679,#1668,#1681,.T.);
#1679 = VERTEX_POINT('',#1680);
#1680 = CARTESIAN_POINT('',(9.,13.,0.));
#1681 = LINE('',#1682,#1683);
#1682 = CARTESIAN_POINT('',(9.,13.,-2.));
#1683 = VECTOR('',#1684,1.);
#1684 = DIRECTION('',(0.,0.,1.));
#1685 = ORIENTED_EDGE('',*,*,#1686,.T.);
#1686 = EDGE_CURVE('',#1679,#1687,#1689,.T.);
#1687 = VERTEX_POINT('',#1688);
#1688 = CARTESIAN_POINT('',(8.936491673104,13.5,0.));
#1689 = CIRCLE('',#1690,2.);
#1690 = AXIS2_PLACEMENT_3D('',#1691,#1692,#1693);
#1691 = CARTESIAN_POINT('',(7.,13.,0.));
#1692 = DIRECTION('',(0.,0.,1.));
#1693 = DIRECTION('',(1.,0.,0.));
#1694 = ORIENTED_EDGE('',*,*,#1695,.T.);
#1695 = EDGE_CURVE('',#1687,#1696,#1698,.T.);
#1696 = VERTEX_POINT('',#1697);
#1697 = CARTESIAN_POINT('',(5.063508326896,13.5,0.));
#1698 = CIRCLE('',#1699,2.);
#1699 = AXIS2_PLACEMENT_3D('',#1700,#1701,#1702);
#1700 = CARTESIAN_POINT('',(7.,13.,0.));
#1701 = DIRECTION('',(0.,0.,1.));
#1702 = DIRECTION('',(1.,0.,0.));
#1703 = ORIENTED_EDGE('',*,*,#1704,.T.);
#1704 = EDGE_CURVE('',#1696,#1511,#1705,.T.);
#1705 = CIRCLE('',#1706,2.);
#1706 = AXIS2_PLACEMENT_3D('',#1707,#1708,#1709);
#1707 = CARTESIAN_POINT('',(7.,13.,0.));
#1708 = DIRECTION('',(0.,0.,1.));
#1709 = DIRECTION('',(1.,0.,0.));
#1710 = ORIENTED_EDGE('',*,*,#1530,.T.);
#1711 = ORIENTED_EDGE('',*,*,#1712,.T.);
#1712 = EDGE_CURVE('',#1522,#1679,#1713,.T.);
#1713 = CIRCLE('',#1714,2.);
#1714 = AXIS2_PLACEMENT_3D('',#1715,#1716,#1717);
#1715 = CARTESIAN_POINT('',(7.,13.,0.));
#1716 = DIRECTION('',(0.,0.,1.));
#1717 = DIRECTION('',(1.,0.,0.));
#1718 = ORIENTED_EDGE('',*,*,#1678,.T.);
#1719 = ORIENTED_EDGE('',*,*,#1720,.F.);
#1720 = EDGE_CURVE('',#872,#1668,#1721,.T.);
#1721 = CIRCLE('',#1722,2.);
#1722 = AXIS2_PLACEMENT_3D('',#1723,#1724,#1725);
#1723 = CARTESIAN_POINT('',(7.,13.,5.));
#1724 = DIRECTION('',(0.,0.,1.));
#1725 = DIRECTION('',(1.,0.,0.));
#1726 = ORIENTED_EDGE('',*,*,#880,.F.);
#1727 = ORIENTED_EDGE('',*,*,#1634,.F.);
#1728 = ORIENTED_EDGE('',*,*,#1729,.F.);
#1729 = EDGE_CURVE('',#1670,#1635,#1730,.T.);
#1730 = CIRCLE('',#1731,2.);
#1731 = AXIS2_PLACEMENT_3D('',#1732,#1733,#1734);
#1732 = CARTESIAN_POINT('',(7.,13.,5.));
#1733 = DIRECTION('',(0.,0.,1.));
#1734 = DIRECTION('',(1.,0.,0.));
#1735 = CYLINDRICAL_SURFACE('',#1736,2.);
#1736 = AXIS2_PLACEMENT_3D('',#1737,#1738,#1739);
#1737 = CARTESIAN_POINT('',(7.,13.,-2.));
#1738 = DIRECTION('',(0.,0.,1.));
#1739 = DIRECTION('',(1.,0.,0.));
#1740 = ADVANCED_FACE('',(#1741),#1770,.T.);
#1741 = FACE_BOUND('',#1742,.T.);
#1742 = EDGE_LOOP('',(#1743,#1744,#1753,#1762,#1768,#1769));
#1743 = ORIENTED_EDGE('',*,*,#871,.F.);
#1744 = ORIENTED_EDGE('',*,*,#1745,.T.);
#1745 = EDGE_CURVE('',#863,#1746,#1748,.T.);
#1746 = VERTEX_POINT('',#1747);
#1747 = CARTESIAN_POINT('',(11.2,13.,5.));
#1748 = CIRCLE('',#1749,4.2);
#1749 = AXIS2_PLACEMENT_3D('',#1750,#1751,#1752);
#1750 = CARTESIAN_POINT('',(7.,13.,5.));
#1751 = DIRECTION('',(0.,0.,1.));
#1752 = DIRECTION('',(1.,0.,0.));
#1753 = ORIENTED_EDGE('',*,*,#1754,.T.);
#1754 = EDGE_CURVE('',#1746,#1755,#1757,.T.);
#1755 = VERTEX_POINT('',#1756);
#1756 = CARTESIAN_POINT('',(11.170131892399,13.5,5.));
#1757 = CIRCLE('',#1758,4.2);
#1758 = AXIS2_PLACEMENT_3D('',#1759,#1760,#1761);
#1759 = CARTESIAN_POINT('',(7.,13.,5.));
#1760 = DIRECTION('',(0.,0.,1.));
#1761 = DIRECTION('',(1.,0.,0.));
#1762 = ORIENTED_EDGE('',*,*,#1763,.F.);
#1763 = EDGE_CURVE('',#1670,#1755,#1764,.T.);
#1764 = LINE('',#1765,#1766);
#1765 = CARTESIAN_POINT('',(2.8,13.5,5.));
#1766 = VECTOR('',#1767,1.);
#1767 = DIRECTION('',(1.,0.,0.));
#1768 = ORIENTED_EDGE('',*,*,#1667,.F.);
#1769 = ORIENTED_EDGE('',*,*,#1720,.F.);
#1770 = PLANE('',#1771);
#1771 = AXIS2_PLACEMENT_3D('',#1772,#1773,#1774);
#1772 = CARTESIAN_POINT('',(7.,13.,5.));
#1773 = DIRECTION('',(0.,0.,1.));
#1774 = DIRECTION('',(1.,0.,0.));
#1775 = ADVANCED_FACE('',(#1776),#1795,.T.);
#1776 = FACE_BOUND('',#1777,.T.);
#1777 = EDGE_LOOP('',(#1778,#1779,#1787,#1794));
#1778 = ORIENTED_EDGE('',*,*,#1388,.T.);
#1779 = ORIENTED_EDGE('',*,*,#1780,.T.);
#1780 = EDGE_CURVE('',#742,#1781,#1783,.T.);
#1781 = VERTEX_POINT('',#1782);
#1782 = CARTESIAN_POINT('',(10.5,10.25,5.));
#1783 = LINE('',#1784,#1785);
#1784 = CARTESIAN_POINT('',(10.5,-12.25,5.));
#1785 = VECTOR('',#1786,1.);
#1786 = DIRECTION('',(0.,1.,0.));
#1787 = ORIENTED_EDGE('',*,*,#1788,.T.);
#1788 = EDGE_CURVE('',#1781,#863,#1789,.T.);
#1789 = CIRCLE('',#1790,2.);
#1790 = AXIS2_PLACEMENT_3D('',#1791,#1792,#1793);
#1791 = CARTESIAN_POINT('',(8.5,10.25,5.));
#1792 = DIRECTION('',(-0.,0.,1.));
#1793 = DIRECTION('',(0.,-1.,0.));
#1794 = ORIENTED_EDGE('',*,*,#862,.F.);
#1795 = PLANE('',#1796);
#1796 = AXIS2_PLACEMENT_3D('',#1797,#1798,#1799);
#1797 = CARTESIAN_POINT('',(-10.5,-12.25,5.));
#1798 = DIRECTION('',(0.,0.,1.));
#1799 = DIRECTION('',(1.,0.,0.));
#1800 = ADVANCED_FACE('',(#1801),#1806,.T.);
#1801 = FACE_BOUND('',#1802,.T.);
#1802 = EDGE_LOOP('',(#1803,#1804,#1805));
#1803 = ORIENTED_EDGE('',*,*,#854,.F.);
#1804 = ORIENTED_EDGE('',*,*,#936,.F.);
#1805 = ORIENTED_EDGE('',*,*,#1394,.T.);
#1806 = PLANE('',#1807);
#1807 = AXIS2_PLACEMENT_3D('',#1808,#1809,#1810);
#1808 = CARTESIAN_POINT('',(-10.5,-12.25,5.));
#1809 = DIRECTION('',(0.,0.,1.));
#1810 = DIRECTION('',(1.,0.,0.));
#1811 = ADVANCED_FACE('',(#1812),#1818,.T.);
#1812 = FACE_BOUND('',#1813,.T.);
#1813 = EDGE_LOOP('',(#1814,#1815,#1816,#1817));
#1814 = ORIENTED_EDGE('',*,*,#1098,.F.);
#1815 = ORIENTED_EDGE('',*,*,#1454,.T.);
#1816 = ORIENTED_EDGE('',*,*,#1479,.T.);
#1817 = ORIENTED_EDGE('',*,*,#904,.F.);
#1818 = PLANE('',#1819);
#1819 = AXIS2_PLACEMENT_3D('',#1820,#1821,#1822);
#1820 = CARTESIAN_POINT('',(6.9,-8.65,1.2));
#1821 = DIRECTION('',(0.,1.,0.));
#1822 = DIRECTION('',(0.,0.,1.));
#1823 = ADVANCED_FACE('',(#1824),#1830,.F.);
#1824 = FACE_BOUND('',#1825,.F.);
#1825 = EDGE_LOOP('',(#1826,#1827,#1828,#1829));
#1826 = ORIENTED_EDGE('',*,*,#1105,.F.);
#1827 = ORIENTED_EDGE('',*,*,#1135,.T.);
#1828 = ORIENTED_EDGE('',*,*,#1160,.T.);
#1829 = ORIENTED_EDGE('',*,*,#920,.F.);
#1830 = PLANE('',#1831);
#1831 = AXIS2_PLACEMENT_3D('',#1832,#1833,#1834);
#1832 = CARTESIAN_POINT('',(6.9,8.65,1.2));
#1833 = DIRECTION('',(0.,1.,0.));
#1834 = DIRECTION('',(0.,0.,1.));
#1835 = ADVANCED_FACE('',(#1836),#1861,.F.);
#1836 = FACE_BOUND('',#1837,.F.);
#1837 = EDGE_LOOP('',(#1838,#1839,#1847,#1855));
#1838 = ORIENTED_EDGE('',*,*,#952,.T.);
#1839 = ORIENTED_EDGE('',*,*,#1840,.T.);
#1840 = EDGE_CURVE('',#955,#1841,#1843,.T.);
#1841 = VERTEX_POINT('',#1842);
#1842 = CARTESIAN_POINT('',(9.32,10.55,4.35));
#1843 = LINE('',#1844,#1845);
#1844 = CARTESIAN_POINT('',(9.1,10.55,3.9));
#1845 = VECTOR('',#1846,1.);
#1846 = DIRECTION('',(0.439210132005,0.,0.898384360919));
#1847 = ORIENTED_EDGE('',*,*,#1848,.F.);
#1848 = EDGE_CURVE('',#1849,#1841,#1851,.T.);
#1849 = VERTEX_POINT('',#1850);
#1850 = CARTESIAN_POINT('',(9.32,8.75,4.35));
#1851 = LINE('',#1852,#1853);
#1852 = CARTESIAN_POINT('',(9.32,8.75,4.35));
#1853 = VECTOR('',#1854,1.);
#1854 = DIRECTION('',(0.,1.,0.));
#1855 = ORIENTED_EDGE('',*,*,#1856,.F.);
#1856 = EDGE_CURVE('',#953,#1849,#1857,.T.);
#1857 = LINE('',#1858,#1859);
#1858 = CARTESIAN_POINT('',(9.1,8.75,3.9));
#1859 = VECTOR('',#1860,1.);
#1860 = DIRECTION('',(0.439210132005,0.,0.898384360919));
#1861 = PLANE('',#1862);
#1862 = AXIS2_PLACEMENT_3D('',#1863,#1864,#1865);
#1863 = CARTESIAN_POINT('',(9.1,8.75,3.9));
#1864 = DIRECTION('',(0.898384360919,0.,-0.439210132005));
#1865 = DIRECTION('',(0.439210132005,0.,0.898384360919));
#1866 = ADVANCED_FACE('',(#1867),#1877,.T.);
#1867 = FACE_BOUND('',#1868,.T.);
#1868 = EDGE_LOOP('',(#1869,#1870,#1876));
#1869 = ORIENTED_EDGE('',*,*,#1840,.T.);
#1870 = ORIENTED_EDGE('',*,*,#1871,.T.);
#1871 = EDGE_CURVE('',#1841,#971,#1872,.T.);
#1872 = LINE('',#1873,#1874);
#1873 = CARTESIAN_POINT('',(9.32,10.55,4.35));
#1874 = VECTOR('',#1875,1.);
#1875 = DIRECTION('',(-0.439210132005,0.,0.898384360919));
#1876 = ORIENTED_EDGE('',*,*,#978,.T.);
#1877 = PLANE('',#1878);
#1878 = AXIS2_PLACEMENT_3D('',#1879,#1880,#1881);
#1879 = CARTESIAN_POINT('',(9.157944008739,10.55,4.35));
#1880 = DIRECTION('',(-0.,-1.,-0.));
#1881 = DIRECTION('',(0.,0.,-1.));
#1882 = ADVANCED_FACE('',(#1883),#1894,.F.);
#1883 = FACE_BOUND('',#1884,.F.);
#1884 = EDGE_LOOP('',(#1885,#1886,#1887,#1888));
#1885 = ORIENTED_EDGE('',*,*,#1848,.T.);
#1886 = ORIENTED_EDGE('',*,*,#1871,.T.);
#1887 = ORIENTED_EDGE('',*,*,#970,.F.);
#1888 = ORIENTED_EDGE('',*,*,#1889,.F.);
#1889 = EDGE_CURVE('',#1849,#963,#1890,.T.);
#1890 = LINE('',#1891,#1892);
#1891 = CARTESIAN_POINT('',(9.32,8.75,4.35));
#1892 = VECTOR('',#1893,1.);
#1893 = DIRECTION('',(-0.439210132005,0.,0.898384360919));
#1894 = PLANE('',#1895);
#1895 = AXIS2_PLACEMENT_3D('',#1896,#1897,#1898);
#1896 = CARTESIAN_POINT('',(9.32,8.75,4.35));
#1897 = DIRECTION('',(0.898384360919,0.,0.439210132005));
#1898 = DIRECTION('',(-0.439210132005,0.,0.898384360919));
#1899 = ADVANCED_FACE('',(#1900),#1905,.F.);
#1900 = FACE_BOUND('',#1901,.F.);
#1901 = EDGE_LOOP('',(#1902,#1903,#1904));
#1902 = ORIENTED_EDGE('',*,*,#1856,.T.);
#1903 = ORIENTED_EDGE('',*,*,#1889,.T.);
#1904 = ORIENTED_EDGE('',*,*,#962,.T.);
#1905 = PLANE('',#1906);
#1906 = AXIS2_PLACEMENT_3D('',#1907,#1908,#1909);
#1907 = CARTESIAN_POINT('',(9.157944008739,8.75,4.35));
#1908 = DIRECTION('',(-0.,-1.,-0.));
#1909 = DIRECTION('',(0.,0.,-1.));
#1910 = ADVANCED_FACE('',(#1911),#1936,.F.);
#1911 = FACE_BOUND('',#1912,.F.);
#1912 = EDGE_LOOP('',(#1913,#1914,#1922,#1930));
#1913 = ORIENTED_EDGE('',*,*,#986,.T.);
#1914 = ORIENTED_EDGE('',*,*,#1915,.T.);
#1915 = EDGE_CURVE('',#989,#1916,#1918,.T.);
#1916 = VERTEX_POINT('',#1917);
#1917 = CARTESIAN_POINT('',(9.32,-8.75,4.35));
#1918 = LINE('',#1919,#1920);
#1919 = CARTESIAN_POINT('',(9.1,-8.75,3.9));
#1920 = VECTOR('',#1921,1.);
#1921 = DIRECTION('',(0.439210132005,0.,0.898384360919));
#1922 = ORIENTED_EDGE('',*,*,#1923,.F.);
#1923 = EDGE_CURVE('',#1924,#1916,#1926,.T.);
#1924 = VERTEX_POINT('',#1925);
#1925 = CARTESIAN_POINT('',(9.32,-10.55,4.35));
#1926 = LINE('',#1927,#1928);
#1927 = CARTESIAN_POINT('',(9.32,-10.55,4.35));
#1928 = VECTOR('',#1929,1.);
#1929 = DIRECTION('',(0.,1.,0.));
#1930 = ORIENTED_EDGE('',*,*,#1931,.F.);
#1931 = EDGE_CURVE('',#987,#1924,#1932,.T.);
#1932 = LINE('',#1933,#1934);
#1933 = CARTESIAN_POINT('',(9.1,-10.55,3.9));
#1934 = VECTOR('',#1935,1.);
#1935 = DIRECTION('',(0.439210132005,0.,0.898384360919));
#1936 = PLANE('',#1937);
#1937 = AXIS2_PLACEMENT_3D('',#1938,#1939,#1940);
#1938 = CARTESIAN_POINT('',(9.1,-10.55,3.9));
#1939 = DIRECTION('',(0.898384360919,0.,-0.439210132005));
#1940 = DIRECTION('',(0.439210132005,0.,0.898384360919));
#1941 = ADVANCED_FACE('',(#1942),#1952,.F.);
#1942 = FACE_BOUND('',#1943,.F.);
#1943 = EDGE_LOOP('',(#1944,#1945,#1951));
#1944 = ORIENTED_EDGE('',*,*,#1931,.T.);
#1945 = ORIENTED_EDGE('',*,*,#1946,.T.);
#1946 = EDGE_CURVE('',#1924,#997,#1947,.T.);
#1947 = LINE('',#1948,#1949);
#1948 = CARTESIAN_POINT('',(9.32,-10.55,4.35));
#1949 = VECTOR('',#1950,1.);
#1950 = DIRECTION('',(-0.439210132005,0.,0.898384360919));
#1951 = ORIENTED_EDGE('',*,*,#996,.T.);
#1952 = PLANE('',#1953);
#1953 = AXIS2_PLACEMENT_3D('',#1954,#1955,#1956);
#1954 = CARTESIAN_POINT('',(9.157944008739,-10.55,4.35));
#1955 = DIRECTION('',(-0.,-1.,-0.));
#1956 = DIRECTION('',(0.,0.,-1.));
#1957 = ADVANCED_FACE('',(#1958),#1968,.T.);
#1958 = FACE_BOUND('',#1959,.T.);
#1959 = EDGE_LOOP('',(#1960,#1961,#1967));
#1960 = ORIENTED_EDGE('',*,*,#1915,.T.);
#1961 = ORIENTED_EDGE('',*,*,#1962,.T.);
#1962 = EDGE_CURVE('',#1916,#1005,#1963,.T.);
#1963 = LINE('',#1964,#1965);
#1964 = CARTESIAN_POINT('',(9.32,-8.75,4.35));
#1965 = VECTOR('',#1966,1.);
#1966 = DIRECTION('',(-0.439210132005,0.,0.898384360919));
#1967 = ORIENTED_EDGE('',*,*,#1012,.T.);
#1968 = PLANE('',#1969);
#1969 = AXIS2_PLACEMENT_3D('',#1970,#1971,#1972);
#1970 = CARTESIAN_POINT('',(9.157944008739,-8.75,4.35));
#1971 = DIRECTION('',(-0.,-1.,-0.));
#1972 = DIRECTION('',(0.,0.,-1.));
#1973 = ADVANCED_FACE('',(#1974),#1980,.F.);
#1974 = FACE_BOUND('',#1975,.F.);
#1975 = EDGE_LOOP('',(#1976,#1977,#1978,#1979));
#1976 = ORIENTED_EDGE('',*,*,#1923,.T.);
#1977 = ORIENTED_EDGE('',*,*,#1962,.T.);
#1978 = ORIENTED_EDGE('',*,*,#1004,.F.);
#1979 = ORIENTED_EDGE('',*,*,#1946,.F.);
#1980 = PLANE('',#1981);
#1981 = AXIS2_PLACEMENT_3D('',#1982,#1983,#1984);
#1982 = CARTESIAN_POINT('',(9.32,-10.55,4.35));
#1983 = DIRECTION('',(0.898384360919,0.,0.439210132005));
#1984 = DIRECTION('',(-0.439210132005,0.,0.898384360919));
#1985 = ADVANCED_FACE('',(#1986),#2006,.F.);
#1986 = FACE_BOUND('',#1987,.F.);
#1987 = EDGE_LOOP('',(#1988,#1989,#1990,#1998,#2005));
#1988 = ORIENTED_EDGE('',*,*,#1510,.T.);
#1989 = ORIENTED_EDGE('',*,*,#1704,.F.);
#1990 = ORIENTED_EDGE('',*,*,#1991,.F.);
#1991 = EDGE_CURVE('',#1992,#1696,#1994,.T.);
#1992 = VERTEX_POINT('',#1993);
#1993 = CARTESIAN_POINT('',(2.829868107601,13.5,0.));
#1994 = LINE('',#1995,#1996);
#1995 = CARTESIAN_POINT('',(2.8,13.5,0.));
#1996 = VECTOR('',#1997,1.);
#1997 = DIRECTION('',(1.,0.,0.));
#1998 = ORIENTED_EDGE('',*,*,#1999,.T.);
#1999 = EDGE_CURVE('',#1992,#790,#2000,.T.);
#2000 = CIRCLE('',#2001,4.2);
#2001 = AXIS2_PLACEMENT_3D('',#2002,#2003,#2004);
#2002 = CARTESIAN_POINT('',(7.,13.,0.));
#2003 = DIRECTION('',(0.,0.,1.));
#2004 = DIRECTION('',(1.,0.,0.));
#2005 = ORIENTED_EDGE('',*,*,#1495,.T.);
#2006 = PLANE('',#2007);
#2007 = AXIS2_PLACEMENT_3D('',#2008,#2009,#2010);
#2008 = CARTESIAN_POINT('',(7.,13.,0.));
#2009 = DIRECTION('',(0.,0.,1.));
#2010 = DIRECTION('',(1.,0.,0.));
#2011 = ADVANCED_FACE('',(#2012),#2033,.F.);
#2012 = FACE_BOUND('',#2013,.F.);
#2013 = EDGE_LOOP('',(#2014,#2015,#2016,#2025,#2031,#2032));
#2014 = ORIENTED_EDGE('',*,*,#1521,.F.);
#2015 = ORIENTED_EDGE('',*,*,#1562,.T.);
#2016 = ORIENTED_EDGE('',*,*,#2017,.T.);
#2017 = EDGE_CURVE('',#1555,#2018,#2020,.T.);
#2018 = VERTEX_POINT('',#2019);
#2019 = CARTESIAN_POINT('',(11.170131892399,13.5,0.));
#2020 = CIRCLE('',#2021,4.2);
#2021 = AXIS2_PLACEMENT_3D('',#2022,#2023,#2024);
#2022 = CARTESIAN_POINT('',(7.,13.,0.));
#2023 = DIRECTION('',(0.,0.,1.));
#2024 = DIRECTION('',(1.,0.,0.));
#2025 = ORIENTED_EDGE('',*,*,#2026,.F.);
#2026 = EDGE_CURVE('',#1687,#2018,#2027,.T.);
#2027 = LINE('',#2028,#2029);
#2028 = CARTESIAN_POINT('',(2.8,13.5,0.));
#2029 = VECTOR('',#2030,1.);
#2030 = DIRECTION('',(1.,0.,0.));
#2031 = ORIENTED_EDGE('',*,*,#1686,.F.);
#2032 = ORIENTED_EDGE('',*,*,#1712,.F.);
#2033 = PLANE('',#2034);
#2034 = AXIS2_PLACEMENT_3D('',#2035,#2036,#2037);
#2035 = CARTESIAN_POINT('',(7.,13.,0.));
#2036 = DIRECTION('',(0.,0.,1.));
#2037 = DIRECTION('',(1.,0.,0.));
#2038 = ADVANCED_FACE('',(#2039),#2055,.T.);
#2039 = FACE_BOUND('',#2040,.T.);
#2040 = EDGE_LOOP('',(#2041,#2047,#2048,#2049));
#2041 = ORIENTED_EDGE('',*,*,#2042,.F.);
#2042 = EDGE_CURVE('',#1581,#1746,#2043,.T.);
#2043 = LINE('',#2044,#2045);
#2044 = CARTESIAN_POINT('',(11.2,9.5,5.));
#2045 = VECTOR('',#2046,1.);
#2046 = DIRECTION('',(0.,1.,0.));
#2047 = ORIENTED_EDGE('',*,*,#1588,.F.);
#2048 = ORIENTED_EDGE('',*,*,#1554,.T.);
#2049 = ORIENTED_EDGE('',*,*,#2050,.T.);
#2050 = EDGE_CURVE('',#1555,#1746,#2051,.T.);
#2051 = LINE('',#2052,#2053);
#2052 = CARTESIAN_POINT('',(11.2,13.,0.));
#2053 = VECTOR('',#2054,1.);
#2054 = DIRECTION('',(0.,0.,1.));
#2055 = PLANE('',#2056);
#2056 = AXIS2_PLACEMENT_3D('',#2057,#2058,#2059);
#2057 = CARTESIAN_POINT('',(11.2,9.5,0.));
#2058 = DIRECTION('',(1.,0.,0.));
#2059 = DIRECTION('',(0.,0.,1.));
#2060 = ADVANCED_FACE('',(#2061),#2068,.T.);
#2061 = FACE_BOUND('',#2062,.T.);
#2062 = EDGE_LOOP('',(#2063,#2064,#2065,#2066,#2067));
#2063 = ORIENTED_EDGE('',*,*,#1780,.F.);
#2064 = ORIENTED_EDGE('',*,*,#1580,.T.);
#2065 = ORIENTED_EDGE('',*,*,#2042,.T.);
#2066 = ORIENTED_EDGE('',*,*,#1745,.F.);
#2067 = ORIENTED_EDGE('',*,*,#1788,.F.);
#2068 = PLANE('',#2069);
#2069 = AXIS2_PLACEMENT_3D('',#2070,#2071,#2072);
#2070 = CARTESIAN_POINT('',(2.8,9.5,5.));
#2071 = DIRECTION('',(0.,0.,1.));
#2072 = DIRECTION('',(1.,0.,0.));
#2073 = ADVANCED_FACE('',(#2074),#2084,.T.);
#2074 = FACE_BOUND('',#2075,.T.);
#2075 = EDGE_LOOP('',(#2076,#2077,#2078));
#2076 = ORIENTED_EDGE('',*,*,#1619,.F.);
#2077 = ORIENTED_EDGE('',*,*,#1651,.F.);
#2078 = ORIENTED_EDGE('',*,*,#2079,.F.);
#2079 = EDGE_CURVE('',#1612,#1644,#2080,.T.);
#2080 = LINE('',#2081,#2082);
#2081 = CARTESIAN_POINT('',(2.8,13.5,5.));
#2082 = VECTOR('',#2083,1.);
#2083 = DIRECTION('',(1.,0.,0.));
#2084 = PLANE('',#2085);
#2085 = AXIS2_PLACEMENT_3D('',#2086,#2087,#2088);
#2086 = CARTESIAN_POINT('',(2.8,9.5,5.));
#2087 = DIRECTION('',(0.,0.,1.));
#2088 = DIRECTION('',(1.,0.,0.));
#2089 = ADVANCED_FACE('',(#2090),#2106,.T.);
#2090 = FACE_BOUND('',#2091,.T.);
#2091 = EDGE_LOOP('',(#2092,#2098,#2099,#2100));
#2092 = ORIENTED_EDGE('',*,*,#2093,.F.);
#2093 = EDGE_CURVE('',#1604,#1992,#2094,.T.);
#2094 = LINE('',#2095,#2096);
#2095 = CARTESIAN_POINT('',(2.8,13.5,0.));
#2096 = VECTOR('',#2097,1.);
#2097 = DIRECTION('',(1.,0.,0.));
#2098 = ORIENTED_EDGE('',*,*,#1611,.T.);
#2099 = ORIENTED_EDGE('',*,*,#2079,.T.);
#2100 = ORIENTED_EDGE('',*,*,#2101,.F.);
#2101 = EDGE_CURVE('',#1992,#1644,#2102,.T.);
#2102 = LINE('',#2103,#2104);
#2103 = CARTESIAN_POINT('',(2.829868107601,13.5,0.));
#2104 = VECTOR('',#2105,1.);
#2105 = DIRECTION('',(0.,0.,1.));
#2106 = PLANE('',#2107);
#2107 = AXIS2_PLACEMENT_3D('',#2108,#2109,#2110);
#2108 = CARTESIAN_POINT('',(2.8,13.5,0.));
#2109 = DIRECTION('',(0.,1.,0.));
#2110 = DIRECTION('',(0.,0.,1.));
#2111 = ADVANCED_FACE('',(#2112),#2117,.F.);
#2112 = FACE_BOUND('',#2113,.F.);
#2113 = EDGE_LOOP('',(#2114,#2115,#2116));
#2114 = ORIENTED_EDGE('',*,*,#1603,.F.);
#2115 = ORIENTED_EDGE('',*,*,#1999,.F.);
#2116 = ORIENTED_EDGE('',*,*,#2093,.F.);
#2117 = PLANE('',#2118);
#2118 = AXIS2_PLACEMENT_3D('',#2119,#2120,#2121);
#2119 = CARTESIAN_POINT('',(2.8,9.5,0.));
#2120 = DIRECTION('',(0.,0.,1.));
#2121 = DIRECTION('',(1.,0.,0.));
#2122 = ADVANCED_FACE('',(#2123),#2135,.T.);
#2123 = FACE_BOUND('',#2124,.T.);
#2124 = EDGE_LOOP('',(#2125,#2132,#2133,#2134));
#2125 = ORIENTED_EDGE('',*,*,#2126,.T.);
#2126 = EDGE_CURVE('',#1755,#1644,#2127,.T.);
#2127 = CIRCLE('',#2128,4.2);
#2128 = AXIS2_PLACEMENT_3D('',#2129,#2130,#2131);
#2129 = CARTESIAN_POINT('',(7.,13.,5.));
#2130 = DIRECTION('',(0.,0.,1.));
#2131 = DIRECTION('',(1.,0.,0.));
#2132 = ORIENTED_EDGE('',*,*,#1643,.T.);
#2133 = ORIENTED_EDGE('',*,*,#1729,.F.);
#2134 = ORIENTED_EDGE('',*,*,#1763,.T.);
#2135 = PLANE('',#2136);
#2136 = AXIS2_PLACEMENT_3D('',#2137,#2138,#2139);
#2137 = CARTESIAN_POINT('',(7.,13.,5.));
#2138 = DIRECTION('',(0.,0.,1.));
#2139 = DIRECTION('',(1.,0.,0.));
#2140 = ADVANCED_FACE('',(#2141),#2153,.F.);
#2141 = FACE_BOUND('',#2142,.F.);
#2142 = EDGE_LOOP('',(#2143,#2150,#2151,#2152));
#2143 = ORIENTED_EDGE('',*,*,#2144,.T.);
#2144 = EDGE_CURVE('',#2018,#1992,#2145,.T.);
#2145 = CIRCLE('',#2146,4.2);
#2146 = AXIS2_PLACEMENT_3D('',#2147,#2148,#2149);
#2147 = CARTESIAN_POINT('',(7.,13.,0.));
#2148 = DIRECTION('',(0.,0.,1.));
#2149 = DIRECTION('',(1.,0.,0.));
#2150 = ORIENTED_EDGE('',*,*,#1991,.T.);
#2151 = ORIENTED_EDGE('',*,*,#1695,.F.);
#2152 = ORIENTED_EDGE('',*,*,#2026,.T.);
#2153 = PLANE('',#2154);
#2154 = AXIS2_PLACEMENT_3D('',#2155,#2156,#2157);
#2155 = CARTESIAN_POINT('',(7.,13.,0.));
#2156 = DIRECTION('',(0.,0.,1.));
#2157 = DIRECTION('',(1.,0.,0.));
#2158 = ADVANCED_FACE('',(#2159),#2176,.T.);
#2159 = FACE_BOUND('',#2160,.T.);
#2160 = EDGE_LOOP('',(#2161,#2169,#2170));
#2161 = ORIENTED_EDGE('',*,*,#2162,.F.);
#2162 = EDGE_CURVE('',#1755,#2163,#2165,.T.);
#2163 = VERTEX_POINT('',#2164);
#2164 = CARTESIAN_POINT('',(11.2,13.5,5.));
#2165 = LINE('',#2166,#2167);
#2166 = CARTESIAN_POINT('',(2.8,13.5,5.));
#2167 = VECTOR('',#2168,1.);
#2168 = DIRECTION('',(1.,0.,0.));
#2169 = ORIENTED_EDGE('',*,*,#1754,.F.);
#2170 = ORIENTED_EDGE('',*,*,#2171,.T.);
#2171 = EDGE_CURVE('',#1746,#2163,#2172,.T.);
#2172 = LINE('',#2173,#2174);
#2173 = CARTESIAN_POINT('',(11.2,9.5,5.));
#2174 = VECTOR('',#2175,1.);
#2175 = DIRECTION('',(0.,1.,0.));
#2176 = PLANE('',#2177);
#2177 = AXIS2_PLACEMENT_3D('',#2178,#2179,#2180);
#2178 = CARTESIAN_POINT('',(2.8,9.5,5.));
#2179 = DIRECTION('',(0.,0.,1.));
#2180 = DIRECTION('',(1.,0.,0.));
#2181 = ADVANCED_FACE('',(#2182),#2199,.F.);
#2182 = FACE_BOUND('',#2183,.F.);
#2183 = EDGE_LOOP('',(#2184,#2192,#2193));
#2184 = ORIENTED_EDGE('',*,*,#2185,.F.);
#2185 = EDGE_CURVE('',#2018,#2186,#2188,.T.);
#2186 = VERTEX_POINT('',#2187);
#2187 = CARTESIAN_POINT('',(11.2,13.5,0.));
#2188 = LINE('',#2189,#2190);
#2189 = CARTESIAN_POINT('',(2.8,13.5,0.));
#2190 = VECTOR('',#2191,1.);
#2191 = DIRECTION('',(1.,0.,0.));
#2192 = ORIENTED_EDGE('',*,*,#2017,.F.);
#2193 = ORIENTED_EDGE('',*,*,#2194,.T.);
#2194 = EDGE_CURVE('',#1555,#2186,#2195,.T.);
#2195 = LINE('',#2196,#2197);
#2196 = CARTESIAN_POINT('',(11.2,9.5,0.));
#2197 = VECTOR('',#2198,1.);
#2198 = DIRECTION('',(0.,1.,0.));
#2199 = PLANE('',#2200);
#2200 = AXIS2_PLACEMENT_3D('',#2201,#2202,#2203);
#2201 = CARTESIAN_POINT('',(2.8,9.5,0.));
#2202 = DIRECTION('',(0.,0.,1.));
#2203 = DIRECTION('',(1.,0.,0.));
#2204 = ADVANCED_FACE('',(#2205),#2216,.T.);
#2205 = FACE_BOUND('',#2206,.T.);
#2206 = EDGE_LOOP('',(#2207,#2208,#2209,#2210));
#2207 = ORIENTED_EDGE('',*,*,#2171,.F.);
#2208 = ORIENTED_EDGE('',*,*,#2050,.F.);
#2209 = ORIENTED_EDGE('',*,*,#2194,.T.);
#2210 = ORIENTED_EDGE('',*,*,#2211,.T.);
#2211 = EDGE_CURVE('',#2186,#2163,#2212,.T.);
#2212 = LINE('',#2213,#2214);
#2213 = CARTESIAN_POINT('',(11.2,13.5,0.));
#2214 = VECTOR('',#2215,1.);
#2215 = DIRECTION('',(0.,0.,1.));
#2216 = PLANE('',#2217);
#2217 = AXIS2_PLACEMENT_3D('',#2218,#2219,#2220);
#2218 = CARTESIAN_POINT('',(11.2,9.5,0.));
#2219 = DIRECTION('',(1.,0.,0.));
#2220 = DIRECTION('',(0.,0.,1.));
#2221 = ADVANCED_FACE('',(#2222),#2233,.T.);
#2222 = FACE_BOUND('',#2223,.T.);
#2223 = EDGE_LOOP('',(#2224,#2225,#2231,#2232));
#2224 = ORIENTED_EDGE('',*,*,#2126,.F.);
#2225 = ORIENTED_EDGE('',*,*,#2226,.F.);
#2226 = EDGE_CURVE('',#2018,#1755,#2227,.T.);
#2227 = LINE('',#2228,#2229);
#2228 = CARTESIAN_POINT('',(11.170131892399,13.5,0.));
#2229 = VECTOR('',#2230,1.);
#2230 = DIRECTION('',(0.,0.,1.));
#2231 = ORIENTED_EDGE('',*,*,#2144,.T.);
#2232 = ORIENTED_EDGE('',*,*,#2101,.T.);
#2233 = CYLINDRICAL_SURFACE('',#2234,4.2);
#2234 = AXIS2_PLACEMENT_3D('',#2235,#2236,#2237);
#2235 = CARTESIAN_POINT('',(7.,13.,0.));
#2236 = DIRECTION('',(0.,0.,1.));
#2237 = DIRECTION('',(1.,0.,0.));
#2238 = ADVANCED_FACE('',(#2239),#2245,.T.);
#2239 = FACE_BOUND('',#2240,.T.);
#2240 = EDGE_LOOP('',(#2241,#2242,#2243,#2244));
#2241 = ORIENTED_EDGE('',*,*,#2185,.F.);
#2242 = ORIENTED_EDGE('',*,*,#2226,.T.);
#2243 = ORIENTED_EDGE('',*,*,#2162,.T.);
#2244 = ORIENTED_EDGE('',*,*,#2211,.F.);
#2245 = PLANE('',#2246);
#2246 = AXIS2_PLACEMENT_3D('',#2247,#2248,#2249);
#2247 = CARTESIAN_POINT('',(2.8,13.5,0.));
#2248 = DIRECTION('',(0.,1.,0.));
#2249 = DIRECTION('',(0.,0.,1.));
#2250 = MANIFOLD_SOLID_BREP('',#2251);
#2251 = CLOSED_SHELL('',(#2252,#2292,#2373,#2398,#2423,#2671,#2720,#2744
    ,#2800,#2824,#2864,#2889,#2906,#2931,#2956,#2980,#2995,#3028,#3053,
    #3119,#3143,#3167,#3226,#3251,#3275,#3299,#3317,#3342,#3374,#3398,
    #3422,#3447,#3506,#3530,#3554,#3606,#3631,#3672,#3689,#3701,#3732,
    #3961,#4011,#4035,#4059,#4094,#4111,#4142,#4168,#4192,#4240,#4257,
    #4281,#4329,#4346,#4370,#4418,#4435,#4459,#4507,#4524,#4549,#4560,
    #4582,#4628,#4645,#4657,#4708,#4725,#4742,#4754,#4776,#4793,#4839,
    #4851,#4902,#4919,#4936,#4948,#4999,#5068,#5094,#5125,#5152,#5178,
    #5200,#5213,#5244,#5260,#5277,#5288,#5319,#5335,#5352,#5363,#5394,
    #5410,#5427,#5438,#5469,#5485,#5502,#5513,#5536,#5554,#5572,#5588,
    #5604,#5621,#5644,#5661,#5678));
#2252 = ADVANCED_FACE('',(#2253),#2287,.F.);
#2253 = FACE_BOUND('',#2254,.F.);
#2254 = EDGE_LOOP('',(#2255,#2265,#2273,#2281));
#2255 = ORIENTED_EDGE('',*,*,#2256,.F.);
#2256 = EDGE_CURVE('',#2257,#2259,#2261,.T.);
#2257 = VERTEX_POINT('',#2258);
#2258 = CARTESIAN_POINT('',(-10.5,10.25,5.));
#2259 = VERTEX_POINT('',#2260);
#2260 = CARTESIAN_POINT('',(-10.5,-10.25,5.));
#2261 = LINE('',#2262,#2263);
#2262 = CARTESIAN_POINT('',(-10.5,12.25,5.));
#2263 = VECTOR('',#2264,1.);
#2264 = DIRECTION('',(0.,-1.,0.));
#2265 = ORIENTED_EDGE('',*,*,#2266,.F.);
#2266 = EDGE_CURVE('',#2267,#2257,#2269,.T.);
#2267 = VERTEX_POINT('',#2268);
#2268 = CARTESIAN_POINT('',(-10.5,10.25,9.4));
#2269 = LINE('',#2270,#2271);
#2270 = CARTESIAN_POINT('',(-10.5,10.25,9.4));
#2271 = VECTOR('',#2272,1.);
#2272 = DIRECTION('',(0.,0.,-1.));
#2273 = ORIENTED_EDGE('',*,*,#2274,.T.);
#2274 = EDGE_CURVE('',#2267,#2275,#2277,.T.);
#2275 = VERTEX_POINT('',#2276);
#2276 = CARTESIAN_POINT('',(-10.5,-10.25,9.4));
#2277 = LINE('',#2278,#2279);
#2278 = CARTESIAN_POINT('',(-10.5,12.25,9.4));
#2279 = VECTOR('',#2280,1.);
#2280 = DIRECTION('',(0.,-1.,0.));
#2281 = ORIENTED_EDGE('',*,*,#2282,.T.);
#2282 = EDGE_CURVE('',#2275,#2259,#2283,.T.);
#2283 = LINE('',#2284,#2285);
#2284 = CARTESIAN_POINT('',(-10.5,-10.25,9.4));
#2285 = VECTOR('',#2286,1.);
#2286 = DIRECTION('',(0.,0.,-1.));
#2287 = PLANE('',#2288);
#2288 = AXIS2_PLACEMENT_3D('',#2289,#2290,#2291);
#2289 = CARTESIAN_POINT('',(-10.5,12.25,9.4));
#2290 = DIRECTION('',(1.,0.,0.));
#2291 = DIRECTION('',(0.,0.,-1.));
#2292 = ADVANCED_FACE('',(#2293),#2368,.T.);
#2293 = FACE_BOUND('',#2294,.T.);
#2294 = EDGE_LOOP('',(#2295,#2296,#2305,#2313,#2321,#2329,#2337,#2345,
    #2353,#2361));
#2295 = ORIENTED_EDGE('',*,*,#2256,.F.);
#2296 = ORIENTED_EDGE('',*,*,#2297,.T.);
#2297 = EDGE_CURVE('',#2257,#2298,#2300,.T.);
#2298 = VERTEX_POINT('',#2299);
#2299 = CARTESIAN_POINT('',(-8.5,12.25,5.));
#2300 = CIRCLE('',#2301,2.);
#2301 = AXIS2_PLACEMENT_3D('',#2302,#2303,#2304);
#2302 = CARTESIAN_POINT('',(-8.5,10.25,5.));
#2303 = DIRECTION('',(0.,0.,-1.));
#2304 = DIRECTION('',(0.,1.,0.));
#2305 = ORIENTED_EDGE('',*,*,#2306,.T.);
#2306 = EDGE_CURVE('',#2298,#2307,#2309,.T.);
#2307 = VERTEX_POINT('',#2308);
#2308 = CARTESIAN_POINT('',(2.8,12.25,5.));
#2309 = LINE('',#2310,#2311);
#2310 = CARTESIAN_POINT('',(-10.5,12.25,5.));
#2311 = VECTOR('',#2312,1.);
#2312 = DIRECTION('',(1.,0.,0.));
#2313 = ORIENTED_EDGE('',*,*,#2314,.T.);
#2314 = EDGE_CURVE('',#2307,#2315,#2317,.T.);
#2315 = VERTEX_POINT('',#2316);
#2316 = CARTESIAN_POINT('',(2.8,10.85,5.));
#2317 = LINE('',#2318,#2319);
#2318 = CARTESIAN_POINT('',(2.8,13.5,5.));
#2319 = VECTOR('',#2320,1.);
#2320 = DIRECTION('',(0.,-1.,0.));
#2321 = ORIENTED_EDGE('',*,*,#2322,.T.);
#2322 = EDGE_CURVE('',#2315,#2323,#2325,.T.);
#2323 = VERTEX_POINT('',#2324);
#2324 = CARTESIAN_POINT('',(-9.1,10.85,5.));
#2325 = LINE('',#2326,#2327);
#2326 = CARTESIAN_POINT('',(-9.8,10.85,5.));
#2327 = VECTOR('',#2328,1.);
#2328 = DIRECTION('',(-1.,0.,-0.));
#2329 = ORIENTED_EDGE('',*,*,#2330,.T.);
#2330 = EDGE_CURVE('',#2323,#2331,#2333,.T.);
#2331 = VERTEX_POINT('',#2332);
#2332 = CARTESIAN_POINT('',(-9.1,-10.85,5.));
#2333 = LINE('',#2334,#2335);
#2334 = CARTESIAN_POINT('',(-9.1,11.55,5.));
#2335 = VECTOR('',#2336,1.);
#2336 = DIRECTION('',(0.,-1.,0.));
#2337 = ORIENTED_EDGE('',*,*,#2338,.F.);
#2338 = EDGE_CURVE('',#2339,#2331,#2341,.T.);
#2339 = VERTEX_POINT('',#2340);
#2340 = CARTESIAN_POINT('',(-4.9,-10.85,5.));
#2341 = LINE('',#2342,#2343);
#2342 = CARTESIAN_POINT('',(-9.8,-10.85,5.));
#2343 = VECTOR('',#2344,1.);
#2344 = DIRECTION('',(-1.,0.,-0.));
#2345 = ORIENTED_EDGE('',*,*,#2346,.T.);
#2346 = EDGE_CURVE('',#2339,#2347,#2349,.T.);
#2347 = VERTEX_POINT('',#2348);
#2348 = CARTESIAN_POINT('',(-4.9,-12.25,5.));
#2349 = LINE('',#2350,#2351);
#2350 = CARTESIAN_POINT('',(-4.9,0.95,5.));
#2351 = VECTOR('',#2352,1.);
#2352 = DIRECTION('',(0.,-1.,0.));
#2353 = ORIENTED_EDGE('',*,*,#2354,.F.);
#2354 = EDGE_CURVE('',#2355,#2347,#2357,.T.);
#2355 = VERTEX_POINT('',#2356);
#2356 = CARTESIAN_POINT('',(-8.5,-12.25,5.));
#2357 = LINE('',#2358,#2359);
#2358 = CARTESIAN_POINT('',(-10.5,-12.25,5.));
#2359 = VECTOR('',#2360,1.);
#2360 = DIRECTION('',(1.,0.,0.));
#2361 = ORIENTED_EDGE('',*,*,#2362,.F.);
#2362 = EDGE_CURVE('',#2259,#2355,#2363,.T.);
#2363 = CIRCLE('',#2364,2.);
#2364 = AXIS2_PLACEMENT_3D('',#2365,#2366,#2367);
#2365 = CARTESIAN_POINT('',(-8.5,-10.25,5.));
#2366 = DIRECTION('',(0.,-0.,1.));
#2367 = DIRECTION('',(0.,1.,0.));
#2368 = PLANE('',#2369);
#2369 = AXIS2_PLACEMENT_3D('',#2370,#2371,#2372);
#2370 = CARTESIAN_POINT('',(-10.5,12.25,5.));
#2371 = DIRECTION('',(0.,0.,-1.));
#2372 = DIRECTION('',(1.,0.,0.));
#2373 = ADVANCED_FACE('',(#2374),#2393,.T.);
#2374 = FACE_BOUND('',#2375,.T.);
#2375 = EDGE_LOOP('',(#2376,#2385,#2391,#2392));
#2376 = ORIENTED_EDGE('',*,*,#2377,.T.);
#2377 = EDGE_CURVE('',#2267,#2378,#2380,.T.);
#2378 = VERTEX_POINT('',#2379);
#2379 = CARTESIAN_POINT('',(-8.5,12.25,9.4));
#2380 = CIRCLE('',#2381,2.);
#2381 = AXIS2_PLACEMENT_3D('',#2382,#2383,#2384);
#2382 = CARTESIAN_POINT('',(-8.5,10.25,9.4));
#2383 = DIRECTION('',(0.,0.,-1.));
#2384 = DIRECTION('',(0.,1.,0.));
#2385 = ORIENTED_EDGE('',*,*,#2386,.T.);
#2386 = EDGE_CURVE('',#2378,#2298,#2387,.T.);
#2387 = LINE('',#2388,#2389);
#2388 = CARTESIAN_POINT('',(-8.5,12.25,9.4));
#2389 = VECTOR('',#2390,1.);
#2390 = DIRECTION('',(0.,0.,-1.));
#2391 = ORIENTED_EDGE('',*,*,#2297,.F.);
#2392 = ORIENTED_EDGE('',*,*,#2266,.F.);
#2393 = CYLINDRICAL_SURFACE('',#2394,2.);
#2394 = AXIS2_PLACEMENT_3D('',#2395,#2396,#2397);
#2395 = CARTESIAN_POINT('',(-8.5,10.25,9.4));
#2396 = DIRECTION('',(0.,0.,-1.));
#2397 = DIRECTION('',(-1.,0.,-0.));
#2398 = ADVANCED_FACE('',(#2399),#2418,.T.);
#2399 = FACE_BOUND('',#2400,.F.);
#2400 = EDGE_LOOP('',(#2401,#2410,#2416,#2417));
#2401 = ORIENTED_EDGE('',*,*,#2402,.T.);
#2402 = EDGE_CURVE('',#2275,#2403,#2405,.T.);
#2403 = VERTEX_POINT('',#2404);
#2404 = CARTESIAN_POINT('',(-8.5,-12.25,9.4));
#2405 = CIRCLE('',#2406,2.);
#2406 = AXIS2_PLACEMENT_3D('',#2407,#2408,#2409);
#2407 = CARTESIAN_POINT('',(-8.5,-10.25,9.4));
#2408 = DIRECTION('',(0.,-0.,1.));
#2409 = DIRECTION('',(0.,1.,0.));
#2410 = ORIENTED_EDGE('',*,*,#2411,.T.);
#2411 = EDGE_CURVE('',#2403,#2355,#2412,.T.);
#2412 = LINE('',#2413,#2414);
#2413 = CARTESIAN_POINT('',(-8.5,-12.25,9.4));
#2414 = VECTOR('',#2415,1.);
#2415 = DIRECTION('',(0.,0.,-1.));
#2416 = ORIENTED_EDGE('',*,*,#2362,.F.);
#2417 = ORIENTED_EDGE('',*,*,#2282,.F.);
#2418 = CYLINDRICAL_SURFACE('',#2419,2.);
#2419 = AXIS2_PLACEMENT_3D('',#2420,#2421,#2422);
#2420 = CARTESIAN_POINT('',(-8.5,-10.25,9.4));
#2421 = DIRECTION('',(0.,0.,-1.));
#2422 = DIRECTION('',(-1.,0.,-0.));
#2423 = ADVANCED_FACE('',(#2424,#2493,#2504,#2574,#2585,#2655),#2666,.F.
  );
#2424 = FACE_BOUND('',#2425,.F.);
#2425 = EDGE_LOOP('',(#2426,#2427,#2428,#2436,#2444,#2452,#2461,#2469,
    #2477,#2486,#2492));
#2426 = ORIENTED_EDGE('',*,*,#2274,.F.);
#2427 = ORIENTED_EDGE('',*,*,#2377,.T.);
#2428 = ORIENTED_EDGE('',*,*,#2429,.T.);
#2429 = EDGE_CURVE('',#2378,#2430,#2432,.T.);
#2430 = VERTEX_POINT('',#2431);
#2431 = CARTESIAN_POINT('',(2.8,12.25,9.4));
#2432 = LINE('',#2433,#2434);
#2433 = CARTESIAN_POINT('',(-10.5,12.25,9.4));
#2434 = VECTOR('',#2435,1.);
#2435 = DIRECTION('',(1.,0.,0.));
#2436 = ORIENTED_EDGE('',*,*,#2437,.T.);
#2437 = EDGE_CURVE('',#2430,#2438,#2440,.T.);
#2438 = VERTEX_POINT('',#2439);
#2439 = CARTESIAN_POINT('',(2.8,9.5,9.4));
#2440 = LINE('',#2441,#2442);
#2441 = CARTESIAN_POINT('',(2.8,13.5,9.4));
#2442 = VECTOR('',#2443,1.);
#2443 = DIRECTION('',(0.,-1.,0.));
#2444 = ORIENTED_EDGE('',*,*,#2445,.T.);
#2445 = EDGE_CURVE('',#2438,#2446,#2448,.T.);
#2446 = VERTEX_POINT('',#2447);
#2447 = CARTESIAN_POINT('',(4.678362646751,9.5,9.4));
#2448 = LINE('',#2449,#2450);
#2449 = CARTESIAN_POINT('',(2.8,9.5,9.4));
#2450 = VECTOR('',#2451,1.);
#2451 = DIRECTION('',(1.,0.,0.));
#2452 = ORIENTED_EDGE('',*,*,#2453,.F.);
#2453 = EDGE_CURVE('',#2454,#2446,#2456,.T.);
#2454 = VERTEX_POINT('',#2455);
#2455 = CARTESIAN_POINT('',(9.321637353249,9.5,9.4));
#2456 = CIRCLE('',#2457,4.2);
#2457 = AXIS2_PLACEMENT_3D('',#2458,#2459,#2460);
#2458 = CARTESIAN_POINT('',(7.,13.,9.4));
#2459 = DIRECTION('',(0.,0.,-1.));
#2460 = DIRECTION('',(1.,0.,0.));
#2461 = ORIENTED_EDGE('',*,*,#2462,.T.);
#2462 = EDGE_CURVE('',#2454,#2463,#2465,.T.);
#2463 = VERTEX_POINT('',#2464);
#2464 = CARTESIAN_POINT('',(10.5,9.5,9.4));
#2465 = LINE('',#2466,#2467);
#2466 = CARTESIAN_POINT('',(2.8,9.5,9.4));
#2467 = VECTOR('',#2468,1.);
#2468 = DIRECTION('',(1.,0.,0.));
#2469 = ORIENTED_EDGE('',*,*,#2470,.T.);
#2470 = EDGE_CURVE('',#2463,#2471,#2473,.T.);
#2471 = VERTEX_POINT('',#2472);
#2472 = CARTESIAN_POINT('',(10.5,-10.25,9.4));
#2473 = LINE('',#2474,#2475);
#2474 = CARTESIAN_POINT('',(10.5,12.25,9.4));
#2475 = VECTOR('',#2476,1.);
#2476 = DIRECTION('',(0.,-1.,0.));
#2477 = ORIENTED_EDGE('',*,*,#2478,.T.);
#2478 = EDGE_CURVE('',#2471,#2479,#2481,.T.);
#2479 = VERTEX_POINT('',#2480);
#2480 = CARTESIAN_POINT('',(8.5,-12.25,9.4));
#2481 = CIRCLE('',#2482,2.);
#2482 = AXIS2_PLACEMENT_3D('',#2483,#2484,#2485);
#2483 = CARTESIAN_POINT('',(8.5,-10.25,9.4));
#2484 = DIRECTION('',(0.,0.,-1.));
#2485 = DIRECTION('',(0.,1.,0.));
#2486 = ORIENTED_EDGE('',*,*,#2487,.F.);
#2487 = EDGE_CURVE('',#2403,#2479,#2488,.T.);
#2488 = LINE('',#2489,#2490);
#2489 = CARTESIAN_POINT('',(-10.5,-12.25,9.4));
#2490 = VECTOR('',#2491,1.);
#2491 = DIRECTION('',(1.,0.,0.));
#2492 = ORIENTED_EDGE('',*,*,#2402,.F.);
#2493 = FACE_BOUND('',#2494,.F.);
#2494 = EDGE_LOOP('',(#2495));
#2495 = ORIENTED_EDGE('',*,*,#2496,.F.);
#2496 = EDGE_CURVE('',#2497,#2497,#2499,.T.);
#2497 = VERTEX_POINT('',#2498);
#2498 = CARTESIAN_POINT('',(0.9,2.,9.4));
#2499 = CIRCLE('',#2500,0.9);
#2500 = AXIS2_PLACEMENT_3D('',#2501,#2502,#2503);
#2501 = CARTESIAN_POINT('',(0.,2.,9.4));
#2502 = DIRECTION('',(0.,0.,-1.));
#2503 = DIRECTION('',(1.,0.,0.));
#2504 = FACE_BOUND('',#2505,.F.);
#2505 = EDGE_LOOP('',(#2506,#2517,#2525,#2534,#2542,#2551,#2559,#2568));
#2506 = ORIENTED_EDGE('',*,*,#2507,.F.);
#2507 = EDGE_CURVE('',#2508,#2510,#2512,.T.);
#2508 = VERTEX_POINT('',#2509);
#2509 = CARTESIAN_POINT('',(-8.92,7.5,9.4));
#2510 = VERTEX_POINT('',#2511);
#2511 = CARTESIAN_POINT('',(-7.72,8.7,9.4));
#2512 = CIRCLE('',#2513,1.2);
#2513 = AXIS2_PLACEMENT_3D('',#2514,#2515,#2516);
#2514 = CARTESIAN_POINT('',(-7.72,7.5,9.4));
#2515 = DIRECTION('',(0.,0.,-1.));
#2516 = DIRECTION('',(-1.,0.,-0.));
#2517 = ORIENTED_EDGE('',*,*,#2518,.T.);
#2518 = EDGE_CURVE('',#2508,#2519,#2521,.T.);
#2519 = VERTEX_POINT('',#2520);
#2520 = CARTESIAN_POINT('',(-8.92,-7.5,9.4));
#2521 = LINE('',#2522,#2523);
#2522 = CARTESIAN_POINT('',(-8.92,10.475,9.4));
#2523 = VECTOR('',#2524,1.);
#2524 = DIRECTION('',(0.,-1.,0.));
#2525 = ORIENTED_EDGE('',*,*,#2526,.F.);
#2526 = EDGE_CURVE('',#2527,#2519,#2529,.T.);
#2527 = VERTEX_POINT('',#2528);
#2528 = CARTESIAN_POINT('',(-7.72,-8.7,9.4));
#2529 = CIRCLE('',#2530,1.2);
#2530 = AXIS2_PLACEMENT_3D('',#2531,#2532,#2533);
#2531 = CARTESIAN_POINT('',(-7.72,-7.5,9.4));
#2532 = DIRECTION('',(0.,0.,-1.));
#2533 = DIRECTION('',(-1.,0.,-0.));
#2534 = ORIENTED_EDGE('',*,*,#2535,.F.);
#2535 = EDGE_CURVE('',#2536,#2527,#2538,.T.);
#2536 = VERTEX_POINT('',#2537);
#2537 = CARTESIAN_POINT('',(-7.52,-8.7,9.4));
#2538 = LINE('',#2539,#2540);
#2539 = CARTESIAN_POINT('',(-9.71,-8.7,9.4));
#2540 = VECTOR('',#2541,1.);
#2541 = DIRECTION('',(-1.,0.,-0.));
#2542 = ORIENTED_EDGE('',*,*,#2543,.F.);
#2543 = EDGE_CURVE('',#2544,#2536,#2546,.T.);
#2544 = VERTEX_POINT('',#2545);
#2545 = CARTESIAN_POINT('',(-6.32,-7.5,9.4));
#2546 = CIRCLE('',#2547,1.2);
#2547 = AXIS2_PLACEMENT_3D('',#2548,#2549,#2550);
#2548 = CARTESIAN_POINT('',(-7.52,-7.5,9.4));
#2549 = DIRECTION('',(0.,0.,-1.));
#2550 = DIRECTION('',(1.,0.,0.));
#2551 = ORIENTED_EDGE('',*,*,#2552,.F.);
#2552 = EDGE_CURVE('',#2553,#2544,#2555,.T.);
#2553 = VERTEX_POINT('',#2554);
#2554 = CARTESIAN_POINT('',(-6.32,7.5,9.4));
#2555 = LINE('',#2556,#2557);
#2556 = CARTESIAN_POINT('',(-6.32,10.475,9.4));
#2557 = VECTOR('',#2558,1.);
#2558 = DIRECTION('',(0.,-1.,0.));
#2559 = ORIENTED_EDGE('',*,*,#2560,.F.);
#2560 = EDGE_CURVE('',#2561,#2553,#2563,.T.);
#2561 = VERTEX_POINT('',#2562);
#2562 = CARTESIAN_POINT('',(-7.52,8.7,9.4));
#2563 = CIRCLE('',#2564,1.2);
#2564 = AXIS2_PLACEMENT_3D('',#2565,#2566,#2567);
#2565 = CARTESIAN_POINT('',(-7.52,7.5,9.4));
#2566 = DIRECTION('',(0.,0.,-1.));
#2567 = DIRECTION('',(1.,0.,0.));
#2568 = ORIENTED_EDGE('',*,*,#2569,.T.);
#2569 = EDGE_CURVE('',#2561,#2510,#2570,.T.);
#2570 = LINE('',#2571,#2572);
#2571 = CARTESIAN_POINT('',(-9.71,8.7,9.4));
#2572 = VECTOR('',#2573,1.);
#2573 = DIRECTION('',(-1.,0.,-0.));
#2574 = FACE_BOUND('',#2575,.F.);
#2575 = EDGE_LOOP('',(#2576));
#2576 = ORIENTED_EDGE('',*,*,#2577,.F.);
#2577 = EDGE_CURVE('',#2578,#2578,#2580,.T.);
#2578 = VERTEX_POINT('',#2579);
#2579 = CARTESIAN_POINT('',(-3.,-4.5,9.4));
#2580 = CIRCLE('',#2581,1.);
#2581 = AXIS2_PLACEMENT_3D('',#2582,#2583,#2584);
#2582 = CARTESIAN_POINT('',(-4.,-4.5,9.4));
#2583 = DIRECTION('',(0.,0.,-1.));
#2584 = DIRECTION('',(1.,0.,0.));
#2585 = FACE_BOUND('',#2586,.F.);
#2586 = EDGE_LOOP('',(#2587,#2598,#2606,#2615,#2623,#2632,#2640,#2649));
#2587 = ORIENTED_EDGE('',*,*,#2588,.F.);
#2588 = EDGE_CURVE('',#2589,#2591,#2593,.T.);
#2589 = VERTEX_POINT('',#2590);
#2590 = CARTESIAN_POINT('',(6.32,7.5,9.4));
#2591 = VERTEX_POINT('',#2592);
#2592 = CARTESIAN_POINT('',(7.52,8.7,9.4));
#2593 = CIRCLE('',#2594,1.2);
#2594 = AXIS2_PLACEMENT_3D('',#2595,#2596,#2597);
#2595 = CARTESIAN_POINT('',(7.52,7.5,9.4));
#2596 = DIRECTION('',(0.,0.,-1.));
#2597 = DIRECTION('',(-1.,0.,-0.));
#2598 = ORIENTED_EDGE('',*,*,#2599,.T.);
#2599 = EDGE_CURVE('',#2589,#2600,#2602,.T.);
#2600 = VERTEX_POINT('',#2601);
#2601 = CARTESIAN_POINT('',(6.32,-7.5,9.4));
#2602 = LINE('',#2603,#2604);
#2603 = CARTESIAN_POINT('',(6.32,10.475,9.4));
#2604 = VECTOR('',#2605,1.);
#2605 = DIRECTION('',(0.,-1.,0.));
#2606 = ORIENTED_EDGE('',*,*,#2607,.F.);
#2607 = EDGE_CURVE('',#2608,#2600,#2610,.T.);
#2608 = VERTEX_POINT('',#2609);
#2609 = CARTESIAN_POINT('',(7.52,-8.7,9.4));
#2610 = CIRCLE('',#2611,1.2);
#2611 = AXIS2_PLACEMENT_3D('',#2612,#2613,#2614);
#2612 = CARTESIAN_POINT('',(7.52,-7.5,9.4));
#2613 = DIRECTION('',(0.,0.,-1.));
#2614 = DIRECTION('',(-1.,0.,-0.));
#2615 = ORIENTED_EDGE('',*,*,#2616,.F.);
#2616 = EDGE_CURVE('',#2617,#2608,#2619,.T.);
#2617 = VERTEX_POINT('',#2618);
#2618 = CARTESIAN_POINT('',(7.72,-8.7,9.4));
#2619 = LINE('',#2620,#2621);
#2620 = CARTESIAN_POINT('',(-2.09,-8.7,9.4));
#2621 = VECTOR('',#2622,1.);
#2622 = DIRECTION('',(-1.,0.,-0.));
#2623 = ORIENTED_EDGE('',*,*,#2624,.F.);
#2624 = EDGE_CURVE('',#2625,#2617,#2627,.T.);
#2625 = VERTEX_POINT('',#2626);
#2626 = CARTESIAN_POINT('',(8.92,-7.5,9.4));
#2627 = CIRCLE('',#2628,1.2);
#2628 = AXIS2_PLACEMENT_3D('',#2629,#2630,#2631);
#2629 = CARTESIAN_POINT('',(7.72,-7.5,9.4));
#2630 = DIRECTION('',(0.,0.,-1.));
#2631 = DIRECTION('',(1.,0.,0.));
#2632 = ORIENTED_EDGE('',*,*,#2633,.F.);
#2633 = EDGE_CURVE('',#2634,#2625,#2636,.T.);
#2634 = VERTEX_POINT('',#2635);
#2635 = CARTESIAN_POINT('',(8.92,7.5,9.4));
#2636 = LINE('',#2637,#2638);
#2637 = CARTESIAN_POINT('',(8.92,10.475,9.4));
#2638 = VECTOR('',#2639,1.);
#2639 = DIRECTION('',(0.,-1.,0.));
#2640 = ORIENTED_EDGE('',*,*,#2641,.F.);
#2641 = EDGE_CURVE('',#2642,#2634,#2644,.T.);
#2642 = VERTEX_POINT('',#2643);
#2643 = CARTESIAN_POINT('',(7.72,8.7,9.4));
#2644 = CIRCLE('',#2645,1.2);
#2645 = AXIS2_PLACEMENT_3D('',#2646,#2647,#2648);
#2646 = CARTESIAN_POINT('',(7.72,7.5,9.4));
#2647 = DIRECTION('',(0.,0.,-1.));
#2648 = DIRECTION('',(1.,0.,0.));
#2649 = ORIENTED_EDGE('',*,*,#2650,.T.);
#2650 = EDGE_CURVE('',#2642,#2591,#2651,.T.);
#2651 = LINE('',#2652,#2653);
#2652 = CARTESIAN_POINT('',(-2.09,8.7,9.4));
#2653 = VECTOR('',#2654,1.);
#2654 = DIRECTION('',(-1.,0.,-0.));
#2655 = FACE_BOUND('',#2656,.F.);
#2656 = EDGE_LOOP('',(#2657));
#2657 = ORIENTED_EDGE('',*,*,#2658,.F.);
#2658 = EDGE_CURVE('',#2659,#2659,#2661,.T.);
#2659 = VERTEX_POINT('',#2660);
#2660 = CARTESIAN_POINT('',(5.,-4.5,9.4));
#2661 = CIRCLE('',#2662,1.);
#2662 = AXIS2_PLACEMENT_3D('',#2663,#2664,#2665);
#2663 = CARTESIAN_POINT('',(4.,-4.5,9.4));
#2664 = DIRECTION('',(0.,0.,-1.));
#2665 = DIRECTION('',(1.,0.,0.));
#2666 = PLANE('',#2667);
#2667 = AXIS2_PLACEMENT_3D('',#2668,#2669,#2670);
#2668 = CARTESIAN_POINT('',(-10.5,12.25,9.4));
#2669 = DIRECTION('',(0.,0.,-1.));
#2670 = DIRECTION('',(1.,0.,0.));
#2671 = ADVANCED_FACE('',(#2672),#2715,.T.);
#2672 = FACE_BOUND('',#2673,.T.);
#2673 = EDGE_LOOP('',(#2674,#2675,#2676,#2677,#2685,#2693,#2701,#2709));
#2674 = ORIENTED_EDGE('',*,*,#2487,.F.);
#2675 = ORIENTED_EDGE('',*,*,#2411,.T.);
#2676 = ORIENTED_EDGE('',*,*,#2354,.T.);
#2677 = ORIENTED_EDGE('',*,*,#2678,.T.);
#2678 = EDGE_CURVE('',#2347,#2679,#2681,.T.);
#2679 = VERTEX_POINT('',#2680);
#2680 = CARTESIAN_POINT('',(-4.9,-12.25,7.4));
#2681 = LINE('',#2682,#2683);
#2682 = CARTESIAN_POINT('',(-4.9,-12.25,8.4));
#2683 = VECTOR('',#2684,1.);
#2684 = DIRECTION('',(0.,-0.,1.));
#2685 = ORIENTED_EDGE('',*,*,#2686,.T.);
#2686 = EDGE_CURVE('',#2679,#2687,#2689,.T.);
#2687 = VERTEX_POINT('',#2688);
#2688 = CARTESIAN_POINT('',(4.9,-12.25,7.4));
#2689 = LINE('',#2690,#2691);
#2690 = CARTESIAN_POINT('',(-7.7,-12.25,7.4));
#2691 = VECTOR('',#2692,1.);
#2692 = DIRECTION('',(1.,0.,0.));
#2693 = ORIENTED_EDGE('',*,*,#2694,.F.);
#2694 = EDGE_CURVE('',#2695,#2687,#2697,.T.);
#2695 = VERTEX_POINT('',#2696);
#2696 = CARTESIAN_POINT('',(4.9,-12.25,5.));
#2697 = LINE('',#2698,#2699);
#2698 = CARTESIAN_POINT('',(4.9,-12.25,8.4));
#2699 = VECTOR('',#2700,1.);
#2700 = DIRECTION('',(0.,-0.,1.));
#2701 = ORIENTED_EDGE('',*,*,#2702,.T.);
#2702 = EDGE_CURVE('',#2695,#2703,#2705,.T.);
#2703 = VERTEX_POINT('',#2704);
#2704 = CARTESIAN_POINT('',(8.5,-12.25,5.));
#2705 = LINE('',#2706,#2707);
#2706 = CARTESIAN_POINT('',(-10.5,-12.25,5.));
#2707 = VECTOR('',#2708,1.);
#2708 = DIRECTION('',(1.,0.,0.));
#2709 = ORIENTED_EDGE('',*,*,#2710,.F.);
#2710 = EDGE_CURVE('',#2479,#2703,#2711,.T.);
#2711 = LINE('',#2712,#2713);
#2712 = CARTESIAN_POINT('',(8.5,-12.25,9.4));
#2713 = VECTOR('',#2714,1.);
#2714 = DIRECTION('',(0.,0.,-1.));
#2715 = PLANE('',#2716);
#2716 = AXIS2_PLACEMENT_3D('',#2717,#2718,#2719);
#2717 = CARTESIAN_POINT('',(-10.5,-12.25,9.4));
#2718 = DIRECTION('',(0.,-1.,0.));
#2719 = DIRECTION('',(0.,0.,-1.));
#2720 = ADVANCED_FACE('',(#2721),#2739,.T.);
#2721 = FACE_BOUND('',#2722,.T.);
#2722 = EDGE_LOOP('',(#2723,#2731,#2737,#2738));
#2723 = ORIENTED_EDGE('',*,*,#2724,.T.);
#2724 = EDGE_CURVE('',#2339,#2725,#2727,.T.);
#2725 = VERTEX_POINT('',#2726);
#2726 = CARTESIAN_POINT('',(-4.9,-10.85,7.4));
#2727 = LINE('',#2728,#2729);
#2728 = CARTESIAN_POINT('',(-4.9,-10.85,7.8));
#2729 = VECTOR('',#2730,1.);
#2730 = DIRECTION('',(0.,-0.,1.));
#2731 = ORIENTED_EDGE('',*,*,#2732,.T.);
#2732 = EDGE_CURVE('',#2725,#2679,#2733,.T.);
#2733 = LINE('',#2734,#2735);
#2734 = CARTESIAN_POINT('',(-4.9,-10.35,7.4));
#2735 = VECTOR('',#2736,1.);
#2736 = DIRECTION('',(0.,-1.,0.));
#2737 = ORIENTED_EDGE('',*,*,#2678,.F.);
#2738 = ORIENTED_EDGE('',*,*,#2346,.F.);
#2739 = PLANE('',#2740);
#2740 = AXIS2_PLACEMENT_3D('',#2741,#2742,#2743);
#2741 = CARTESIAN_POINT('',(-4.9,-10.35,7.4));
#2742 = DIRECTION('',(1.,0.,0.));
#2743 = DIRECTION('',(0.,0.,-1.));
#2744 = ADVANCED_FACE('',(#2745),#2795,.F.);
#2745 = FACE_BOUND('',#2746,.F.);
#2746 = EDGE_LOOP('',(#2747,#2757,#2765,#2771,#2772,#2773,#2781,#2789));
#2747 = ORIENTED_EDGE('',*,*,#2748,.F.);
#2748 = EDGE_CURVE('',#2749,#2751,#2753,.T.);
#2749 = VERTEX_POINT('',#2750);
#2750 = CARTESIAN_POINT('',(9.1,-10.85,8.2));
#2751 = VERTEX_POINT('',#2752);
#2752 = CARTESIAN_POINT('',(9.1,-10.85,5.));
#2753 = LINE('',#2754,#2755);
#2754 = CARTESIAN_POINT('',(9.1,-10.85,8.2));
#2755 = VECTOR('',#2756,1.);
#2756 = DIRECTION('',(0.,0.,-1.));
#2757 = ORIENTED_EDGE('',*,*,#2758,.F.);
#2758 = EDGE_CURVE('',#2759,#2749,#2761,.T.);
#2759 = VERTEX_POINT('',#2760);
#2760 = CARTESIAN_POINT('',(-9.1,-10.85,8.2));
#2761 = LINE('',#2762,#2763);
#2762 = CARTESIAN_POINT('',(-9.1,-10.85,8.2));
#2763 = VECTOR('',#2764,1.);
#2764 = DIRECTION('',(1.,0.,0.));
#2765 = ORIENTED_EDGE('',*,*,#2766,.T.);
#2766 = EDGE_CURVE('',#2759,#2331,#2767,.T.);
#2767 = LINE('',#2768,#2769);
#2768 = CARTESIAN_POINT('',(-9.1,-10.85,8.2));
#2769 = VECTOR('',#2770,1.);
#2770 = DIRECTION('',(0.,0.,-1.));
#2771 = ORIENTED_EDGE('',*,*,#2338,.F.);
#2772 = ORIENTED_EDGE('',*,*,#2724,.T.);
#2773 = ORIENTED_EDGE('',*,*,#2774,.T.);
#2774 = EDGE_CURVE('',#2725,#2775,#2777,.T.);
#2775 = VERTEX_POINT('',#2776);
#2776 = CARTESIAN_POINT('',(4.9,-10.85,7.4));
#2777 = LINE('',#2778,#2779);
#2778 = CARTESIAN_POINT('',(-7.,-10.85,7.4));
#2779 = VECTOR('',#2780,1.);
#2780 = DIRECTION('',(1.,0.,0.));
#2781 = ORIENTED_EDGE('',*,*,#2782,.F.);
#2782 = EDGE_CURVE('',#2783,#2775,#2785,.T.);
#2783 = VERTEX_POINT('',#2784);
#2784 = CARTESIAN_POINT('',(4.9,-10.85,5.));
#2785 = LINE('',#2786,#2787);
#2786 = CARTESIAN_POINT('',(4.9,-10.85,7.8));
#2787 = VECTOR('',#2788,1.);
#2788 = DIRECTION('',(0.,-0.,1.));
#2789 = ORIENTED_EDGE('',*,*,#2790,.F.);
#2790 = EDGE_CURVE('',#2751,#2783,#2791,.T.);
#2791 = LINE('',#2792,#2793);
#2792 = CARTESIAN_POINT('',(-9.8,-10.85,5.));
#2793 = VECTOR('',#2794,1.);
#2794 = DIRECTION('',(-1.,0.,-0.));
#2795 = PLANE('',#2796);
#2796 = AXIS2_PLACEMENT_3D('',#2797,#2798,#2799);
#2797 = CARTESIAN_POINT('',(-9.1,-10.85,8.2));
#2798 = DIRECTION('',(0.,-1.,0.));
#2799 = DIRECTION('',(0.,0.,-1.));
#2800 = ADVANCED_FACE('',(#2801),#2819,.T.);
#2801 = FACE_BOUND('',#2802,.T.);
#2802 = EDGE_LOOP('',(#2803,#2811,#2817,#2818));
#2803 = ORIENTED_EDGE('',*,*,#2804,.F.);
#2804 = EDGE_CURVE('',#2805,#2323,#2807,.T.);
#2805 = VERTEX_POINT('',#2806);
#2806 = CARTESIAN_POINT('',(-9.1,10.85,8.2));
#2807 = LINE('',#2808,#2809);
#2808 = CARTESIAN_POINT('',(-9.1,10.85,8.2));
#2809 = VECTOR('',#2810,1.);
#2810 = DIRECTION('',(0.,0.,-1.));
#2811 = ORIENTED_EDGE('',*,*,#2812,.T.);
#2812 = EDGE_CURVE('',#2805,#2759,#2813,.T.);
#2813 = LINE('',#2814,#2815);
#2814 = CARTESIAN_POINT('',(-9.1,10.85,8.2));
#2815 = VECTOR('',#2816,1.);
#2816 = DIRECTION('',(0.,-1.,0.));
#2817 = ORIENTED_EDGE('',*,*,#2766,.T.);
#2818 = ORIENTED_EDGE('',*,*,#2330,.F.);
#2819 = PLANE('',#2820);
#2820 = AXIS2_PLACEMENT_3D('',#2821,#2822,#2823);
#2821 = CARTESIAN_POINT('',(-9.1,10.85,8.2));
#2822 = DIRECTION('',(1.,0.,0.));
#2823 = DIRECTION('',(0.,0.,-1.));
#2824 = ADVANCED_FACE('',(#2825),#2859,.T.);
#2825 = FACE_BOUND('',#2826,.T.);
#2826 = EDGE_LOOP('',(#2827,#2837,#2843,#2844,#2845,#2853));
#2827 = ORIENTED_EDGE('',*,*,#2828,.F.);
#2828 = EDGE_CURVE('',#2829,#2831,#2833,.T.);
#2829 = VERTEX_POINT('',#2830);
#2830 = CARTESIAN_POINT('',(9.1,10.85,8.2));
#2831 = VERTEX_POINT('',#2832);
#2832 = CARTESIAN_POINT('',(9.1,10.85,5.));
#2833 = LINE('',#2834,#2835);
#2834 = CARTESIAN_POINT('',(9.1,10.85,8.2));
#2835 = VECTOR('',#2836,1.);
#2836 = DIRECTION('',(0.,0.,-1.));
#2837 = ORIENTED_EDGE('',*,*,#2838,.F.);
#2838 = EDGE_CURVE('',#2805,#2829,#2839,.T.);
#2839 = LINE('',#2840,#2841);
#2840 = CARTESIAN_POINT('',(-9.1,10.85,8.2));
#2841 = VECTOR('',#2842,1.);
#2842 = DIRECTION('',(1.,0.,0.));
#2843 = ORIENTED_EDGE('',*,*,#2804,.T.);
#2844 = ORIENTED_EDGE('',*,*,#2322,.F.);
#2845 = ORIENTED_EDGE('',*,*,#2846,.F.);
#2846 = EDGE_CURVE('',#2847,#2315,#2849,.T.);
#2847 = VERTEX_POINT('',#2848);
#2848 = CARTESIAN_POINT('',(3.392022727344,10.85,5.));
#2849 = LINE('',#2850,#2851);
#2850 = CARTESIAN_POINT('',(-9.8,10.85,5.));
#2851 = VECTOR('',#2852,1.);
#2852 = DIRECTION('',(-1.,0.,-0.));
#2853 = ORIENTED_EDGE('',*,*,#2854,.F.);
#2854 = EDGE_CURVE('',#2831,#2847,#2855,.T.);
#2855 = LINE('',#2856,#2857);
#2856 = CARTESIAN_POINT('',(-9.8,10.85,5.));
#2857 = VECTOR('',#2858,1.);
#2858 = DIRECTION('',(-1.,0.,-0.));
#2859 = PLANE('',#2860);
#2860 = AXIS2_PLACEMENT_3D('',#2861,#2862,#2863);
#2861 = CARTESIAN_POINT('',(-9.1,10.85,8.2));
#2862 = DIRECTION('',(0.,-1.,0.));
#2863 = DIRECTION('',(0.,0.,-1.));
#2864 = ADVANCED_FACE('',(#2865),#2884,.T.);
#2865 = FACE_BOUND('',#2866,.T.);
#2866 = EDGE_LOOP('',(#2867,#2868,#2876,#2883));
#2867 = ORIENTED_EDGE('',*,*,#2314,.F.);
#2868 = ORIENTED_EDGE('',*,*,#2869,.T.);
#2869 = EDGE_CURVE('',#2307,#2870,#2872,.T.);
#2870 = VERTEX_POINT('',#2871);
#2871 = CARTESIAN_POINT('',(2.867506805813,12.25,5.));
#2872 = LINE('',#2873,#2874);
#2873 = CARTESIAN_POINT('',(-10.5,12.25,5.));
#2874 = VECTOR('',#2875,1.);
#2875 = DIRECTION('',(1.,0.,0.));
#2876 = ORIENTED_EDGE('',*,*,#2877,.F.);
#2877 = EDGE_CURVE('',#2847,#2870,#2878,.T.);
#2878 = CIRCLE('',#2879,4.2);
#2879 = AXIS2_PLACEMENT_3D('',#2880,#2881,#2882);
#2880 = CARTESIAN_POINT('',(7.,13.,5.));
#2881 = DIRECTION('',(0.,0.,-1.));
#2882 = DIRECTION('',(1.,0.,0.));
#2883 = ORIENTED_EDGE('',*,*,#2846,.T.);
#2884 = PLANE('',#2885);
#2885 = AXIS2_PLACEMENT_3D('',#2886,#2887,#2888);
#2886 = CARTESIAN_POINT('',(-10.5,12.25,5.));
#2887 = DIRECTION('',(0.,0.,-1.));
#2888 = DIRECTION('',(1.,0.,0.));
#2889 = ADVANCED_FACE('',(#2890),#2901,.F.);
#2890 = FACE_BOUND('',#2891,.F.);
#2891 = EDGE_LOOP('',(#2892,#2893,#2894,#2895));
#2892 = ORIENTED_EDGE('',*,*,#2429,.F.);
#2893 = ORIENTED_EDGE('',*,*,#2386,.T.);
#2894 = ORIENTED_EDGE('',*,*,#2306,.T.);
#2895 = ORIENTED_EDGE('',*,*,#2896,.T.);
#2896 = EDGE_CURVE('',#2307,#2430,#2897,.T.);
#2897 = LINE('',#2898,#2899);
#2898 = CARTESIAN_POINT('',(2.8,12.25,9.4));
#2899 = VECTOR('',#2900,1.);
#2900 = DIRECTION('',(0.,-0.,1.));
#2901 = PLANE('',#2902);
#2902 = AXIS2_PLACEMENT_3D('',#2903,#2904,#2905);
#2903 = CARTESIAN_POINT('',(-10.5,12.25,9.4));
#2904 = DIRECTION('',(0.,-1.,0.));
#2905 = DIRECTION('',(0.,0.,-1.));
#2906 = ADVANCED_FACE('',(#2907),#2926,.F.);
#2907 = FACE_BOUND('',#2908,.F.);
#2908 = EDGE_LOOP('',(#2909,#2910,#2918,#2925));
#2909 = ORIENTED_EDGE('',*,*,#2437,.F.);
#2910 = ORIENTED_EDGE('',*,*,#2911,.T.);
#2911 = EDGE_CURVE('',#2430,#2912,#2914,.T.);
#2912 = VERTEX_POINT('',#2913);
#2913 = CARTESIAN_POINT('',(2.867506805813,12.25,9.4));
#2914 = LINE('',#2915,#2916);
#2915 = CARTESIAN_POINT('',(-10.5,12.25,9.4));
#2916 = VECTOR('',#2917,1.);
#2917 = DIRECTION('',(1.,0.,0.));
#2918 = ORIENTED_EDGE('',*,*,#2919,.F.);
#2919 = EDGE_CURVE('',#2446,#2912,#2920,.T.);
#2920 = CIRCLE('',#2921,4.2);
#2921 = AXIS2_PLACEMENT_3D('',#2922,#2923,#2924);
#2922 = CARTESIAN_POINT('',(7.,13.,9.4));
#2923 = DIRECTION('',(0.,0.,-1.));
#2924 = DIRECTION('',(1.,0.,0.));
#2925 = ORIENTED_EDGE('',*,*,#2445,.F.);
#2926 = PLANE('',#2927);
#2927 = AXIS2_PLACEMENT_3D('',#2928,#2929,#2930);
#2928 = CARTESIAN_POINT('',(-10.5,12.25,9.4));
#2929 = DIRECTION('',(0.,0.,-1.));
#2930 = DIRECTION('',(1.,0.,0.));
#2931 = ADVANCED_FACE('',(#2932),#2951,.T.);
#2932 = FACE_BOUND('',#2933,.T.);
#2933 = EDGE_LOOP('',(#2934,#2935,#2936,#2945));
#2934 = ORIENTED_EDGE('',*,*,#2478,.T.);
#2935 = ORIENTED_EDGE('',*,*,#2710,.T.);
#2936 = ORIENTED_EDGE('',*,*,#2937,.F.);
#2937 = EDGE_CURVE('',#2938,#2703,#2940,.T.);
#2938 = VERTEX_POINT('',#2939);
#2939 = CARTESIAN_POINT('',(10.5,-10.25,5.));
#2940 = CIRCLE('',#2941,2.);
#2941 = AXIS2_PLACEMENT_3D('',#2942,#2943,#2944);
#2942 = CARTESIAN_POINT('',(8.5,-10.25,5.));
#2943 = DIRECTION('',(0.,0.,-1.));
#2944 = DIRECTION('',(0.,1.,0.));
#2945 = ORIENTED_EDGE('',*,*,#2946,.F.);
#2946 = EDGE_CURVE('',#2471,#2938,#2947,.T.);
#2947 = LINE('',#2948,#2949);
#2948 = CARTESIAN_POINT('',(10.5,-10.25,9.4));
#2949 = VECTOR('',#2950,1.);
#2950 = DIRECTION('',(0.,0.,-1.));
#2951 = CYLINDRICAL_SURFACE('',#2952,2.);
#2952 = AXIS2_PLACEMENT_3D('',#2953,#2954,#2955);
#2953 = CARTESIAN_POINT('',(8.5,-10.25,9.4));
#2954 = DIRECTION('',(0.,0.,-1.));
#2955 = DIRECTION('',(1.,0.,0.));
#2956 = ADVANCED_FACE('',(#2957),#2975,.T.);
#2957 = FACE_BOUND('',#2958,.T.);
#2958 = EDGE_LOOP('',(#2959,#2967,#2973,#2974));
#2959 = ORIENTED_EDGE('',*,*,#2960,.F.);
#2960 = EDGE_CURVE('',#2961,#2938,#2963,.T.);
#2961 = VERTEX_POINT('',#2962);
#2962 = CARTESIAN_POINT('',(10.5,9.5,5.));
#2963 = LINE('',#2964,#2965);
#2964 = CARTESIAN_POINT('',(10.5,12.25,5.));
#2965 = VECTOR('',#2966,1.);
#2966 = DIRECTION('',(0.,-1.,0.));
#2967 = ORIENTED_EDGE('',*,*,#2968,.F.);
#2968 = EDGE_CURVE('',#2463,#2961,#2969,.T.);
#2969 = LINE('',#2970,#2971);
#2970 = CARTESIAN_POINT('',(10.5,9.5,9.4));
#2971 = VECTOR('',#2972,1.);
#2972 = DIRECTION('',(0.,0.,-1.));
#2973 = ORIENTED_EDGE('',*,*,#2470,.T.);
#2974 = ORIENTED_EDGE('',*,*,#2946,.T.);
#2975 = PLANE('',#2976);
#2976 = AXIS2_PLACEMENT_3D('',#2977,#2978,#2979);
#2977 = CARTESIAN_POINT('',(10.5,12.25,9.4));
#2978 = DIRECTION('',(1.,0.,0.));
#2979 = DIRECTION('',(0.,0.,-1.));
#2980 = ADVANCED_FACE('',(#2981),#2990,.F.);
#2981 = FACE_BOUND('',#2982,.F.);
#2982 = EDGE_LOOP('',(#2983,#2989));
#2983 = ORIENTED_EDGE('',*,*,#2984,.T.);
#2984 = EDGE_CURVE('',#2446,#2454,#2985,.T.);
#2985 = LINE('',#2986,#2987);
#2986 = CARTESIAN_POINT('',(2.8,9.5,9.4));
#2987 = VECTOR('',#2988,1.);
#2988 = DIRECTION('',(1.,0.,0.));
#2989 = ORIENTED_EDGE('',*,*,#2453,.T.);
#2990 = PLANE('',#2991);
#2991 = AXIS2_PLACEMENT_3D('',#2992,#2993,#2994);
#2992 = CARTESIAN_POINT('',(-10.5,12.25,9.4));
#2993 = DIRECTION('',(0.,0.,-1.));
#2994 = DIRECTION('',(1.,0.,0.));
#2995 = ADVANCED_FACE('',(#2996),#3023,.F.);
#2996 = FACE_BOUND('',#2997,.F.);
#2997 = EDGE_LOOP('',(#2998,#3006,#3007,#3016));
#2998 = ORIENTED_EDGE('',*,*,#2999,.T.);
#2999 = EDGE_CURVE('',#3000,#2463,#3002,.T.);
#3000 = VERTEX_POINT('',#3001);
#3001 = CARTESIAN_POINT('',(10.5,10.25,9.4));
#3002 = LINE('',#3003,#3004);
#3003 = CARTESIAN_POINT('',(10.5,12.25,9.4));
#3004 = VECTOR('',#3005,1.);
#3005 = DIRECTION('',(0.,-1.,0.));
#3006 = ORIENTED_EDGE('',*,*,#2462,.F.);
#3007 = ORIENTED_EDGE('',*,*,#3008,.F.);
#3008 = EDGE_CURVE('',#3009,#2454,#3011,.T.);
#3009 = VERTEX_POINT('',#3010);
#3010 = CARTESIAN_POINT('',(10.464416350602,10.625590736692,9.4));
#3011 = CIRCLE('',#3012,4.2);
#3012 = AXIS2_PLACEMENT_3D('',#3013,#3014,#3015);
#3013 = CARTESIAN_POINT('',(7.,13.,9.4));
#3014 = DIRECTION('',(0.,0.,-1.));
#3015 = DIRECTION('',(1.,0.,0.));
#3016 = ORIENTED_EDGE('',*,*,#3017,.F.);
#3017 = EDGE_CURVE('',#3000,#3009,#3018,.T.);
#3018 = CIRCLE('',#3019,2.);
#3019 = AXIS2_PLACEMENT_3D('',#3020,#3021,#3022);
#3020 = CARTESIAN_POINT('',(8.5,10.25,9.4));
#3021 = DIRECTION('',(0.,-0.,1.));
#3022 = DIRECTION('',(0.,1.,0.));
#3023 = PLANE('',#3024);
#3024 = AXIS2_PLACEMENT_3D('',#3025,#3026,#3027);
#3025 = CARTESIAN_POINT('',(-10.5,12.25,9.4));
#3026 = DIRECTION('',(0.,0.,-1.));
#3027 = DIRECTION('',(1.,0.,0.));
#3028 = ADVANCED_FACE('',(#3029),#3048,.F.);
#3029 = FACE_BOUND('',#3030,.F.);
#3030 = EDGE_LOOP('',(#3031,#3040,#3046,#3047));
#3031 = ORIENTED_EDGE('',*,*,#3032,.F.);
#3032 = EDGE_CURVE('',#3033,#3033,#3035,.T.);
#3033 = VERTEX_POINT('',#3034);
#3034 = CARTESIAN_POINT('',(0.9,2.,8.2));
#3035 = CIRCLE('',#3036,0.9);
#3036 = AXIS2_PLACEMENT_3D('',#3037,#3038,#3039);
#3037 = CARTESIAN_POINT('',(0.,2.,8.2));
#3038 = DIRECTION('',(0.,0.,-1.));
#3039 = DIRECTION('',(1.,0.,0.));
#3040 = ORIENTED_EDGE('',*,*,#3041,.F.);
#3041 = EDGE_CURVE('',#2497,#3033,#3042,.T.);
#3042 = LINE('',#3043,#3044);
#3043 = CARTESIAN_POINT('',(0.9,2.,11.4));
#3044 = VECTOR('',#3045,1.);
#3045 = DIRECTION('',(0.,0.,-1.));
#3046 = ORIENTED_EDGE('',*,*,#2496,.T.);
#3047 = ORIENTED_EDGE('',*,*,#3041,.T.);
#3048 = CYLINDRICAL_SURFACE('',#3049,0.9);
#3049 = AXIS2_PLACEMENT_3D('',#3050,#3051,#3052);
#3050 = CARTESIAN_POINT('',(0.,2.,11.4));
#3051 = DIRECTION('',(0.,0.,-1.));
#3052 = DIRECTION('',(1.,0.,0.));
#3053 = ADVANCED_FACE('',(#3054),#3114,.F.);
#3054 = FACE_BOUND('',#3055,.F.);
#3055 = EDGE_LOOP('',(#3056,#3064,#3065,#3073,#3082,#3090,#3099,#3107));
#3056 = ORIENTED_EDGE('',*,*,#3057,.F.);
#3057 = EDGE_CURVE('',#2508,#3058,#3060,.T.);
#3058 = VERTEX_POINT('',#3059);
#3059 = CARTESIAN_POINT('',(-8.92,7.5,8.2));
#3060 = LINE('',#3061,#3062);
#3061 = CARTESIAN_POINT('',(-8.92,7.5,11.4));
#3062 = VECTOR('',#3063,1.);
#3063 = DIRECTION('',(0.,0.,-1.));
#3064 = ORIENTED_EDGE('',*,*,#2507,.T.);
#3065 = ORIENTED_EDGE('',*,*,#3066,.T.);
#3066 = EDGE_CURVE('',#2510,#3067,#3069,.T.);
#3067 = VERTEX_POINT('',#3068);
#3068 = CARTESIAN_POINT('',(-7.72,8.7,8.2));
#3069 = LINE('',#3070,#3071);
#3070 = CARTESIAN_POINT('',(-7.72,8.7,11.4));
#3071 = VECTOR('',#3072,1.);
#3072 = DIRECTION('',(0.,0.,-1.));
#3073 = ORIENTED_EDGE('',*,*,#3074,.F.);
#3074 = EDGE_CURVE('',#3075,#3067,#3077,.T.);
#3075 = VERTEX_POINT('',#3076);
#3076 = CARTESIAN_POINT('',(-8.23,8.586232019414,8.2));
#3077 = CIRCLE('',#3078,1.2);
#3078 = AXIS2_PLACEMENT_3D('',#3079,#3080,#3081);
#3079 = CARTESIAN_POINT('',(-7.72,7.5,8.2));
#3080 = DIRECTION('',(0.,0.,-1.));
#3081 = DIRECTION('',(-1.,0.,-0.));
#3082 = ORIENTED_EDGE('',*,*,#3083,.T.);
#3083 = EDGE_CURVE('',#3075,#3084,#3086,.T.);
#3084 = VERTEX_POINT('',#3085);
#3085 = CARTESIAN_POINT('',(-8.23,8.586232019414,3.5));
#3086 = LINE('',#3087,#3088);
#3087 = CARTESIAN_POINT('',(-8.23,8.586232019414,11.4));
#3088 = VECTOR('',#3089,1.);
#3089 = DIRECTION('',(0.,0.,-1.));
#3090 = ORIENTED_EDGE('',*,*,#3091,.F.);
#3091 = EDGE_CURVE('',#3092,#3084,#3094,.T.);
#3092 = VERTEX_POINT('',#3093);
#3093 = CARTESIAN_POINT('',(-8.586660256387,8.33,3.5));
#3094 = CIRCLE('',#3095,1.2);
#3095 = AXIS2_PLACEMENT_3D('',#3096,#3097,#3098);
#3096 = CARTESIAN_POINT('',(-7.72,7.5,3.5));
#3097 = DIRECTION('',(0.,0.,-1.));
#3098 = DIRECTION('',(-1.,0.,-0.));
#3099 = ORIENTED_EDGE('',*,*,#3100,.F.);
#3100 = EDGE_CURVE('',#3101,#3092,#3103,.T.);
#3101 = VERTEX_POINT('',#3102);
#3102 = CARTESIAN_POINT('',(-8.586660256387,8.33,8.2));
#3103 = LINE('',#3104,#3105);
#3104 = CARTESIAN_POINT('',(-8.586660256387,8.33,11.4));
#3105 = VECTOR('',#3106,1.);
#3106 = DIRECTION('',(0.,0.,-1.));
#3107 = ORIENTED_EDGE('',*,*,#3108,.F.);
#3108 = EDGE_CURVE('',#3058,#3101,#3109,.T.);
#3109 = CIRCLE('',#3110,1.2);
#3110 = AXIS2_PLACEMENT_3D('',#3111,#3112,#3113);
#3111 = CARTESIAN_POINT('',(-7.72,7.5,8.2));
#3112 = DIRECTION('',(0.,0.,-1.));
#3113 = DIRECTION('',(-1.,0.,-0.));
#3114 = CYLINDRICAL_SURFACE('',#3115,1.2);
#3115 = AXIS2_PLACEMENT_3D('',#3116,#3117,#3118);
#3116 = CARTESIAN_POINT('',(-7.72,7.5,11.4));
#3117 = DIRECTION('',(0.,0.,-1.));
#3118 = DIRECTION('',(-1.,0.,-0.));
#3119 = ADVANCED_FACE('',(#3120),#3138,.T.);
#3120 = FACE_BOUND('',#3121,.T.);
#3121 = EDGE_LOOP('',(#3122,#3130,#3131,#3132));
#3122 = ORIENTED_EDGE('',*,*,#3123,.F.);
#3123 = EDGE_CURVE('',#3058,#3124,#3126,.T.);
#3124 = VERTEX_POINT('',#3125);
#3125 = CARTESIAN_POINT('',(-8.92,-7.5,8.2));
#3126 = LINE('',#3127,#3128);
#3127 = CARTESIAN_POINT('',(-8.92,9.775,8.2));
#3128 = VECTOR('',#3129,1.);
#3129 = DIRECTION('',(0.,-1.,0.));
#3130 = ORIENTED_EDGE('',*,*,#3057,.F.);
#3131 = ORIENTED_EDGE('',*,*,#2518,.T.);
#3132 = ORIENTED_EDGE('',*,*,#3133,.T.);
#3133 = EDGE_CURVE('',#2519,#3124,#3134,.T.);
#3134 = LINE('',#3135,#3136);
#3135 = CARTESIAN_POINT('',(-8.92,-7.5,11.4));
#3136 = VECTOR('',#3137,1.);
#3137 = DIRECTION('',(0.,0.,-1.));
#3138 = PLANE('',#3139);
#3139 = AXIS2_PLACEMENT_3D('',#3140,#3141,#3142);
#3140 = CARTESIAN_POINT('',(-8.92,8.7,11.4));
#3141 = DIRECTION('',(1.,0.,0.));
#3142 = DIRECTION('',(0.,0.,-1.));
#3143 = ADVANCED_FACE('',(#3144),#3162,.T.);
#3144 = FACE_BOUND('',#3145,.T.);
#3145 = EDGE_LOOP('',(#3146,#3147,#3148,#3156));
#3146 = ORIENTED_EDGE('',*,*,#2569,.T.);
#3147 = ORIENTED_EDGE('',*,*,#3066,.T.);
#3148 = ORIENTED_EDGE('',*,*,#3149,.F.);
#3149 = EDGE_CURVE('',#3150,#3067,#3152,.T.);
#3150 = VERTEX_POINT('',#3151);
#3151 = CARTESIAN_POINT('',(-7.52,8.7,8.2));
#3152 = LINE('',#3153,#3154);
#3153 = CARTESIAN_POINT('',(-9.01,8.7,8.2));
#3154 = VECTOR('',#3155,1.);
#3155 = DIRECTION('',(-1.,0.,-0.));
#3156 = ORIENTED_EDGE('',*,*,#3157,.F.);
#3157 = EDGE_CURVE('',#2561,#3150,#3158,.T.);
#3158 = LINE('',#3159,#3160);
#3159 = CARTESIAN_POINT('',(-7.52,8.7,11.4));
#3160 = VECTOR('',#3161,1.);
#3161 = DIRECTION('',(0.,0.,-1.));
#3162 = PLANE('',#3163);
#3163 = AXIS2_PLACEMENT_3D('',#3164,#3165,#3166);
#3164 = CARTESIAN_POINT('',(-8.92,8.7,11.4));
#3165 = DIRECTION('',(0.,-1.,0.));
#3166 = DIRECTION('',(0.,0.,-1.));
#3167 = ADVANCED_FACE('',(#3168),#3221,.F.);
#3168 = FACE_BOUND('',#3169,.T.);
#3169 = EDGE_LOOP('',(#3170,#3171,#3172,#3180,#3189,#3197,#3206,#3214));
#3170 = ORIENTED_EDGE('',*,*,#3133,.F.);
#3171 = ORIENTED_EDGE('',*,*,#2526,.F.);
#3172 = ORIENTED_EDGE('',*,*,#3173,.T.);
#3173 = EDGE_CURVE('',#2527,#3174,#3176,.T.);
#3174 = VERTEX_POINT('',#3175);
#3175 = CARTESIAN_POINT('',(-7.72,-8.7,8.2));
#3176 = LINE('',#3177,#3178);
#3177 = CARTESIAN_POINT('',(-7.72,-8.7,11.4));
#3178 = VECTOR('',#3179,1.);
#3179 = DIRECTION('',(0.,0.,-1.));
#3180 = ORIENTED_EDGE('',*,*,#3181,.T.);
#3181 = EDGE_CURVE('',#3174,#3182,#3184,.T.);
#3182 = VERTEX_POINT('',#3183);
#3183 = CARTESIAN_POINT('',(-8.23,-8.586232019414,8.2));
#3184 = CIRCLE('',#3185,1.2);
#3185 = AXIS2_PLACEMENT_3D('',#3186,#3187,#3188);
#3186 = CARTESIAN_POINT('',(-7.72,-7.5,8.2));
#3187 = DIRECTION('',(0.,0.,-1.));
#3188 = DIRECTION('',(-1.,0.,-0.));
#3189 = ORIENTED_EDGE('',*,*,#3190,.T.);
#3190 = EDGE_CURVE('',#3182,#3191,#3193,.T.);
#3191 = VERTEX_POINT('',#3192);
#3192 = CARTESIAN_POINT('',(-8.23,-8.586232019414,3.5));
#3193 = LINE('',#3194,#3195);
#3194 = CARTESIAN_POINT('',(-8.23,-8.586232019414,11.4));
#3195 = VECTOR('',#3196,1.);
#3196 = DIRECTION('',(0.,0.,-1.));
#3197 = ORIENTED_EDGE('',*,*,#3198,.T.);
#3198 = EDGE_CURVE('',#3191,#3199,#3201,.T.);
#3199 = VERTEX_POINT('',#3200);
#3200 = CARTESIAN_POINT('',(-8.586660256387,-8.33,3.5));
#3201 = CIRCLE('',#3202,1.2);
#3202 = AXIS2_PLACEMENT_3D('',#3203,#3204,#3205);
#3203 = CARTESIAN_POINT('',(-7.72,-7.5,3.5));
#3204 = DIRECTION('',(0.,0.,-1.));
#3205 = DIRECTION('',(-1.,0.,-0.));
#3206 = ORIENTED_EDGE('',*,*,#3207,.F.);
#3207 = EDGE_CURVE('',#3208,#3199,#3210,.T.);
#3208 = VERTEX_POINT('',#3209);
#3209 = CARTESIAN_POINT('',(-8.586660256387,-8.33,8.2));
#3210 = LINE('',#3211,#3212);
#3211 = CARTESIAN_POINT('',(-8.586660256387,-8.33,11.4));
#3212 = VECTOR('',#3213,1.);
#3213 = DIRECTION('',(0.,0.,-1.));
#3214 = ORIENTED_EDGE('',*,*,#3215,.T.);
#3215 = EDGE_CURVE('',#3208,#3124,#3216,.T.);
#3216 = CIRCLE('',#3217,1.2);
#3217 = AXIS2_PLACEMENT_3D('',#3218,#3219,#3220);
#3218 = CARTESIAN_POINT('',(-7.72,-7.5,8.2));
#3219 = DIRECTION('',(0.,0.,-1.));
#3220 = DIRECTION('',(-1.,0.,-0.));
#3221 = CYLINDRICAL_SURFACE('',#3222,1.2);
#3222 = AXIS2_PLACEMENT_3D('',#3223,#3224,#3225);
#3223 = CARTESIAN_POINT('',(-7.72,-7.5,11.4));
#3224 = DIRECTION('',(0.,0.,-1.));
#3225 = DIRECTION('',(-1.,0.,-0.));
#3226 = ADVANCED_FACE('',(#3227),#3246,.F.);
#3227 = FACE_BOUND('',#3228,.T.);
#3228 = EDGE_LOOP('',(#3229,#3237,#3238,#3239));
#3229 = ORIENTED_EDGE('',*,*,#3230,.F.);
#3230 = EDGE_CURVE('',#2553,#3231,#3233,.T.);
#3231 = VERTEX_POINT('',#3232);
#3232 = CARTESIAN_POINT('',(-6.32,7.5,8.2));
#3233 = LINE('',#3234,#3235);
#3234 = CARTESIAN_POINT('',(-6.32,7.5,11.4));
#3235 = VECTOR('',#3236,1.);
#3236 = DIRECTION('',(0.,0.,-1.));
#3237 = ORIENTED_EDGE('',*,*,#2560,.F.);
#3238 = ORIENTED_EDGE('',*,*,#3157,.T.);
#3239 = ORIENTED_EDGE('',*,*,#3240,.T.);
#3240 = EDGE_CURVE('',#3150,#3231,#3241,.T.);
#3241 = CIRCLE('',#3242,1.2);
#3242 = AXIS2_PLACEMENT_3D('',#3243,#3244,#3245);
#3243 = CARTESIAN_POINT('',(-7.52,7.5,8.2));
#3244 = DIRECTION('',(0.,0.,-1.));
#3245 = DIRECTION('',(1.,0.,0.));
#3246 = CYLINDRICAL_SURFACE('',#3247,1.2);
#3247 = AXIS2_PLACEMENT_3D('',#3248,#3249,#3250);
#3248 = CARTESIAN_POINT('',(-7.52,7.5,11.4));
#3249 = DIRECTION('',(0.,0.,-1.));
#3250 = DIRECTION('',(1.,0.,0.));
#3251 = ADVANCED_FACE('',(#3252),#3270,.F.);
#3252 = FACE_BOUND('',#3253,.F.);
#3253 = EDGE_LOOP('',(#3254,#3255,#3256,#3264));
#3254 = ORIENTED_EDGE('',*,*,#2535,.T.);
#3255 = ORIENTED_EDGE('',*,*,#3173,.T.);
#3256 = ORIENTED_EDGE('',*,*,#3257,.F.);
#3257 = EDGE_CURVE('',#3258,#3174,#3260,.T.);
#3258 = VERTEX_POINT('',#3259);
#3259 = CARTESIAN_POINT('',(-7.52,-8.7,8.2));
#3260 = LINE('',#3261,#3262);
#3261 = CARTESIAN_POINT('',(-9.01,-8.7,8.2));
#3262 = VECTOR('',#3263,1.);
#3263 = DIRECTION('',(-1.,0.,-0.));
#3264 = ORIENTED_EDGE('',*,*,#3265,.F.);
#3265 = EDGE_CURVE('',#2536,#3258,#3266,.T.);
#3266 = LINE('',#3267,#3268);
#3267 = CARTESIAN_POINT('',(-7.52,-8.7,11.4));
#3268 = VECTOR('',#3269,1.);
#3269 = DIRECTION('',(0.,0.,-1.));
#3270 = PLANE('',#3271);
#3271 = AXIS2_PLACEMENT_3D('',#3272,#3273,#3274);
#3272 = CARTESIAN_POINT('',(-8.92,-8.7,11.4));
#3273 = DIRECTION('',(0.,-1.,0.));
#3274 = DIRECTION('',(0.,0.,-1.));
#3275 = ADVANCED_FACE('',(#3276),#3294,.F.);
#3276 = FACE_BOUND('',#3277,.F.);
#3277 = EDGE_LOOP('',(#3278,#3286,#3287,#3288));
#3278 = ORIENTED_EDGE('',*,*,#3279,.F.);
#3279 = EDGE_CURVE('',#3231,#3280,#3282,.T.);
#3280 = VERTEX_POINT('',#3281);
#3281 = CARTESIAN_POINT('',(-6.32,-7.5,8.2));
#3282 = LINE('',#3283,#3284);
#3283 = CARTESIAN_POINT('',(-6.32,9.775,8.2));
#3284 = VECTOR('',#3285,1.);
#3285 = DIRECTION('',(0.,-1.,0.));
#3286 = ORIENTED_EDGE('',*,*,#3230,.F.);
#3287 = ORIENTED_EDGE('',*,*,#2552,.T.);
#3288 = ORIENTED_EDGE('',*,*,#3289,.T.);
#3289 = EDGE_CURVE('',#2544,#3280,#3290,.T.);
#3290 = LINE('',#3291,#3292);
#3291 = CARTESIAN_POINT('',(-6.32,-7.5,11.4));
#3292 = VECTOR('',#3293,1.);
#3293 = DIRECTION('',(0.,0.,-1.));
#3294 = PLANE('',#3295);
#3295 = AXIS2_PLACEMENT_3D('',#3296,#3297,#3298);
#3296 = CARTESIAN_POINT('',(-6.32,8.7,11.4));
#3297 = DIRECTION('',(1.,0.,0.));
#3298 = DIRECTION('',(0.,0.,-1.));
#3299 = ADVANCED_FACE('',(#3300),#3312,.F.);
#3300 = FACE_BOUND('',#3301,.F.);
#3301 = EDGE_LOOP('',(#3302,#3303,#3304,#3305));
#3302 = ORIENTED_EDGE('',*,*,#3289,.F.);
#3303 = ORIENTED_EDGE('',*,*,#2543,.T.);
#3304 = ORIENTED_EDGE('',*,*,#3265,.T.);
#3305 = ORIENTED_EDGE('',*,*,#3306,.F.);
#3306 = EDGE_CURVE('',#3280,#3258,#3307,.T.);
#3307 = CIRCLE('',#3308,1.2);
#3308 = AXIS2_PLACEMENT_3D('',#3309,#3310,#3311);
#3309 = CARTESIAN_POINT('',(-7.52,-7.5,8.2));
#3310 = DIRECTION('',(0.,0.,-1.));
#3311 = DIRECTION('',(1.,0.,0.));
#3312 = CYLINDRICAL_SURFACE('',#3313,1.2);
#3313 = AXIS2_PLACEMENT_3D('',#3314,#3315,#3316);
#3314 = CARTESIAN_POINT('',(-7.52,-7.5,11.4));
#3315 = DIRECTION('',(0.,0.,-1.));
#3316 = DIRECTION('',(1.,0.,0.));
#3317 = ADVANCED_FACE('',(#3318),#3337,.F.);
#3318 = FACE_BOUND('',#3319,.F.);
#3319 = EDGE_LOOP('',(#3320,#3329,#3335,#3336));
#3320 = ORIENTED_EDGE('',*,*,#3321,.F.);
#3321 = EDGE_CURVE('',#3322,#3322,#3324,.T.);
#3322 = VERTEX_POINT('',#3323);
#3323 = CARTESIAN_POINT('',(-3.,-4.5,8.2));
#3324 = CIRCLE('',#3325,1.);
#3325 = AXIS2_PLACEMENT_3D('',#3326,#3327,#3328);
#3326 = CARTESIAN_POINT('',(-4.,-4.5,8.2));
#3327 = DIRECTION('',(0.,0.,-1.));
#3328 = DIRECTION('',(1.,0.,0.));
#3329 = ORIENTED_EDGE('',*,*,#3330,.F.);
#3330 = EDGE_CURVE('',#2578,#3322,#3331,.T.);
#3331 = LINE('',#3332,#3333);
#3332 = CARTESIAN_POINT('',(-3.,-4.5,11.4));
#3333 = VECTOR('',#3334,1.);
#3334 = DIRECTION('',(0.,0.,-1.));
#3335 = ORIENTED_EDGE('',*,*,#2577,.T.);
#3336 = ORIENTED_EDGE('',*,*,#3330,.T.);
#3337 = CYLINDRICAL_SURFACE('',#3338,1.);
#3338 = AXIS2_PLACEMENT_3D('',#3339,#3340,#3341);
#3339 = CARTESIAN_POINT('',(-4.,-4.5,11.4));
#3340 = DIRECTION('',(0.,0.,-1.));
#3341 = DIRECTION('',(1.,0.,0.));
#3342 = ADVANCED_FACE('',(#3343),#3369,.F.);
#3343 = FACE_BOUND('',#3344,.F.);
#3344 = EDGE_LOOP('',(#3345,#3353,#3354,#3362));
#3345 = ORIENTED_EDGE('',*,*,#3346,.F.);
#3346 = EDGE_CURVE('',#2589,#3347,#3349,.T.);
#3347 = VERTEX_POINT('',#3348);
#3348 = CARTESIAN_POINT('',(6.32,7.5,8.2));
#3349 = LINE('',#3350,#3351);
#3350 = CARTESIAN_POINT('',(6.32,7.5,11.4));
#3351 = VECTOR('',#3352,1.);
#3352 = DIRECTION('',(0.,0.,-1.));
#3353 = ORIENTED_EDGE('',*,*,#2588,.T.);
#3354 = ORIENTED_EDGE('',*,*,#3355,.T.);
#3355 = EDGE_CURVE('',#2591,#3356,#3358,.T.);
#3356 = VERTEX_POINT('',#3357);
#3357 = CARTESIAN_POINT('',(7.52,8.7,8.2));
#3358 = LINE('',#3359,#3360);
#3359 = CARTESIAN_POINT('',(7.52,8.7,11.4));
#3360 = VECTOR('',#3361,1.);
#3361 = DIRECTION('',(0.,0.,-1.));
#3362 = ORIENTED_EDGE('',*,*,#3363,.F.);
#3363 = EDGE_CURVE('',#3347,#3356,#3364,.T.);
#3364 = CIRCLE('',#3365,1.2);
#3365 = AXIS2_PLACEMENT_3D('',#3366,#3367,#3368);
#3366 = CARTESIAN_POINT('',(7.52,7.5,8.2));
#3367 = DIRECTION('',(0.,0.,-1.));
#3368 = DIRECTION('',(-1.,0.,-0.));
#3369 = CYLINDRICAL_SURFACE('',#3370,1.2);
#3370 = AXIS2_PLACEMENT_3D('',#3371,#3372,#3373);
#3371 = CARTESIAN_POINT('',(7.52,7.5,11.4));
#3372 = DIRECTION('',(0.,0.,-1.));
#3373 = DIRECTION('',(-1.,0.,-0.));
#3374 = ADVANCED_FACE('',(#3375),#3393,.T.);
#3375 = FACE_BOUND('',#3376,.T.);
#3376 = EDGE_LOOP('',(#3377,#3385,#3386,#3387));
#3377 = ORIENTED_EDGE('',*,*,#3378,.F.);
#3378 = EDGE_CURVE('',#3347,#3379,#3381,.T.);
#3379 = VERTEX_POINT('',#3380);
#3380 = CARTESIAN_POINT('',(6.32,-7.5,8.2));
#3381 = LINE('',#3382,#3383);
#3382 = CARTESIAN_POINT('',(6.32,9.775,8.2));
#3383 = VECTOR('',#3384,1.);
#3384 = DIRECTION('',(0.,-1.,0.));
#3385 = ORIENTED_EDGE('',*,*,#3346,.F.);
#3386 = ORIENTED_EDGE('',*,*,#2599,.T.);
#3387 = ORIENTED_EDGE('',*,*,#3388,.T.);
#3388 = EDGE_CURVE('',#2600,#3379,#3389,.T.);
#3389 = LINE('',#3390,#3391);
#3390 = CARTESIAN_POINT('',(6.32,-7.5,11.4));
#3391 = VECTOR('',#3392,1.);
#3392 = DIRECTION('',(0.,0.,-1.));
#3393 = PLANE('',#3394);
#3394 = AXIS2_PLACEMENT_3D('',#3395,#3396,#3397);
#3395 = CARTESIAN_POINT('',(6.32,8.7,11.4));
#3396 = DIRECTION('',(1.,0.,0.));
#3397 = DIRECTION('',(0.,0.,-1.));
#3398 = ADVANCED_FACE('',(#3399),#3417,.T.);
#3399 = FACE_BOUND('',#3400,.T.);
#3400 = EDGE_LOOP('',(#3401,#3402,#3403,#3411));
#3401 = ORIENTED_EDGE('',*,*,#2650,.T.);
#3402 = ORIENTED_EDGE('',*,*,#3355,.T.);
#3403 = ORIENTED_EDGE('',*,*,#3404,.F.);
#3404 = EDGE_CURVE('',#3405,#3356,#3407,.T.);
#3405 = VERTEX_POINT('',#3406);
#3406 = CARTESIAN_POINT('',(7.72,8.7,8.2));
#3407 = LINE('',#3408,#3409);
#3408 = CARTESIAN_POINT('',(-1.39,8.7,8.2));
#3409 = VECTOR('',#3410,1.);
#3410 = DIRECTION('',(-1.,0.,-0.));
#3411 = ORIENTED_EDGE('',*,*,#3412,.F.);
#3412 = EDGE_CURVE('',#2642,#3405,#3413,.T.);
#3413 = LINE('',#3414,#3415);
#3414 = CARTESIAN_POINT('',(7.72,8.7,11.4));
#3415 = VECTOR('',#3416,1.);
#3416 = DIRECTION('',(0.,0.,-1.));
#3417 = PLANE('',#3418);
#3418 = AXIS2_PLACEMENT_3D('',#3419,#3420,#3421);
#3419 = CARTESIAN_POINT('',(6.32,8.7,11.4));
#3420 = DIRECTION('',(0.,-1.,0.));
#3421 = DIRECTION('',(0.,0.,-1.));
#3422 = ADVANCED_FACE('',(#3423),#3442,.F.);
#3423 = FACE_BOUND('',#3424,.T.);
#3424 = EDGE_LOOP('',(#3425,#3426,#3427,#3435));
#3425 = ORIENTED_EDGE('',*,*,#3388,.F.);
#3426 = ORIENTED_EDGE('',*,*,#2607,.F.);
#3427 = ORIENTED_EDGE('',*,*,#3428,.T.);
#3428 = EDGE_CURVE('',#2608,#3429,#3431,.T.);
#3429 = VERTEX_POINT('',#3430);
#3430 = CARTESIAN_POINT('',(7.52,-8.7,8.2));
#3431 = LINE('',#3432,#3433);
#3432 = CARTESIAN_POINT('',(7.52,-8.7,11.4));
#3433 = VECTOR('',#3434,1.);
#3434 = DIRECTION('',(0.,0.,-1.));
#3435 = ORIENTED_EDGE('',*,*,#3436,.T.);
#3436 = EDGE_CURVE('',#3429,#3379,#3437,.T.);
#3437 = CIRCLE('',#3438,1.2);
#3438 = AXIS2_PLACEMENT_3D('',#3439,#3440,#3441);
#3439 = CARTESIAN_POINT('',(7.52,-7.5,8.2));
#3440 = DIRECTION('',(0.,0.,-1.));
#3441 = DIRECTION('',(-1.,0.,-0.));
#3442 = CYLINDRICAL_SURFACE('',#3443,1.2);
#3443 = AXIS2_PLACEMENT_3D('',#3444,#3445,#3446);
#3444 = CARTESIAN_POINT('',(7.52,-7.5,11.4));
#3445 = DIRECTION('',(0.,0.,-1.));
#3446 = DIRECTION('',(-1.,0.,-0.));
#3447 = ADVANCED_FACE('',(#3448),#3501,.F.);
#3448 = FACE_BOUND('',#3449,.T.);
#3449 = EDGE_LOOP('',(#3450,#3458,#3459,#3460,#3469,#3477,#3486,#3494));
#3450 = ORIENTED_EDGE('',*,*,#3451,.F.);
#3451 = EDGE_CURVE('',#2634,#3452,#3454,.T.);
#3452 = VERTEX_POINT('',#3453);
#3453 = CARTESIAN_POINT('',(8.92,7.5,8.2));
#3454 = LINE('',#3455,#3456);
#3455 = CARTESIAN_POINT('',(8.92,7.5,11.4));
#3456 = VECTOR('',#3457,1.);
#3457 = DIRECTION('',(0.,0.,-1.));
#3458 = ORIENTED_EDGE('',*,*,#2641,.F.);
#3459 = ORIENTED_EDGE('',*,*,#3412,.T.);
#3460 = ORIENTED_EDGE('',*,*,#3461,.T.);
#3461 = EDGE_CURVE('',#3405,#3462,#3464,.T.);
#3462 = VERTEX_POINT('',#3463);
#3463 = CARTESIAN_POINT('',(8.23,8.586232019414,8.2));
#3464 = CIRCLE('',#3465,1.2);
#3465 = AXIS2_PLACEMENT_3D('',#3466,#3467,#3468);
#3466 = CARTESIAN_POINT('',(7.72,7.5,8.2));
#3467 = DIRECTION('',(0.,0.,-1.));
#3468 = DIRECTION('',(1.,0.,0.));
#3469 = ORIENTED_EDGE('',*,*,#3470,.T.);
#3470 = EDGE_CURVE('',#3462,#3471,#3473,.T.);
#3471 = VERTEX_POINT('',#3472);
#3472 = CARTESIAN_POINT('',(8.23,8.586232019414,3.5));
#3473 = LINE('',#3474,#3475);
#3474 = CARTESIAN_POINT('',(8.23,8.586232019414,11.4));
#3475 = VECTOR('',#3476,1.);
#3476 = DIRECTION('',(0.,0.,-1.));
#3477 = ORIENTED_EDGE('',*,*,#3478,.T.);
#3478 = EDGE_CURVE('',#3471,#3479,#3481,.T.);
#3479 = VERTEX_POINT('',#3480);
#3480 = CARTESIAN_POINT('',(8.586660256387,8.33,3.5));
#3481 = CIRCLE('',#3482,1.2);
#3482 = AXIS2_PLACEMENT_3D('',#3483,#3484,#3485);
#3483 = CARTESIAN_POINT('',(7.72,7.5,3.5));
#3484 = DIRECTION('',(0.,0.,-1.));
#3485 = DIRECTION('',(1.,0.,0.));
#3486 = ORIENTED_EDGE('',*,*,#3487,.F.);
#3487 = EDGE_CURVE('',#3488,#3479,#3490,.T.);
#3488 = VERTEX_POINT('',#3489);
#3489 = CARTESIAN_POINT('',(8.586660256387,8.33,8.2));
#3490 = LINE('',#3491,#3492);
#3491 = CARTESIAN_POINT('',(8.586660256387,8.33,11.4));
#3492 = VECTOR('',#3493,1.);
#3493 = DIRECTION('',(0.,0.,-1.));
#3494 = ORIENTED_EDGE('',*,*,#3495,.T.);
#3495 = EDGE_CURVE('',#3488,#3452,#3496,.T.);
#3496 = CIRCLE('',#3497,1.2);
#3497 = AXIS2_PLACEMENT_3D('',#3498,#3499,#3500);
#3498 = CARTESIAN_POINT('',(7.72,7.5,8.2));
#3499 = DIRECTION('',(0.,0.,-1.));
#3500 = DIRECTION('',(1.,0.,0.));
#3501 = CYLINDRICAL_SURFACE('',#3502,1.2);
#3502 = AXIS2_PLACEMENT_3D('',#3503,#3504,#3505);
#3503 = CARTESIAN_POINT('',(7.72,7.5,11.4));
#3504 = DIRECTION('',(0.,0.,-1.));
#3505 = DIRECTION('',(1.,0.,0.));
#3506 = ADVANCED_FACE('',(#3507),#3525,.F.);
#3507 = FACE_BOUND('',#3508,.F.);
#3508 = EDGE_LOOP('',(#3509,#3510,#3511,#3519));
#3509 = ORIENTED_EDGE('',*,*,#2616,.T.);
#3510 = ORIENTED_EDGE('',*,*,#3428,.T.);
#3511 = ORIENTED_EDGE('',*,*,#3512,.F.);
#3512 = EDGE_CURVE('',#3513,#3429,#3515,.T.);
#3513 = VERTEX_POINT('',#3514);
#3514 = CARTESIAN_POINT('',(7.72,-8.7,8.2));
#3515 = LINE('',#3516,#3517);
#3516 = CARTESIAN_POINT('',(-1.39,-8.7,8.2));
#3517 = VECTOR('',#3518,1.);
#3518 = DIRECTION('',(-1.,0.,-0.));
#3519 = ORIENTED_EDGE('',*,*,#3520,.F.);
#3520 = EDGE_CURVE('',#2617,#3513,#3521,.T.);
#3521 = LINE('',#3522,#3523);
#3522 = CARTESIAN_POINT('',(7.72,-8.7,11.4));
#3523 = VECTOR('',#3524,1.);
#3524 = DIRECTION('',(0.,0.,-1.));
#3525 = PLANE('',#3526);
#3526 = AXIS2_PLACEMENT_3D('',#3527,#3528,#3529);
#3527 = CARTESIAN_POINT('',(6.32,-8.7,11.4));
#3528 = DIRECTION('',(0.,-1.,0.));
#3529 = DIRECTION('',(0.,0.,-1.));
#3530 = ADVANCED_FACE('',(#3531),#3549,.F.);
#3531 = FACE_BOUND('',#3532,.F.);
#3532 = EDGE_LOOP('',(#3533,#3541,#3542,#3543));
#3533 = ORIENTED_EDGE('',*,*,#3534,.F.);
#3534 = EDGE_CURVE('',#3452,#3535,#3537,.T.);
#3535 = VERTEX_POINT('',#3536);
#3536 = CARTESIAN_POINT('',(8.92,-7.5,8.2));
#3537 = LINE('',#3538,#3539);
#3538 = CARTESIAN_POINT('',(8.92,9.775,8.2));
#3539 = VECTOR('',#3540,1.);
#3540 = DIRECTION('',(0.,-1.,0.));
#3541 = ORIENTED_EDGE('',*,*,#3451,.F.);
#3542 = ORIENTED_EDGE('',*,*,#2633,.T.);
#3543 = ORIENTED_EDGE('',*,*,#3544,.T.);
#3544 = EDGE_CURVE('',#2625,#3535,#3545,.T.);
#3545 = LINE('',#3546,#3547);
#3546 = CARTESIAN_POINT('',(8.92,-7.5,11.4));
#3547 = VECTOR('',#3548,1.);
#3548 = DIRECTION('',(0.,0.,-1.));
#3549 = PLANE('',#3550);
#3550 = AXIS2_PLACEMENT_3D('',#3551,#3552,#3553);
#3551 = CARTESIAN_POINT('',(8.92,8.7,11.4));
#3552 = DIRECTION('',(1.,0.,0.));
#3553 = DIRECTION('',(0.,0.,-1.));
#3554 = ADVANCED_FACE('',(#3555),#3601,.F.);
#3555 = FACE_BOUND('',#3556,.F.);
#3556 = EDGE_LOOP('',(#3557,#3558,#3559,#3560,#3569,#3577,#3586,#3594));
#3557 = ORIENTED_EDGE('',*,*,#3544,.F.);
#3558 = ORIENTED_EDGE('',*,*,#2624,.T.);
#3559 = ORIENTED_EDGE('',*,*,#3520,.T.);
#3560 = ORIENTED_EDGE('',*,*,#3561,.F.);
#3561 = EDGE_CURVE('',#3562,#3513,#3564,.T.);
#3562 = VERTEX_POINT('',#3563);
#3563 = CARTESIAN_POINT('',(8.23,-8.586232019414,8.2));
#3564 = CIRCLE('',#3565,1.2);
#3565 = AXIS2_PLACEMENT_3D('',#3566,#3567,#3568);
#3566 = CARTESIAN_POINT('',(7.72,-7.5,8.2));
#3567 = DIRECTION('',(0.,0.,-1.));
#3568 = DIRECTION('',(1.,0.,0.));
#3569 = ORIENTED_EDGE('',*,*,#3570,.T.);
#3570 = EDGE_CURVE('',#3562,#3571,#3573,.T.);
#3571 = VERTEX_POINT('',#3572);
#3572 = CARTESIAN_POINT('',(8.23,-8.586232019414,3.5));
#3573 = LINE('',#3574,#3575);
#3574 = CARTESIAN_POINT('',(8.23,-8.586232019414,11.4));
#3575 = VECTOR('',#3576,1.);
#3576 = DIRECTION('',(0.,0.,-1.));
#3577 = ORIENTED_EDGE('',*,*,#3578,.F.);
#3578 = EDGE_CURVE('',#3579,#3571,#3581,.T.);
#3579 = VERTEX_POINT('',#3580);
#3580 = CARTESIAN_POINT('',(8.586660256387,-8.33,3.5));
#3581 = CIRCLE('',#3582,1.2);
#3582 = AXIS2_PLACEMENT_3D('',#3583,#3584,#3585);
#3583 = CARTESIAN_POINT('',(7.72,-7.5,3.5));
#3584 = DIRECTION('',(0.,0.,-1.));
#3585 = DIRECTION('',(1.,0.,0.));
#3586 = ORIENTED_EDGE('',*,*,#3587,.F.);
#3587 = EDGE_CURVE('',#3588,#3579,#3590,.T.);
#3588 = VERTEX_POINT('',#3589);
#3589 = CARTESIAN_POINT('',(8.586660256387,-8.33,8.2));
#3590 = LINE('',#3591,#3592);
#3591 = CARTESIAN_POINT('',(8.586660256387,-8.33,11.4));
#3592 = VECTOR('',#3593,1.);
#3593 = DIRECTION('',(0.,0.,-1.));
#3594 = ORIENTED_EDGE('',*,*,#3595,.F.);
#3595 = EDGE_CURVE('',#3535,#3588,#3596,.T.);
#3596 = CIRCLE('',#3597,1.2);
#3597 = AXIS2_PLACEMENT_3D('',#3598,#3599,#3600);
#3598 = CARTESIAN_POINT('',(7.72,-7.5,8.2));
#3599 = DIRECTION('',(0.,0.,-1.));
#3600 = DIRECTION('',(1.,0.,0.));
#3601 = CYLINDRICAL_SURFACE('',#3602,1.2);
#3602 = AXIS2_PLACEMENT_3D('',#3603,#3604,#3605);
#3603 = CARTESIAN_POINT('',(7.72,-7.5,11.4));
#3604 = DIRECTION('',(0.,0.,-1.));
#3605 = DIRECTION('',(1.,0.,0.));
#3606 = ADVANCED_FACE('',(#3607),#3626,.F.);
#3607 = FACE_BOUND('',#3608,.F.);
#3608 = EDGE_LOOP('',(#3609,#3618,#3624,#3625));
#3609 = ORIENTED_EDGE('',*,*,#3610,.F.);
#3610 = EDGE_CURVE('',#3611,#3611,#3613,.T.);
#3611 = VERTEX_POINT('',#3612);
#3612 = CARTESIAN_POINT('',(5.,-4.5,8.2));
#3613 = CIRCLE('',#3614,1.);
#3614 = AXIS2_PLACEMENT_3D('',#3615,#3616,#3617);
#3615 = CARTESIAN_POINT('',(4.,-4.5,8.2));
#3616 = DIRECTION('',(0.,0.,-1.));
#3617 = DIRECTION('',(1.,0.,0.));
#3618 = ORIENTED_EDGE('',*,*,#3619,.F.);
#3619 = EDGE_CURVE('',#2659,#3611,#3620,.T.);
#3620 = LINE('',#3621,#3622);
#3621 = CARTESIAN_POINT('',(5.,-4.5,11.4));
#3622 = VECTOR('',#3623,1.);
#3623 = DIRECTION('',(0.,0.,-1.));
#3624 = ORIENTED_EDGE('',*,*,#2658,.T.);
#3625 = ORIENTED_EDGE('',*,*,#3619,.T.);
#3626 = CYLINDRICAL_SURFACE('',#3627,1.);
#3627 = AXIS2_PLACEMENT_3D('',#3628,#3629,#3630);
#3628 = CARTESIAN_POINT('',(4.,-4.5,11.4));
#3629 = DIRECTION('',(0.,0.,-1.));
#3630 = DIRECTION('',(1.,0.,0.));
#3631 = ADVANCED_FACE('',(#3632),#3667,.T.);
#3632 = FACE_BOUND('',#3633,.T.);
#3633 = EDGE_LOOP('',(#3634,#3635,#3641,#3642,#3650,#3659,#3665,#3666));
#3634 = ORIENTED_EDGE('',*,*,#2702,.F.);
#3635 = ORIENTED_EDGE('',*,*,#3636,.F.);
#3636 = EDGE_CURVE('',#2783,#2695,#3637,.T.);
#3637 = LINE('',#3638,#3639);
#3638 = CARTESIAN_POINT('',(4.9,0.95,5.));
#3639 = VECTOR('',#3640,1.);
#3640 = DIRECTION('',(0.,-1.,0.));
#3641 = ORIENTED_EDGE('',*,*,#2790,.F.);
#3642 = ORIENTED_EDGE('',*,*,#3643,.F.);
#3643 = EDGE_CURVE('',#3644,#2751,#3646,.T.);
#3644 = VERTEX_POINT('',#3645);
#3645 = CARTESIAN_POINT('',(9.1,9.362693304105,5.));
#3646 = LINE('',#3647,#3648);
#3647 = CARTESIAN_POINT('',(9.1,11.55,5.));
#3648 = VECTOR('',#3649,1.);
#3649 = DIRECTION('',(0.,-1.,0.));
#3650 = ORIENTED_EDGE('',*,*,#3651,.F.);
#3651 = EDGE_CURVE('',#3652,#3644,#3654,.T.);
#3652 = VERTEX_POINT('',#3653);
#3653 = CARTESIAN_POINT('',(9.321637353249,9.5,5.));
#3654 = CIRCLE('',#3655,4.2);
#3655 = AXIS2_PLACEMENT_3D('',#3656,#3657,#3658);
#3656 = CARTESIAN_POINT('',(7.,13.,5.));
#3657 = DIRECTION('',(0.,0.,-1.));
#3658 = DIRECTION('',(1.,0.,0.));
#3659 = ORIENTED_EDGE('',*,*,#3660,.T.);
#3660 = EDGE_CURVE('',#3652,#2961,#3661,.T.);
#3661 = LINE('',#3662,#3663);
#3662 = CARTESIAN_POINT('',(2.8,9.5,5.));
#3663 = VECTOR('',#3664,1.);
#3664 = DIRECTION('',(1.,0.,0.));
#3665 = ORIENTED_EDGE('',*,*,#2960,.T.);
#3666 = ORIENTED_EDGE('',*,*,#2937,.T.);
#3667 = PLANE('',#3668);
#3668 = AXIS2_PLACEMENT_3D('',#3669,#3670,#3671);
#3669 = CARTESIAN_POINT('',(-10.5,12.25,5.));
#3670 = DIRECTION('',(0.,0.,-1.));
#3671 = DIRECTION('',(1.,0.,0.));
#3672 = ADVANCED_FACE('',(#3673),#3684,.F.);
#3673 = FACE_BOUND('',#3674,.F.);
#3674 = EDGE_LOOP('',(#3675,#3676,#3682,#3683));
#3675 = ORIENTED_EDGE('',*,*,#2782,.T.);
#3676 = ORIENTED_EDGE('',*,*,#3677,.T.);
#3677 = EDGE_CURVE('',#2775,#2687,#3678,.T.);
#3678 = LINE('',#3679,#3680);
#3679 = CARTESIAN_POINT('',(4.9,-10.35,7.4));
#3680 = VECTOR('',#3681,1.);
#3681 = DIRECTION('',(0.,-1.,0.));
#3682 = ORIENTED_EDGE('',*,*,#2694,.F.);
#3683 = ORIENTED_EDGE('',*,*,#3636,.F.);
#3684 = PLANE('',#3685);
#3685 = AXIS2_PLACEMENT_3D('',#3686,#3687,#3688);
#3686 = CARTESIAN_POINT('',(4.9,-10.35,7.4));
#3687 = DIRECTION('',(1.,0.,0.));
#3688 = DIRECTION('',(0.,0.,-1.));
#3689 = ADVANCED_FACE('',(#3690),#3696,.T.);
#3690 = FACE_BOUND('',#3691,.T.);
#3691 = EDGE_LOOP('',(#3692,#3693,#3694,#3695));
#3692 = ORIENTED_EDGE('',*,*,#2732,.F.);
#3693 = ORIENTED_EDGE('',*,*,#2774,.T.);
#3694 = ORIENTED_EDGE('',*,*,#3677,.T.);
#3695 = ORIENTED_EDGE('',*,*,#2686,.F.);
#3696 = PLANE('',#3697);
#3697 = AXIS2_PLACEMENT_3D('',#3698,#3699,#3700);
#3698 = CARTESIAN_POINT('',(-4.9,-10.35,7.4));
#3699 = DIRECTION('',(0.,0.,-1.));
#3700 = DIRECTION('',(1.,0.,0.));
#3701 = ADVANCED_FACE('',(#3702),#3727,.F.);
#3702 = FACE_BOUND('',#3703,.F.);
#3703 = EDGE_LOOP('',(#3704,#3705,#3711,#3712,#3713,#3721));
#3704 = ORIENTED_EDGE('',*,*,#2828,.F.);
#3705 = ORIENTED_EDGE('',*,*,#3706,.T.);
#3706 = EDGE_CURVE('',#2829,#2749,#3707,.T.);
#3707 = LINE('',#3708,#3709);
#3708 = CARTESIAN_POINT('',(9.1,10.85,8.2));
#3709 = VECTOR('',#3710,1.);
#3710 = DIRECTION('',(0.,-1.,0.));
#3711 = ORIENTED_EDGE('',*,*,#2748,.T.);
#3712 = ORIENTED_EDGE('',*,*,#3643,.F.);
#3713 = ORIENTED_EDGE('',*,*,#3714,.F.);
#3714 = EDGE_CURVE('',#3715,#3644,#3717,.T.);
#3715 = VERTEX_POINT('',#3716);
#3716 = CARTESIAN_POINT('',(9.1,9.5,5.));
#3717 = LINE('',#3718,#3719);
#3718 = CARTESIAN_POINT('',(9.1,11.55,5.));
#3719 = VECTOR('',#3720,1.);
#3720 = DIRECTION('',(0.,-1.,0.));
#3721 = ORIENTED_EDGE('',*,*,#3722,.F.);
#3722 = EDGE_CURVE('',#2831,#3715,#3723,.T.);
#3723 = LINE('',#3724,#3725);
#3724 = CARTESIAN_POINT('',(9.1,11.55,5.));
#3725 = VECTOR('',#3726,1.);
#3726 = DIRECTION('',(0.,-1.,0.));
#3727 = PLANE('',#3728);
#3728 = AXIS2_PLACEMENT_3D('',#3729,#3730,#3731);
#3729 = CARTESIAN_POINT('',(9.1,10.85,8.2));
#3730 = DIRECTION('',(1.,0.,0.));
#3731 = DIRECTION('',(0.,0.,-1.));
#3732 = ADVANCED_FACE('',(#3733,#3739,#3843,#3846,#3950,#3953),#3956,.T.
  );
#3733 = FACE_BOUND('',#3734,.T.);
#3734 = EDGE_LOOP('',(#3735,#3736,#3737,#3738));
#3735 = ORIENTED_EDGE('',*,*,#2812,.F.);
#3736 = ORIENTED_EDGE('',*,*,#2838,.T.);
#3737 = ORIENTED_EDGE('',*,*,#3706,.T.);
#3738 = ORIENTED_EDGE('',*,*,#2758,.F.);
#3739 = FACE_BOUND('',#3740,.T.);
#3740 = EDGE_LOOP('',(#3741,#3751,#3759,#3765,#3766,#3767,#3768,#3776,
    #3784,#3792,#3800,#3808,#3814,#3815,#3816,#3817,#3818,#3819,#3820,
    #3821,#3829,#3837));
#3741 = ORIENTED_EDGE('',*,*,#3742,.F.);
#3742 = EDGE_CURVE('',#3743,#3745,#3747,.T.);
#3743 = VERTEX_POINT('',#3744);
#3744 = CARTESIAN_POINT('',(-9.08,10.83,8.2));
#3745 = VERTEX_POINT('',#3746);
#3746 = CARTESIAN_POINT('',(-6.58,10.83,8.2));
#3747 = LINE('',#3748,#3749);
#3748 = CARTESIAN_POINT('',(-9.08,10.83,8.2));
#3749 = VECTOR('',#3750,1.);
#3750 = DIRECTION('',(1.,0.,0.));
#3751 = ORIENTED_EDGE('',*,*,#3752,.T.);
#3752 = EDGE_CURVE('',#3743,#3753,#3755,.T.);
#3753 = VERTEX_POINT('',#3754);
#3754 = CARTESIAN_POINT('',(-9.08,8.33,8.2));
#3755 = LINE('',#3756,#3757);
#3756 = CARTESIAN_POINT('',(-9.08,10.83,8.2));
#3757 = VECTOR('',#3758,1.);
#3758 = DIRECTION('',(0.,-1.,0.));
#3759 = ORIENTED_EDGE('',*,*,#3760,.T.);
#3760 = EDGE_CURVE('',#3753,#3101,#3761,.T.);
#3761 = LINE('',#3762,#3763);
#3762 = CARTESIAN_POINT('',(-9.08,8.33,8.2));
#3763 = VECTOR('',#3764,1.);
#3764 = DIRECTION('',(1.,0.,0.));
#3765 = ORIENTED_EDGE('',*,*,#3108,.F.);
#3766 = ORIENTED_EDGE('',*,*,#3123,.T.);
#3767 = ORIENTED_EDGE('',*,*,#3215,.F.);
#3768 = ORIENTED_EDGE('',*,*,#3769,.F.);
#3769 = EDGE_CURVE('',#3770,#3208,#3772,.T.);
#3770 = VERTEX_POINT('',#3771);
#3771 = CARTESIAN_POINT('',(-9.08,-8.33,8.2));
#3772 = LINE('',#3773,#3774);
#3773 = CARTESIAN_POINT('',(-9.08,-8.33,8.2));
#3774 = VECTOR('',#3775,1.);
#3775 = DIRECTION('',(1.,0.,0.));
#3776 = ORIENTED_EDGE('',*,*,#3777,.T.);
#3777 = EDGE_CURVE('',#3770,#3778,#3780,.T.);
#3778 = VERTEX_POINT('',#3779);
#3779 = CARTESIAN_POINT('',(-9.08,-10.83,8.2));
#3780 = LINE('',#3781,#3782);
#3781 = CARTESIAN_POINT('',(-9.08,-8.33,8.2));
#3782 = VECTOR('',#3783,1.);
#3783 = DIRECTION('',(0.,-1.,0.));
#3784 = ORIENTED_EDGE('',*,*,#3785,.T.);
#3785 = EDGE_CURVE('',#3778,#3786,#3788,.T.);
#3786 = VERTEX_POINT('',#3787);
#3787 = CARTESIAN_POINT('',(-6.58,-10.83,8.2));
#3788 = LINE('',#3789,#3790);
#3789 = CARTESIAN_POINT('',(-9.08,-10.83,8.2));
#3790 = VECTOR('',#3791,1.);
#3791 = DIRECTION('',(1.,0.,0.));
#3792 = ORIENTED_EDGE('',*,*,#3793,.F.);
#3793 = EDGE_CURVE('',#3794,#3786,#3796,.T.);
#3794 = VERTEX_POINT('',#3795);
#3795 = CARTESIAN_POINT('',(-6.58,-9.98,8.2));
#3796 = LINE('',#3797,#3798);
#3797 = CARTESIAN_POINT('',(-6.58,-8.33,8.2));
#3798 = VECTOR('',#3799,1.);
#3799 = DIRECTION('',(0.,-1.,0.));
#3800 = ORIENTED_EDGE('',*,*,#3801,.T.);
#3801 = EDGE_CURVE('',#3794,#3802,#3804,.T.);
#3802 = VERTEX_POINT('',#3803);
#3803 = CARTESIAN_POINT('',(-8.23,-9.98,8.2));
#3804 = LINE('',#3805,#3806);
#3805 = CARTESIAN_POINT('',(-8.655,-9.98,8.2));
#3806 = VECTOR('',#3807,1.);
#3807 = DIRECTION('',(-1.,0.,-0.));
#3808 = ORIENTED_EDGE('',*,*,#3809,.F.);
#3809 = EDGE_CURVE('',#3182,#3802,#3810,.T.);
#3810 = LINE('',#3811,#3812);
#3811 = CARTESIAN_POINT('',(-8.23,-8.28,8.2));
#3812 = VECTOR('',#3813,1.);
#3813 = DIRECTION('',(0.,-1.,0.));
#3814 = ORIENTED_EDGE('',*,*,#3181,.F.);
#3815 = ORIENTED_EDGE('',*,*,#3257,.F.);
#3816 = ORIENTED_EDGE('',*,*,#3306,.F.);
#3817 = ORIENTED_EDGE('',*,*,#3279,.F.);
#3818 = ORIENTED_EDGE('',*,*,#3240,.F.);
#3819 = ORIENTED_EDGE('',*,*,#3149,.T.);
#3820 = ORIENTED_EDGE('',*,*,#3074,.F.);
#3821 = ORIENTED_EDGE('',*,*,#3822,.F.);
#3822 = EDGE_CURVE('',#3823,#3075,#3825,.T.);
#3823 = VERTEX_POINT('',#3824);
#3824 = CARTESIAN_POINT('',(-8.23,9.98,8.2));
#3825 = LINE('',#3826,#3827);
#3826 = CARTESIAN_POINT('',(-8.23,10.405,8.2));
#3827 = VECTOR('',#3828,1.);
#3828 = DIRECTION('',(0.,-1.,0.));
#3829 = ORIENTED_EDGE('',*,*,#3830,.F.);
#3830 = EDGE_CURVE('',#3831,#3823,#3833,.T.);
#3831 = VERTEX_POINT('',#3832);
#3832 = CARTESIAN_POINT('',(-6.58,9.98,8.2));
#3833 = LINE('',#3834,#3835);
#3834 = CARTESIAN_POINT('',(-8.655,9.98,8.2));
#3835 = VECTOR('',#3836,1.);
#3836 = DIRECTION('',(-1.,0.,-0.));
#3837 = ORIENTED_EDGE('',*,*,#3838,.F.);
#3838 = EDGE_CURVE('',#3745,#3831,#3839,.T.);
#3839 = LINE('',#3840,#3841);
#3840 = CARTESIAN_POINT('',(-6.58,10.83,8.2));
#3841 = VECTOR('',#3842,1.);
#3842 = DIRECTION('',(0.,-1.,0.));
#3843 = FACE_BOUND('',#3844,.T.);
#3844 = EDGE_LOOP('',(#3845));
#3845 = ORIENTED_EDGE('',*,*,#3032,.F.);
#3846 = FACE_BOUND('',#3847,.T.);
#3847 = EDGE_LOOP('',(#3848,#3858,#3866,#3874,#3880,#3881,#3882,#3883,
    #3884,#3885,#3886,#3887,#3895,#3903,#3911,#3919,#3927,#3933,#3934,
    #3935,#3936,#3944));
#3848 = ORIENTED_EDGE('',*,*,#3849,.F.);
#3849 = EDGE_CURVE('',#3850,#3852,#3854,.T.);
#3850 = VERTEX_POINT('',#3851);
#3851 = CARTESIAN_POINT('',(6.58,10.83,8.2));
#3852 = VERTEX_POINT('',#3853);
#3853 = CARTESIAN_POINT('',(9.08,10.83,8.2));
#3854 = LINE('',#3855,#3856);
#3855 = CARTESIAN_POINT('',(6.58,10.83,8.2));
#3856 = VECTOR('',#3857,1.);
#3857 = DIRECTION('',(1.,0.,0.));
#3858 = ORIENTED_EDGE('',*,*,#3859,.T.);
#3859 = EDGE_CURVE('',#3850,#3860,#3862,.T.);
#3860 = VERTEX_POINT('',#3861);
#3861 = CARTESIAN_POINT('',(6.58,9.98,8.2));
#3862 = LINE('',#3863,#3864);
#3863 = CARTESIAN_POINT('',(6.58,10.83,8.2));
#3864 = VECTOR('',#3865,1.);
#3865 = DIRECTION('',(0.,-1.,0.));
#3866 = ORIENTED_EDGE('',*,*,#3867,.F.);
#3867 = EDGE_CURVE('',#3868,#3860,#3870,.T.);
#3868 = VERTEX_POINT('',#3869);
#3869 = CARTESIAN_POINT('',(8.23,9.98,8.2));
#3870 = LINE('',#3871,#3872);
#3871 = CARTESIAN_POINT('',(6.53,9.98,8.2));
#3872 = VECTOR('',#3873,1.);
#3873 = DIRECTION('',(-1.,0.,-0.));
#3874 = ORIENTED_EDGE('',*,*,#3875,.T.);
#3875 = EDGE_CURVE('',#3868,#3462,#3876,.T.);
#3876 = LINE('',#3877,#3878);
#3877 = CARTESIAN_POINT('',(8.23,10.405,8.2));
#3878 = VECTOR('',#3879,1.);
#3879 = DIRECTION('',(0.,-1.,0.));
#3880 = ORIENTED_EDGE('',*,*,#3461,.F.);
#3881 = ORIENTED_EDGE('',*,*,#3404,.T.);
#3882 = ORIENTED_EDGE('',*,*,#3363,.F.);
#3883 = ORIENTED_EDGE('',*,*,#3378,.T.);
#3884 = ORIENTED_EDGE('',*,*,#3436,.F.);
#3885 = ORIENTED_EDGE('',*,*,#3512,.F.);
#3886 = ORIENTED_EDGE('',*,*,#3561,.F.);
#3887 = ORIENTED_EDGE('',*,*,#3888,.T.);
#3888 = EDGE_CURVE('',#3562,#3889,#3891,.T.);
#3889 = VERTEX_POINT('',#3890);
#3890 = CARTESIAN_POINT('',(8.23,-9.98,8.2));
#3891 = LINE('',#3892,#3893);
#3892 = CARTESIAN_POINT('',(8.23,-8.28,8.2));
#3893 = VECTOR('',#3894,1.);
#3894 = DIRECTION('',(0.,-1.,0.));
#3895 = ORIENTED_EDGE('',*,*,#3896,.T.);
#3896 = EDGE_CURVE('',#3889,#3897,#3899,.T.);
#3897 = VERTEX_POINT('',#3898);
#3898 = CARTESIAN_POINT('',(6.58,-9.98,8.2));
#3899 = LINE('',#3900,#3901);
#3900 = CARTESIAN_POINT('',(6.53,-9.98,8.2));
#3901 = VECTOR('',#3902,1.);
#3902 = DIRECTION('',(-1.,0.,-0.));
#3903 = ORIENTED_EDGE('',*,*,#3904,.T.);
#3904 = EDGE_CURVE('',#3897,#3905,#3907,.T.);
#3905 = VERTEX_POINT('',#3906);
#3906 = CARTESIAN_POINT('',(6.58,-10.83,8.2));
#3907 = LINE('',#3908,#3909);
#3908 = CARTESIAN_POINT('',(6.58,-8.33,8.2));
#3909 = VECTOR('',#3910,1.);
#3910 = DIRECTION('',(0.,-1.,0.));
#3911 = ORIENTED_EDGE('',*,*,#3912,.T.);
#3912 = EDGE_CURVE('',#3905,#3913,#3915,.T.);
#3913 = VERTEX_POINT('',#3914);
#3914 = CARTESIAN_POINT('',(9.08,-10.83,8.2));
#3915 = LINE('',#3916,#3917);
#3916 = CARTESIAN_POINT('',(6.58,-10.83,8.2));
#3917 = VECTOR('',#3918,1.);
#3918 = DIRECTION('',(1.,0.,0.));
#3919 = ORIENTED_EDGE('',*,*,#3920,.F.);
#3920 = EDGE_CURVE('',#3921,#3913,#3923,.T.);
#3921 = VERTEX_POINT('',#3922);
#3922 = CARTESIAN_POINT('',(9.08,-8.33,8.2));
#3923 = LINE('',#3924,#3925);
#3924 = CARTESIAN_POINT('',(9.08,-8.33,8.2));
#3925 = VECTOR('',#3926,1.);
#3926 = DIRECTION('',(0.,-1.,0.));
#3927 = ORIENTED_EDGE('',*,*,#3928,.F.);
#3928 = EDGE_CURVE('',#3588,#3921,#3929,.T.);
#3929 = LINE('',#3930,#3931);
#3930 = CARTESIAN_POINT('',(6.58,-8.33,8.2));
#3931 = VECTOR('',#3932,1.);
#3932 = DIRECTION('',(1.,0.,0.));
#3933 = ORIENTED_EDGE('',*,*,#3595,.F.);
#3934 = ORIENTED_EDGE('',*,*,#3534,.F.);
#3935 = ORIENTED_EDGE('',*,*,#3495,.F.);
#3936 = ORIENTED_EDGE('',*,*,#3937,.T.);
#3937 = EDGE_CURVE('',#3488,#3938,#3940,.T.);
#3938 = VERTEX_POINT('',#3939);
#3939 = CARTESIAN_POINT('',(9.08,8.33,8.2));
#3940 = LINE('',#3941,#3942);
#3941 = CARTESIAN_POINT('',(6.58,8.33,8.2));
#3942 = VECTOR('',#3943,1.);
#3943 = DIRECTION('',(1.,0.,0.));
#3944 = ORIENTED_EDGE('',*,*,#3945,.F.);
#3945 = EDGE_CURVE('',#3852,#3938,#3946,.T.);
#3946 = LINE('',#3947,#3948);
#3947 = CARTESIAN_POINT('',(9.08,10.83,8.2));
#3948 = VECTOR('',#3949,1.);
#3949 = DIRECTION('',(0.,-1.,0.));
#3950 = FACE_BOUND('',#3951,.T.);
#3951 = EDGE_LOOP('',(#3952));
#3952 = ORIENTED_EDGE('',*,*,#3321,.F.);
#3953 = FACE_BOUND('',#3954,.T.);
#3954 = EDGE_LOOP('',(#3955));
#3955 = ORIENTED_EDGE('',*,*,#3610,.F.);
#3956 = PLANE('',#3957);
#3957 = AXIS2_PLACEMENT_3D('',#3958,#3959,#3960);
#3958 = CARTESIAN_POINT('',(-9.1,10.85,8.2));
#3959 = DIRECTION('',(0.,0.,-1.));
#3960 = DIRECTION('',(1.,0.,0.));
#3961 = ADVANCED_FACE('',(#3962),#4006,.T.);
#3962 = FACE_BOUND('',#3963,.T.);
#3963 = EDGE_LOOP('',(#3964,#3975,#3982,#3988,#3989,#3990,#3991,#3999));
#3964 = ORIENTED_EDGE('',*,*,#3965,.F.);
#3965 = EDGE_CURVE('',#3966,#3968,#3970,.T.);
#3966 = VERTEX_POINT('',#3967);
#3967 = CARTESIAN_POINT('',(10.464416350602,10.625590736692,5.));
#3968 = VERTEX_POINT('',#3969);
#3969 = CARTESIAN_POINT('',(8.841868832677,12.220564817824,5.));
#3970 = CIRCLE('',#3971,2.);
#3971 = AXIS2_PLACEMENT_3D('',#3972,#3973,#3974);
#3972 = CARTESIAN_POINT('',(8.5,10.25,5.));
#3973 = DIRECTION('',(0.,-0.,1.));
#3974 = DIRECTION('',(0.,1.,0.));
#3975 = ORIENTED_EDGE('',*,*,#3976,.T.);
#3976 = EDGE_CURVE('',#3966,#3652,#3977,.T.);
#3977 = CIRCLE('',#3978,4.2);
#3978 = AXIS2_PLACEMENT_3D('',#3979,#3980,#3981);
#3979 = CARTESIAN_POINT('',(7.,13.,5.));
#3980 = DIRECTION('',(0.,0.,-1.));
#3981 = DIRECTION('',(1.,0.,0.));
#3982 = ORIENTED_EDGE('',*,*,#3983,.F.);
#3983 = EDGE_CURVE('',#3715,#3652,#3984,.T.);
#3984 = LINE('',#3985,#3986);
#3985 = CARTESIAN_POINT('',(2.8,9.5,5.));
#3986 = VECTOR('',#3987,1.);
#3987 = DIRECTION('',(1.,0.,0.));
#3988 = ORIENTED_EDGE('',*,*,#3722,.F.);
#3989 = ORIENTED_EDGE('',*,*,#2854,.T.);
#3990 = ORIENTED_EDGE('',*,*,#2877,.T.);
#3991 = ORIENTED_EDGE('',*,*,#3992,.T.);
#3992 = EDGE_CURVE('',#2870,#3993,#3995,.T.);
#3993 = VERTEX_POINT('',#3994);
#3994 = CARTESIAN_POINT('',(5.145950378226,12.25,5.));
#3995 = LINE('',#3996,#3997);
#3996 = CARTESIAN_POINT('',(-10.5,12.25,5.));
#3997 = VECTOR('',#3998,1.);
#3998 = DIRECTION('',(1.,0.,0.));
#3999 = ORIENTED_EDGE('',*,*,#4000,.F.);
#4000 = EDGE_CURVE('',#3968,#3993,#4001,.T.);
#4001 = CIRCLE('',#4002,2.);
#4002 = AXIS2_PLACEMENT_3D('',#4003,#4004,#4005);
#4003 = CARTESIAN_POINT('',(7.,13.,5.));
#4004 = DIRECTION('',(0.,0.,-1.));
#4005 = DIRECTION('',(1.,0.,0.));
#4006 = PLANE('',#4007);
#4007 = AXIS2_PLACEMENT_3D('',#4008,#4009,#4010);
#4008 = CARTESIAN_POINT('',(-10.5,12.25,5.));
#4009 = DIRECTION('',(0.,0.,-1.));
#4010 = DIRECTION('',(1.,0.,0.));
#4011 = ADVANCED_FACE('',(#4012),#4030,.T.);
#4012 = FACE_BOUND('',#4013,.T.);
#4013 = EDGE_LOOP('',(#4014,#4022,#4029));
#4014 = ORIENTED_EDGE('',*,*,#4015,.F.);
#4015 = EDGE_CURVE('',#4016,#2307,#4018,.T.);
#4016 = VERTEX_POINT('',#4017);
#4017 = CARTESIAN_POINT('',(2.8,12.999999999999,5.));
#4018 = LINE('',#4019,#4020);
#4019 = CARTESIAN_POINT('',(2.8,13.5,5.));
#4020 = VECTOR('',#4021,1.);
#4021 = DIRECTION('',(0.,-1.,0.));
#4022 = ORIENTED_EDGE('',*,*,#4023,.F.);
#4023 = EDGE_CURVE('',#2870,#4016,#4024,.T.);
#4024 = CIRCLE('',#4025,4.2);
#4025 = AXIS2_PLACEMENT_3D('',#4026,#4027,#4028);
#4026 = CARTESIAN_POINT('',(7.,13.,5.));
#4027 = DIRECTION('',(0.,0.,-1.));
#4028 = DIRECTION('',(1.,0.,0.));
#4029 = ORIENTED_EDGE('',*,*,#2869,.F.);
#4030 = PLANE('',#4031);
#4031 = AXIS2_PLACEMENT_3D('',#4032,#4033,#4034);
#4032 = CARTESIAN_POINT('',(2.8,13.5,5.));
#4033 = DIRECTION('',(0.,0.,-1.));
#4034 = DIRECTION('',(1.,0.,0.));
#4035 = ADVANCED_FACE('',(#4036),#4054,.F.);
#4036 = FACE_BOUND('',#4037,.F.);
#4037 = EDGE_LOOP('',(#4038,#4039,#4047,#4053));
#4038 = ORIENTED_EDGE('',*,*,#4015,.F.);
#4039 = ORIENTED_EDGE('',*,*,#4040,.F.);
#4040 = EDGE_CURVE('',#4041,#4016,#4043,.T.);
#4041 = VERTEX_POINT('',#4042);
#4042 = CARTESIAN_POINT('',(2.8,12.999999999999,9.4));
#4043 = LINE('',#4044,#4045);
#4044 = CARTESIAN_POINT('',(2.8,13.,9.4));
#4045 = VECTOR('',#4046,1.);
#4046 = DIRECTION('',(0.,0.,-1.));
#4047 = ORIENTED_EDGE('',*,*,#4048,.T.);
#4048 = EDGE_CURVE('',#4041,#2430,#4049,.T.);
#4049 = LINE('',#4050,#4051);
#4050 = CARTESIAN_POINT('',(2.8,13.5,9.4));
#4051 = VECTOR('',#4052,1.);
#4052 = DIRECTION('',(0.,-1.,0.));
#4053 = ORIENTED_EDGE('',*,*,#2896,.F.);
#4054 = PLANE('',#4055);
#4055 = AXIS2_PLACEMENT_3D('',#4056,#4057,#4058);
#4056 = CARTESIAN_POINT('',(2.8,13.5,9.4));
#4057 = DIRECTION('',(1.,0.,0.));
#4058 = DIRECTION('',(0.,0.,-1.));
#4059 = ADVANCED_FACE('',(#4060),#4089,.F.);
#4060 = FACE_BOUND('',#4061,.F.);
#4061 = EDGE_LOOP('',(#4062,#4071,#4072,#4073,#4074,#4082));
#4062 = ORIENTED_EDGE('',*,*,#4063,.F.);
#4063 = EDGE_CURVE('',#3009,#4064,#4066,.T.);
#4064 = VERTEX_POINT('',#4065);
#4065 = CARTESIAN_POINT('',(8.841868832677,12.220564817824,9.4));
#4066 = CIRCLE('',#4067,2.);
#4067 = AXIS2_PLACEMENT_3D('',#4068,#4069,#4070);
#4068 = CARTESIAN_POINT('',(8.5,10.25,9.4));
#4069 = DIRECTION('',(0.,-0.,1.));
#4070 = DIRECTION('',(0.,1.,0.));
#4071 = ORIENTED_EDGE('',*,*,#3008,.T.);
#4072 = ORIENTED_EDGE('',*,*,#2984,.F.);
#4073 = ORIENTED_EDGE('',*,*,#2919,.T.);
#4074 = ORIENTED_EDGE('',*,*,#4075,.T.);
#4075 = EDGE_CURVE('',#2912,#4076,#4078,.T.);
#4076 = VERTEX_POINT('',#4077);
#4077 = CARTESIAN_POINT('',(5.145950378226,12.25,9.4));
#4078 = LINE('',#4079,#4080);
#4079 = CARTESIAN_POINT('',(-10.5,12.25,9.4));
#4080 = VECTOR('',#4081,1.);
#4081 = DIRECTION('',(1.,0.,0.));
#4082 = ORIENTED_EDGE('',*,*,#4083,.F.);
#4083 = EDGE_CURVE('',#4064,#4076,#4084,.T.);
#4084 = CIRCLE('',#4085,2.);
#4085 = AXIS2_PLACEMENT_3D('',#4086,#4087,#4088);
#4086 = CARTESIAN_POINT('',(7.,13.,9.4));
#4087 = DIRECTION('',(0.,0.,-1.));
#4088 = DIRECTION('',(1.,0.,0.));
#4089 = PLANE('',#4090);
#4090 = AXIS2_PLACEMENT_3D('',#4091,#4092,#4093);
#4091 = CARTESIAN_POINT('',(-10.5,12.25,9.4));
#4092 = DIRECTION('',(0.,0.,-1.));
#4093 = DIRECTION('',(1.,0.,0.));
#4094 = ADVANCED_FACE('',(#4095),#4106,.F.);
#4095 = FACE_BOUND('',#4096,.F.);
#4096 = EDGE_LOOP('',(#4097,#4098,#4105));
#4097 = ORIENTED_EDGE('',*,*,#4048,.F.);
#4098 = ORIENTED_EDGE('',*,*,#4099,.F.);
#4099 = EDGE_CURVE('',#2912,#4041,#4100,.T.);
#4100 = CIRCLE('',#4101,4.2);
#4101 = AXIS2_PLACEMENT_3D('',#4102,#4103,#4104);
#4102 = CARTESIAN_POINT('',(7.,13.,9.4));
#4103 = DIRECTION('',(0.,0.,-1.));
#4104 = DIRECTION('',(1.,0.,0.));
#4105 = ORIENTED_EDGE('',*,*,#2911,.F.);
#4106 = PLANE('',#4107);
#4107 = AXIS2_PLACEMENT_3D('',#4108,#4109,#4110);
#4108 = CARTESIAN_POINT('',(2.8,13.5,9.4));
#4109 = DIRECTION('',(0.,0.,-1.));
#4110 = DIRECTION('',(1.,0.,0.));
#4111 = ADVANCED_FACE('',(#4112),#4137,.T.);
#4112 = FACE_BOUND('',#4113,.T.);
#4113 = EDGE_LOOP('',(#4114,#4122,#4123,#4131));
#4114 = ORIENTED_EDGE('',*,*,#4115,.F.);
#4115 = EDGE_CURVE('',#2463,#4116,#4118,.T.);
#4116 = VERTEX_POINT('',#4117);
#4117 = CARTESIAN_POINT('',(11.2,9.5,9.4));
#4118 = LINE('',#4119,#4120);
#4119 = CARTESIAN_POINT('',(2.8,9.5,9.4));
#4120 = VECTOR('',#4121,1.);
#4121 = DIRECTION('',(1.,0.,0.));
#4122 = ORIENTED_EDGE('',*,*,#2968,.T.);
#4123 = ORIENTED_EDGE('',*,*,#4124,.T.);
#4124 = EDGE_CURVE('',#2961,#4125,#4127,.T.);
#4125 = VERTEX_POINT('',#4126);
#4126 = CARTESIAN_POINT('',(11.2,9.5,5.));
#4127 = LINE('',#4128,#4129);
#4128 = CARTESIAN_POINT('',(2.8,9.5,5.));
#4129 = VECTOR('',#4130,1.);
#4130 = DIRECTION('',(1.,0.,0.));
#4131 = ORIENTED_EDGE('',*,*,#4132,.F.);
#4132 = EDGE_CURVE('',#4116,#4125,#4133,.T.);
#4133 = LINE('',#4134,#4135);
#4134 = CARTESIAN_POINT('',(11.2,9.5,9.4));
#4135 = VECTOR('',#4136,1.);
#4136 = DIRECTION('',(0.,0.,-1.));
#4137 = PLANE('',#4138);
#4138 = AXIS2_PLACEMENT_3D('',#4139,#4140,#4141);
#4139 = CARTESIAN_POINT('',(2.8,9.5,9.4));
#4140 = DIRECTION('',(0.,-1.,0.));
#4141 = DIRECTION('',(0.,0.,-1.));
#4142 = ADVANCED_FACE('',(#4143),#4163,.F.);
#4143 = FACE_BOUND('',#4144,.F.);
#4144 = EDGE_LOOP('',(#4145,#4154,#4160,#4161,#4162));
#4145 = ORIENTED_EDGE('',*,*,#4146,.F.);
#4146 = EDGE_CURVE('',#4147,#3009,#4149,.T.);
#4147 = VERTEX_POINT('',#4148);
#4148 = CARTESIAN_POINT('',(11.2,13.,9.4));
#4149 = CIRCLE('',#4150,4.2);
#4150 = AXIS2_PLACEMENT_3D('',#4151,#4152,#4153);
#4151 = CARTESIAN_POINT('',(7.,13.,9.4));
#4152 = DIRECTION('',(0.,0.,-1.));
#4153 = DIRECTION('',(1.,0.,0.));
#4154 = ORIENTED_EDGE('',*,*,#4155,.T.);
#4155 = EDGE_CURVE('',#4147,#4116,#4156,.T.);
#4156 = LINE('',#4157,#4158);
#4157 = CARTESIAN_POINT('',(11.2,13.5,9.4));
#4158 = VECTOR('',#4159,1.);
#4159 = DIRECTION('',(0.,-1.,0.));
#4160 = ORIENTED_EDGE('',*,*,#4115,.F.);
#4161 = ORIENTED_EDGE('',*,*,#2999,.F.);
#4162 = ORIENTED_EDGE('',*,*,#3017,.T.);
#4163 = PLANE('',#4164);
#4164 = AXIS2_PLACEMENT_3D('',#4165,#4166,#4167);
#4165 = CARTESIAN_POINT('',(2.8,13.5,9.4));
#4166 = DIRECTION('',(0.,0.,-1.));
#4167 = DIRECTION('',(1.,0.,0.));
#4168 = ADVANCED_FACE('',(#4169),#4187,.T.);
#4169 = FACE_BOUND('',#4170,.T.);
#4170 = EDGE_LOOP('',(#4171,#4172,#4180,#4186));
#4171 = ORIENTED_EDGE('',*,*,#3760,.F.);
#4172 = ORIENTED_EDGE('',*,*,#4173,.T.);
#4173 = EDGE_CURVE('',#3753,#4174,#4176,.T.);
#4174 = VERTEX_POINT('',#4175);
#4175 = CARTESIAN_POINT('',(-9.08,8.33,3.5));
#4176 = LINE('',#4177,#4178);
#4177 = CARTESIAN_POINT('',(-9.08,8.33,8.2));
#4178 = VECTOR('',#4179,1.);
#4179 = DIRECTION('',(0.,0.,-1.));
#4180 = ORIENTED_EDGE('',*,*,#4181,.T.);
#4181 = EDGE_CURVE('',#4174,#3092,#4182,.T.);
#4182 = LINE('',#4183,#4184);
#4183 = CARTESIAN_POINT('',(-9.08,8.33,3.5));
#4184 = VECTOR('',#4185,1.);
#4185 = DIRECTION('',(1.,0.,0.));
#4186 = ORIENTED_EDGE('',*,*,#3100,.F.);
#4187 = PLANE('',#4188);
#4188 = AXIS2_PLACEMENT_3D('',#4189,#4190,#4191);
#4189 = CARTESIAN_POINT('',(-9.08,8.33,8.2));
#4190 = DIRECTION('',(0.,-1.,0.));
#4191 = DIRECTION('',(0.,0.,-1.));
#4192 = ADVANCED_FACE('',(#4193),#4235,.T.);
#4193 = FACE_BOUND('',#4194,.T.);
#4194 = EDGE_LOOP('',(#4195,#4196,#4204,#4212,#4220,#4228,#4234));
#4195 = ORIENTED_EDGE('',*,*,#4181,.F.);
#4196 = ORIENTED_EDGE('',*,*,#4197,.F.);
#4197 = EDGE_CURVE('',#4198,#4174,#4200,.T.);
#4198 = VERTEX_POINT('',#4199);
#4199 = CARTESIAN_POINT('',(-9.08,10.83,3.5));
#4200 = LINE('',#4201,#4202);
#4201 = CARTESIAN_POINT('',(-9.08,10.83,3.5));
#4202 = VECTOR('',#4203,1.);
#4203 = DIRECTION('',(0.,-1.,0.));
#4204 = ORIENTED_EDGE('',*,*,#4205,.T.);
#4205 = EDGE_CURVE('',#4198,#4206,#4208,.T.);
#4206 = VERTEX_POINT('',#4207);
#4207 = CARTESIAN_POINT('',(-6.58,10.83,3.5));
#4208 = LINE('',#4209,#4210);
#4209 = CARTESIAN_POINT('',(-9.08,10.83,3.5));
#4210 = VECTOR('',#4211,1.);
#4211 = DIRECTION('',(1.,0.,0.));
#4212 = ORIENTED_EDGE('',*,*,#4213,.T.);
#4213 = EDGE_CURVE('',#4206,#4214,#4216,.T.);
#4214 = VERTEX_POINT('',#4215);
#4215 = CARTESIAN_POINT('',(-6.58,9.98,3.5));
#4216 = LINE('',#4217,#4218);
#4217 = CARTESIAN_POINT('',(-6.58,10.83,3.5));
#4218 = VECTOR('',#4219,1.);
#4219 = DIRECTION('',(0.,-1.,0.));
#4220 = ORIENTED_EDGE('',*,*,#4221,.T.);
#4221 = EDGE_CURVE('',#4214,#4222,#4224,.T.);
#4222 = VERTEX_POINT('',#4223);
#4223 = CARTESIAN_POINT('',(-8.23,9.98,3.5));
#4224 = LINE('',#4225,#4226);
#4225 = CARTESIAN_POINT('',(-8.655,9.98,3.5));
#4226 = VECTOR('',#4227,1.);
#4227 = DIRECTION('',(-1.,0.,-0.));
#4228 = ORIENTED_EDGE('',*,*,#4229,.T.);
#4229 = EDGE_CURVE('',#4222,#3084,#4230,.T.);
#4230 = LINE('',#4231,#4232);
#4231 = CARTESIAN_POINT('',(-8.23,10.405,3.5));
#4232 = VECTOR('',#4233,1.);
#4233 = DIRECTION('',(0.,-1.,0.));
#4234 = ORIENTED_EDGE('',*,*,#3091,.F.);
#4235 = PLANE('',#4236);
#4236 = AXIS2_PLACEMENT_3D('',#4237,#4238,#4239);
#4237 = CARTESIAN_POINT('',(-9.08,10.83,3.5));
#4238 = DIRECTION('',(0.,0.,-1.));
#4239 = DIRECTION('',(1.,0.,0.));
#4240 = ADVANCED_FACE('',(#4241),#4252,.T.);
#4241 = FACE_BOUND('',#4242,.T.);
#4242 = EDGE_LOOP('',(#4243,#4249,#4250,#4251));
#4243 = ORIENTED_EDGE('',*,*,#4244,.F.);
#4244 = EDGE_CURVE('',#3823,#4222,#4245,.T.);
#4245 = LINE('',#4246,#4247);
#4246 = CARTESIAN_POINT('',(-8.23,9.98,8.7));
#4247 = VECTOR('',#4248,1.);
#4248 = DIRECTION('',(0.,0.,-1.));
#4249 = ORIENTED_EDGE('',*,*,#3822,.T.);
#4250 = ORIENTED_EDGE('',*,*,#3083,.T.);
#4251 = ORIENTED_EDGE('',*,*,#4229,.F.);
#4252 = PLANE('',#4253);
#4253 = AXIS2_PLACEMENT_3D('',#4254,#4255,#4256);
#4254 = CARTESIAN_POINT('',(-8.23,9.98,8.7));
#4255 = DIRECTION('',(1.,0.,0.));
#4256 = DIRECTION('',(0.,0.,-1.));
#4257 = ADVANCED_FACE('',(#4258),#4276,.F.);
#4258 = FACE_BOUND('',#4259,.F.);
#4259 = EDGE_LOOP('',(#4260,#4261,#4269,#4275));
#4260 = ORIENTED_EDGE('',*,*,#3769,.F.);
#4261 = ORIENTED_EDGE('',*,*,#4262,.T.);
#4262 = EDGE_CURVE('',#3770,#4263,#4265,.T.);
#4263 = VERTEX_POINT('',#4264);
#4264 = CARTESIAN_POINT('',(-9.08,-8.33,3.5));
#4265 = LINE('',#4266,#4267);
#4266 = CARTESIAN_POINT('',(-9.08,-8.33,8.2));
#4267 = VECTOR('',#4268,1.);
#4268 = DIRECTION('',(0.,0.,-1.));
#4269 = ORIENTED_EDGE('',*,*,#4270,.T.);
#4270 = EDGE_CURVE('',#4263,#3199,#4271,.T.);
#4271 = LINE('',#4272,#4273);
#4272 = CARTESIAN_POINT('',(-9.08,-8.33,3.5));
#4273 = VECTOR('',#4274,1.);
#4274 = DIRECTION('',(1.,0.,0.));
#4275 = ORIENTED_EDGE('',*,*,#3207,.F.);
#4276 = PLANE('',#4277);
#4277 = AXIS2_PLACEMENT_3D('',#4278,#4279,#4280);
#4278 = CARTESIAN_POINT('',(-9.08,-8.33,8.2));
#4279 = DIRECTION('',(0.,-1.,0.));
#4280 = DIRECTION('',(0.,0.,-1.));
#4281 = ADVANCED_FACE('',(#4282),#4324,.T.);
#4282 = FACE_BOUND('',#4283,.T.);
#4283 = EDGE_LOOP('',(#4284,#4294,#4302,#4308,#4309,#4310,#4318));
#4284 = ORIENTED_EDGE('',*,*,#4285,.T.);
#4285 = EDGE_CURVE('',#4286,#4288,#4290,.T.);
#4286 = VERTEX_POINT('',#4287);
#4287 = CARTESIAN_POINT('',(-6.58,-9.98,3.5));
#4288 = VERTEX_POINT('',#4289);
#4289 = CARTESIAN_POINT('',(-6.58,-10.83,3.5));
#4290 = LINE('',#4291,#4292);
#4291 = CARTESIAN_POINT('',(-6.58,-8.33,3.5));
#4292 = VECTOR('',#4293,1.);
#4293 = DIRECTION('',(0.,-1.,0.));
#4294 = ORIENTED_EDGE('',*,*,#4295,.F.);
#4295 = EDGE_CURVE('',#4296,#4288,#4298,.T.);
#4296 = VERTEX_POINT('',#4297);
#4297 = CARTESIAN_POINT('',(-9.08,-10.83,3.5));
#4298 = LINE('',#4299,#4300);
#4299 = CARTESIAN_POINT('',(-9.08,-10.83,3.5));
#4300 = VECTOR('',#4301,1.);
#4301 = DIRECTION('',(1.,0.,0.));
#4302 = ORIENTED_EDGE('',*,*,#4303,.F.);
#4303 = EDGE_CURVE('',#4263,#4296,#4304,.T.);
#4304 = LINE('',#4305,#4306);
#4305 = CARTESIAN_POINT('',(-9.08,-8.33,3.5));
#4306 = VECTOR('',#4307,1.);
#4307 = DIRECTION('',(0.,-1.,0.));
#4308 = ORIENTED_EDGE('',*,*,#4270,.T.);
#4309 = ORIENTED_EDGE('',*,*,#3198,.F.);
#4310 = ORIENTED_EDGE('',*,*,#4311,.T.);
#4311 = EDGE_CURVE('',#3191,#4312,#4314,.T.);
#4312 = VERTEX_POINT('',#4313);
#4313 = CARTESIAN_POINT('',(-8.23,-9.98,3.5));
#4314 = LINE('',#4315,#4316);
#4315 = CARTESIAN_POINT('',(-8.23,-8.28,3.5));
#4316 = VECTOR('',#4317,1.);
#4317 = DIRECTION('',(0.,-1.,0.));
#4318 = ORIENTED_EDGE('',*,*,#4319,.F.);
#4319 = EDGE_CURVE('',#4286,#4312,#4320,.T.);
#4320 = LINE('',#4321,#4322);
#4321 = CARTESIAN_POINT('',(-8.655,-9.98,3.5));
#4322 = VECTOR('',#4323,1.);
#4323 = DIRECTION('',(-1.,0.,-0.));
#4324 = PLANE('',#4325);
#4325 = AXIS2_PLACEMENT_3D('',#4326,#4327,#4328);
#4326 = CARTESIAN_POINT('',(-9.08,-8.33,3.5));
#4327 = DIRECTION('',(0.,0.,-1.));
#4328 = DIRECTION('',(1.,0.,0.));
#4329 = ADVANCED_FACE('',(#4330),#4341,.T.);
#4330 = FACE_BOUND('',#4331,.T.);
#4331 = EDGE_LOOP('',(#4332,#4333,#4339,#4340));
#4332 = ORIENTED_EDGE('',*,*,#3809,.T.);
#4333 = ORIENTED_EDGE('',*,*,#4334,.T.);
#4334 = EDGE_CURVE('',#3802,#4312,#4335,.T.);
#4335 = LINE('',#4336,#4337);
#4336 = CARTESIAN_POINT('',(-8.23,-9.98,8.7));
#4337 = VECTOR('',#4338,1.);
#4338 = DIRECTION('',(0.,0.,-1.));
#4339 = ORIENTED_EDGE('',*,*,#4311,.F.);
#4340 = ORIENTED_EDGE('',*,*,#3190,.F.);
#4341 = PLANE('',#4342);
#4342 = AXIS2_PLACEMENT_3D('',#4343,#4344,#4345);
#4343 = CARTESIAN_POINT('',(-8.23,-8.23,8.7));
#4344 = DIRECTION('',(1.,0.,0.));
#4345 = DIRECTION('',(0.,0.,-1.));
#4346 = ADVANCED_FACE('',(#4347),#4365,.T.);
#4347 = FACE_BOUND('',#4348,.T.);
#4348 = EDGE_LOOP('',(#4349,#4350,#4351,#4359));
#4349 = ORIENTED_EDGE('',*,*,#3937,.F.);
#4350 = ORIENTED_EDGE('',*,*,#3487,.T.);
#4351 = ORIENTED_EDGE('',*,*,#4352,.T.);
#4352 = EDGE_CURVE('',#3479,#4353,#4355,.T.);
#4353 = VERTEX_POINT('',#4354);
#4354 = CARTESIAN_POINT('',(9.08,8.33,3.5));
#4355 = LINE('',#4356,#4357);
#4356 = CARTESIAN_POINT('',(6.58,8.33,3.5));
#4357 = VECTOR('',#4358,1.);
#4358 = DIRECTION('',(1.,0.,0.));
#4359 = ORIENTED_EDGE('',*,*,#4360,.F.);
#4360 = EDGE_CURVE('',#3938,#4353,#4361,.T.);
#4361 = LINE('',#4362,#4363);
#4362 = CARTESIAN_POINT('',(9.08,8.33,8.2));
#4363 = VECTOR('',#4364,1.);
#4364 = DIRECTION('',(0.,0.,-1.));
#4365 = PLANE('',#4366);
#4366 = AXIS2_PLACEMENT_3D('',#4367,#4368,#4369);
#4367 = CARTESIAN_POINT('',(6.58,8.33,8.2));
#4368 = DIRECTION('',(0.,-1.,0.));
#4369 = DIRECTION('',(0.,0.,-1.));
#4370 = ADVANCED_FACE('',(#4371),#4413,.T.);
#4371 = FACE_BOUND('',#4372,.T.);
#4372 = EDGE_LOOP('',(#4373,#4383,#4391,#4397,#4398,#4399,#4407));
#4373 = ORIENTED_EDGE('',*,*,#4374,.F.);
#4374 = EDGE_CURVE('',#4375,#4377,#4379,.T.);
#4375 = VERTEX_POINT('',#4376);
#4376 = CARTESIAN_POINT('',(6.58,10.83,3.5));
#4377 = VERTEX_POINT('',#4378);
#4378 = CARTESIAN_POINT('',(6.58,9.98,3.5));
#4379 = LINE('',#4380,#4381);
#4380 = CARTESIAN_POINT('',(6.58,10.83,3.5));
#4381 = VECTOR('',#4382,1.);
#4382 = DIRECTION('',(0.,-1.,0.));
#4383 = ORIENTED_EDGE('',*,*,#4384,.T.);
#4384 = EDGE_CURVE('',#4375,#4385,#4387,.T.);
#4385 = VERTEX_POINT('',#4386);
#4386 = CARTESIAN_POINT('',(9.08,10.83,3.5));
#4387 = LINE('',#4388,#4389);
#4388 = CARTESIAN_POINT('',(6.58,10.83,3.5));
#4389 = VECTOR('',#4390,1.);
#4390 = DIRECTION('',(1.,0.,0.));
#4391 = ORIENTED_EDGE('',*,*,#4392,.T.);
#4392 = EDGE_CURVE('',#4385,#4353,#4393,.T.);
#4393 = LINE('',#4394,#4395);
#4394 = CARTESIAN_POINT('',(9.08,10.83,3.5));
#4395 = VECTOR('',#4396,1.);
#4396 = DIRECTION('',(0.,-1.,0.));
#4397 = ORIENTED_EDGE('',*,*,#4352,.F.);
#4398 = ORIENTED_EDGE('',*,*,#3478,.F.);
#4399 = ORIENTED_EDGE('',*,*,#4400,.F.);
#4400 = EDGE_CURVE('',#4401,#3471,#4403,.T.);
#4401 = VERTEX_POINT('',#4402);
#4402 = CARTESIAN_POINT('',(8.23,9.98,3.5));
#4403 = LINE('',#4404,#4405);
#4404 = CARTESIAN_POINT('',(8.23,10.405,3.5));
#4405 = VECTOR('',#4406,1.);
#4406 = DIRECTION('',(0.,-1.,0.));
#4407 = ORIENTED_EDGE('',*,*,#4408,.T.);
#4408 = EDGE_CURVE('',#4401,#4377,#4409,.T.);
#4409 = LINE('',#4410,#4411);
#4410 = CARTESIAN_POINT('',(6.53,9.98,3.5));
#4411 = VECTOR('',#4412,1.);
#4412 = DIRECTION('',(-1.,0.,-0.));
#4413 = PLANE('',#4414);
#4414 = AXIS2_PLACEMENT_3D('',#4415,#4416,#4417);
#4415 = CARTESIAN_POINT('',(6.58,10.83,3.5));
#4416 = DIRECTION('',(0.,0.,-1.));
#4417 = DIRECTION('',(1.,0.,0.));
#4418 = ADVANCED_FACE('',(#4419),#4430,.F.);
#4419 = FACE_BOUND('',#4420,.F.);
#4420 = EDGE_LOOP('',(#4421,#4427,#4428,#4429));
#4421 = ORIENTED_EDGE('',*,*,#4422,.F.);
#4422 = EDGE_CURVE('',#3868,#4401,#4423,.T.);
#4423 = LINE('',#4424,#4425);
#4424 = CARTESIAN_POINT('',(8.23,9.98,8.7));
#4425 = VECTOR('',#4426,1.);
#4426 = DIRECTION('',(0.,0.,-1.));
#4427 = ORIENTED_EDGE('',*,*,#3875,.T.);
#4428 = ORIENTED_EDGE('',*,*,#3470,.T.);
#4429 = ORIENTED_EDGE('',*,*,#4400,.F.);
#4430 = PLANE('',#4431);
#4431 = AXIS2_PLACEMENT_3D('',#4432,#4433,#4434);
#4432 = CARTESIAN_POINT('',(8.23,9.98,8.7));
#4433 = DIRECTION('',(1.,0.,0.));
#4434 = DIRECTION('',(0.,0.,-1.));
#4435 = ADVANCED_FACE('',(#4436),#4454,.F.);
#4436 = FACE_BOUND('',#4437,.F.);
#4437 = EDGE_LOOP('',(#4438,#4439,#4440,#4448));
#4438 = ORIENTED_EDGE('',*,*,#3928,.F.);
#4439 = ORIENTED_EDGE('',*,*,#3587,.T.);
#4440 = ORIENTED_EDGE('',*,*,#4441,.T.);
#4441 = EDGE_CURVE('',#3579,#4442,#4444,.T.);
#4442 = VERTEX_POINT('',#4443);
#4443 = CARTESIAN_POINT('',(9.08,-8.33,3.5));
#4444 = LINE('',#4445,#4446);
#4445 = CARTESIAN_POINT('',(6.58,-8.33,3.5));
#4446 = VECTOR('',#4447,1.);
#4447 = DIRECTION('',(1.,0.,0.));
#4448 = ORIENTED_EDGE('',*,*,#4449,.F.);
#4449 = EDGE_CURVE('',#3921,#4442,#4450,.T.);
#4450 = LINE('',#4451,#4452);
#4451 = CARTESIAN_POINT('',(9.08,-8.33,8.2));
#4452 = VECTOR('',#4453,1.);
#4453 = DIRECTION('',(0.,0.,-1.));
#4454 = PLANE('',#4455);
#4455 = AXIS2_PLACEMENT_3D('',#4456,#4457,#4458);
#4456 = CARTESIAN_POINT('',(6.58,-8.33,8.2));
#4457 = DIRECTION('',(0.,-1.,0.));
#4458 = DIRECTION('',(0.,0.,-1.));
#4459 = ADVANCED_FACE('',(#4460),#4502,.T.);
#4460 = FACE_BOUND('',#4461,.T.);
#4461 = EDGE_LOOP('',(#4462,#4472,#4480,#4486,#4487,#4488,#4496));
#4462 = ORIENTED_EDGE('',*,*,#4463,.F.);
#4463 = EDGE_CURVE('',#4464,#4466,#4468,.T.);
#4464 = VERTEX_POINT('',#4465);
#4465 = CARTESIAN_POINT('',(6.58,-9.98,3.5));
#4466 = VERTEX_POINT('',#4467);
#4467 = CARTESIAN_POINT('',(6.58,-10.83,3.5));
#4468 = LINE('',#4469,#4470);
#4469 = CARTESIAN_POINT('',(6.58,-8.33,3.5));
#4470 = VECTOR('',#4471,1.);
#4471 = DIRECTION('',(0.,-1.,0.));
#4472 = ORIENTED_EDGE('',*,*,#4473,.F.);
#4473 = EDGE_CURVE('',#4474,#4464,#4476,.T.);
#4474 = VERTEX_POINT('',#4475);
#4475 = CARTESIAN_POINT('',(8.23,-9.98,3.5));
#4476 = LINE('',#4477,#4478);
#4477 = CARTESIAN_POINT('',(6.53,-9.98,3.5));
#4478 = VECTOR('',#4479,1.);
#4479 = DIRECTION('',(-1.,0.,-0.));
#4480 = ORIENTED_EDGE('',*,*,#4481,.F.);
#4481 = EDGE_CURVE('',#3571,#4474,#4482,.T.);
#4482 = LINE('',#4483,#4484);
#4483 = CARTESIAN_POINT('',(8.23,-8.28,3.5));
#4484 = VECTOR('',#4485,1.);
#4485 = DIRECTION('',(0.,-1.,0.));
#4486 = ORIENTED_EDGE('',*,*,#3578,.F.);
#4487 = ORIENTED_EDGE('',*,*,#4441,.T.);
#4488 = ORIENTED_EDGE('',*,*,#4489,.T.);
#4489 = EDGE_CURVE('',#4442,#4490,#4492,.T.);
#4490 = VERTEX_POINT('',#4491);
#4491 = CARTESIAN_POINT('',(9.08,-10.83,3.5));
#4492 = LINE('',#4493,#4494);
#4493 = CARTESIAN_POINT('',(9.08,-8.33,3.5));
#4494 = VECTOR('',#4495,1.);
#4495 = DIRECTION('',(0.,-1.,0.));
#4496 = ORIENTED_EDGE('',*,*,#4497,.F.);
#4497 = EDGE_CURVE('',#4466,#4490,#4498,.T.);
#4498 = LINE('',#4499,#4500);
#4499 = CARTESIAN_POINT('',(6.58,-10.83,3.5));
#4500 = VECTOR('',#4501,1.);
#4501 = DIRECTION('',(1.,0.,0.));
#4502 = PLANE('',#4503);
#4503 = AXIS2_PLACEMENT_3D('',#4504,#4505,#4506);
#4504 = CARTESIAN_POINT('',(6.58,-8.33,3.5));
#4505 = DIRECTION('',(0.,0.,-1.));
#4506 = DIRECTION('',(1.,0.,0.));
#4507 = ADVANCED_FACE('',(#4508),#4519,.F.);
#4508 = FACE_BOUND('',#4509,.F.);
#4509 = EDGE_LOOP('',(#4510,#4511,#4517,#4518));
#4510 = ORIENTED_EDGE('',*,*,#3888,.T.);
#4511 = ORIENTED_EDGE('',*,*,#4512,.T.);
#4512 = EDGE_CURVE('',#3889,#4474,#4513,.T.);
#4513 = LINE('',#4514,#4515);
#4514 = CARTESIAN_POINT('',(8.23,-9.98,8.7));
#4515 = VECTOR('',#4516,1.);
#4516 = DIRECTION('',(0.,0.,-1.));
#4517 = ORIENTED_EDGE('',*,*,#4481,.F.);
#4518 = ORIENTED_EDGE('',*,*,#3570,.F.);
#4519 = PLANE('',#4520);
#4520 = AXIS2_PLACEMENT_3D('',#4521,#4522,#4523);
#4521 = CARTESIAN_POINT('',(8.23,-8.23,8.7));
#4522 = DIRECTION('',(1.,0.,0.));
#4523 = DIRECTION('',(0.,0.,-1.));
#4524 = ADVANCED_FACE('',(#4525),#4544,.T.);
#4525 = FACE_BOUND('',#4526,.T.);
#4526 = EDGE_LOOP('',(#4527,#4535,#4536,#4537));
#4527 = ORIENTED_EDGE('',*,*,#4528,.T.);
#4528 = EDGE_CURVE('',#4529,#2961,#4531,.T.);
#4529 = VERTEX_POINT('',#4530);
#4530 = CARTESIAN_POINT('',(10.5,10.25,5.));
#4531 = LINE('',#4532,#4533);
#4532 = CARTESIAN_POINT('',(10.5,12.25,5.));
#4533 = VECTOR('',#4534,1.);
#4534 = DIRECTION('',(0.,-1.,0.));
#4535 = ORIENTED_EDGE('',*,*,#3660,.F.);
#4536 = ORIENTED_EDGE('',*,*,#3976,.F.);
#4537 = ORIENTED_EDGE('',*,*,#4538,.F.);
#4538 = EDGE_CURVE('',#4529,#3966,#4539,.T.);
#4539 = CIRCLE('',#4540,2.);
#4540 = AXIS2_PLACEMENT_3D('',#4541,#4542,#4543);
#4541 = CARTESIAN_POINT('',(8.5,10.25,5.));
#4542 = DIRECTION('',(0.,-0.,1.));
#4543 = DIRECTION('',(0.,1.,0.));
#4544 = PLANE('',#4545);
#4545 = AXIS2_PLACEMENT_3D('',#4546,#4547,#4548);
#4546 = CARTESIAN_POINT('',(-10.5,12.25,5.));
#4547 = DIRECTION('',(0.,0.,-1.));
#4548 = DIRECTION('',(1.,0.,0.));
#4549 = ADVANCED_FACE('',(#4550),#4555,.T.);
#4550 = FACE_BOUND('',#4551,.T.);
#4551 = EDGE_LOOP('',(#4552,#4553,#4554));
#4552 = ORIENTED_EDGE('',*,*,#3714,.F.);
#4553 = ORIENTED_EDGE('',*,*,#3983,.T.);
#4554 = ORIENTED_EDGE('',*,*,#3651,.T.);
#4555 = PLANE('',#4556);
#4556 = AXIS2_PLACEMENT_3D('',#4557,#4558,#4559);
#4557 = CARTESIAN_POINT('',(-10.5,12.25,5.));
#4558 = DIRECTION('',(0.,0.,-1.));
#4559 = DIRECTION('',(1.,0.,0.));
#4560 = ADVANCED_FACE('',(#4561),#4577,.F.);
#4561 = FACE_BOUND('',#4562,.F.);
#4562 = EDGE_LOOP('',(#4563,#4564,#4570,#4571));
#4563 = ORIENTED_EDGE('',*,*,#3742,.F.);
#4564 = ORIENTED_EDGE('',*,*,#4565,.T.);
#4565 = EDGE_CURVE('',#3743,#4198,#4566,.T.);
#4566 = LINE('',#4567,#4568);
#4567 = CARTESIAN_POINT('',(-9.08,10.83,8.2));
#4568 = VECTOR('',#4569,1.);
#4569 = DIRECTION('',(0.,0.,-1.));
#4570 = ORIENTED_EDGE('',*,*,#4205,.T.);
#4571 = ORIENTED_EDGE('',*,*,#4572,.F.);
#4572 = EDGE_CURVE('',#3745,#4206,#4573,.T.);
#4573 = LINE('',#4574,#4575);
#4574 = CARTESIAN_POINT('',(-6.58,10.83,8.2));
#4575 = VECTOR('',#4576,1.);
#4576 = DIRECTION('',(0.,0.,-1.));
#4577 = PLANE('',#4578);
#4578 = AXIS2_PLACEMENT_3D('',#4579,#4580,#4581);
#4579 = CARTESIAN_POINT('',(-9.08,10.83,8.2));
#4580 = DIRECTION('',(0.,-1.,0.));
#4581 = DIRECTION('',(0.,0.,-1.));
#4582 = ADVANCED_FACE('',(#4583,#4589),#4623,.F.);
#4583 = FACE_BOUND('',#4584,.F.);
#4584 = EDGE_LOOP('',(#4585,#4586,#4587,#4588));
#4585 = ORIENTED_EDGE('',*,*,#4565,.F.);
#4586 = ORIENTED_EDGE('',*,*,#3752,.T.);
#4587 = ORIENTED_EDGE('',*,*,#4173,.T.);
#4588 = ORIENTED_EDGE('',*,*,#4197,.F.);
#4589 = FACE_BOUND('',#4590,.F.);
#4590 = EDGE_LOOP('',(#4591,#4601,#4609,#4617));
#4591 = ORIENTED_EDGE('',*,*,#4592,.F.);
#4592 = EDGE_CURVE('',#4593,#4595,#4597,.T.);
#4593 = VERTEX_POINT('',#4594);
#4594 = CARTESIAN_POINT('',(-9.08,10.53,4.8));
#4595 = VERTEX_POINT('',#4596);
#4596 = CARTESIAN_POINT('',(-9.08,8.73,4.8));
#4597 = LINE('',#4598,#4599);
#4598 = CARTESIAN_POINT('',(-9.08,10.53,4.8));
#4599 = VECTOR('',#4600,1.);
#4600 = DIRECTION('',(0.,-1.,0.));
#4601 = ORIENTED_EDGE('',*,*,#4602,.F.);
#4602 = EDGE_CURVE('',#4603,#4593,#4605,.T.);
#4603 = VERTEX_POINT('',#4604);
#4604 = CARTESIAN_POINT('',(-9.08,10.53,3.9));
#4605 = LINE('',#4606,#4607);
#4606 = CARTESIAN_POINT('',(-9.08,10.53,3.9));
#4607 = VECTOR('',#4608,1.);
#4608 = DIRECTION('',(0.,0.,1.));
#4609 = ORIENTED_EDGE('',*,*,#4610,.T.);
#4610 = EDGE_CURVE('',#4603,#4611,#4613,.T.);
#4611 = VERTEX_POINT('',#4612);
#4612 = CARTESIAN_POINT('',(-9.08,8.73,3.9));
#4613 = LINE('',#4614,#4615);
#4614 = CARTESIAN_POINT('',(-9.08,10.53,3.9));
#4615 = VECTOR('',#4616,1.);
#4616 = DIRECTION('',(0.,-1.,0.));
#4617 = ORIENTED_EDGE('',*,*,#4618,.T.);
#4618 = EDGE_CURVE('',#4611,#4595,#4619,.T.);
#4619 = LINE('',#4620,#4621);
#4620 = CARTESIAN_POINT('',(-9.08,8.73,3.9));
#4621 = VECTOR('',#4622,1.);
#4622 = DIRECTION('',(0.,0.,1.));
#4623 = PLANE('',#4624);
#4624 = AXIS2_PLACEMENT_3D('',#4625,#4626,#4627);
#4625 = CARTESIAN_POINT('',(-9.08,10.83,8.2));
#4626 = DIRECTION('',(1.,0.,0.));
#4627 = DIRECTION('',(0.,0.,-1.));
#4628 = ADVANCED_FACE('',(#4629),#4640,.T.);
#4629 = FACE_BOUND('',#4630,.T.);
#4630 = EDGE_LOOP('',(#4631,#4632,#4633,#4634));
#4631 = ORIENTED_EDGE('',*,*,#4213,.F.);
#4632 = ORIENTED_EDGE('',*,*,#4572,.F.);
#4633 = ORIENTED_EDGE('',*,*,#3838,.T.);
#4634 = ORIENTED_EDGE('',*,*,#4635,.T.);
#4635 = EDGE_CURVE('',#3831,#4214,#4636,.T.);
#4636 = LINE('',#4637,#4638);
#4637 = CARTESIAN_POINT('',(-6.58,9.98,8.45));
#4638 = VECTOR('',#4639,1.);
#4639 = DIRECTION('',(0.,0.,-1.));
#4640 = PLANE('',#4641);
#4641 = AXIS2_PLACEMENT_3D('',#4642,#4643,#4644);
#4642 = CARTESIAN_POINT('',(-6.58,10.83,8.2));
#4643 = DIRECTION('',(1.,0.,0.));
#4644 = DIRECTION('',(0.,0.,-1.));
#4645 = ADVANCED_FACE('',(#4646),#4652,.T.);
#4646 = FACE_BOUND('',#4647,.T.);
#4647 = EDGE_LOOP('',(#4648,#4649,#4650,#4651));
#4648 = ORIENTED_EDGE('',*,*,#3830,.T.);
#4649 = ORIENTED_EDGE('',*,*,#4244,.T.);
#4650 = ORIENTED_EDGE('',*,*,#4221,.F.);
#4651 = ORIENTED_EDGE('',*,*,#4635,.F.);
#4652 = PLANE('',#4653);
#4653 = AXIS2_PLACEMENT_3D('',#4654,#4655,#4656);
#4654 = CARTESIAN_POINT('',(-8.23,9.98,8.7));
#4655 = DIRECTION('',(0.,-1.,0.));
#4656 = DIRECTION('',(0.,0.,-1.));
#4657 = ADVANCED_FACE('',(#4658,#4669),#4703,.F.);
#4658 = FACE_BOUND('',#4659,.F.);
#4659 = EDGE_LOOP('',(#4660,#4661,#4662,#4668));
#4660 = ORIENTED_EDGE('',*,*,#4262,.F.);
#4661 = ORIENTED_EDGE('',*,*,#3777,.T.);
#4662 = ORIENTED_EDGE('',*,*,#4663,.T.);
#4663 = EDGE_CURVE('',#3778,#4296,#4664,.T.);
#4664 = LINE('',#4665,#4666);
#4665 = CARTESIAN_POINT('',(-9.08,-10.83,8.2));
#4666 = VECTOR('',#4667,1.);
#4667 = DIRECTION('',(0.,0.,-1.));
#4668 = ORIENTED_EDGE('',*,*,#4303,.F.);
#4669 = FACE_BOUND('',#4670,.F.);
#4670 = EDGE_LOOP('',(#4671,#4681,#4689,#4697));
#4671 = ORIENTED_EDGE('',*,*,#4672,.F.);
#4672 = EDGE_CURVE('',#4673,#4675,#4677,.T.);
#4673 = VERTEX_POINT('',#4674);
#4674 = CARTESIAN_POINT('',(-9.08,-8.73,4.8));
#4675 = VERTEX_POINT('',#4676);
#4676 = CARTESIAN_POINT('',(-9.08,-10.53,4.8));
#4677 = LINE('',#4678,#4679);
#4678 = CARTESIAN_POINT('',(-9.08,-8.73,4.8));
#4679 = VECTOR('',#4680,1.);
#4680 = DIRECTION('',(0.,-1.,0.));
#4681 = ORIENTED_EDGE('',*,*,#4682,.F.);
#4682 = EDGE_CURVE('',#4683,#4673,#4685,.T.);
#4683 = VERTEX_POINT('',#4684);
#4684 = CARTESIAN_POINT('',(-9.08,-8.73,3.9));
#4685 = LINE('',#4686,#4687);
#4686 = CARTESIAN_POINT('',(-9.08,-8.73,3.9));
#4687 = VECTOR('',#4688,1.);
#4688 = DIRECTION('',(0.,0.,1.));
#4689 = ORIENTED_EDGE('',*,*,#4690,.T.);
#4690 = EDGE_CURVE('',#4683,#4691,#4693,.T.);
#4691 = VERTEX_POINT('',#4692);
#4692 = CARTESIAN_POINT('',(-9.08,-10.53,3.9));
#4693 = LINE('',#4694,#4695);
#4694 = CARTESIAN_POINT('',(-9.08,-8.73,3.9));
#4695 = VECTOR('',#4696,1.);
#4696 = DIRECTION('',(0.,-1.,0.));
#4697 = ORIENTED_EDGE('',*,*,#4698,.T.);
#4698 = EDGE_CURVE('',#4691,#4675,#4699,.T.);
#4699 = LINE('',#4700,#4701);
#4700 = CARTESIAN_POINT('',(-9.08,-10.53,3.9));
#4701 = VECTOR('',#4702,1.);
#4702 = DIRECTION('',(0.,0.,1.));
#4703 = PLANE('',#4704);
#4704 = AXIS2_PLACEMENT_3D('',#4705,#4706,#4707);
#4705 = CARTESIAN_POINT('',(-9.08,-8.33,8.2));
#4706 = DIRECTION('',(1.,0.,0.));
#4707 = DIRECTION('',(0.,0.,-1.));
#4708 = ADVANCED_FACE('',(#4709),#4720,.T.);
#4709 = FACE_BOUND('',#4710,.T.);
#4710 = EDGE_LOOP('',(#4711,#4712,#4713,#4714));
#4711 = ORIENTED_EDGE('',*,*,#3785,.F.);
#4712 = ORIENTED_EDGE('',*,*,#4663,.T.);
#4713 = ORIENTED_EDGE('',*,*,#4295,.T.);
#4714 = ORIENTED_EDGE('',*,*,#4715,.F.);
#4715 = EDGE_CURVE('',#3786,#4288,#4716,.T.);
#4716 = LINE('',#4717,#4718);
#4717 = CARTESIAN_POINT('',(-6.58,-10.83,8.2));
#4718 = VECTOR('',#4719,1.);
#4719 = DIRECTION('',(0.,0.,-1.));
#4720 = PLANE('',#4721);
#4721 = AXIS2_PLACEMENT_3D('',#4722,#4723,#4724);
#4722 = CARTESIAN_POINT('',(-9.08,-10.83,8.2));
#4723 = DIRECTION('',(0.,-1.,0.));
#4724 = DIRECTION('',(0.,0.,-1.));
#4725 = ADVANCED_FACE('',(#4726),#4737,.T.);
#4726 = FACE_BOUND('',#4727,.T.);
#4727 = EDGE_LOOP('',(#4728,#4729,#4735,#4736));
#4728 = ORIENTED_EDGE('',*,*,#4285,.F.);
#4729 = ORIENTED_EDGE('',*,*,#4730,.F.);
#4730 = EDGE_CURVE('',#3794,#4286,#4731,.T.);
#4731 = LINE('',#4732,#4733);
#4732 = CARTESIAN_POINT('',(-6.58,-9.98,8.45));
#4733 = VECTOR('',#4734,1.);
#4734 = DIRECTION('',(0.,0.,-1.));
#4735 = ORIENTED_EDGE('',*,*,#3793,.T.);
#4736 = ORIENTED_EDGE('',*,*,#4715,.T.);
#4737 = PLANE('',#4738);
#4738 = AXIS2_PLACEMENT_3D('',#4739,#4740,#4741);
#4739 = CARTESIAN_POINT('',(-6.58,-8.33,8.2));
#4740 = DIRECTION('',(1.,0.,0.));
#4741 = DIRECTION('',(0.,0.,-1.));
#4742 = ADVANCED_FACE('',(#4743),#4749,.F.);
#4743 = FACE_BOUND('',#4744,.F.);
#4744 = EDGE_LOOP('',(#4745,#4746,#4747,#4748));
#4745 = ORIENTED_EDGE('',*,*,#3801,.T.);
#4746 = ORIENTED_EDGE('',*,*,#4334,.T.);
#4747 = ORIENTED_EDGE('',*,*,#4319,.F.);
#4748 = ORIENTED_EDGE('',*,*,#4730,.F.);
#4749 = PLANE('',#4750);
#4750 = AXIS2_PLACEMENT_3D('',#4751,#4752,#4753);
#4751 = CARTESIAN_POINT('',(-8.23,-9.98,8.7));
#4752 = DIRECTION('',(0.,-1.,0.));
#4753 = DIRECTION('',(0.,0.,-1.));
#4754 = ADVANCED_FACE('',(#4755),#4771,.F.);
#4755 = FACE_BOUND('',#4756,.F.);
#4756 = EDGE_LOOP('',(#4757,#4758,#4764,#4765));
#4757 = ORIENTED_EDGE('',*,*,#3849,.F.);
#4758 = ORIENTED_EDGE('',*,*,#4759,.T.);
#4759 = EDGE_CURVE('',#3850,#4375,#4760,.T.);
#4760 = LINE('',#4761,#4762);
#4761 = CARTESIAN_POINT('',(6.58,10.83,8.2));
#4762 = VECTOR('',#4763,1.);
#4763 = DIRECTION('',(0.,0.,-1.));
#4764 = ORIENTED_EDGE('',*,*,#4384,.T.);
#4765 = ORIENTED_EDGE('',*,*,#4766,.F.);
#4766 = EDGE_CURVE('',#3852,#4385,#4767,.T.);
#4767 = LINE('',#4768,#4769);
#4768 = CARTESIAN_POINT('',(9.08,10.83,8.2));
#4769 = VECTOR('',#4770,1.);
#4770 = DIRECTION('',(0.,0.,-1.));
#4771 = PLANE('',#4772);
#4772 = AXIS2_PLACEMENT_3D('',#4773,#4774,#4775);
#4773 = CARTESIAN_POINT('',(6.58,10.83,8.2));
#4774 = DIRECTION('',(0.,-1.,0.));
#4775 = DIRECTION('',(0.,0.,-1.));
#4776 = ADVANCED_FACE('',(#4777),#4788,.F.);
#4777 = FACE_BOUND('',#4778,.F.);
#4778 = EDGE_LOOP('',(#4779,#4780,#4781,#4782));
#4779 = ORIENTED_EDGE('',*,*,#4374,.F.);
#4780 = ORIENTED_EDGE('',*,*,#4759,.F.);
#4781 = ORIENTED_EDGE('',*,*,#3859,.T.);
#4782 = ORIENTED_EDGE('',*,*,#4783,.T.);
#4783 = EDGE_CURVE('',#3860,#4377,#4784,.T.);
#4784 = LINE('',#4785,#4786);
#4785 = CARTESIAN_POINT('',(6.58,9.98,8.45));
#4786 = VECTOR('',#4787,1.);
#4787 = DIRECTION('',(0.,0.,-1.));
#4788 = PLANE('',#4789);
#4789 = AXIS2_PLACEMENT_3D('',#4790,#4791,#4792);
#4790 = CARTESIAN_POINT('',(6.58,10.83,8.2));
#4791 = DIRECTION('',(1.,0.,0.));
#4792 = DIRECTION('',(0.,0.,-1.));
#4793 = ADVANCED_FACE('',(#4794,#4800),#4834,.T.);
#4794 = FACE_BOUND('',#4795,.T.);
#4795 = EDGE_LOOP('',(#4796,#4797,#4798,#4799));
#4796 = ORIENTED_EDGE('',*,*,#4766,.F.);
#4797 = ORIENTED_EDGE('',*,*,#3945,.T.);
#4798 = ORIENTED_EDGE('',*,*,#4360,.T.);
#4799 = ORIENTED_EDGE('',*,*,#4392,.F.);
#4800 = FACE_BOUND('',#4801,.T.);
#4801 = EDGE_LOOP('',(#4802,#4812,#4820,#4828));
#4802 = ORIENTED_EDGE('',*,*,#4803,.F.);
#4803 = EDGE_CURVE('',#4804,#4806,#4808,.T.);
#4804 = VERTEX_POINT('',#4805);
#4805 = CARTESIAN_POINT('',(9.08,10.53,4.8));
#4806 = VERTEX_POINT('',#4807);
#4807 = CARTESIAN_POINT('',(9.08,8.73,4.8));
#4808 = LINE('',#4809,#4810);
#4809 = CARTESIAN_POINT('',(9.08,10.53,4.8));
#4810 = VECTOR('',#4811,1.);
#4811 = DIRECTION('',(0.,-1.,0.));
#4812 = ORIENTED_EDGE('',*,*,#4813,.F.);
#4813 = EDGE_CURVE('',#4814,#4804,#4816,.T.);
#4814 = VERTEX_POINT('',#4815);
#4815 = CARTESIAN_POINT('',(9.08,10.53,3.9));
#4816 = LINE('',#4817,#4818);
#4817 = CARTESIAN_POINT('',(9.08,10.53,3.9));
#4818 = VECTOR('',#4819,1.);
#4819 = DIRECTION('',(0.,0.,1.));
#4820 = ORIENTED_EDGE('',*,*,#4821,.T.);
#4821 = EDGE_CURVE('',#4814,#4822,#4824,.T.);
#4822 = VERTEX_POINT('',#4823);
#4823 = CARTESIAN_POINT('',(9.08,8.73,3.9));
#4824 = LINE('',#4825,#4826);
#4825 = CARTESIAN_POINT('',(9.08,10.53,3.9));
#4826 = VECTOR('',#4827,1.);
#4827 = DIRECTION('',(0.,-1.,0.));
#4828 = ORIENTED_EDGE('',*,*,#4829,.T.);
#4829 = EDGE_CURVE('',#4822,#4806,#4830,.T.);
#4830 = LINE('',#4831,#4832);
#4831 = CARTESIAN_POINT('',(9.08,8.73,3.9));
#4832 = VECTOR('',#4833,1.);
#4833 = DIRECTION('',(0.,0.,1.));
#4834 = PLANE('',#4835);
#4835 = AXIS2_PLACEMENT_3D('',#4836,#4837,#4838);
#4836 = CARTESIAN_POINT('',(9.08,10.83,8.2));
#4837 = DIRECTION('',(1.,0.,0.));
#4838 = DIRECTION('',(0.,0.,-1.));
#4839 = ADVANCED_FACE('',(#4840),#4846,.T.);
#4840 = FACE_BOUND('',#4841,.T.);
#4841 = EDGE_LOOP('',(#4842,#4843,#4844,#4845));
#4842 = ORIENTED_EDGE('',*,*,#4422,.F.);
#4843 = ORIENTED_EDGE('',*,*,#3867,.T.);
#4844 = ORIENTED_EDGE('',*,*,#4783,.T.);
#4845 = ORIENTED_EDGE('',*,*,#4408,.F.);
#4846 = PLANE('',#4847);
#4847 = AXIS2_PLACEMENT_3D('',#4848,#4849,#4850);
#4848 = CARTESIAN_POINT('',(6.48,9.98,8.7));
#4849 = DIRECTION('',(0.,-1.,0.));
#4850 = DIRECTION('',(0.,0.,-1.));
#4851 = ADVANCED_FACE('',(#4852,#4863),#4897,.T.);
#4852 = FACE_BOUND('',#4853,.T.);
#4853 = EDGE_LOOP('',(#4854,#4855,#4856,#4862));
#4854 = ORIENTED_EDGE('',*,*,#4449,.F.);
#4855 = ORIENTED_EDGE('',*,*,#3920,.T.);
#4856 = ORIENTED_EDGE('',*,*,#4857,.T.);
#4857 = EDGE_CURVE('',#3913,#4490,#4858,.T.);
#4858 = LINE('',#4859,#4860);
#4859 = CARTESIAN_POINT('',(9.08,-10.83,8.2));
#4860 = VECTOR('',#4861,1.);
#4861 = DIRECTION('',(0.,0.,-1.));
#4862 = ORIENTED_EDGE('',*,*,#4489,.F.);
#4863 = FACE_BOUND('',#4864,.T.);
#4864 = EDGE_LOOP('',(#4865,#4875,#4883,#4891));
#4865 = ORIENTED_EDGE('',*,*,#4866,.F.);
#4866 = EDGE_CURVE('',#4867,#4869,#4871,.T.);
#4867 = VERTEX_POINT('',#4868);
#4868 = CARTESIAN_POINT('',(9.08,-8.73,4.8));
#4869 = VERTEX_POINT('',#4870);
#4870 = CARTESIAN_POINT('',(9.08,-10.53,4.8));
#4871 = LINE('',#4872,#4873);
#4872 = CARTESIAN_POINT('',(9.08,-8.73,4.8));
#4873 = VECTOR('',#4874,1.);
#4874 = DIRECTION('',(0.,-1.,0.));
#4875 = ORIENTED_EDGE('',*,*,#4876,.F.);
#4876 = EDGE_CURVE('',#4877,#4867,#4879,.T.);
#4877 = VERTEX_POINT('',#4878);
#4878 = CARTESIAN_POINT('',(9.08,-8.73,3.9));
#4879 = LINE('',#4880,#4881);
#4880 = CARTESIAN_POINT('',(9.08,-8.73,3.9));
#4881 = VECTOR('',#4882,1.);
#4882 = DIRECTION('',(0.,0.,1.));
#4883 = ORIENTED_EDGE('',*,*,#4884,.T.);
#4884 = EDGE_CURVE('',#4877,#4885,#4887,.T.);
#4885 = VERTEX_POINT('',#4886);
#4886 = CARTESIAN_POINT('',(9.08,-10.53,3.9));
#4887 = LINE('',#4888,#4889);
#4888 = CARTESIAN_POINT('',(9.08,-8.73,3.9));
#4889 = VECTOR('',#4890,1.);
#4890 = DIRECTION('',(0.,-1.,0.));
#4891 = ORIENTED_EDGE('',*,*,#4892,.T.);
#4892 = EDGE_CURVE('',#4885,#4869,#4893,.T.);
#4893 = LINE('',#4894,#4895);
#4894 = CARTESIAN_POINT('',(9.08,-10.53,3.9));
#4895 = VECTOR('',#4896,1.);
#4896 = DIRECTION('',(0.,0.,1.));
#4897 = PLANE('',#4898);
#4898 = AXIS2_PLACEMENT_3D('',#4899,#4900,#4901);
#4899 = CARTESIAN_POINT('',(9.08,-8.33,8.2));
#4900 = DIRECTION('',(1.,0.,0.));
#4901 = DIRECTION('',(0.,0.,-1.));
#4902 = ADVANCED_FACE('',(#4903),#4914,.T.);
#4903 = FACE_BOUND('',#4904,.T.);
#4904 = EDGE_LOOP('',(#4905,#4906,#4912,#4913));
#4905 = ORIENTED_EDGE('',*,*,#3912,.F.);
#4906 = ORIENTED_EDGE('',*,*,#4907,.T.);
#4907 = EDGE_CURVE('',#3905,#4466,#4908,.T.);
#4908 = LINE('',#4909,#4910);
#4909 = CARTESIAN_POINT('',(6.58,-10.83,8.2));
#4910 = VECTOR('',#4911,1.);
#4911 = DIRECTION('',(0.,0.,-1.));
#4912 = ORIENTED_EDGE('',*,*,#4497,.T.);
#4913 = ORIENTED_EDGE('',*,*,#4857,.F.);
#4914 = PLANE('',#4915);
#4915 = AXIS2_PLACEMENT_3D('',#4916,#4917,#4918);
#4916 = CARTESIAN_POINT('',(6.58,-10.83,8.2));
#4917 = DIRECTION('',(0.,-1.,0.));
#4918 = DIRECTION('',(0.,0.,-1.));
#4919 = ADVANCED_FACE('',(#4920),#4931,.F.);
#4920 = FACE_BOUND('',#4921,.F.);
#4921 = EDGE_LOOP('',(#4922,#4923,#4929,#4930));
#4922 = ORIENTED_EDGE('',*,*,#4463,.F.);
#4923 = ORIENTED_EDGE('',*,*,#4924,.F.);
#4924 = EDGE_CURVE('',#3897,#4464,#4925,.T.);
#4925 = LINE('',#4926,#4927);
#4926 = CARTESIAN_POINT('',(6.58,-9.98,8.45));
#4927 = VECTOR('',#4928,1.);
#4928 = DIRECTION('',(0.,0.,-1.));
#4929 = ORIENTED_EDGE('',*,*,#3904,.T.);
#4930 = ORIENTED_EDGE('',*,*,#4907,.T.);
#4931 = PLANE('',#4932);
#4932 = AXIS2_PLACEMENT_3D('',#4933,#4934,#4935);
#4933 = CARTESIAN_POINT('',(6.58,-8.33,8.2));
#4934 = DIRECTION('',(1.,0.,0.));
#4935 = DIRECTION('',(0.,0.,-1.));
#4936 = ADVANCED_FACE('',(#4937),#4943,.F.);
#4937 = FACE_BOUND('',#4938,.F.);
#4938 = EDGE_LOOP('',(#4939,#4940,#4941,#4942));
#4939 = ORIENTED_EDGE('',*,*,#4512,.F.);
#4940 = ORIENTED_EDGE('',*,*,#3896,.T.);
#4941 = ORIENTED_EDGE('',*,*,#4924,.T.);
#4942 = ORIENTED_EDGE('',*,*,#4473,.F.);
#4943 = PLANE('',#4944);
#4944 = AXIS2_PLACEMENT_3D('',#4945,#4946,#4947);
#4945 = CARTESIAN_POINT('',(6.48,-9.98,8.7));
#4946 = DIRECTION('',(0.,-1.,0.));
#4947 = DIRECTION('',(0.,0.,-1.));
#4948 = ADVANCED_FACE('',(#4949),#4994,.T.);
#4949 = FACE_BOUND('',#4950,.T.);
#4950 = EDGE_LOOP('',(#4951,#4952,#4961,#4970,#4978,#4987));
#4951 = ORIENTED_EDGE('',*,*,#3965,.T.);
#4952 = ORIENTED_EDGE('',*,*,#4953,.F.);
#4953 = EDGE_CURVE('',#4954,#3968,#4956,.T.);
#4954 = VERTEX_POINT('',#4955);
#4955 = CARTESIAN_POINT('',(9.,13.,5.));
#4956 = CIRCLE('',#4957,2.);
#4957 = AXIS2_PLACEMENT_3D('',#4958,#4959,#4960);
#4958 = CARTESIAN_POINT('',(7.,13.,5.));
#4959 = DIRECTION('',(0.,0.,-1.));
#4960 = DIRECTION('',(1.,0.,0.));
#4961 = ORIENTED_EDGE('',*,*,#4962,.F.);
#4962 = EDGE_CURVE('',#4963,#4954,#4965,.T.);
#4963 = VERTEX_POINT('',#4964);
#4964 = CARTESIAN_POINT('',(8.936491673104,13.5,5.));
#4965 = CIRCLE('',#4966,2.);
#4966 = AXIS2_PLACEMENT_3D('',#4967,#4968,#4969);
#4967 = CARTESIAN_POINT('',(7.,13.,5.));
#4968 = DIRECTION('',(0.,0.,-1.));
#4969 = DIRECTION('',(1.,0.,0.));
#4970 = ORIENTED_EDGE('',*,*,#4971,.T.);
#4971 = EDGE_CURVE('',#4963,#4972,#4974,.T.);
#4972 = VERTEX_POINT('',#4973);
#4973 = CARTESIAN_POINT('',(11.170131892399,13.5,5.));
#4974 = LINE('',#4975,#4976);
#4975 = CARTESIAN_POINT('',(2.8,13.5,5.));
#4976 = VECTOR('',#4977,1.);
#4977 = DIRECTION('',(1.,0.,0.));
#4978 = ORIENTED_EDGE('',*,*,#4979,.T.);
#4979 = EDGE_CURVE('',#4972,#4980,#4982,.T.);
#4980 = VERTEX_POINT('',#4981);
#4981 = CARTESIAN_POINT('',(11.2,13.,5.));
#4982 = CIRCLE('',#4983,4.2);
#4983 = AXIS2_PLACEMENT_3D('',#4984,#4985,#4986);
#4984 = CARTESIAN_POINT('',(7.,13.,5.));
#4985 = DIRECTION('',(0.,0.,-1.));
#4986 = DIRECTION('',(1.,0.,0.));
#4987 = ORIENTED_EDGE('',*,*,#4988,.T.);
#4988 = EDGE_CURVE('',#4980,#3966,#4989,.T.);
#4989 = CIRCLE('',#4990,4.2);
#4990 = AXIS2_PLACEMENT_3D('',#4991,#4992,#4993);
#4991 = CARTESIAN_POINT('',(7.,13.,5.));
#4992 = DIRECTION('',(0.,0.,-1.));
#4993 = DIRECTION('',(1.,0.,0.));
#4994 = PLANE('',#4995);
#4995 = AXIS2_PLACEMENT_3D('',#4996,#4997,#4998);
#4996 = CARTESIAN_POINT('',(7.,13.,5.));
#4997 = DIRECTION('',(0.,0.,-1.));
#4998 = DIRECTION('',(1.,0.,0.));
#4999 = ADVANCED_FACE('',(#5000),#5063,.F.);
#5000 = FACE_BOUND('',#5001,.F.);
#5001 = EDGE_LOOP('',(#5002,#5003,#5011,#5018,#5019,#5028,#5037,#5044,
    #5045,#5046,#5055,#5062));
#5002 = ORIENTED_EDGE('',*,*,#4953,.F.);
#5003 = ORIENTED_EDGE('',*,*,#5004,.F.);
#5004 = EDGE_CURVE('',#5005,#4954,#5007,.T.);
#5005 = VERTEX_POINT('',#5006);
#5006 = CARTESIAN_POINT('',(9.,13.,9.4));
#5007 = LINE('',#5008,#5009);
#5008 = CARTESIAN_POINT('',(9.,13.,11.4));
#5009 = VECTOR('',#5010,1.);
#5010 = DIRECTION('',(0.,0.,-1.));
#5011 = ORIENTED_EDGE('',*,*,#5012,.T.);
#5012 = EDGE_CURVE('',#5005,#4064,#5013,.T.);
#5013 = CIRCLE('',#5014,2.);
#5014 = AXIS2_PLACEMENT_3D('',#5015,#5016,#5017);
#5015 = CARTESIAN_POINT('',(7.,13.,9.4));
#5016 = DIRECTION('',(0.,0.,-1.));
#5017 = DIRECTION('',(1.,0.,0.));
#5018 = ORIENTED_EDGE('',*,*,#4083,.T.);
#5019 = ORIENTED_EDGE('',*,*,#5020,.T.);
#5020 = EDGE_CURVE('',#4076,#5021,#5023,.T.);
#5021 = VERTEX_POINT('',#5022);
#5022 = CARTESIAN_POINT('',(5.063508326896,13.5,9.4));
#5023 = CIRCLE('',#5024,2.);
#5024 = AXIS2_PLACEMENT_3D('',#5025,#5026,#5027);
#5025 = CARTESIAN_POINT('',(7.,13.,9.4));
#5026 = DIRECTION('',(0.,0.,-1.));
#5027 = DIRECTION('',(1.,0.,0.));
#5028 = ORIENTED_EDGE('',*,*,#5029,.T.);
#5029 = EDGE_CURVE('',#5021,#5030,#5032,.T.);
#5030 = VERTEX_POINT('',#5031);
#5031 = CARTESIAN_POINT('',(8.936491673104,13.5,9.4));
#5032 = CIRCLE('',#5033,2.);
#5033 = AXIS2_PLACEMENT_3D('',#5034,#5035,#5036);
#5034 = CARTESIAN_POINT('',(7.,13.,9.4));
#5035 = DIRECTION('',(0.,0.,-1.));
#5036 = DIRECTION('',(1.,0.,0.));
#5037 = ORIENTED_EDGE('',*,*,#5038,.T.);
#5038 = EDGE_CURVE('',#5030,#5005,#5039,.T.);
#5039 = CIRCLE('',#5040,2.);
#5040 = AXIS2_PLACEMENT_3D('',#5041,#5042,#5043);
#5041 = CARTESIAN_POINT('',(7.,13.,9.4));
#5042 = DIRECTION('',(0.,0.,-1.));
#5043 = DIRECTION('',(1.,0.,0.));
#5044 = ORIENTED_EDGE('',*,*,#5004,.T.);
#5045 = ORIENTED_EDGE('',*,*,#4962,.F.);
#5046 = ORIENTED_EDGE('',*,*,#5047,.F.);
#5047 = EDGE_CURVE('',#5048,#4963,#5050,.T.);
#5048 = VERTEX_POINT('',#5049);
#5049 = CARTESIAN_POINT('',(5.063508326896,13.5,5.));
#5050 = CIRCLE('',#5051,2.);
#5051 = AXIS2_PLACEMENT_3D('',#5052,#5053,#5054);
#5052 = CARTESIAN_POINT('',(7.,13.,5.));
#5053 = DIRECTION('',(0.,0.,-1.));
#5054 = DIRECTION('',(1.,0.,0.));
#5055 = ORIENTED_EDGE('',*,*,#5056,.F.);
#5056 = EDGE_CURVE('',#3993,#5048,#5057,.T.);
#5057 = CIRCLE('',#5058,2.);
#5058 = AXIS2_PLACEMENT_3D('',#5059,#5060,#5061);
#5059 = CARTESIAN_POINT('',(7.,13.,5.));
#5060 = DIRECTION('',(0.,0.,-1.));
#5061 = DIRECTION('',(1.,0.,0.));
#5062 = ORIENTED_EDGE('',*,*,#4000,.F.);
#5063 = CYLINDRICAL_SURFACE('',#5064,2.);
#5064 = AXIS2_PLACEMENT_3D('',#5065,#5066,#5067);
#5065 = CARTESIAN_POINT('',(7.,13.,11.4));
#5066 = DIRECTION('',(0.,0.,-1.));
#5067 = DIRECTION('',(1.,0.,0.));
#5068 = ADVANCED_FACE('',(#5069),#5089,.T.);
#5069 = FACE_BOUND('',#5070,.T.);
#5070 = EDGE_LOOP('',(#5071,#5072,#5073,#5082,#5088));
#5071 = ORIENTED_EDGE('',*,*,#3992,.F.);
#5072 = ORIENTED_EDGE('',*,*,#4023,.T.);
#5073 = ORIENTED_EDGE('',*,*,#5074,.T.);
#5074 = EDGE_CURVE('',#4016,#5075,#5077,.T.);
#5075 = VERTEX_POINT('',#5076);
#5076 = CARTESIAN_POINT('',(2.829868107601,13.5,5.));
#5077 = CIRCLE('',#5078,4.2);
#5078 = AXIS2_PLACEMENT_3D('',#5079,#5080,#5081);
#5079 = CARTESIAN_POINT('',(7.,13.,5.));
#5080 = DIRECTION('',(0.,0.,-1.));
#5081 = DIRECTION('',(1.,0.,0.));
#5082 = ORIENTED_EDGE('',*,*,#5083,.T.);
#5083 = EDGE_CURVE('',#5075,#5048,#5084,.T.);
#5084 = LINE('',#5085,#5086);
#5085 = CARTESIAN_POINT('',(2.8,13.5,5.));
#5086 = VECTOR('',#5087,1.);
#5087 = DIRECTION('',(1.,0.,0.));
#5088 = ORIENTED_EDGE('',*,*,#5056,.F.);
#5089 = PLANE('',#5090);
#5090 = AXIS2_PLACEMENT_3D('',#5091,#5092,#5093);
#5091 = CARTESIAN_POINT('',(7.,13.,5.));
#5092 = DIRECTION('',(0.,0.,-1.));
#5093 = DIRECTION('',(1.,0.,0.));
#5094 = ADVANCED_FACE('',(#5095),#5120,.F.);
#5095 = FACE_BOUND('',#5096,.F.);
#5096 = EDGE_LOOP('',(#5097,#5105,#5113,#5119));
#5097 = ORIENTED_EDGE('',*,*,#5098,.F.);
#5098 = EDGE_CURVE('',#5099,#4016,#5101,.T.);
#5099 = VERTEX_POINT('',#5100);
#5100 = CARTESIAN_POINT('',(2.8,13.5,5.));
#5101 = LINE('',#5102,#5103);
#5102 = CARTESIAN_POINT('',(2.8,13.5,5.));
#5103 = VECTOR('',#5104,1.);
#5104 = DIRECTION('',(0.,-1.,0.));
#5105 = ORIENTED_EDGE('',*,*,#5106,.F.);
#5106 = EDGE_CURVE('',#5107,#5099,#5109,.T.);
#5107 = VERTEX_POINT('',#5108);
#5108 = CARTESIAN_POINT('',(2.8,13.5,9.4));
#5109 = LINE('',#5110,#5111);
#5110 = CARTESIAN_POINT('',(2.8,13.5,9.4));
#5111 = VECTOR('',#5112,1.);
#5112 = DIRECTION('',(0.,0.,-1.));
#5113 = ORIENTED_EDGE('',*,*,#5114,.T.);
#5114 = EDGE_CURVE('',#5107,#4041,#5115,.T.);
#5115 = LINE('',#5116,#5117);
#5116 = CARTESIAN_POINT('',(2.8,13.5,9.4));
#5117 = VECTOR('',#5118,1.);
#5118 = DIRECTION('',(0.,-1.,0.));
#5119 = ORIENTED_EDGE('',*,*,#4040,.T.);
#5120 = PLANE('',#5121);
#5121 = AXIS2_PLACEMENT_3D('',#5122,#5123,#5124);
#5122 = CARTESIAN_POINT('',(2.8,13.5,9.4));
#5123 = DIRECTION('',(1.,0.,0.));
#5124 = DIRECTION('',(0.,0.,-1.));
#5125 = ADVANCED_FACE('',(#5126),#5147,.F.);
#5126 = FACE_BOUND('',#5127,.F.);
#5127 = EDGE_LOOP('',(#5128,#5129,#5130,#5131,#5139,#5146));
#5128 = ORIENTED_EDGE('',*,*,#4063,.T.);
#5129 = ORIENTED_EDGE('',*,*,#5012,.F.);
#5130 = ORIENTED_EDGE('',*,*,#5038,.F.);
#5131 = ORIENTED_EDGE('',*,*,#5132,.T.);
#5132 = EDGE_CURVE('',#5030,#5133,#5135,.T.);
#5133 = VERTEX_POINT('',#5134);
#5134 = CARTESIAN_POINT('',(11.170131892399,13.5,9.4));
#5135 = LINE('',#5136,#5137);
#5136 = CARTESIAN_POINT('',(2.8,13.5,9.4));
#5137 = VECTOR('',#5138,1.);
#5138 = DIRECTION('',(1.,0.,0.));
#5139 = ORIENTED_EDGE('',*,*,#5140,.T.);
#5140 = EDGE_CURVE('',#5133,#4147,#5141,.T.);
#5141 = CIRCLE('',#5142,4.2);
#5142 = AXIS2_PLACEMENT_3D('',#5143,#5144,#5145);
#5143 = CARTESIAN_POINT('',(7.,13.,9.4));
#5144 = DIRECTION('',(0.,0.,-1.));
#5145 = DIRECTION('',(1.,0.,0.));
#5146 = ORIENTED_EDGE('',*,*,#4146,.T.);
#5147 = PLANE('',#5148);
#5148 = AXIS2_PLACEMENT_3D('',#5149,#5150,#5151);
#5149 = CARTESIAN_POINT('',(7.,13.,9.4));
#5150 = DIRECTION('',(0.,0.,-1.));
#5151 = DIRECTION('',(1.,0.,0.));
#5152 = ADVANCED_FACE('',(#5153),#5173,.F.);
#5153 = FACE_BOUND('',#5154,.F.);
#5154 = EDGE_LOOP('',(#5155,#5156,#5157,#5166,#5172));
#5155 = ORIENTED_EDGE('',*,*,#4075,.F.);
#5156 = ORIENTED_EDGE('',*,*,#4099,.T.);
#5157 = ORIENTED_EDGE('',*,*,#5158,.T.);
#5158 = EDGE_CURVE('',#4041,#5159,#5161,.T.);
#5159 = VERTEX_POINT('',#5160);
#5160 = CARTESIAN_POINT('',(2.829868107601,13.5,9.4));
#5161 = CIRCLE('',#5162,4.2);
#5162 = AXIS2_PLACEMENT_3D('',#5163,#5164,#5165);
#5163 = CARTESIAN_POINT('',(7.,13.,9.4));
#5164 = DIRECTION('',(0.,0.,-1.));
#5165 = DIRECTION('',(1.,0.,0.));
#5166 = ORIENTED_EDGE('',*,*,#5167,.T.);
#5167 = EDGE_CURVE('',#5159,#5021,#5168,.T.);
#5168 = LINE('',#5169,#5170);
#5169 = CARTESIAN_POINT('',(2.8,13.5,9.4));
#5170 = VECTOR('',#5171,1.);
#5171 = DIRECTION('',(1.,0.,0.));
#5172 = ORIENTED_EDGE('',*,*,#5020,.F.);
#5173 = PLANE('',#5174);
#5174 = AXIS2_PLACEMENT_3D('',#5175,#5176,#5177);
#5175 = CARTESIAN_POINT('',(7.,13.,9.4));
#5176 = DIRECTION('',(0.,0.,-1.));
#5177 = DIRECTION('',(1.,0.,0.));
#5178 = ADVANCED_FACE('',(#5179),#5195,.T.);
#5179 = FACE_BOUND('',#5180,.T.);
#5180 = EDGE_LOOP('',(#5181,#5187,#5193,#5194));
#5181 = ORIENTED_EDGE('',*,*,#5182,.F.);
#5182 = EDGE_CURVE('',#4980,#4125,#5183,.T.);
#5183 = LINE('',#5184,#5185);
#5184 = CARTESIAN_POINT('',(11.2,13.5,5.));
#5185 = VECTOR('',#5186,1.);
#5186 = DIRECTION('',(0.,-1.,0.));
#5187 = ORIENTED_EDGE('',*,*,#5188,.F.);
#5188 = EDGE_CURVE('',#4147,#4980,#5189,.T.);
#5189 = LINE('',#5190,#5191);
#5190 = CARTESIAN_POINT('',(11.2,13.,9.4));
#5191 = VECTOR('',#5192,1.);
#5192 = DIRECTION('',(0.,0.,-1.));
#5193 = ORIENTED_EDGE('',*,*,#4155,.T.);
#5194 = ORIENTED_EDGE('',*,*,#4132,.T.);
#5195 = PLANE('',#5196);
#5196 = AXIS2_PLACEMENT_3D('',#5197,#5198,#5199);
#5197 = CARTESIAN_POINT('',(11.2,13.5,9.4));
#5198 = DIRECTION('',(1.,0.,0.));
#5199 = DIRECTION('',(0.,0.,-1.));
#5200 = ADVANCED_FACE('',(#5201),#5208,.T.);
#5201 = FACE_BOUND('',#5202,.T.);
#5202 = EDGE_LOOP('',(#5203,#5204,#5205,#5206,#5207));
#5203 = ORIENTED_EDGE('',*,*,#4988,.F.);
#5204 = ORIENTED_EDGE('',*,*,#5182,.T.);
#5205 = ORIENTED_EDGE('',*,*,#4124,.F.);
#5206 = ORIENTED_EDGE('',*,*,#4528,.F.);
#5207 = ORIENTED_EDGE('',*,*,#4538,.T.);
#5208 = PLANE('',#5209);
#5209 = AXIS2_PLACEMENT_3D('',#5210,#5211,#5212);
#5210 = CARTESIAN_POINT('',(2.8,13.5,5.));
#5211 = DIRECTION('',(0.,0.,-1.));
#5212 = DIRECTION('',(1.,0.,0.));
#5213 = ADVANCED_FACE('',(#5214),#5239,.F.);
#5214 = FACE_BOUND('',#5215,.F.);
#5215 = EDGE_LOOP('',(#5216,#5217,#5225,#5233));
#5216 = ORIENTED_EDGE('',*,*,#4592,.T.);
#5217 = ORIENTED_EDGE('',*,*,#5218,.T.);
#5218 = EDGE_CURVE('',#4595,#5219,#5221,.T.);
#5219 = VERTEX_POINT('',#5220);
#5220 = CARTESIAN_POINT('',(-9.3,8.73,4.35));
#5221 = LINE('',#5222,#5223);
#5222 = CARTESIAN_POINT('',(-9.08,8.73,4.8));
#5223 = VECTOR('',#5224,1.);
#5224 = DIRECTION('',(-0.439210132005,0.,-0.898384360919));
#5225 = ORIENTED_EDGE('',*,*,#5226,.F.);
#5226 = EDGE_CURVE('',#5227,#5219,#5229,.T.);
#5227 = VERTEX_POINT('',#5228);
#5228 = CARTESIAN_POINT('',(-9.3,10.53,4.35));
#5229 = LINE('',#5230,#5231);
#5230 = CARTESIAN_POINT('',(-9.3,10.53,4.35));
#5231 = VECTOR('',#5232,1.);
#5232 = DIRECTION('',(0.,-1.,0.));
#5233 = ORIENTED_EDGE('',*,*,#5234,.F.);
#5234 = EDGE_CURVE('',#4593,#5227,#5235,.T.);
#5235 = LINE('',#5236,#5237);
#5236 = CARTESIAN_POINT('',(-9.08,10.53,4.8));
#5237 = VECTOR('',#5238,1.);
#5238 = DIRECTION('',(-0.439210132005,0.,-0.898384360919));
#5239 = PLANE('',#5240);
#5240 = AXIS2_PLACEMENT_3D('',#5241,#5242,#5243);
#5241 = CARTESIAN_POINT('',(-9.08,10.53,4.8));
#5242 = DIRECTION('',(0.898384360919,0.,-0.439210132005));
#5243 = DIRECTION('',(-0.439210132005,0.,-0.898384360919));
#5244 = ADVANCED_FACE('',(#5245),#5255,.T.);
#5245 = FACE_BOUND('',#5246,.T.);
#5246 = EDGE_LOOP('',(#5247,#5248,#5254));
#5247 = ORIENTED_EDGE('',*,*,#5218,.T.);
#5248 = ORIENTED_EDGE('',*,*,#5249,.T.);
#5249 = EDGE_CURVE('',#5219,#4611,#5250,.T.);
#5250 = LINE('',#5251,#5252);
#5251 = CARTESIAN_POINT('',(-9.3,8.73,4.35));
#5252 = VECTOR('',#5253,1.);
#5253 = DIRECTION('',(0.439210132005,0.,-0.898384360919));
#5254 = ORIENTED_EDGE('',*,*,#4618,.T.);
#5255 = PLANE('',#5256);
#5256 = AXIS2_PLACEMENT_3D('',#5257,#5258,#5259);
#5257 = CARTESIAN_POINT('',(-9.137944008739,8.73,4.35));
#5258 = DIRECTION('',(0.,-1.,0.));
#5259 = DIRECTION('',(0.,0.,-1.));
#5260 = ADVANCED_FACE('',(#5261),#5272,.F.);
#5261 = FACE_BOUND('',#5262,.F.);
#5262 = EDGE_LOOP('',(#5263,#5264,#5265,#5266));
#5263 = ORIENTED_EDGE('',*,*,#5226,.T.);
#5264 = ORIENTED_EDGE('',*,*,#5249,.T.);
#5265 = ORIENTED_EDGE('',*,*,#4610,.F.);
#5266 = ORIENTED_EDGE('',*,*,#5267,.F.);
#5267 = EDGE_CURVE('',#5227,#4603,#5268,.T.);
#5268 = LINE('',#5269,#5270);
#5269 = CARTESIAN_POINT('',(-9.3,10.53,4.35));
#5270 = VECTOR('',#5271,1.);
#5271 = DIRECTION('',(0.439210132005,0.,-0.898384360919));
#5272 = PLANE('',#5273);
#5273 = AXIS2_PLACEMENT_3D('',#5274,#5275,#5276);
#5274 = CARTESIAN_POINT('',(-9.3,10.53,4.35));
#5275 = DIRECTION('',(0.898384360919,0.,0.439210132005));
#5276 = DIRECTION('',(0.439210132005,0.,-0.898384360919));
#5277 = ADVANCED_FACE('',(#5278),#5283,.F.);
#5278 = FACE_BOUND('',#5279,.F.);
#5279 = EDGE_LOOP('',(#5280,#5281,#5282));
#5280 = ORIENTED_EDGE('',*,*,#5234,.T.);
#5281 = ORIENTED_EDGE('',*,*,#5267,.T.);
#5282 = ORIENTED_EDGE('',*,*,#4602,.T.);
#5283 = PLANE('',#5284);
#5284 = AXIS2_PLACEMENT_3D('',#5285,#5286,#5287);
#5285 = CARTESIAN_POINT('',(-9.137944008739,10.53,4.35));
#5286 = DIRECTION('',(0.,-1.,0.));
#5287 = DIRECTION('',(0.,0.,-1.));
#5288 = ADVANCED_FACE('',(#5289),#5314,.F.);
#5289 = FACE_BOUND('',#5290,.F.);
#5290 = EDGE_LOOP('',(#5291,#5292,#5300,#5308));
#5291 = ORIENTED_EDGE('',*,*,#4672,.T.);
#5292 = ORIENTED_EDGE('',*,*,#5293,.T.);
#5293 = EDGE_CURVE('',#4675,#5294,#5296,.T.);
#5294 = VERTEX_POINT('',#5295);
#5295 = CARTESIAN_POINT('',(-9.3,-10.53,4.35));
#5296 = LINE('',#5297,#5298);
#5297 = CARTESIAN_POINT('',(-9.08,-10.53,4.8));
#5298 = VECTOR('',#5299,1.);
#5299 = DIRECTION('',(-0.439210132005,0.,-0.898384360919));
#5300 = ORIENTED_EDGE('',*,*,#5301,.F.);
#5301 = EDGE_CURVE('',#5302,#5294,#5304,.T.);
#5302 = VERTEX_POINT('',#5303);
#5303 = CARTESIAN_POINT('',(-9.3,-8.73,4.35));
#5304 = LINE('',#5305,#5306);
#5305 = CARTESIAN_POINT('',(-9.3,-8.73,4.35));
#5306 = VECTOR('',#5307,1.);
#5307 = DIRECTION('',(0.,-1.,0.));
#5308 = ORIENTED_EDGE('',*,*,#5309,.F.);
#5309 = EDGE_CURVE('',#4673,#5302,#5310,.T.);
#5310 = LINE('',#5311,#5312);
#5311 = CARTESIAN_POINT('',(-9.08,-8.73,4.8));
#5312 = VECTOR('',#5313,1.);
#5313 = DIRECTION('',(-0.439210132005,0.,-0.898384360919));
#5314 = PLANE('',#5315);
#5315 = AXIS2_PLACEMENT_3D('',#5316,#5317,#5318);
#5316 = CARTESIAN_POINT('',(-9.08,-8.73,4.8));
#5317 = DIRECTION('',(0.898384360919,0.,-0.439210132005));
#5318 = DIRECTION('',(-0.439210132005,0.,-0.898384360919));
#5319 = ADVANCED_FACE('',(#5320),#5330,.T.);
#5320 = FACE_BOUND('',#5321,.T.);
#5321 = EDGE_LOOP('',(#5322,#5323,#5329));
#5322 = ORIENTED_EDGE('',*,*,#5293,.T.);
#5323 = ORIENTED_EDGE('',*,*,#5324,.T.);
#5324 = EDGE_CURVE('',#5294,#4691,#5325,.T.);
#5325 = LINE('',#5326,#5327);
#5326 = CARTESIAN_POINT('',(-9.3,-10.53,4.35));
#5327 = VECTOR('',#5328,1.);
#5328 = DIRECTION('',(0.439210132005,0.,-0.898384360919));
#5329 = ORIENTED_EDGE('',*,*,#4698,.T.);
#5330 = PLANE('',#5331);
#5331 = AXIS2_PLACEMENT_3D('',#5332,#5333,#5334);
#5332 = CARTESIAN_POINT('',(-9.137944008739,-10.53,4.35));
#5333 = DIRECTION('',(0.,-1.,0.));
#5334 = DIRECTION('',(0.,0.,-1.));
#5335 = ADVANCED_FACE('',(#5336),#5347,.F.);
#5336 = FACE_BOUND('',#5337,.F.);
#5337 = EDGE_LOOP('',(#5338,#5339,#5340,#5341));
#5338 = ORIENTED_EDGE('',*,*,#5301,.T.);
#5339 = ORIENTED_EDGE('',*,*,#5324,.T.);
#5340 = ORIENTED_EDGE('',*,*,#4690,.F.);
#5341 = ORIENTED_EDGE('',*,*,#5342,.F.);
#5342 = EDGE_CURVE('',#5302,#4683,#5343,.T.);
#5343 = LINE('',#5344,#5345);
#5344 = CARTESIAN_POINT('',(-9.3,-8.73,4.35));
#5345 = VECTOR('',#5346,1.);
#5346 = DIRECTION('',(0.439210132005,0.,-0.898384360919));
#5347 = PLANE('',#5348);
#5348 = AXIS2_PLACEMENT_3D('',#5349,#5350,#5351);
#5349 = CARTESIAN_POINT('',(-9.3,-8.73,4.35));
#5350 = DIRECTION('',(0.898384360919,0.,0.439210132005));
#5351 = DIRECTION('',(0.439210132005,0.,-0.898384360919));
#5352 = ADVANCED_FACE('',(#5353),#5358,.F.);
#5353 = FACE_BOUND('',#5354,.F.);
#5354 = EDGE_LOOP('',(#5355,#5356,#5357));
#5355 = ORIENTED_EDGE('',*,*,#5309,.T.);
#5356 = ORIENTED_EDGE('',*,*,#5342,.T.);
#5357 = ORIENTED_EDGE('',*,*,#4682,.T.);
#5358 = PLANE('',#5359);
#5359 = AXIS2_PLACEMENT_3D('',#5360,#5361,#5362);
#5360 = CARTESIAN_POINT('',(-9.137944008739,-8.73,4.35));
#5361 = DIRECTION('',(0.,-1.,0.));
#5362 = DIRECTION('',(0.,0.,-1.));
#5363 = ADVANCED_FACE('',(#5364),#5389,.T.);
#5364 = FACE_BOUND('',#5365,.T.);
#5365 = EDGE_LOOP('',(#5366,#5367,#5375,#5383));
#5366 = ORIENTED_EDGE('',*,*,#4803,.T.);
#5367 = ORIENTED_EDGE('',*,*,#5368,.T.);
#5368 = EDGE_CURVE('',#4806,#5369,#5371,.T.);
#5369 = VERTEX_POINT('',#5370);
#5370 = CARTESIAN_POINT('',(9.3,8.73,4.35));
#5371 = LINE('',#5372,#5373);
#5372 = CARTESIAN_POINT('',(9.08,8.73,4.8));
#5373 = VECTOR('',#5374,1.);
#5374 = DIRECTION('',(0.439210132005,0.,-0.898384360919));
#5375 = ORIENTED_EDGE('',*,*,#5376,.F.);
#5376 = EDGE_CURVE('',#5377,#5369,#5379,.T.);
#5377 = VERTEX_POINT('',#5378);
#5378 = CARTESIAN_POINT('',(9.3,10.53,4.35));
#5379 = LINE('',#5380,#5381);
#5380 = CARTESIAN_POINT('',(9.3,10.53,4.35));
#5381 = VECTOR('',#5382,1.);
#5382 = DIRECTION('',(0.,-1.,0.));
#5383 = ORIENTED_EDGE('',*,*,#5384,.F.);
#5384 = EDGE_CURVE('',#4804,#5377,#5385,.T.);
#5385 = LINE('',#5386,#5387);
#5386 = CARTESIAN_POINT('',(9.08,10.53,4.8));
#5387 = VECTOR('',#5388,1.);
#5388 = DIRECTION('',(0.439210132005,0.,-0.898384360919));
#5389 = PLANE('',#5390);
#5390 = AXIS2_PLACEMENT_3D('',#5391,#5392,#5393);
#5391 = CARTESIAN_POINT('',(9.08,10.53,4.8));
#5392 = DIRECTION('',(0.898384360919,0.,0.439210132005));
#5393 = DIRECTION('',(0.439210132005,0.,-0.898384360919));
#5394 = ADVANCED_FACE('',(#5395),#5405,.F.);
#5395 = FACE_BOUND('',#5396,.F.);
#5396 = EDGE_LOOP('',(#5397,#5398,#5404));
#5397 = ORIENTED_EDGE('',*,*,#5368,.T.);
#5398 = ORIENTED_EDGE('',*,*,#5399,.T.);
#5399 = EDGE_CURVE('',#5369,#4822,#5400,.T.);
#5400 = LINE('',#5401,#5402);
#5401 = CARTESIAN_POINT('',(9.3,8.73,4.35));
#5402 = VECTOR('',#5403,1.);
#5403 = DIRECTION('',(-0.439210132005,0.,-0.898384360919));
#5404 = ORIENTED_EDGE('',*,*,#4829,.T.);
#5405 = PLANE('',#5406);
#5406 = AXIS2_PLACEMENT_3D('',#5407,#5408,#5409);
#5407 = CARTESIAN_POINT('',(9.137944008739,8.73,4.35));
#5408 = DIRECTION('',(-0.,1.,0.));
#5409 = DIRECTION('',(0.,0.,1.));
#5410 = ADVANCED_FACE('',(#5411),#5422,.T.);
#5411 = FACE_BOUND('',#5412,.T.);
#5412 = EDGE_LOOP('',(#5413,#5414,#5415,#5416));
#5413 = ORIENTED_EDGE('',*,*,#5376,.T.);
#5414 = ORIENTED_EDGE('',*,*,#5399,.T.);
#5415 = ORIENTED_EDGE('',*,*,#4821,.F.);
#5416 = ORIENTED_EDGE('',*,*,#5417,.F.);
#5417 = EDGE_CURVE('',#5377,#4814,#5418,.T.);
#5418 = LINE('',#5419,#5420);
#5419 = CARTESIAN_POINT('',(9.3,10.53,4.35));
#5420 = VECTOR('',#5421,1.);
#5421 = DIRECTION('',(-0.439210132005,0.,-0.898384360919));
#5422 = PLANE('',#5423);
#5423 = AXIS2_PLACEMENT_3D('',#5424,#5425,#5426);
#5424 = CARTESIAN_POINT('',(9.3,10.53,4.35));
#5425 = DIRECTION('',(0.898384360919,0.,-0.439210132005));
#5426 = DIRECTION('',(-0.439210132005,0.,-0.898384360919));
#5427 = ADVANCED_FACE('',(#5428),#5433,.T.);
#5428 = FACE_BOUND('',#5429,.T.);
#5429 = EDGE_LOOP('',(#5430,#5431,#5432));
#5430 = ORIENTED_EDGE('',*,*,#5384,.T.);
#5431 = ORIENTED_EDGE('',*,*,#5417,.T.);
#5432 = ORIENTED_EDGE('',*,*,#4813,.T.);
#5433 = PLANE('',#5434);
#5434 = AXIS2_PLACEMENT_3D('',#5435,#5436,#5437);
#5435 = CARTESIAN_POINT('',(9.137944008739,10.53,4.35));
#5436 = DIRECTION('',(-0.,1.,0.));
#5437 = DIRECTION('',(0.,0.,1.));
#5438 = ADVANCED_FACE('',(#5439),#5464,.T.);
#5439 = FACE_BOUND('',#5440,.T.);
#5440 = EDGE_LOOP('',(#5441,#5442,#5450,#5458));
#5441 = ORIENTED_EDGE('',*,*,#4866,.T.);
#5442 = ORIENTED_EDGE('',*,*,#5443,.T.);
#5443 = EDGE_CURVE('',#4869,#5444,#5446,.T.);
#5444 = VERTEX_POINT('',#5445);
#5445 = CARTESIAN_POINT('',(9.3,-10.53,4.35));
#5446 = LINE('',#5447,#5448);
#5447 = CARTESIAN_POINT('',(9.08,-10.53,4.8));
#5448 = VECTOR('',#5449,1.);
#5449 = DIRECTION('',(0.439210132005,0.,-0.898384360919));
#5450 = ORIENTED_EDGE('',*,*,#5451,.F.);
#5451 = EDGE_CURVE('',#5452,#5444,#5454,.T.);
#5452 = VERTEX_POINT('',#5453);
#5453 = CARTESIAN_POINT('',(9.3,-8.73,4.35));
#5454 = LINE('',#5455,#5456);
#5455 = CARTESIAN_POINT('',(9.3,-8.73,4.35));
#5456 = VECTOR('',#5457,1.);
#5457 = DIRECTION('',(0.,-1.,0.));
#5458 = ORIENTED_EDGE('',*,*,#5459,.F.);
#5459 = EDGE_CURVE('',#4867,#5452,#5460,.T.);
#5460 = LINE('',#5461,#5462);
#5461 = CARTESIAN_POINT('',(9.08,-8.73,4.8));
#5462 = VECTOR('',#5463,1.);
#5463 = DIRECTION('',(0.439210132005,0.,-0.898384360919));
#5464 = PLANE('',#5465);
#5465 = AXIS2_PLACEMENT_3D('',#5466,#5467,#5468);
#5466 = CARTESIAN_POINT('',(9.08,-8.73,4.8));
#5467 = DIRECTION('',(0.898384360919,0.,0.439210132005));
#5468 = DIRECTION('',(0.439210132005,0.,-0.898384360919));
#5469 = ADVANCED_FACE('',(#5470),#5480,.F.);
#5470 = FACE_BOUND('',#5471,.F.);
#5471 = EDGE_LOOP('',(#5472,#5473,#5479));
#5472 = ORIENTED_EDGE('',*,*,#5443,.T.);
#5473 = ORIENTED_EDGE('',*,*,#5474,.T.);
#5474 = EDGE_CURVE('',#5444,#4885,#5475,.T.);
#5475 = LINE('',#5476,#5477);
#5476 = CARTESIAN_POINT('',(9.3,-10.53,4.35));
#5477 = VECTOR('',#5478,1.);
#5478 = DIRECTION('',(-0.439210132005,0.,-0.898384360919));
#5479 = ORIENTED_EDGE('',*,*,#4892,.T.);
#5480 = PLANE('',#5481);
#5481 = AXIS2_PLACEMENT_3D('',#5482,#5483,#5484);
#5482 = CARTESIAN_POINT('',(9.137944008739,-10.53,4.35));
#5483 = DIRECTION('',(-0.,1.,0.));
#5484 = DIRECTION('',(0.,0.,1.));
#5485 = ADVANCED_FACE('',(#5486),#5497,.T.);
#5486 = FACE_BOUND('',#5487,.T.);
#5487 = EDGE_LOOP('',(#5488,#5489,#5490,#5491));
#5488 = ORIENTED_EDGE('',*,*,#5451,.T.);
#5489 = ORIENTED_EDGE('',*,*,#5474,.T.);
#5490 = ORIENTED_EDGE('',*,*,#4884,.F.);
#5491 = ORIENTED_EDGE('',*,*,#5492,.F.);
#5492 = EDGE_CURVE('',#5452,#4877,#5493,.T.);
#5493 = LINE('',#5494,#5495);
#5494 = CARTESIAN_POINT('',(9.3,-8.73,4.35));
#5495 = VECTOR('',#5496,1.);
#5496 = DIRECTION('',(-0.439210132005,0.,-0.898384360919));
#5497 = PLANE('',#5498);
#5498 = AXIS2_PLACEMENT_3D('',#5499,#5500,#5501);
#5499 = CARTESIAN_POINT('',(9.3,-8.73,4.35));
#5500 = DIRECTION('',(0.898384360919,0.,-0.439210132005));
#5501 = DIRECTION('',(-0.439210132005,0.,-0.898384360919));
#5502 = ADVANCED_FACE('',(#5503),#5508,.T.);
#5503 = FACE_BOUND('',#5504,.T.);
#5504 = EDGE_LOOP('',(#5505,#5506,#5507));
#5505 = ORIENTED_EDGE('',*,*,#5459,.T.);
#5506 = ORIENTED_EDGE('',*,*,#5492,.T.);
#5507 = ORIENTED_EDGE('',*,*,#4876,.T.);
#5508 = PLANE('',#5509);
#5509 = AXIS2_PLACEMENT_3D('',#5510,#5511,#5512);
#5510 = CARTESIAN_POINT('',(9.137944008739,-8.73,4.35));
#5511 = DIRECTION('',(-0.,1.,0.));
#5512 = DIRECTION('',(0.,0.,1.));
#5513 = ADVANCED_FACE('',(#5514),#5531,.T.);
#5514 = FACE_BOUND('',#5515,.T.);
#5515 = EDGE_LOOP('',(#5516,#5517,#5525));
#5516 = ORIENTED_EDGE('',*,*,#4979,.F.);
#5517 = ORIENTED_EDGE('',*,*,#5518,.T.);
#5518 = EDGE_CURVE('',#4972,#5519,#5521,.T.);
#5519 = VERTEX_POINT('',#5520);
#5520 = CARTESIAN_POINT('',(11.2,13.5,5.));
#5521 = LINE('',#5522,#5523);
#5522 = CARTESIAN_POINT('',(2.8,13.5,5.));
#5523 = VECTOR('',#5524,1.);
#5524 = DIRECTION('',(1.,0.,0.));
#5525 = ORIENTED_EDGE('',*,*,#5526,.T.);
#5526 = EDGE_CURVE('',#5519,#4980,#5527,.T.);
#5527 = LINE('',#5528,#5529);
#5528 = CARTESIAN_POINT('',(11.2,13.5,5.));
#5529 = VECTOR('',#5530,1.);
#5530 = DIRECTION('',(0.,-1.,0.));
#5531 = PLANE('',#5532);
#5532 = AXIS2_PLACEMENT_3D('',#5533,#5534,#5535);
#5533 = CARTESIAN_POINT('',(2.8,13.5,5.));
#5534 = DIRECTION('',(0.,0.,-1.));
#5535 = DIRECTION('',(1.,0.,0.));
#5536 = ADVANCED_FACE('',(#5537),#5549,.T.);
#5537 = FACE_BOUND('',#5538,.T.);
#5538 = EDGE_LOOP('',(#5539,#5540,#5547,#5548));
#5539 = ORIENTED_EDGE('',*,*,#5083,.F.);
#5540 = ORIENTED_EDGE('',*,*,#5541,.T.);
#5541 = EDGE_CURVE('',#5075,#4972,#5542,.T.);
#5542 = CIRCLE('',#5543,4.2);
#5543 = AXIS2_PLACEMENT_3D('',#5544,#5545,#5546);
#5544 = CARTESIAN_POINT('',(7.,13.,5.));
#5545 = DIRECTION('',(0.,0.,-1.));
#5546 = DIRECTION('',(1.,0.,0.));
#5547 = ORIENTED_EDGE('',*,*,#4971,.F.);
#5548 = ORIENTED_EDGE('',*,*,#5047,.F.);
#5549 = PLANE('',#5550);
#5550 = AXIS2_PLACEMENT_3D('',#5551,#5552,#5553);
#5551 = CARTESIAN_POINT('',(7.,13.,5.));
#5552 = DIRECTION('',(0.,0.,-1.));
#5553 = DIRECTION('',(1.,0.,0.));
#5554 = ADVANCED_FACE('',(#5555),#5567,.F.);
#5555 = FACE_BOUND('',#5556,.F.);
#5556 = EDGE_LOOP('',(#5557,#5558,#5565,#5566));
#5557 = ORIENTED_EDGE('',*,*,#5167,.F.);
#5558 = ORIENTED_EDGE('',*,*,#5559,.T.);
#5559 = EDGE_CURVE('',#5159,#5133,#5560,.T.);
#5560 = CIRCLE('',#5561,4.2);
#5561 = AXIS2_PLACEMENT_3D('',#5562,#5563,#5564);
#5562 = CARTESIAN_POINT('',(7.,13.,9.4));
#5563 = DIRECTION('',(0.,0.,-1.));
#5564 = DIRECTION('',(1.,0.,0.));
#5565 = ORIENTED_EDGE('',*,*,#5132,.F.);
#5566 = ORIENTED_EDGE('',*,*,#5029,.F.);
#5567 = PLANE('',#5568);
#5568 = AXIS2_PLACEMENT_3D('',#5569,#5570,#5571);
#5569 = CARTESIAN_POINT('',(7.,13.,9.4));
#5570 = DIRECTION('',(0.,0.,-1.));
#5571 = DIRECTION('',(1.,0.,0.));
#5572 = ADVANCED_FACE('',(#5573),#5583,.T.);
#5573 = FACE_BOUND('',#5574,.T.);
#5574 = EDGE_LOOP('',(#5575,#5576,#5582));
#5575 = ORIENTED_EDGE('',*,*,#5098,.F.);
#5576 = ORIENTED_EDGE('',*,*,#5577,.T.);
#5577 = EDGE_CURVE('',#5099,#5075,#5578,.T.);
#5578 = LINE('',#5579,#5580);
#5579 = CARTESIAN_POINT('',(2.8,13.5,5.));
#5580 = VECTOR('',#5581,1.);
#5581 = DIRECTION('',(1.,0.,0.));
#5582 = ORIENTED_EDGE('',*,*,#5074,.F.);
#5583 = PLANE('',#5584);
#5584 = AXIS2_PLACEMENT_3D('',#5585,#5586,#5587);
#5585 = CARTESIAN_POINT('',(2.8,13.5,5.));
#5586 = DIRECTION('',(0.,0.,-1.));
#5587 = DIRECTION('',(1.,0.,0.));
#5588 = ADVANCED_FACE('',(#5589),#5599,.F.);
#5589 = FACE_BOUND('',#5590,.F.);
#5590 = EDGE_LOOP('',(#5591,#5592,#5598));
#5591 = ORIENTED_EDGE('',*,*,#5114,.F.);
#5592 = ORIENTED_EDGE('',*,*,#5593,.T.);
#5593 = EDGE_CURVE('',#5107,#5159,#5594,.T.);
#5594 = LINE('',#5595,#5596);
#5595 = CARTESIAN_POINT('',(2.8,13.5,9.4));
#5596 = VECTOR('',#5597,1.);
#5597 = DIRECTION('',(1.,0.,0.));
#5598 = ORIENTED_EDGE('',*,*,#5158,.F.);
#5599 = PLANE('',#5600);
#5600 = AXIS2_PLACEMENT_3D('',#5601,#5602,#5603);
#5601 = CARTESIAN_POINT('',(2.8,13.5,9.4));
#5602 = DIRECTION('',(0.,0.,-1.));
#5603 = DIRECTION('',(1.,0.,0.));
#5604 = ADVANCED_FACE('',(#5605),#5616,.F.);
#5605 = FACE_BOUND('',#5606,.F.);
#5606 = EDGE_LOOP('',(#5607,#5608,#5609,#5610));
#5607 = ORIENTED_EDGE('',*,*,#5593,.F.);
#5608 = ORIENTED_EDGE('',*,*,#5106,.T.);
#5609 = ORIENTED_EDGE('',*,*,#5577,.T.);
#5610 = ORIENTED_EDGE('',*,*,#5611,.F.);
#5611 = EDGE_CURVE('',#5159,#5075,#5612,.T.);
#5612 = LINE('',#5613,#5614);
#5613 = CARTESIAN_POINT('',(2.829868107601,13.5,9.4));
#5614 = VECTOR('',#5615,1.);
#5615 = DIRECTION('',(0.,0.,-1.));
#5616 = PLANE('',#5617);
#5617 = AXIS2_PLACEMENT_3D('',#5618,#5619,#5620);
#5618 = CARTESIAN_POINT('',(2.8,13.5,9.4));
#5619 = DIRECTION('',(0.,-1.,0.));
#5620 = DIRECTION('',(0.,0.,-1.));
#5621 = ADVANCED_FACE('',(#5622),#5639,.F.);
#5622 = FACE_BOUND('',#5623,.F.);
#5623 = EDGE_LOOP('',(#5624,#5625,#5633));
#5624 = ORIENTED_EDGE('',*,*,#5140,.F.);
#5625 = ORIENTED_EDGE('',*,*,#5626,.T.);
#5626 = EDGE_CURVE('',#5133,#5627,#5629,.T.);
#5627 = VERTEX_POINT('',#5628);
#5628 = CARTESIAN_POINT('',(11.2,13.5,9.4));
#5629 = LINE('',#5630,#5631);
#5630 = CARTESIAN_POINT('',(2.8,13.5,9.4));
#5631 = VECTOR('',#5632,1.);
#5632 = DIRECTION('',(1.,0.,0.));
#5633 = ORIENTED_EDGE('',*,*,#5634,.T.);
#5634 = EDGE_CURVE('',#5627,#4147,#5635,.T.);
#5635 = LINE('',#5636,#5637);
#5636 = CARTESIAN_POINT('',(11.2,13.5,9.4));
#5637 = VECTOR('',#5638,1.);
#5638 = DIRECTION('',(0.,-1.,0.));
#5639 = PLANE('',#5640);
#5640 = AXIS2_PLACEMENT_3D('',#5641,#5642,#5643);
#5641 = CARTESIAN_POINT('',(2.8,13.5,9.4));
#5642 = DIRECTION('',(0.,0.,-1.));
#5643 = DIRECTION('',(1.,0.,0.));
#5644 = ADVANCED_FACE('',(#5645),#5656,.T.);
#5645 = FACE_BOUND('',#5646,.T.);
#5646 = EDGE_LOOP('',(#5647,#5648,#5654,#5655));
#5647 = ORIENTED_EDGE('',*,*,#5526,.F.);
#5648 = ORIENTED_EDGE('',*,*,#5649,.F.);
#5649 = EDGE_CURVE('',#5627,#5519,#5650,.T.);
#5650 = LINE('',#5651,#5652);
#5651 = CARTESIAN_POINT('',(11.2,13.5,9.4));
#5652 = VECTOR('',#5653,1.);
#5653 = DIRECTION('',(0.,0.,-1.));
#5654 = ORIENTED_EDGE('',*,*,#5634,.T.);
#5655 = ORIENTED_EDGE('',*,*,#5188,.T.);
#5656 = PLANE('',#5657);
#5657 = AXIS2_PLACEMENT_3D('',#5658,#5659,#5660);
#5658 = CARTESIAN_POINT('',(11.2,13.5,9.4));
#5659 = DIRECTION('',(1.,0.,0.));
#5660 = DIRECTION('',(0.,0.,-1.));
#5661 = ADVANCED_FACE('',(#5662),#5673,.F.);
#5662 = FACE_BOUND('',#5663,.F.);
#5663 = EDGE_LOOP('',(#5664,#5665,#5671,#5672));
#5664 = ORIENTED_EDGE('',*,*,#5626,.F.);
#5665 = ORIENTED_EDGE('',*,*,#5666,.T.);
#5666 = EDGE_CURVE('',#5133,#4972,#5667,.T.);
#5667 = LINE('',#5668,#5669);
#5668 = CARTESIAN_POINT('',(11.170131892399,13.5,9.4));
#5669 = VECTOR('',#5670,1.);
#5670 = DIRECTION('',(0.,0.,-1.));
#5671 = ORIENTED_EDGE('',*,*,#5518,.T.);
#5672 = ORIENTED_EDGE('',*,*,#5649,.F.);
#5673 = PLANE('',#5674);
#5674 = AXIS2_PLACEMENT_3D('',#5675,#5676,#5677);
#5675 = CARTESIAN_POINT('',(2.8,13.5,9.4));
#5676 = DIRECTION('',(0.,-1.,0.));
#5677 = DIRECTION('',(0.,0.,-1.));
#5678 = ADVANCED_FACE('',(#5679),#5685,.T.);
#5679 = FACE_BOUND('',#5680,.T.);
#5680 = EDGE_LOOP('',(#5681,#5682,#5683,#5684));
#5681 = ORIENTED_EDGE('',*,*,#5559,.T.);
#5682 = ORIENTED_EDGE('',*,*,#5666,.T.);
#5683 = ORIENTED_EDGE('',*,*,#5541,.F.);
#5684 = ORIENTED_EDGE('',*,*,#5611,.F.);
#5685 = CYLINDRICAL_SURFACE('',#5686,4.2);
#5686 = AXIS2_PLACEMENT_3D('',#5687,#5688,#5689);
#5687 = CARTESIAN_POINT('',(7.,13.,9.4));
#5688 = DIRECTION('',(0.,0.,-1.));
#5689 = DIRECTION('',(1.,0.,0.));
#5690 = MANIFOLD_SOLID_BREP('',#5691);
#5691 = CLOSED_SHELL('',(#5692,#5732,#5779,#5860,#5884,#5901,#5913,#5944
    ,#5976,#6008,#6025,#6056,#6080,#6104,#6121,#6138,#6150));
#5692 = ADVANCED_FACE('',(#5693),#5727,.F.);
#5693 = FACE_BOUND('',#5694,.F.);
#5694 = EDGE_LOOP('',(#5695,#5705,#5713,#5721));
#5695 = ORIENTED_EDGE('',*,*,#5696,.F.);
#5696 = EDGE_CURVE('',#5697,#5699,#5701,.T.);
#5697 = VERTEX_POINT('',#5698);
#5698 = CARTESIAN_POINT('',(-8.75,-10.5,2.));
#5699 = VERTEX_POINT('',#5700);
#5700 = CARTESIAN_POINT('',(-8.75,-10.5,3.4));
#5701 = LINE('',#5702,#5703);
#5702 = CARTESIAN_POINT('',(-8.75,-10.5,2.));
#5703 = VECTOR('',#5704,1.);
#5704 = DIRECTION('',(0.,0.,1.));
#5705 = ORIENTED_EDGE('',*,*,#5706,.T.);
#5706 = EDGE_CURVE('',#5697,#5707,#5709,.T.);
#5707 = VERTEX_POINT('',#5708);
#5708 = CARTESIAN_POINT('',(-8.75,10.5,2.));
#5709 = LINE('',#5710,#5711);
#5710 = CARTESIAN_POINT('',(-8.75,-10.5,2.));
#5711 = VECTOR('',#5712,1.);
#5712 = DIRECTION('',(0.,1.,0.));
#5713 = ORIENTED_EDGE('',*,*,#5714,.T.);
#5714 = EDGE_CURVE('',#5707,#5715,#5717,.T.);
#5715 = VERTEX_POINT('',#5716);
#5716 = CARTESIAN_POINT('',(-8.75,10.5,3.4));
#5717 = LINE('',#5718,#5719);
#5718 = CARTESIAN_POINT('',(-8.75,10.5,2.));
#5719 = VECTOR('',#5720,1.);
#5720 = DIRECTION('',(0.,0.,1.));
#5721 = ORIENTED_EDGE('',*,*,#5722,.F.);
#5722 = EDGE_CURVE('',#5699,#5715,#5723,.T.);
#5723 = LINE('',#5724,#5725);
#5724 = CARTESIAN_POINT('',(-8.75,-10.5,3.4));
#5725 = VECTOR('',#5726,1.);
#5726 = DIRECTION('',(0.,1.,0.));
#5727 = PLANE('',#5728);
#5728 = AXIS2_PLACEMENT_3D('',#5729,#5730,#5731);
#5729 = CARTESIAN_POINT('',(-8.75,-10.5,2.));
#5730 = DIRECTION('',(1.,0.,0.));
#5731 = DIRECTION('',(0.,0.,1.));
#5732 = ADVANCED_FACE('',(#5733),#5774,.F.);
#5733 = FACE_BOUND('',#5734,.F.);
#5734 = EDGE_LOOP('',(#5735,#5743,#5744,#5752,#5760,#5768));
#5735 = ORIENTED_EDGE('',*,*,#5736,.F.);
#5736 = EDGE_CURVE('',#5697,#5737,#5739,.T.);
#5737 = VERTEX_POINT('',#5738);
#5738 = CARTESIAN_POINT('',(8.75,-10.5,2.));
#5739 = LINE('',#5740,#5741);
#5740 = CARTESIAN_POINT('',(-8.75,-10.5,2.));
#5741 = VECTOR('',#5742,1.);
#5742 = DIRECTION('',(1.,0.,0.));
#5743 = ORIENTED_EDGE('',*,*,#5696,.T.);
#5744 = ORIENTED_EDGE('',*,*,#5745,.T.);
#5745 = EDGE_CURVE('',#5699,#5746,#5748,.T.);
#5746 = VERTEX_POINT('',#5747);
#5747 = CARTESIAN_POINT('',(-4.47,-10.5,3.4));
#5748 = LINE('',#5749,#5750);
#5749 = CARTESIAN_POINT('',(-8.75,-10.5,3.4));
#5750 = VECTOR('',#5751,1.);
#5751 = DIRECTION('',(1.,0.,0.));
#5752 = ORIENTED_EDGE('',*,*,#5753,.T.);
#5753 = EDGE_CURVE('',#5746,#5754,#5756,.T.);
#5754 = VERTEX_POINT('',#5755);
#5755 = CARTESIAN_POINT('',(4.47,-10.5,3.4));
#5756 = LINE('',#5757,#5758);
#5757 = CARTESIAN_POINT('',(-8.75,-10.5,3.4));
#5758 = VECTOR('',#5759,1.);
#5759 = DIRECTION('',(1.,0.,0.));
#5760 = ORIENTED_EDGE('',*,*,#5761,.T.);
#5761 = EDGE_CURVE('',#5754,#5762,#5764,.T.);
#5762 = VERTEX_POINT('',#5763);
#5763 = CARTESIAN_POINT('',(8.75,-10.5,3.4));
#5764 = LINE('',#5765,#5766);
#5765 = CARTESIAN_POINT('',(-8.75,-10.5,3.4));
#5766 = VECTOR('',#5767,1.);
#5767 = DIRECTION('',(1.,0.,0.));
#5768 = ORIENTED_EDGE('',*,*,#5769,.F.);
#5769 = EDGE_CURVE('',#5737,#5762,#5770,.T.);
#5770 = LINE('',#5771,#5772);
#5771 = CARTESIAN_POINT('',(8.75,-10.5,2.));
#5772 = VECTOR('',#5773,1.);
#5773 = DIRECTION('',(0.,0.,1.));
#5774 = PLANE('',#5775);
#5775 = AXIS2_PLACEMENT_3D('',#5776,#5777,#5778);
#5776 = CARTESIAN_POINT('',(-8.75,-10.5,2.));
#5777 = DIRECTION('',(0.,1.,0.));
#5778 = DIRECTION('',(0.,0.,1.));
#5779 = ADVANCED_FACE('',(#5780,#5821),#5855,.T.);
#5780 = FACE_BOUND('',#5781,.T.);
#5781 = EDGE_LOOP('',(#5782,#5790,#5791,#5792,#5800,#5808,#5814,#5815));
#5782 = ORIENTED_EDGE('',*,*,#5783,.F.);
#5783 = EDGE_CURVE('',#5715,#5784,#5786,.T.);
#5784 = VERTEX_POINT('',#5785);
#5785 = CARTESIAN_POINT('',(8.75,10.5,3.4));
#5786 = LINE('',#5787,#5788);
#5787 = CARTESIAN_POINT('',(-8.75,10.5,3.4));
#5788 = VECTOR('',#5789,1.);
#5789 = DIRECTION('',(1.,0.,0.));
#5790 = ORIENTED_EDGE('',*,*,#5722,.F.);
#5791 = ORIENTED_EDGE('',*,*,#5745,.T.);
#5792 = ORIENTED_EDGE('',*,*,#5793,.T.);
#5793 = EDGE_CURVE('',#5746,#5794,#5796,.T.);
#5794 = VERTEX_POINT('',#5795);
#5795 = CARTESIAN_POINT('',(-4.47,-4.15,3.4));
#5796 = LINE('',#5797,#5798);
#5797 = CARTESIAN_POINT('',(-4.47,-11.5,3.4));
#5798 = VECTOR('',#5799,1.);
#5799 = DIRECTION('',(0.,1.,0.));
#5800 = ORIENTED_EDGE('',*,*,#5801,.T.);
#5801 = EDGE_CURVE('',#5794,#5802,#5804,.T.);
#5802 = VERTEX_POINT('',#5803);
#5803 = CARTESIAN_POINT('',(4.47,-4.15,3.4));
#5804 = LINE('',#5805,#5806);
#5805 = CARTESIAN_POINT('',(-4.47,-4.15,3.4));
#5806 = VECTOR('',#5807,1.);
#5807 = DIRECTION('',(1.,0.,0.));
#5808 = ORIENTED_EDGE('',*,*,#5809,.F.);
#5809 = EDGE_CURVE('',#5754,#5802,#5810,.T.);
#5810 = LINE('',#5811,#5812);
#5811 = CARTESIAN_POINT('',(4.47,-11.5,3.4));
#5812 = VECTOR('',#5813,1.);
#5813 = DIRECTION('',(0.,1.,0.));
#5814 = ORIENTED_EDGE('',*,*,#5761,.T.);
#5815 = ORIENTED_EDGE('',*,*,#5816,.T.);
#5816 = EDGE_CURVE('',#5762,#5784,#5817,.T.);
#5817 = LINE('',#5818,#5819);
#5818 = CARTESIAN_POINT('',(8.75,-10.5,3.4));
#5819 = VECTOR('',#5820,1.);
#5820 = DIRECTION('',(0.,1.,0.));
#5821 = FACE_BOUND('',#5822,.T.);
#5822 = EDGE_LOOP('',(#5823,#5833,#5841,#5849));
#5823 = ORIENTED_EDGE('',*,*,#5824,.F.);
#5824 = EDGE_CURVE('',#5825,#5827,#5829,.T.);
#5825 = VERTEX_POINT('',#5826);
#5826 = CARTESIAN_POINT('',(-6.,-2.,3.4));
#5827 = VERTEX_POINT('',#5828);
#5828 = CARTESIAN_POINT('',(6.,-2.,3.4));
#5829 = LINE('',#5830,#5831);
#5830 = CARTESIAN_POINT('',(-6.,-2.,3.4));
#5831 = VECTOR('',#5832,1.);
#5832 = DIRECTION('',(1.,0.,0.));
#5833 = ORIENTED_EDGE('',*,*,#5834,.T.);
#5834 = EDGE_CURVE('',#5825,#5835,#5837,.T.);
#5835 = VERTEX_POINT('',#5836);
#5836 = CARTESIAN_POINT('',(-6.,8.,3.4));
#5837 = LINE('',#5838,#5839);
#5838 = CARTESIAN_POINT('',(-6.,-2.,3.4));
#5839 = VECTOR('',#5840,1.);
#5840 = DIRECTION('',(0.,1.,0.));
#5841 = ORIENTED_EDGE('',*,*,#5842,.T.);
#5842 = EDGE_CURVE('',#5835,#5843,#5845,.T.);
#5843 = VERTEX_POINT('',#5844);
#5844 = CARTESIAN_POINT('',(6.,8.,3.4));
#5845 = LINE('',#5846,#5847);
#5846 = CARTESIAN_POINT('',(-6.,8.,3.4));
#5847 = VECTOR('',#5848,1.);
#5848 = DIRECTION('',(1.,0.,0.));
#5849 = ORIENTED_EDGE('',*,*,#5850,.F.);
#5850 = EDGE_CURVE('',#5827,#5843,#5851,.T.);
#5851 = LINE('',#5852,#5853);
#5852 = CARTESIAN_POINT('',(6.,-2.,3.4));
#5853 = VECTOR('',#5854,1.);
#5854 = DIRECTION('',(0.,1.,0.));
#5855 = PLANE('',#5856);
#5856 = AXIS2_PLACEMENT_3D('',#5857,#5858,#5859);
#5857 = CARTESIAN_POINT('',(-8.75,-10.5,3.4));
#5858 = DIRECTION('',(0.,0.,1.));
#5859 = DIRECTION('',(1.,0.,0.));
#5860 = ADVANCED_FACE('',(#5861),#5879,.T.);
#5861 = FACE_BOUND('',#5862,.T.);
#5862 = EDGE_LOOP('',(#5863,#5871,#5872,#5873));
#5863 = ORIENTED_EDGE('',*,*,#5864,.F.);
#5864 = EDGE_CURVE('',#5707,#5865,#5867,.T.);
#5865 = VERTEX_POINT('',#5866);
#5866 = CARTESIAN_POINT('',(8.75,10.5,2.));
#5867 = LINE('',#5868,#5869);
#5868 = CARTESIAN_POINT('',(-8.75,10.5,2.));
#5869 = VECTOR('',#5870,1.);
#5870 = DIRECTION('',(1.,0.,0.));
#5871 = ORIENTED_EDGE('',*,*,#5714,.T.);
#5872 = ORIENTED_EDGE('',*,*,#5783,.T.);
#5873 = ORIENTED_EDGE('',*,*,#5874,.F.);
#5874 = EDGE_CURVE('',#5865,#5784,#5875,.T.);
#5875 = LINE('',#5876,#5877);
#5876 = CARTESIAN_POINT('',(8.75,10.5,2.));
#5877 = VECTOR('',#5878,1.);
#5878 = DIRECTION('',(0.,0.,1.));
#5879 = PLANE('',#5880);
#5880 = AXIS2_PLACEMENT_3D('',#5881,#5882,#5883);
#5881 = CARTESIAN_POINT('',(-8.75,10.5,2.));
#5882 = DIRECTION('',(0.,1.,0.));
#5883 = DIRECTION('',(0.,0.,1.));
#5884 = ADVANCED_FACE('',(#5885),#5896,.F.);
#5885 = FACE_BOUND('',#5886,.F.);
#5886 = EDGE_LOOP('',(#5887,#5888,#5889,#5895));
#5887 = ORIENTED_EDGE('',*,*,#5706,.F.);
#5888 = ORIENTED_EDGE('',*,*,#5736,.T.);
#5889 = ORIENTED_EDGE('',*,*,#5890,.T.);
#5890 = EDGE_CURVE('',#5737,#5865,#5891,.T.);
#5891 = LINE('',#5892,#5893);
#5892 = CARTESIAN_POINT('',(8.75,-10.5,2.));
#5893 = VECTOR('',#5894,1.);
#5894 = DIRECTION('',(0.,1.,0.));
#5895 = ORIENTED_EDGE('',*,*,#5864,.F.);
#5896 = PLANE('',#5897);
#5897 = AXIS2_PLACEMENT_3D('',#5898,#5899,#5900);
#5898 = CARTESIAN_POINT('',(-8.75,-10.5,2.));
#5899 = DIRECTION('',(0.,0.,1.));
#5900 = DIRECTION('',(1.,0.,0.));
#5901 = ADVANCED_FACE('',(#5902),#5908,.T.);
#5902 = FACE_BOUND('',#5903,.T.);
#5903 = EDGE_LOOP('',(#5904,#5905,#5906,#5907));
#5904 = ORIENTED_EDGE('',*,*,#5769,.F.);
#5905 = ORIENTED_EDGE('',*,*,#5890,.T.);
#5906 = ORIENTED_EDGE('',*,*,#5874,.T.);
#5907 = ORIENTED_EDGE('',*,*,#5816,.F.);
#5908 = PLANE('',#5909);
#5909 = AXIS2_PLACEMENT_3D('',#5910,#5911,#5912);
#5910 = CARTESIAN_POINT('',(8.75,-10.5,2.));
#5911 = DIRECTION('',(1.,0.,0.));
#5912 = DIRECTION('',(0.,0.,1.));
#5913 = ADVANCED_FACE('',(#5914),#5939,.F.);
#5914 = FACE_BOUND('',#5915,.F.);
#5915 = EDGE_LOOP('',(#5916,#5924,#5932,#5938));
#5916 = ORIENTED_EDGE('',*,*,#5917,.F.);
#5917 = EDGE_CURVE('',#5918,#5746,#5920,.T.);
#5918 = VERTEX_POINT('',#5919);
#5919 = CARTESIAN_POINT('',(-4.47,-11.5,3.4));
#5920 = LINE('',#5921,#5922);
#5921 = CARTESIAN_POINT('',(-4.47,-11.5,3.4));
#5922 = VECTOR('',#5923,1.);
#5923 = DIRECTION('',(0.,1.,0.));
#5924 = ORIENTED_EDGE('',*,*,#5925,.T.);
#5925 = EDGE_CURVE('',#5918,#5926,#5928,.T.);
#5926 = VERTEX_POINT('',#5927);
#5927 = CARTESIAN_POINT('',(4.47,-11.5,3.4));
#5928 = LINE('',#5929,#5930);
#5929 = CARTESIAN_POINT('',(-4.47,-11.5,3.4));
#5930 = VECTOR('',#5931,1.);
#5931 = DIRECTION('',(1.,0.,0.));
#5932 = ORIENTED_EDGE('',*,*,#5933,.T.);
#5933 = EDGE_CURVE('',#5926,#5754,#5934,.T.);
#5934 = LINE('',#5935,#5936);
#5935 = CARTESIAN_POINT('',(4.47,-11.5,3.4));
#5936 = VECTOR('',#5937,1.);
#5937 = DIRECTION('',(0.,1.,0.));
#5938 = ORIENTED_EDGE('',*,*,#5753,.F.);
#5939 = PLANE('',#5940);
#5940 = AXIS2_PLACEMENT_3D('',#5941,#5942,#5943);
#5941 = CARTESIAN_POINT('',(-4.47,-11.5,3.4));
#5942 = DIRECTION('',(0.,0.,1.));
#5943 = DIRECTION('',(1.,0.,0.));
#5944 = ADVANCED_FACE('',(#5945),#5971,.T.);
#5945 = FACE_BOUND('',#5946,.T.);
#5946 = EDGE_LOOP('',(#5947,#5955,#5956,#5957,#5965));
#5947 = ORIENTED_EDGE('',*,*,#5948,.F.);
#5948 = EDGE_CURVE('',#5926,#5949,#5951,.T.);
#5949 = VERTEX_POINT('',#5950);
#5950 = CARTESIAN_POINT('',(4.47,-11.5,6.56));
#5951 = LINE('',#5952,#5953);
#5952 = CARTESIAN_POINT('',(4.47,-11.5,3.4));
#5953 = VECTOR('',#5954,1.);
#5954 = DIRECTION('',(0.,0.,1.));
#5955 = ORIENTED_EDGE('',*,*,#5933,.T.);
#5956 = ORIENTED_EDGE('',*,*,#5809,.T.);
#5957 = ORIENTED_EDGE('',*,*,#5958,.T.);
#5958 = EDGE_CURVE('',#5802,#5959,#5961,.T.);
#5959 = VERTEX_POINT('',#5960);
#5960 = CARTESIAN_POINT('',(4.47,-4.15,6.56));
#5961 = LINE('',#5962,#5963);
#5962 = CARTESIAN_POINT('',(4.47,-4.15,3.4));
#5963 = VECTOR('',#5964,1.);
#5964 = DIRECTION('',(0.,0.,1.));
#5965 = ORIENTED_EDGE('',*,*,#5966,.F.);
#5966 = EDGE_CURVE('',#5949,#5959,#5967,.T.);
#5967 = LINE('',#5968,#5969);
#5968 = CARTESIAN_POINT('',(4.47,-11.5,6.56));
#5969 = VECTOR('',#5970,1.);
#5970 = DIRECTION('',(0.,1.,0.));
#5971 = PLANE('',#5972);
#5972 = AXIS2_PLACEMENT_3D('',#5973,#5974,#5975);
#5973 = CARTESIAN_POINT('',(4.47,-11.5,3.4));
#5974 = DIRECTION('',(1.,0.,0.));
#5975 = DIRECTION('',(0.,0.,1.));
#5976 = ADVANCED_FACE('',(#5977),#6003,.F.);
#5977 = FACE_BOUND('',#5978,.F.);
#5978 = EDGE_LOOP('',(#5979,#5987,#5988,#5989,#5997));
#5979 = ORIENTED_EDGE('',*,*,#5980,.F.);
#5980 = EDGE_CURVE('',#5918,#5981,#5983,.T.);
#5981 = VERTEX_POINT('',#5982);
#5982 = CARTESIAN_POINT('',(-4.47,-11.5,6.56));
#5983 = LINE('',#5984,#5985);
#5984 = CARTESIAN_POINT('',(-4.47,-11.5,3.4));
#5985 = VECTOR('',#5986,1.);
#5986 = DIRECTION('',(0.,0.,1.));
#5987 = ORIENTED_EDGE('',*,*,#5917,.T.);
#5988 = ORIENTED_EDGE('',*,*,#5793,.T.);
#5989 = ORIENTED_EDGE('',*,*,#5990,.T.);
#5990 = EDGE_CURVE('',#5794,#5991,#5993,.T.);
#5991 = VERTEX_POINT('',#5992);
#5992 = CARTESIAN_POINT('',(-4.47,-4.15,6.56));
#5993 = LINE('',#5994,#5995);
#5994 = CARTESIAN_POINT('',(-4.47,-4.15,3.4));
#5995 = VECTOR('',#5996,1.);
#5996 = DIRECTION('',(0.,0.,1.));
#5997 = ORIENTED_EDGE('',*,*,#5998,.F.);
#5998 = EDGE_CURVE('',#5981,#5991,#5999,.T.);
#5999 = LINE('',#6000,#6001);
#6000 = CARTESIAN_POINT('',(-4.47,-11.5,6.56));
#6001 = VECTOR('',#6002,1.);
#6002 = DIRECTION('',(0.,1.,0.));
#6003 = PLANE('',#6004);
#6004 = AXIS2_PLACEMENT_3D('',#6005,#6006,#6007);
#6005 = CARTESIAN_POINT('',(-4.47,-11.5,3.4));
#6006 = DIRECTION('',(1.,0.,0.));
#6007 = DIRECTION('',(0.,0.,1.));
#6008 = ADVANCED_FACE('',(#6009),#6020,.T.);
#6009 = FACE_BOUND('',#6010,.T.);
#6010 = EDGE_LOOP('',(#6011,#6012,#6013,#6019));
#6011 = ORIENTED_EDGE('',*,*,#5801,.F.);
#6012 = ORIENTED_EDGE('',*,*,#5990,.T.);
#6013 = ORIENTED_EDGE('',*,*,#6014,.T.);
#6014 = EDGE_CURVE('',#5991,#5959,#6015,.T.);
#6015 = LINE('',#6016,#6017);
#6016 = CARTESIAN_POINT('',(-4.47,-4.15,6.56));
#6017 = VECTOR('',#6018,1.);
#6018 = DIRECTION('',(1.,0.,0.));
#6019 = ORIENTED_EDGE('',*,*,#5958,.F.);
#6020 = PLANE('',#6021);
#6021 = AXIS2_PLACEMENT_3D('',#6022,#6023,#6024);
#6022 = CARTESIAN_POINT('',(-4.47,-4.15,3.4));
#6023 = DIRECTION('',(0.,1.,0.));
#6024 = DIRECTION('',(0.,0.,1.));
#6025 = ADVANCED_FACE('',(#6026),#6051,.F.);
#6026 = FACE_BOUND('',#6027,.F.);
#6027 = EDGE_LOOP('',(#6028,#6029,#6037,#6045));
#6028 = ORIENTED_EDGE('',*,*,#5824,.F.);
#6029 = ORIENTED_EDGE('',*,*,#6030,.T.);
#6030 = EDGE_CURVE('',#5825,#6031,#6033,.T.);
#6031 = VERTEX_POINT('',#6032);
#6032 = CARTESIAN_POINT('',(-6.,-2.,5.4));
#6033 = LINE('',#6034,#6035);
#6034 = CARTESIAN_POINT('',(-6.,-2.,3.4));
#6035 = VECTOR('',#6036,1.);
#6036 = DIRECTION('',(0.,0.,1.));
#6037 = ORIENTED_EDGE('',*,*,#6038,.T.);
#6038 = EDGE_CURVE('',#6031,#6039,#6041,.T.);
#6039 = VERTEX_POINT('',#6040);
#6040 = CARTESIAN_POINT('',(6.,-2.,5.4));
#6041 = LINE('',#6042,#6043);
#6042 = CARTESIAN_POINT('',(-6.,-2.,5.4));
#6043 = VECTOR('',#6044,1.);
#6044 = DIRECTION('',(1.,0.,0.));
#6045 = ORIENTED_EDGE('',*,*,#6046,.F.);
#6046 = EDGE_CURVE('',#5827,#6039,#6047,.T.);
#6047 = LINE('',#6048,#6049);
#6048 = CARTESIAN_POINT('',(6.,-2.,3.4));
#6049 = VECTOR('',#6050,1.);
#6050 = DIRECTION('',(0.,0.,1.));
#6051 = PLANE('',#6052);
#6052 = AXIS2_PLACEMENT_3D('',#6053,#6054,#6055);
#6053 = CARTESIAN_POINT('',(-6.,-2.,3.4));
#6054 = DIRECTION('',(0.,1.,0.));
#6055 = DIRECTION('',(0.,0.,1.));
#6056 = ADVANCED_FACE('',(#6057),#6075,.T.);
#6057 = FACE_BOUND('',#6058,.T.);
#6058 = EDGE_LOOP('',(#6059,#6060,#6061,#6069));
#6059 = ORIENTED_EDGE('',*,*,#6046,.F.);
#6060 = ORIENTED_EDGE('',*,*,#5850,.T.);
#6061 = ORIENTED_EDGE('',*,*,#6062,.T.);
#6062 = EDGE_CURVE('',#5843,#6063,#6065,.T.);
#6063 = VERTEX_POINT('',#6064);
#6064 = CARTESIAN_POINT('',(6.,8.,5.4));
#6065 = LINE('',#6066,#6067);
#6066 = CARTESIAN_POINT('',(6.,8.,3.4));
#6067 = VECTOR('',#6068,1.);
#6068 = DIRECTION('',(0.,0.,1.));
#6069 = ORIENTED_EDGE('',*,*,#6070,.F.);
#6070 = EDGE_CURVE('',#6039,#6063,#6071,.T.);
#6071 = LINE('',#6072,#6073);
#6072 = CARTESIAN_POINT('',(6.,-2.,5.4));
#6073 = VECTOR('',#6074,1.);
#6074 = DIRECTION('',(0.,1.,0.));
#6075 = PLANE('',#6076);
#6076 = AXIS2_PLACEMENT_3D('',#6077,#6078,#6079);
#6077 = CARTESIAN_POINT('',(6.,-2.,3.4));
#6078 = DIRECTION('',(1.,0.,0.));
#6079 = DIRECTION('',(0.,0.,1.));
#6080 = ADVANCED_FACE('',(#6081),#6099,.T.);
#6081 = FACE_BOUND('',#6082,.T.);
#6082 = EDGE_LOOP('',(#6083,#6084,#6092,#6098));
#6083 = ORIENTED_EDGE('',*,*,#5842,.F.);
#6084 = ORIENTED_EDGE('',*,*,#6085,.T.);
#6085 = EDGE_CURVE('',#5835,#6086,#6088,.T.);
#6086 = VERTEX_POINT('',#6087);
#6087 = CARTESIAN_POINT('',(-6.,8.,5.4));
#6088 = LINE('',#6089,#6090);
#6089 = CARTESIAN_POINT('',(-6.,8.,3.4));
#6090 = VECTOR('',#6091,1.);
#6091 = DIRECTION('',(0.,0.,1.));
#6092 = ORIENTED_EDGE('',*,*,#6093,.T.);
#6093 = EDGE_CURVE('',#6086,#6063,#6094,.T.);
#6094 = LINE('',#6095,#6096);
#6095 = CARTESIAN_POINT('',(-6.,8.,5.4));
#6096 = VECTOR('',#6097,1.);
#6097 = DIRECTION('',(1.,0.,0.));
#6098 = ORIENTED_EDGE('',*,*,#6062,.F.);
#6099 = PLANE('',#6100);
#6100 = AXIS2_PLACEMENT_3D('',#6101,#6102,#6103);
#6101 = CARTESIAN_POINT('',(-6.,8.,3.4));
#6102 = DIRECTION('',(0.,1.,0.));
#6103 = DIRECTION('',(0.,0.,1.));
#6104 = ADVANCED_FACE('',(#6105),#6116,.F.);
#6105 = FACE_BOUND('',#6106,.F.);
#6106 = EDGE_LOOP('',(#6107,#6108,#6109,#6110));
#6107 = ORIENTED_EDGE('',*,*,#6030,.F.);
#6108 = ORIENTED_EDGE('',*,*,#5834,.T.);
#6109 = ORIENTED_EDGE('',*,*,#6085,.T.);
#6110 = ORIENTED_EDGE('',*,*,#6111,.F.);
#6111 = EDGE_CURVE('',#6031,#6086,#6112,.T.);
#6112 = LINE('',#6113,#6114);
#6113 = CARTESIAN_POINT('',(-6.,-2.,5.4));
#6114 = VECTOR('',#6115,1.);
#6115 = DIRECTION('',(0.,1.,0.));
#6116 = PLANE('',#6117);
#6117 = AXIS2_PLACEMENT_3D('',#6118,#6119,#6120);
#6118 = CARTESIAN_POINT('',(-6.,-2.,3.4));
#6119 = DIRECTION('',(1.,0.,0.));
#6120 = DIRECTION('',(0.,0.,1.));
#6121 = ADVANCED_FACE('',(#6122),#6133,.F.);
#6122 = FACE_BOUND('',#6123,.F.);
#6123 = EDGE_LOOP('',(#6124,#6125,#6126,#6132));
#6124 = ORIENTED_EDGE('',*,*,#5925,.F.);
#6125 = ORIENTED_EDGE('',*,*,#5980,.T.);
#6126 = ORIENTED_EDGE('',*,*,#6127,.T.);
#6127 = EDGE_CURVE('',#5981,#5949,#6128,.T.);
#6128 = LINE('',#6129,#6130);
#6129 = CARTESIAN_POINT('',(-4.47,-11.5,6.56));
#6130 = VECTOR('',#6131,1.);
#6131 = DIRECTION('',(1.,0.,0.));
#6132 = ORIENTED_EDGE('',*,*,#5948,.F.);
#6133 = PLANE('',#6134);
#6134 = AXIS2_PLACEMENT_3D('',#6135,#6136,#6137);
#6135 = CARTESIAN_POINT('',(-4.47,-11.5,3.4));
#6136 = DIRECTION('',(0.,1.,0.));
#6137 = DIRECTION('',(0.,0.,1.));
#6138 = ADVANCED_FACE('',(#6139),#6145,.T.);
#6139 = FACE_BOUND('',#6140,.T.);
#6140 = EDGE_LOOP('',(#6141,#6142,#6143,#6144));
#6141 = ORIENTED_EDGE('',*,*,#5998,.F.);
#6142 = ORIENTED_EDGE('',*,*,#6127,.T.);
#6143 = ORIENTED_EDGE('',*,*,#5966,.T.);
#6144 = ORIENTED_EDGE('',*,*,#6014,.F.);
#6145 = PLANE('',#6146);
#6146 = AXIS2_PLACEMENT_3D('',#6147,#6148,#6149);
#6147 = CARTESIAN_POINT('',(-4.47,-11.5,6.56));
#6148 = DIRECTION('',(0.,0.,1.));
#6149 = DIRECTION('',(1.,0.,0.));
#6150 = ADVANCED_FACE('',(#6151),#6157,.T.);
#6151 = FACE_BOUND('',#6152,.T.);
#6152 = EDGE_LOOP('',(#6153,#6154,#6155,#6156));
#6153 = ORIENTED_EDGE('',*,*,#6111,.F.);
#6154 = ORIENTED_EDGE('',*,*,#6038,.T.);
#6155 = ORIENTED_EDGE('',*,*,#6070,.T.);
#6156 = ORIENTED_EDGE('',*,*,#6093,.F.);
#6157 = PLANE('',#6158);
#6158 = AXIS2_PLACEMENT_3D('',#6159,#6160,#6161);
#6159 = CARTESIAN_POINT('',(-6.,-2.,5.4));
#6160 = DIRECTION('',(0.,0.,1.));
#6161 = DIRECTION('',(1.,0.,0.));
#6162 = ( GEOMETRIC_REPRESENTATION_CONTEXT(3) 
GLOBAL_UNCERTAINTY_ASSIGNED_CONTEXT((#6166)) 
GLOBAL_UNIT_ASSIGNED_CONTEXT((#6163,#6164,#6165)) REPRESENTATION_CONTEXT
('Context #1','3D Context with UNIT and UNCERTAINTY') );
#6163 = ( LENGTH_UNIT() NAMED_UNIT(*) SI_UNIT(.MILLI.,.METRE.) );
#6164 = ( NAMED_UNIT(*) PLANE_ANGLE_UNIT() SI_UNIT($,.RADIAN.) );
#6165 = ( NAMED_UNIT(*) SI_UNIT($,.STERADIAN.) SOLID_ANGLE_UNIT() );
#6166 = UNCERTAINTY_MEASURE_WITH_UNIT(LENGTH_MEASURE(1.E-07),#6163,
  'distance_accuracy_value','confusion accuracy');
#6167 = PRODUCT_RELATED_PRODUCT_CATEGORY('part',$,(#7));
ENDSEC;
END-ISO-10303-21;
