ISO-10303-21;
HEADER;
FILE_DESCRIPTION(('FreeCAD Model'),'2;1');
FILE_NAME('Open CASCADE Shape Model','2026-09-30T19:53:14',('FreeCAD'),(
    'FreeCAD'),'Open CASCADE STEP processor 7.8','FreeCAD','Unknown');
FILE_SCHEMA(('AUTOMOTIVE_DESIGN { 1 0 10303 214 1 1 1 1 }'));
ENDSEC;
DATA;
#1 = APPLICATION_PROTOCOL_DEFINITION('international standard',
  'automotive_design',2000,#2);
#2 = APPLICATION_CONTEXT(
  'core data for automotive mechanical design processes');
#3 = SHAPE_DEFINITION_REPRESENTATION(#4,#10);
#4 = PRODUCT_DEFINITION_SHAPE('','',#5);
#5 = PRODUCT_DEFINITION('design','',#6,#9);
#6 = PRODUCT_DEFINITION_FORMATION('','',#7);
#7 = PRODUCT('Open CASCADE STEP translator 7.8 29',
  'Open CASCADE STEP translator 7.8 29','',(#8));
#8 = PRODUCT_CONTEXT('',#2,'mechanical');
#9 = PRODUCT_DEFINITION_CONTEXT('part definition',#2,'design');
#10 = SHAPE_REPRESENTATION('',(#11,#15,#1814,#4818),#5290);
#11 = AXIS2_PLACEMENT_3D('',#12,#13,#14);
#12 = CARTESIAN_POINT('',(0.,0.,0.));
#13 = DIRECTION('',(0.,0.,1.));
#14 = DIRECTION('',(1.,0.,-0.));
#15 = MANIFOLD_SOLID_BREP('',#16);
#16 = CLOSED_SHELL('',(#17,#57,#138,#163,#188,#263,#280,#312,#384,#440,
    #528,#552,#594,#619,#634,#667,#698,#716,#747,#764,#823,#886,#910,
    #934,#995,#1019,#1036,#1048,#1072,#1089,#1121,#1138,#1150,#1162,
    #1186,#1203,#1220,#1255,#1288,#1312,#1343,#1377,#1454,#1489,#1514,
    #1525,#1537,#1549,#1575,#1602,#1624,#1637,#1653,#1675,#1686,#1704,
    #1722,#1745,#1768,#1785,#1802));
#17 = ADVANCED_FACE('',(#18),#52,.F.);
#18 = FACE_BOUND('',#19,.F.);
#19 = EDGE_LOOP('',(#20,#30,#38,#46));
#20 = ORIENTED_EDGE('',*,*,#21,.F.);
#21 = EDGE_CURVE('',#22,#24,#26,.T.);
#22 = VERTEX_POINT('',#23);
#23 = CARTESIAN_POINT('',(-10.5,-10.25,5.));
#24 = VERTEX_POINT('',#25);
#25 = CARTESIAN_POINT('',(-10.5,10.25,5.));
#26 = LINE('',#27,#28);
#27 = CARTESIAN_POINT('',(-10.5,-12.25,5.));
#28 = VECTOR('',#29,1.);
#29 = DIRECTION('',(0.,1.,0.));
#30 = ORIENTED_EDGE('',*,*,#31,.F.);
#31 = EDGE_CURVE('',#32,#22,#34,.T.);
#32 = VERTEX_POINT('',#33);
#33 = CARTESIAN_POINT('',(-10.5,-10.25,0.));
#34 = LINE('',#35,#36);
#35 = CARTESIAN_POINT('',(-10.5,-10.25,0.));
#36 = VECTOR('',#37,1.);
#37 = DIRECTION('',(0.,0.,1.));
#38 = ORIENTED_EDGE('',*,*,#39,.T.);
#39 = EDGE_CURVE('',#32,#40,#42,.T.);
#40 = VERTEX_POINT('',#41);
#41 = CARTESIAN_POINT('',(-10.5,10.25,0.));
#42 = LINE('',#43,#44);
#43 = CARTESIAN_POINT('',(-10.5,-12.25,0.));
#44 = VECTOR('',#45,1.);
#45 = DIRECTION('',(0.,1.,0.));
#46 = ORIENTED_EDGE('',*,*,#47,.T.);
#47 = EDGE_CURVE('',#40,#24,#48,.T.);
#48 = LINE('',#49,#50);
#49 = CARTESIAN_POINT('',(-10.5,10.25,0.));
#50 = VECTOR('',#51,1.);
#51 = DIRECTION('',(0.,0.,1.));
#52 = PLANE('',#53);
#53 = AXIS2_PLACEMENT_3D('',#54,#55,#56);
#54 = CARTESIAN_POINT('',(-10.5,-12.25,0.));
#55 = DIRECTION('',(1.,0.,0.));
#56 = DIRECTION('',(0.,0.,1.));
#57 = ADVANCED_FACE('',(#58),#133,.T.);
#58 = FACE_BOUND('',#59,.T.);
#59 = EDGE_LOOP('',(#60,#61,#70,#78,#86,#94,#102,#110,#118,#126));
#60 = ORIENTED_EDGE('',*,*,#21,.F.);
#61 = ORIENTED_EDGE('',*,*,#62,.T.);
#62 = EDGE_CURVE('',#22,#63,#65,.T.);
#63 = VERTEX_POINT('',#64);
#64 = CARTESIAN_POINT('',(-8.5,-12.25,5.));
#65 = CIRCLE('',#66,2.);
#66 = AXIS2_PLACEMENT_3D('',#67,#68,#69);
#67 = CARTESIAN_POINT('',(-8.5,-10.25,5.));
#68 = DIRECTION('',(-0.,0.,1.));
#69 = DIRECTION('',(0.,-1.,0.));
#70 = ORIENTED_EDGE('',*,*,#71,.T.);
#71 = EDGE_CURVE('',#63,#72,#74,.T.);
#72 = VERTEX_POINT('',#73);
#73 = CARTESIAN_POINT('',(-4.9,-12.25,5.));
#74 = LINE('',#75,#76);
#75 = CARTESIAN_POINT('',(-10.5,-12.25,5.));
#76 = VECTOR('',#77,1.);
#77 = DIRECTION('',(1.,0.,0.));
#78 = ORIENTED_EDGE('',*,*,#79,.T.);
#79 = EDGE_CURVE('',#72,#80,#82,.T.);
#80 = VERTEX_POINT('',#81);
#81 = CARTESIAN_POINT('',(-4.9,-10.85,5.));
#82 = LINE('',#83,#84);
#83 = CARTESIAN_POINT('',(-4.9,-12.75,5.));
#84 = VECTOR('',#85,1.);
#85 = DIRECTION('',(0.,1.,0.));
#86 = ORIENTED_EDGE('',*,*,#87,.T.);
#87 = EDGE_CURVE('',#80,#88,#90,.T.);
#88 = VERTEX_POINT('',#89);
#89 = CARTESIAN_POINT('',(-9.1,-10.85,5.));
#90 = LINE('',#91,#92);
#91 = CARTESIAN_POINT('',(-9.8,-10.85,5.));
#92 = VECTOR('',#93,1.);
#93 = DIRECTION('',(-1.,0.,0.));
#94 = ORIENTED_EDGE('',*,*,#95,.T.);
#95 = EDGE_CURVE('',#88,#96,#98,.T.);
#96 = VERTEX_POINT('',#97);
#97 = CARTESIAN_POINT('',(-9.1,10.85,5.));
#98 = LINE('',#99,#100);
#99 = CARTESIAN_POINT('',(-9.1,-11.55,5.));
#100 = VECTOR('',#101,1.);
#101 = DIRECTION('',(0.,1.,0.));
#102 = ORIENTED_EDGE('',*,*,#103,.F.);
#103 = EDGE_CURVE('',#104,#96,#106,.T.);
#104 = VERTEX_POINT('',#105);
#105 = CARTESIAN_POINT('',(2.8,10.85,5.));
#106 = LINE('',#107,#108);
#107 = CARTESIAN_POINT('',(-9.8,10.85,5.));
#108 = VECTOR('',#109,1.);
#109 = DIRECTION('',(-1.,0.,0.));
#110 = ORIENTED_EDGE('',*,*,#111,.T.);
#111 = EDGE_CURVE('',#104,#112,#114,.T.);
#112 = VERTEX_POINT('',#113);
#113 = CARTESIAN_POINT('',(2.8,12.25,5.));
#114 = LINE('',#115,#116);
#115 = CARTESIAN_POINT('',(2.8,9.5,5.));
#116 = VECTOR('',#117,1.);
#117 = DIRECTION('',(0.,1.,0.));
#118 = ORIENTED_EDGE('',*,*,#119,.F.);
#119 = EDGE_CURVE('',#120,#112,#122,.T.);
#120 = VERTEX_POINT('',#121);
#121 = CARTESIAN_POINT('',(-8.5,12.25,5.));
#122 = LINE('',#123,#124);
#123 = CARTESIAN_POINT('',(-10.5,12.25,5.));
#124 = VECTOR('',#125,1.);
#125 = DIRECTION('',(1.,0.,0.));
#126 = ORIENTED_EDGE('',*,*,#127,.F.);
#127 = EDGE_CURVE('',#24,#120,#128,.T.);
#128 = CIRCLE('',#129,2.);
#129 = AXIS2_PLACEMENT_3D('',#130,#131,#132);
#130 = CARTESIAN_POINT('',(-8.5,10.25,5.));
#131 = DIRECTION('',(-0.,-0.,-1.));
#132 = DIRECTION('',(0.,-1.,0.));
#133 = PLANE('',#134);
#134 = AXIS2_PLACEMENT_3D('',#135,#136,#137);
#135 = CARTESIAN_POINT('',(-10.5,-12.25,5.));
#136 = DIRECTION('',(0.,0.,1.));
#137 = DIRECTION('',(1.,0.,0.));
#138 = ADVANCED_FACE('',(#139),#158,.T.);
#139 = FACE_BOUND('',#140,.T.);
#140 = EDGE_LOOP('',(#141,#150,#156,#157));
#141 = ORIENTED_EDGE('',*,*,#142,.T.);
#142 = EDGE_CURVE('',#32,#143,#145,.T.);
#143 = VERTEX_POINT('',#144);
#144 = CARTESIAN_POINT('',(-8.5,-12.25,0.));
#145 = CIRCLE('',#146,2.);
#146 = AXIS2_PLACEMENT_3D('',#147,#148,#149);
#147 = CARTESIAN_POINT('',(-8.5,-10.25,0.));
#148 = DIRECTION('',(-0.,0.,1.));
#149 = DIRECTION('',(0.,-1.,0.));
#150 = ORIENTED_EDGE('',*,*,#151,.T.);
#151 = EDGE_CURVE('',#143,#63,#152,.T.);
#152 = LINE('',#153,#154);
#153 = CARTESIAN_POINT('',(-8.5,-12.25,0.));
#154 = VECTOR('',#155,1.);
#155 = DIRECTION('',(0.,0.,1.));
#156 = ORIENTED_EDGE('',*,*,#62,.F.);
#157 = ORIENTED_EDGE('',*,*,#31,.F.);
#158 = CYLINDRICAL_SURFACE('',#159,2.);
#159 = AXIS2_PLACEMENT_3D('',#160,#161,#162);
#160 = CARTESIAN_POINT('',(-8.5,-10.25,0.));
#161 = DIRECTION('',(0.,0.,1.));
#162 = DIRECTION('',(-1.,0.,0.));
#163 = ADVANCED_FACE('',(#164),#183,.T.);
#164 = FACE_BOUND('',#165,.F.);
#165 = EDGE_LOOP('',(#166,#175,#181,#182));
#166 = ORIENTED_EDGE('',*,*,#167,.T.);
#167 = EDGE_CURVE('',#40,#168,#170,.T.);
#168 = VERTEX_POINT('',#169);
#169 = CARTESIAN_POINT('',(-8.5,12.25,0.));
#170 = CIRCLE('',#171,2.);
#171 = AXIS2_PLACEMENT_3D('',#172,#173,#174);
#172 = CARTESIAN_POINT('',(-8.5,10.25,0.));
#173 = DIRECTION('',(-0.,-0.,-1.));
#174 = DIRECTION('',(0.,-1.,0.));
#175 = ORIENTED_EDGE('',*,*,#176,.T.);
#176 = EDGE_CURVE('',#168,#120,#177,.T.);
#177 = LINE('',#178,#179);
#178 = CARTESIAN_POINT('',(-8.5,12.25,0.));
#179 = VECTOR('',#180,1.);
#180 = DIRECTION('',(0.,0.,1.));
#181 = ORIENTED_EDGE('',*,*,#127,.F.);
#182 = ORIENTED_EDGE('',*,*,#47,.F.);
#183 = CYLINDRICAL_SURFACE('',#184,2.);
#184 = AXIS2_PLACEMENT_3D('',#185,#186,#187);
#185 = CARTESIAN_POINT('',(-8.5,10.25,0.));
#186 = DIRECTION('',(0.,0.,1.));
#187 = DIRECTION('',(-1.,0.,0.));
#188 = ADVANCED_FACE('',(#189),#258,.F.);
#189 = FACE_BOUND('',#190,.F.);
#190 = EDGE_LOOP('',(#191,#192,#193,#201,#210,#218,#226,#235,#243,#251,
    #257));
#191 = ORIENTED_EDGE('',*,*,#39,.F.);
#192 = ORIENTED_EDGE('',*,*,#142,.T.);
#193 = ORIENTED_EDGE('',*,*,#194,.T.);
#194 = EDGE_CURVE('',#143,#195,#197,.T.);
#195 = VERTEX_POINT('',#196);
#196 = CARTESIAN_POINT('',(8.5,-12.25,0.));
#197 = LINE('',#198,#199);
#198 = CARTESIAN_POINT('',(-10.5,-12.25,0.));
#199 = VECTOR('',#200,1.);
#200 = DIRECTION('',(1.,0.,0.));
#201 = ORIENTED_EDGE('',*,*,#202,.F.);
#202 = EDGE_CURVE('',#203,#195,#205,.T.);
#203 = VERTEX_POINT('',#204);
#204 = CARTESIAN_POINT('',(10.5,-10.25,0.));
#205 = CIRCLE('',#206,2.);
#206 = AXIS2_PLACEMENT_3D('',#207,#208,#209);
#207 = CARTESIAN_POINT('',(8.5,-10.25,0.));
#208 = DIRECTION('',(-0.,-0.,-1.));
#209 = DIRECTION('',(0.,-1.,0.));
#210 = ORIENTED_EDGE('',*,*,#211,.T.);
#211 = EDGE_CURVE('',#203,#212,#214,.T.);
#212 = VERTEX_POINT('',#213);
#213 = CARTESIAN_POINT('',(10.5,9.5,0.));
#214 = LINE('',#215,#216);
#215 = CARTESIAN_POINT('',(10.5,-12.25,0.));
#216 = VECTOR('',#217,1.);
#217 = DIRECTION('',(0.,1.,0.));
#218 = ORIENTED_EDGE('',*,*,#219,.F.);
#219 = EDGE_CURVE('',#220,#212,#222,.T.);
#220 = VERTEX_POINT('',#221);
#221 = CARTESIAN_POINT('',(9.321637353249,9.5,0.));
#222 = LINE('',#223,#224);
#223 = CARTESIAN_POINT('',(2.8,9.5,0.));
#224 = VECTOR('',#225,1.);
#225 = DIRECTION('',(1.,0.,0.));
#226 = ORIENTED_EDGE('',*,*,#227,.F.);
#227 = EDGE_CURVE('',#228,#220,#230,.T.);
#228 = VERTEX_POINT('',#229);
#229 = CARTESIAN_POINT('',(4.678362646751,9.5,0.));
#230 = CIRCLE('',#231,4.2);
#231 = AXIS2_PLACEMENT_3D('',#232,#233,#234);
#232 = CARTESIAN_POINT('',(7.,13.,0.));
#233 = DIRECTION('',(0.,0.,1.));
#234 = DIRECTION('',(1.,0.,0.));
#235 = ORIENTED_EDGE('',*,*,#236,.F.);
#236 = EDGE_CURVE('',#237,#228,#239,.T.);
#237 = VERTEX_POINT('',#238);
#238 = CARTESIAN_POINT('',(2.8,9.5,0.));
#239 = LINE('',#240,#241);
#240 = CARTESIAN_POINT('',(2.8,9.5,0.));
#241 = VECTOR('',#242,1.);
#242 = DIRECTION('',(1.,0.,0.));
#243 = ORIENTED_EDGE('',*,*,#244,.T.);
#244 = EDGE_CURVE('',#237,#245,#247,.T.);
#245 = VERTEX_POINT('',#246);
#246 = CARTESIAN_POINT('',(2.8,12.25,0.));
#247 = LINE('',#248,#249);
#248 = CARTESIAN_POINT('',(2.8,9.5,0.));
#249 = VECTOR('',#250,1.);
#250 = DIRECTION('',(0.,1.,0.));
#251 = ORIENTED_EDGE('',*,*,#252,.F.);
#252 = EDGE_CURVE('',#168,#245,#253,.T.);
#253 = LINE('',#254,#255);
#254 = CARTESIAN_POINT('',(-10.5,12.25,0.));
#255 = VECTOR('',#256,1.);
#256 = DIRECTION('',(1.,0.,0.));
#257 = ORIENTED_EDGE('',*,*,#167,.F.);
#258 = PLANE('',#259);
#259 = AXIS2_PLACEMENT_3D('',#260,#261,#262);
#260 = CARTESIAN_POINT('',(-10.5,-12.25,0.));
#261 = DIRECTION('',(0.,0.,1.));
#262 = DIRECTION('',(1.,0.,0.));
#263 = ADVANCED_FACE('',(#264),#275,.T.);
#264 = FACE_BOUND('',#265,.T.);
#265 = EDGE_LOOP('',(#266,#267,#268,#269));
#266 = ORIENTED_EDGE('',*,*,#252,.F.);
#267 = ORIENTED_EDGE('',*,*,#176,.T.);
#268 = ORIENTED_EDGE('',*,*,#119,.T.);
#269 = ORIENTED_EDGE('',*,*,#270,.T.);
#270 = EDGE_CURVE('',#112,#245,#271,.T.);
#271 = LINE('',#272,#273);
#272 = CARTESIAN_POINT('',(2.8,12.25,0.));
#273 = VECTOR('',#274,1.);
#274 = DIRECTION('',(0.,0.,-1.));
#275 = PLANE('',#276);
#276 = AXIS2_PLACEMENT_3D('',#277,#278,#279);
#277 = CARTESIAN_POINT('',(-10.5,12.25,0.));
#278 = DIRECTION('',(0.,1.,0.));
#279 = DIRECTION('',(0.,0.,1.));
#280 = ADVANCED_FACE('',(#281),#307,.T.);
#281 = FACE_BOUND('',#282,.T.);
#282 = EDGE_LOOP('',(#283,#291,#292,#300));
#283 = ORIENTED_EDGE('',*,*,#284,.F.);
#284 = EDGE_CURVE('',#112,#285,#287,.T.);
#285 = VERTEX_POINT('',#286);
#286 = CARTESIAN_POINT('',(2.867506805813,12.25,5.));
#287 = LINE('',#288,#289);
#288 = CARTESIAN_POINT('',(-10.5,12.25,5.));
#289 = VECTOR('',#290,1.);
#290 = DIRECTION('',(1.,0.,0.));
#291 = ORIENTED_EDGE('',*,*,#111,.F.);
#292 = ORIENTED_EDGE('',*,*,#293,.F.);
#293 = EDGE_CURVE('',#294,#104,#296,.T.);
#294 = VERTEX_POINT('',#295);
#295 = CARTESIAN_POINT('',(3.392022727344,10.85,5.));
#296 = LINE('',#297,#298);
#297 = CARTESIAN_POINT('',(-9.8,10.85,5.));
#298 = VECTOR('',#299,1.);
#299 = DIRECTION('',(-1.,0.,0.));
#300 = ORIENTED_EDGE('',*,*,#301,.F.);
#301 = EDGE_CURVE('',#285,#294,#302,.T.);
#302 = CIRCLE('',#303,4.2);
#303 = AXIS2_PLACEMENT_3D('',#304,#305,#306);
#304 = CARTESIAN_POINT('',(7.,13.,5.));
#305 = DIRECTION('',(0.,0.,1.));
#306 = DIRECTION('',(1.,0.,0.));
#307 = PLANE('',#308);
#308 = AXIS2_PLACEMENT_3D('',#309,#310,#311);
#309 = CARTESIAN_POINT('',(-10.5,-12.25,5.));
#310 = DIRECTION('',(0.,0.,1.));
#311 = DIRECTION('',(1.,0.,0.));
#312 = ADVANCED_FACE('',(#313),#379,.F.);
#313 = FACE_BOUND('',#314,.F.);
#314 = EDGE_LOOP('',(#315,#325,#333,#341,#349,#357,#365,#371,#372,#373)
  );
#315 = ORIENTED_EDGE('',*,*,#316,.F.);
#316 = EDGE_CURVE('',#317,#319,#321,.T.);
#317 = VERTEX_POINT('',#318);
#318 = CARTESIAN_POINT('',(9.1,10.85,2.));
#319 = VERTEX_POINT('',#320);
#320 = CARTESIAN_POINT('',(9.1,10.85,5.));
#321 = LINE('',#322,#323);
#322 = CARTESIAN_POINT('',(9.1,10.85,1.2));
#323 = VECTOR('',#324,1.);
#324 = DIRECTION('',(0.,0.,1.));
#325 = ORIENTED_EDGE('',*,*,#326,.F.);
#326 = EDGE_CURVE('',#327,#317,#329,.T.);
#327 = VERTEX_POINT('',#328);
#328 = CARTESIAN_POINT('',(6.9,10.85,2.));
#329 = LINE('',#330,#331);
#330 = CARTESIAN_POINT('',(6.9,10.85,2.));
#331 = VECTOR('',#332,1.);
#332 = DIRECTION('',(1.,0.,0.));
#333 = ORIENTED_EDGE('',*,*,#334,.F.);
#334 = EDGE_CURVE('',#335,#327,#337,.T.);
#335 = VERTEX_POINT('',#336);
#336 = CARTESIAN_POINT('',(6.9,10.85,1.2));
#337 = LINE('',#338,#339);
#338 = CARTESIAN_POINT('',(6.9,10.85,1.2));
#339 = VECTOR('',#340,1.);
#340 = DIRECTION('',(0.,0.,1.));
#341 = ORIENTED_EDGE('',*,*,#342,.F.);
#342 = EDGE_CURVE('',#343,#335,#345,.T.);
#343 = VERTEX_POINT('',#344);
#344 = CARTESIAN_POINT('',(-6.9,10.85,1.2));
#345 = LINE('',#346,#347);
#346 = CARTESIAN_POINT('',(-9.1,10.85,1.2));
#347 = VECTOR('',#348,1.);
#348 = DIRECTION('',(1.,0.,0.));
#349 = ORIENTED_EDGE('',*,*,#350,.T.);
#350 = EDGE_CURVE('',#343,#351,#353,.T.);
#351 = VERTEX_POINT('',#352);
#352 = CARTESIAN_POINT('',(-6.9,10.85,2.));
#353 = LINE('',#354,#355);
#354 = CARTESIAN_POINT('',(-6.9,10.85,1.2));
#355 = VECTOR('',#356,1.);
#356 = DIRECTION('',(0.,0.,1.));
#357 = ORIENTED_EDGE('',*,*,#358,.F.);
#358 = EDGE_CURVE('',#359,#351,#361,.T.);
#359 = VERTEX_POINT('',#360);
#360 = CARTESIAN_POINT('',(-9.1,10.85,2.));
#361 = LINE('',#362,#363);
#362 = CARTESIAN_POINT('',(-9.1,10.85,2.));
#363 = VECTOR('',#364,1.);
#364 = DIRECTION('',(1.,0.,0.));
#365 = ORIENTED_EDGE('',*,*,#366,.T.);
#366 = EDGE_CURVE('',#359,#96,#367,.T.);
#367 = LINE('',#368,#369);
#368 = CARTESIAN_POINT('',(-9.1,10.85,1.2));
#369 = VECTOR('',#370,1.);
#370 = DIRECTION('',(0.,0.,1.));
#371 = ORIENTED_EDGE('',*,*,#103,.F.);
#372 = ORIENTED_EDGE('',*,*,#293,.F.);
#373 = ORIENTED_EDGE('',*,*,#374,.F.);
#374 = EDGE_CURVE('',#319,#294,#375,.T.);
#375 = LINE('',#376,#377);
#376 = CARTESIAN_POINT('',(-9.8,10.85,5.));
#377 = VECTOR('',#378,1.);
#378 = DIRECTION('',(-1.,0.,0.));
#379 = PLANE('',#380);
#380 = AXIS2_PLACEMENT_3D('',#381,#382,#383);
#381 = CARTESIAN_POINT('',(-9.1,10.85,1.2));
#382 = DIRECTION('',(0.,1.,0.));
#383 = DIRECTION('',(0.,0.,1.));
#384 = ADVANCED_FACE('',(#385),#435,.T.);
#385 = FACE_BOUND('',#386,.T.);
#386 = EDGE_LOOP('',(#387,#395,#403,#411,#419,#427,#433,#434));
#387 = ORIENTED_EDGE('',*,*,#388,.F.);
#388 = EDGE_CURVE('',#389,#88,#391,.T.);
#389 = VERTEX_POINT('',#390);
#390 = CARTESIAN_POINT('',(-9.1,-10.85,2.));
#391 = LINE('',#392,#393);
#392 = CARTESIAN_POINT('',(-9.1,-10.85,1.2));
#393 = VECTOR('',#394,1.);
#394 = DIRECTION('',(0.,0.,1.));
#395 = ORIENTED_EDGE('',*,*,#396,.T.);
#396 = EDGE_CURVE('',#389,#397,#399,.T.);
#397 = VERTEX_POINT('',#398);
#398 = CARTESIAN_POINT('',(-9.1,-8.65,2.));
#399 = LINE('',#400,#401);
#400 = CARTESIAN_POINT('',(-9.1,-10.85,2.));
#401 = VECTOR('',#402,1.);
#402 = DIRECTION('',(0.,1.,0.));
#403 = ORIENTED_EDGE('',*,*,#404,.F.);
#404 = EDGE_CURVE('',#405,#397,#407,.T.);
#405 = VERTEX_POINT('',#406);
#406 = CARTESIAN_POINT('',(-9.1,-8.65,1.2));
#407 = LINE('',#408,#409);
#408 = CARTESIAN_POINT('',(-9.1,-8.65,1.2));
#409 = VECTOR('',#410,1.);
#410 = DIRECTION('',(0.,0.,1.));
#411 = ORIENTED_EDGE('',*,*,#412,.T.);
#412 = EDGE_CURVE('',#405,#413,#415,.T.);
#413 = VERTEX_POINT('',#414);
#414 = CARTESIAN_POINT('',(-9.1,8.65,1.2));
#415 = LINE('',#416,#417);
#416 = CARTESIAN_POINT('',(-9.1,-10.85,1.2));
#417 = VECTOR('',#418,1.);
#418 = DIRECTION('',(0.,1.,0.));
#419 = ORIENTED_EDGE('',*,*,#420,.T.);
#420 = EDGE_CURVE('',#413,#421,#423,.T.);
#421 = VERTEX_POINT('',#422);
#422 = CARTESIAN_POINT('',(-9.1,8.65,2.));
#423 = LINE('',#424,#425);
#424 = CARTESIAN_POINT('',(-9.1,8.65,1.2));
#425 = VECTOR('',#426,1.);
#426 = DIRECTION('',(0.,0.,1.));
#427 = ORIENTED_EDGE('',*,*,#428,.T.);
#428 = EDGE_CURVE('',#421,#359,#429,.T.);
#429 = LINE('',#430,#431);
#430 = CARTESIAN_POINT('',(-9.1,8.65,2.));
#431 = VECTOR('',#432,1.);
#432 = DIRECTION('',(0.,1.,0.));
#433 = ORIENTED_EDGE('',*,*,#366,.T.);
#434 = ORIENTED_EDGE('',*,*,#95,.F.);
#435 = PLANE('',#436);
#436 = AXIS2_PLACEMENT_3D('',#437,#438,#439);
#437 = CARTESIAN_POINT('',(-9.1,-10.85,1.2));
#438 = DIRECTION('',(1.,0.,0.));
#439 = DIRECTION('',(0.,0.,1.));
#440 = ADVANCED_FACE('',(#441),#523,.T.);
#441 = FACE_BOUND('',#442,.T.);
#442 = EDGE_LOOP('',(#443,#453,#461,#469,#477,#485,#491,#492,#493,#501,
    #509,#517));
#443 = ORIENTED_EDGE('',*,*,#444,.F.);
#444 = EDGE_CURVE('',#445,#447,#449,.T.);
#445 = VERTEX_POINT('',#446);
#446 = CARTESIAN_POINT('',(9.1,-10.85,2.));
#447 = VERTEX_POINT('',#448);
#448 = CARTESIAN_POINT('',(9.1,-10.85,5.));
#449 = LINE('',#450,#451);
#450 = CARTESIAN_POINT('',(9.1,-10.85,1.2));
#451 = VECTOR('',#452,1.);
#452 = DIRECTION('',(0.,0.,1.));
#453 = ORIENTED_EDGE('',*,*,#454,.F.);
#454 = EDGE_CURVE('',#455,#445,#457,.T.);
#455 = VERTEX_POINT('',#456);
#456 = CARTESIAN_POINT('',(6.9,-10.85,2.));
#457 = LINE('',#458,#459);
#458 = CARTESIAN_POINT('',(6.9,-10.85,2.));
#459 = VECTOR('',#460,1.);
#460 = DIRECTION('',(1.,0.,0.));
#461 = ORIENTED_EDGE('',*,*,#462,.F.);
#462 = EDGE_CURVE('',#463,#455,#465,.T.);
#463 = VERTEX_POINT('',#464);
#464 = CARTESIAN_POINT('',(6.9,-10.85,1.2));
#465 = LINE('',#466,#467);
#466 = CARTESIAN_POINT('',(6.9,-10.85,1.2));
#467 = VECTOR('',#468,1.);
#468 = DIRECTION('',(0.,0.,1.));
#469 = ORIENTED_EDGE('',*,*,#470,.F.);
#470 = EDGE_CURVE('',#471,#463,#473,.T.);
#471 = VERTEX_POINT('',#472);
#472 = CARTESIAN_POINT('',(-6.9,-10.85,1.2));
#473 = LINE('',#474,#475);
#474 = CARTESIAN_POINT('',(-9.1,-10.85,1.2));
#475 = VECTOR('',#476,1.);
#476 = DIRECTION('',(1.,0.,0.));
#477 = ORIENTED_EDGE('',*,*,#478,.T.);
#478 = EDGE_CURVE('',#471,#479,#481,.T.);
#479 = VERTEX_POINT('',#480);
#480 = CARTESIAN_POINT('',(-6.9,-10.85,2.));
#481 = LINE('',#482,#483);
#482 = CARTESIAN_POINT('',(-6.9,-10.85,1.2));
#483 = VECTOR('',#484,1.);
#484 = DIRECTION('',(0.,0.,1.));
#485 = ORIENTED_EDGE('',*,*,#486,.F.);
#486 = EDGE_CURVE('',#389,#479,#487,.T.);
#487 = LINE('',#488,#489);
#488 = CARTESIAN_POINT('',(-9.1,-10.85,2.));
#489 = VECTOR('',#490,1.);
#490 = DIRECTION('',(1.,0.,0.));
#491 = ORIENTED_EDGE('',*,*,#388,.T.);
#492 = ORIENTED_EDGE('',*,*,#87,.F.);
#493 = ORIENTED_EDGE('',*,*,#494,.T.);
#494 = EDGE_CURVE('',#80,#495,#497,.T.);
#495 = VERTEX_POINT('',#496);
#496 = CARTESIAN_POINT('',(-4.9,-10.85,2.));
#497 = LINE('',#498,#499);
#498 = CARTESIAN_POINT('',(-4.9,-10.85,1.6));
#499 = VECTOR('',#500,1.);
#500 = DIRECTION('',(0.,0.,-1.));
#501 = ORIENTED_EDGE('',*,*,#502,.T.);
#502 = EDGE_CURVE('',#495,#503,#505,.T.);
#503 = VERTEX_POINT('',#504);
#504 = CARTESIAN_POINT('',(4.9,-10.85,2.));
#505 = LINE('',#506,#507);
#506 = CARTESIAN_POINT('',(-7.,-10.85,2.));
#507 = VECTOR('',#508,1.);
#508 = DIRECTION('',(1.,0.,0.));
#509 = ORIENTED_EDGE('',*,*,#510,.F.);
#510 = EDGE_CURVE('',#511,#503,#513,.T.);
#511 = VERTEX_POINT('',#512);
#512 = CARTESIAN_POINT('',(4.9,-10.85,5.));
#513 = LINE('',#514,#515);
#514 = CARTESIAN_POINT('',(4.9,-10.85,1.6));
#515 = VECTOR('',#516,1.);
#516 = DIRECTION('',(0.,0.,-1.));
#517 = ORIENTED_EDGE('',*,*,#518,.F.);
#518 = EDGE_CURVE('',#447,#511,#519,.T.);
#519 = LINE('',#520,#521);
#520 = CARTESIAN_POINT('',(-9.8,-10.85,5.));
#521 = VECTOR('',#522,1.);
#522 = DIRECTION('',(-1.,0.,0.));
#523 = PLANE('',#524);
#524 = AXIS2_PLACEMENT_3D('',#525,#526,#527);
#525 = CARTESIAN_POINT('',(-9.1,-10.85,1.2));
#526 = DIRECTION('',(0.,1.,0.));
#527 = DIRECTION('',(0.,0.,1.));
#528 = ADVANCED_FACE('',(#529),#547,.T.);
#529 = FACE_BOUND('',#530,.T.);
#530 = EDGE_LOOP('',(#531,#539,#545,#546));
#531 = ORIENTED_EDGE('',*,*,#532,.T.);
#532 = EDGE_CURVE('',#72,#533,#535,.T.);
#533 = VERTEX_POINT('',#534);
#534 = CARTESIAN_POINT('',(-4.9,-12.25,2.));
#535 = LINE('',#536,#537);
#536 = CARTESIAN_POINT('',(-4.9,-12.25,1.));
#537 = VECTOR('',#538,1.);
#538 = DIRECTION('',(0.,0.,-1.));
#539 = ORIENTED_EDGE('',*,*,#540,.T.);
#540 = EDGE_CURVE('',#533,#495,#541,.T.);
#541 = LINE('',#542,#543);
#542 = CARTESIAN_POINT('',(-4.9,-13.25,2.));
#543 = VECTOR('',#544,1.);
#544 = DIRECTION('',(0.,1.,0.));
#545 = ORIENTED_EDGE('',*,*,#494,.F.);
#546 = ORIENTED_EDGE('',*,*,#79,.F.);
#547 = PLANE('',#548);
#548 = AXIS2_PLACEMENT_3D('',#549,#550,#551);
#549 = CARTESIAN_POINT('',(-4.9,-13.25,2.));
#550 = DIRECTION('',(1.,0.,0.));
#551 = DIRECTION('',(0.,0.,1.));
#552 = ADVANCED_FACE('',(#553),#589,.F.);
#553 = FACE_BOUND('',#554,.F.);
#554 = EDGE_LOOP('',(#555,#556,#557,#558,#559,#567,#575,#583));
#555 = ORIENTED_EDGE('',*,*,#194,.F.);
#556 = ORIENTED_EDGE('',*,*,#151,.T.);
#557 = ORIENTED_EDGE('',*,*,#71,.T.);
#558 = ORIENTED_EDGE('',*,*,#532,.T.);
#559 = ORIENTED_EDGE('',*,*,#560,.T.);
#560 = EDGE_CURVE('',#533,#561,#563,.T.);
#561 = VERTEX_POINT('',#562);
#562 = CARTESIAN_POINT('',(4.9,-12.25,2.));
#563 = LINE('',#564,#565);
#564 = CARTESIAN_POINT('',(-7.7,-12.25,2.));
#565 = VECTOR('',#566,1.);
#566 = DIRECTION('',(1.,0.,0.));
#567 = ORIENTED_EDGE('',*,*,#568,.F.);
#568 = EDGE_CURVE('',#569,#561,#571,.T.);
#569 = VERTEX_POINT('',#570);
#570 = CARTESIAN_POINT('',(4.9,-12.25,5.));
#571 = LINE('',#572,#573);
#572 = CARTESIAN_POINT('',(4.9,-12.25,1.));
#573 = VECTOR('',#574,1.);
#574 = DIRECTION('',(0.,0.,-1.));
#575 = ORIENTED_EDGE('',*,*,#576,.T.);
#576 = EDGE_CURVE('',#569,#577,#579,.T.);
#577 = VERTEX_POINT('',#578);
#578 = CARTESIAN_POINT('',(8.5,-12.25,5.));
#579 = LINE('',#580,#581);
#580 = CARTESIAN_POINT('',(-10.5,-12.25,5.));
#581 = VECTOR('',#582,1.);
#582 = DIRECTION('',(1.,0.,0.));
#583 = ORIENTED_EDGE('',*,*,#584,.F.);
#584 = EDGE_CURVE('',#195,#577,#585,.T.);
#585 = LINE('',#586,#587);
#586 = CARTESIAN_POINT('',(8.5,-12.25,0.));
#587 = VECTOR('',#588,1.);
#588 = DIRECTION('',(0.,0.,1.));
#589 = PLANE('',#590);
#590 = AXIS2_PLACEMENT_3D('',#591,#592,#593);
#591 = CARTESIAN_POINT('',(-10.5,-12.25,0.));
#592 = DIRECTION('',(0.,1.,0.));
#593 = DIRECTION('',(0.,0.,1.));
#594 = ADVANCED_FACE('',(#595),#614,.F.);
#595 = FACE_BOUND('',#596,.F.);
#596 = EDGE_LOOP('',(#597,#605,#606,#607));
#597 = ORIENTED_EDGE('',*,*,#598,.F.);
#598 = EDGE_CURVE('',#245,#599,#601,.T.);
#599 = VERTEX_POINT('',#600);
#600 = CARTESIAN_POINT('',(2.867506805813,12.25,0.));
#601 = LINE('',#602,#603);
#602 = CARTESIAN_POINT('',(-10.5,12.25,0.));
#603 = VECTOR('',#604,1.);
#604 = DIRECTION('',(1.,0.,0.));
#605 = ORIENTED_EDGE('',*,*,#244,.F.);
#606 = ORIENTED_EDGE('',*,*,#236,.T.);
#607 = ORIENTED_EDGE('',*,*,#608,.F.);
#608 = EDGE_CURVE('',#599,#228,#609,.T.);
#609 = CIRCLE('',#610,4.2);
#610 = AXIS2_PLACEMENT_3D('',#611,#612,#613);
#611 = CARTESIAN_POINT('',(7.,13.,0.));
#612 = DIRECTION('',(0.,0.,1.));
#613 = DIRECTION('',(1.,0.,0.));
#614 = PLANE('',#615);
#615 = AXIS2_PLACEMENT_3D('',#616,#617,#618);
#616 = CARTESIAN_POINT('',(-10.5,-12.25,0.));
#617 = DIRECTION('',(0.,0.,1.));
#618 = DIRECTION('',(1.,0.,0.));
#619 = ADVANCED_FACE('',(#620),#629,.F.);
#620 = FACE_BOUND('',#621,.F.);
#621 = EDGE_LOOP('',(#622,#628));
#622 = ORIENTED_EDGE('',*,*,#623,.F.);
#623 = EDGE_CURVE('',#228,#220,#624,.T.);
#624 = LINE('',#625,#626);
#625 = CARTESIAN_POINT('',(2.8,9.5,0.));
#626 = VECTOR('',#627,1.);
#627 = DIRECTION('',(1.,0.,0.));
#628 = ORIENTED_EDGE('',*,*,#227,.T.);
#629 = PLANE('',#630);
#630 = AXIS2_PLACEMENT_3D('',#631,#632,#633);
#631 = CARTESIAN_POINT('',(-10.5,-12.25,0.));
#632 = DIRECTION('',(0.,0.,1.));
#633 = DIRECTION('',(1.,0.,0.));
#634 = ADVANCED_FACE('',(#635),#662,.F.);
#635 = FACE_BOUND('',#636,.F.);
#636 = EDGE_LOOP('',(#637,#638,#646,#655));
#637 = ORIENTED_EDGE('',*,*,#219,.T.);
#638 = ORIENTED_EDGE('',*,*,#639,.T.);
#639 = EDGE_CURVE('',#212,#640,#642,.T.);
#640 = VERTEX_POINT('',#641);
#641 = CARTESIAN_POINT('',(10.5,10.25,0.));
#642 = LINE('',#643,#644);
#643 = CARTESIAN_POINT('',(10.5,-12.25,0.));
#644 = VECTOR('',#645,1.);
#645 = DIRECTION('',(0.,1.,0.));
#646 = ORIENTED_EDGE('',*,*,#647,.T.);
#647 = EDGE_CURVE('',#640,#648,#650,.T.);
#648 = VERTEX_POINT('',#649);
#649 = CARTESIAN_POINT('',(10.464416350602,10.625590736692,0.));
#650 = CIRCLE('',#651,2.);
#651 = AXIS2_PLACEMENT_3D('',#652,#653,#654);
#652 = CARTESIAN_POINT('',(8.5,10.25,0.));
#653 = DIRECTION('',(-0.,0.,1.));
#654 = DIRECTION('',(0.,-1.,0.));
#655 = ORIENTED_EDGE('',*,*,#656,.F.);
#656 = EDGE_CURVE('',#220,#648,#657,.T.);
#657 = CIRCLE('',#658,4.2);
#658 = AXIS2_PLACEMENT_3D('',#659,#660,#661);
#659 = CARTESIAN_POINT('',(7.,13.,0.));
#660 = DIRECTION('',(0.,0.,1.));
#661 = DIRECTION('',(1.,0.,0.));
#662 = PLANE('',#663);
#663 = AXIS2_PLACEMENT_3D('',#664,#665,#666);
#664 = CARTESIAN_POINT('',(-10.5,-12.25,0.));
#665 = DIRECTION('',(0.,0.,1.));
#666 = DIRECTION('',(1.,0.,0.));
#667 = ADVANCED_FACE('',(#668),#693,.T.);
#668 = FACE_BOUND('',#669,.T.);
#669 = EDGE_LOOP('',(#670,#680,#686,#687));
#670 = ORIENTED_EDGE('',*,*,#671,.F.);
#671 = EDGE_CURVE('',#672,#674,#676,.T.);
#672 = VERTEX_POINT('',#673);
#673 = CARTESIAN_POINT('',(10.5,-10.25,5.));
#674 = VERTEX_POINT('',#675);
#675 = CARTESIAN_POINT('',(10.5,9.5,5.));
#676 = LINE('',#677,#678);
#677 = CARTESIAN_POINT('',(10.5,-12.25,5.));
#678 = VECTOR('',#679,1.);
#679 = DIRECTION('',(0.,1.,0.));
#680 = ORIENTED_EDGE('',*,*,#681,.F.);
#681 = EDGE_CURVE('',#203,#672,#682,.T.);
#682 = LINE('',#683,#684);
#683 = CARTESIAN_POINT('',(10.5,-10.25,0.));
#684 = VECTOR('',#685,1.);
#685 = DIRECTION('',(0.,0.,1.));
#686 = ORIENTED_EDGE('',*,*,#211,.T.);
#687 = ORIENTED_EDGE('',*,*,#688,.T.);
#688 = EDGE_CURVE('',#212,#674,#689,.T.);
#689 = LINE('',#690,#691);
#690 = CARTESIAN_POINT('',(10.5,9.5,0.));
#691 = VECTOR('',#692,1.);
#692 = DIRECTION('',(0.,0.,1.));
#693 = PLANE('',#694);
#694 = AXIS2_PLACEMENT_3D('',#695,#696,#697);
#695 = CARTESIAN_POINT('',(10.5,-12.25,0.));
#696 = DIRECTION('',(1.,0.,0.));
#697 = DIRECTION('',(0.,0.,1.));
#698 = ADVANCED_FACE('',(#699),#711,.T.);
#699 = FACE_BOUND('',#700,.F.);
#700 = EDGE_LOOP('',(#701,#702,#703,#710));
#701 = ORIENTED_EDGE('',*,*,#202,.T.);
#702 = ORIENTED_EDGE('',*,*,#584,.T.);
#703 = ORIENTED_EDGE('',*,*,#704,.F.);
#704 = EDGE_CURVE('',#672,#577,#705,.T.);
#705 = CIRCLE('',#706,2.);
#706 = AXIS2_PLACEMENT_3D('',#707,#708,#709);
#707 = CARTESIAN_POINT('',(8.5,-10.25,5.));
#708 = DIRECTION('',(-0.,-0.,-1.));
#709 = DIRECTION('',(0.,-1.,0.));
#710 = ORIENTED_EDGE('',*,*,#681,.F.);
#711 = CYLINDRICAL_SURFACE('',#712,2.);
#712 = AXIS2_PLACEMENT_3D('',#713,#714,#715);
#713 = CARTESIAN_POINT('',(8.5,-10.25,0.));
#714 = DIRECTION('',(0.,0.,1.));
#715 = DIRECTION('',(1.,0.,0.));
#716 = ADVANCED_FACE('',(#717),#742,.F.);
#717 = FACE_BOUND('',#718,.F.);
#718 = EDGE_LOOP('',(#719,#720,#728,#736));
#719 = ORIENTED_EDGE('',*,*,#270,.T.);
#720 = ORIENTED_EDGE('',*,*,#721,.T.);
#721 = EDGE_CURVE('',#245,#722,#724,.T.);
#722 = VERTEX_POINT('',#723);
#723 = CARTESIAN_POINT('',(2.8,12.999999999999,0.));
#724 = LINE('',#725,#726);
#725 = CARTESIAN_POINT('',(2.8,9.5,0.));
#726 = VECTOR('',#727,1.);
#727 = DIRECTION('',(0.,1.,0.));
#728 = ORIENTED_EDGE('',*,*,#729,.T.);
#729 = EDGE_CURVE('',#722,#730,#732,.T.);
#730 = VERTEX_POINT('',#731);
#731 = CARTESIAN_POINT('',(2.8,12.999999999999,5.));
#732 = LINE('',#733,#734);
#733 = CARTESIAN_POINT('',(2.8,13.,0.));
#734 = VECTOR('',#735,1.);
#735 = DIRECTION('',(0.,0.,1.));
#736 = ORIENTED_EDGE('',*,*,#737,.F.);
#737 = EDGE_CURVE('',#112,#730,#738,.T.);
#738 = LINE('',#739,#740);
#739 = CARTESIAN_POINT('',(2.8,9.5,5.));
#740 = VECTOR('',#741,1.);
#741 = DIRECTION('',(0.,1.,0.));
#742 = PLANE('',#743);
#743 = AXIS2_PLACEMENT_3D('',#744,#745,#746);
#744 = CARTESIAN_POINT('',(2.8,9.5,0.));
#745 = DIRECTION('',(1.,0.,0.));
#746 = DIRECTION('',(0.,0.,1.));
#747 = ADVANCED_FACE('',(#748),#759,.T.);
#748 = FACE_BOUND('',#749,.T.);
#749 = EDGE_LOOP('',(#750,#751,#752));
#750 = ORIENTED_EDGE('',*,*,#737,.F.);
#751 = ORIENTED_EDGE('',*,*,#284,.T.);
#752 = ORIENTED_EDGE('',*,*,#753,.F.);
#753 = EDGE_CURVE('',#730,#285,#754,.T.);
#754 = CIRCLE('',#755,4.2);
#755 = AXIS2_PLACEMENT_3D('',#756,#757,#758);
#756 = CARTESIAN_POINT('',(7.,13.,5.));
#757 = DIRECTION('',(0.,0.,1.));
#758 = DIRECTION('',(1.,0.,0.));
#759 = PLANE('',#760);
#760 = AXIS2_PLACEMENT_3D('',#761,#762,#763);
#761 = CARTESIAN_POINT('',(2.8,9.5,5.));
#762 = DIRECTION('',(0.,0.,1.));
#763 = DIRECTION('',(1.,0.,0.));
#764 = ADVANCED_FACE('',(#765),#818,.T.);
#765 = FACE_BOUND('',#766,.T.);
#766 = EDGE_LOOP('',(#767,#775,#776,#777,#785,#793,#802,#811));
#767 = ORIENTED_EDGE('',*,*,#768,.F.);
#768 = EDGE_CURVE('',#285,#769,#771,.T.);
#769 = VERTEX_POINT('',#770);
#770 = CARTESIAN_POINT('',(5.145950378226,12.25,5.));
#771 = LINE('',#772,#773);
#772 = CARTESIAN_POINT('',(-10.5,12.25,5.));
#773 = VECTOR('',#774,1.);
#774 = DIRECTION('',(1.,0.,0.));
#775 = ORIENTED_EDGE('',*,*,#301,.T.);
#776 = ORIENTED_EDGE('',*,*,#374,.F.);
#777 = ORIENTED_EDGE('',*,*,#778,.F.);
#778 = EDGE_CURVE('',#779,#319,#781,.T.);
#779 = VERTEX_POINT('',#780);
#780 = CARTESIAN_POINT('',(9.1,9.5,5.));
#781 = LINE('',#782,#783);
#782 = CARTESIAN_POINT('',(9.1,-11.55,5.));
#783 = VECTOR('',#784,1.);
#784 = DIRECTION('',(0.,1.,0.));
#785 = ORIENTED_EDGE('',*,*,#786,.T.);
#786 = EDGE_CURVE('',#779,#787,#789,.T.);
#787 = VERTEX_POINT('',#788);
#788 = CARTESIAN_POINT('',(9.321637353249,9.5,5.));
#789 = LINE('',#790,#791);
#790 = CARTESIAN_POINT('',(2.8,9.5,5.));
#791 = VECTOR('',#792,1.);
#792 = DIRECTION('',(1.,0.,0.));
#793 = ORIENTED_EDGE('',*,*,#794,.T.);
#794 = EDGE_CURVE('',#787,#795,#797,.T.);
#795 = VERTEX_POINT('',#796);
#796 = CARTESIAN_POINT('',(10.464416350602,10.625590736692,5.));
#797 = CIRCLE('',#798,4.2);
#798 = AXIS2_PLACEMENT_3D('',#799,#800,#801);
#799 = CARTESIAN_POINT('',(7.,13.,5.));
#800 = DIRECTION('',(0.,0.,1.));
#801 = DIRECTION('',(1.,0.,0.));
#802 = ORIENTED_EDGE('',*,*,#803,.T.);
#803 = EDGE_CURVE('',#795,#804,#806,.T.);
#804 = VERTEX_POINT('',#805);
#805 = CARTESIAN_POINT('',(8.841868832677,12.220564817824,5.));
#806 = CIRCLE('',#807,2.);
#807 = AXIS2_PLACEMENT_3D('',#808,#809,#810);
#808 = CARTESIAN_POINT('',(8.5,10.25,5.));
#809 = DIRECTION('',(-0.,0.,1.));
#810 = DIRECTION('',(0.,-1.,0.));
#811 = ORIENTED_EDGE('',*,*,#812,.F.);
#812 = EDGE_CURVE('',#769,#804,#813,.T.);
#813 = CIRCLE('',#814,2.);
#814 = AXIS2_PLACEMENT_3D('',#815,#816,#817);
#815 = CARTESIAN_POINT('',(7.,13.,5.));
#816 = DIRECTION('',(0.,0.,1.));
#817 = DIRECTION('',(1.,0.,0.));
#818 = PLANE('',#819);
#819 = AXIS2_PLACEMENT_3D('',#820,#821,#822);
#820 = CARTESIAN_POINT('',(-10.5,-12.25,5.));
#821 = DIRECTION('',(0.,0.,1.));
#822 = DIRECTION('',(1.,0.,0.));
#823 = ADVANCED_FACE('',(#824),#881,.F.);
#824 = FACE_BOUND('',#825,.F.);
#825 = EDGE_LOOP('',(#826,#827,#835,#843,#851,#859,#865,#866,#867,#875)
  );
#826 = ORIENTED_EDGE('',*,*,#444,.F.);
#827 = ORIENTED_EDGE('',*,*,#828,.T.);
#828 = EDGE_CURVE('',#445,#829,#831,.T.);
#829 = VERTEX_POINT('',#830);
#830 = CARTESIAN_POINT('',(9.1,-8.65,2.));
#831 = LINE('',#832,#833);
#832 = CARTESIAN_POINT('',(9.1,-10.85,2.));
#833 = VECTOR('',#834,1.);
#834 = DIRECTION('',(0.,1.,0.));
#835 = ORIENTED_EDGE('',*,*,#836,.F.);
#836 = EDGE_CURVE('',#837,#829,#839,.T.);
#837 = VERTEX_POINT('',#838);
#838 = CARTESIAN_POINT('',(9.1,-8.65,1.2));
#839 = LINE('',#840,#841);
#840 = CARTESIAN_POINT('',(9.1,-8.65,1.2));
#841 = VECTOR('',#842,1.);
#842 = DIRECTION('',(0.,0.,1.));
#843 = ORIENTED_EDGE('',*,*,#844,.T.);
#844 = EDGE_CURVE('',#837,#845,#847,.T.);
#845 = VERTEX_POINT('',#846);
#846 = CARTESIAN_POINT('',(9.1,8.65,1.2));
#847 = LINE('',#848,#849);
#848 = CARTESIAN_POINT('',(9.1,-10.85,1.2));
#849 = VECTOR('',#850,1.);
#850 = DIRECTION('',(0.,1.,0.));
#851 = ORIENTED_EDGE('',*,*,#852,.T.);
#852 = EDGE_CURVE('',#845,#853,#855,.T.);
#853 = VERTEX_POINT('',#854);
#854 = CARTESIAN_POINT('',(9.1,8.65,2.));
#855 = LINE('',#856,#857);
#856 = CARTESIAN_POINT('',(9.1,8.65,1.2));
#857 = VECTOR('',#858,1.);
#858 = DIRECTION('',(0.,0.,1.));
#859 = ORIENTED_EDGE('',*,*,#860,.T.);
#860 = EDGE_CURVE('',#853,#317,#861,.T.);
#861 = LINE('',#862,#863);
#862 = CARTESIAN_POINT('',(9.1,8.65,2.));
#863 = VECTOR('',#864,1.);
#864 = DIRECTION('',(0.,1.,0.));
#865 = ORIENTED_EDGE('',*,*,#316,.T.);
#866 = ORIENTED_EDGE('',*,*,#778,.F.);
#867 = ORIENTED_EDGE('',*,*,#868,.F.);
#868 = EDGE_CURVE('',#869,#779,#871,.T.);
#869 = VERTEX_POINT('',#870);
#870 = CARTESIAN_POINT('',(9.1,9.362693304105,5.));
#871 = LINE('',#872,#873);
#872 = CARTESIAN_POINT('',(9.1,-11.55,5.));
#873 = VECTOR('',#874,1.);
#874 = DIRECTION('',(0.,1.,0.));
#875 = ORIENTED_EDGE('',*,*,#876,.F.);
#876 = EDGE_CURVE('',#447,#869,#877,.T.);
#877 = LINE('',#878,#879);
#878 = CARTESIAN_POINT('',(9.1,-11.55,5.));
#879 = VECTOR('',#880,1.);
#880 = DIRECTION('',(0.,1.,0.));
#881 = PLANE('',#882);
#882 = AXIS2_PLACEMENT_3D('',#883,#884,#885);
#883 = CARTESIAN_POINT('',(9.1,-10.85,1.2));
#884 = DIRECTION('',(1.,0.,0.));
#885 = DIRECTION('',(0.,0.,1.));
#886 = ADVANCED_FACE('',(#887),#905,.T.);
#887 = FACE_BOUND('',#888,.T.);
#888 = EDGE_LOOP('',(#889,#890,#898,#904));
#889 = ORIENTED_EDGE('',*,*,#428,.F.);
#890 = ORIENTED_EDGE('',*,*,#891,.T.);
#891 = EDGE_CURVE('',#421,#892,#894,.T.);
#892 = VERTEX_POINT('',#893);
#893 = CARTESIAN_POINT('',(-6.9,8.65,2.));
#894 = LINE('',#895,#896);
#895 = CARTESIAN_POINT('',(-9.1,8.65,2.));
#896 = VECTOR('',#897,1.);
#897 = DIRECTION('',(1.,0.,0.));
#898 = ORIENTED_EDGE('',*,*,#899,.T.);
#899 = EDGE_CURVE('',#892,#351,#900,.T.);
#900 = LINE('',#901,#902);
#901 = CARTESIAN_POINT('',(-6.9,8.65,2.));
#902 = VECTOR('',#903,1.);
#903 = DIRECTION('',(0.,1.,0.));
#904 = ORIENTED_EDGE('',*,*,#358,.F.);
#905 = PLANE('',#906);
#906 = AXIS2_PLACEMENT_3D('',#907,#908,#909);
#907 = CARTESIAN_POINT('',(-9.1,8.65,2.));
#908 = DIRECTION('',(0.,0.,1.));
#909 = DIRECTION('',(1.,0.,0.));
#910 = ADVANCED_FACE('',(#911),#929,.T.);
#911 = FACE_BOUND('',#912,.T.);
#912 = EDGE_LOOP('',(#913,#921,#927,#928));
#913 = ORIENTED_EDGE('',*,*,#914,.F.);
#914 = EDGE_CURVE('',#915,#892,#917,.T.);
#915 = VERTEX_POINT('',#916);
#916 = CARTESIAN_POINT('',(-6.9,8.65,1.2));
#917 = LINE('',#918,#919);
#918 = CARTESIAN_POINT('',(-6.9,8.65,1.2));
#919 = VECTOR('',#920,1.);
#920 = DIRECTION('',(0.,0.,1.));
#921 = ORIENTED_EDGE('',*,*,#922,.T.);
#922 = EDGE_CURVE('',#915,#343,#923,.T.);
#923 = LINE('',#924,#925);
#924 = CARTESIAN_POINT('',(-6.9,8.65,1.2));
#925 = VECTOR('',#926,1.);
#926 = DIRECTION('',(0.,1.,0.));
#927 = ORIENTED_EDGE('',*,*,#350,.T.);
#928 = ORIENTED_EDGE('',*,*,#899,.F.);
#929 = PLANE('',#930);
#930 = AXIS2_PLACEMENT_3D('',#931,#932,#933);
#931 = CARTESIAN_POINT('',(-6.9,8.65,1.2));
#932 = DIRECTION('',(1.,0.,0.));
#933 = DIRECTION('',(0.,0.,1.));
#934 = ADVANCED_FACE('',(#935),#990,.T.);
#935 = FACE_BOUND('',#936,.T.);
#936 = EDGE_LOOP('',(#937,#938,#946,#952,#953,#961,#967,#968,#976,#982,
    #983,#984));
#937 = ORIENTED_EDGE('',*,*,#412,.F.);
#938 = ORIENTED_EDGE('',*,*,#939,.T.);
#939 = EDGE_CURVE('',#405,#940,#942,.T.);
#940 = VERTEX_POINT('',#941);
#941 = CARTESIAN_POINT('',(-6.9,-8.65,1.2));
#942 = LINE('',#943,#944);
#943 = CARTESIAN_POINT('',(-9.1,-8.65,1.2));
#944 = VECTOR('',#945,1.);
#945 = DIRECTION('',(1.,0.,0.));
#946 = ORIENTED_EDGE('',*,*,#947,.F.);
#947 = EDGE_CURVE('',#471,#940,#948,.T.);
#948 = LINE('',#949,#950);
#949 = CARTESIAN_POINT('',(-6.9,-10.85,1.2));
#950 = VECTOR('',#951,1.);
#951 = DIRECTION('',(0.,1.,0.));
#952 = ORIENTED_EDGE('',*,*,#470,.T.);
#953 = ORIENTED_EDGE('',*,*,#954,.T.);
#954 = EDGE_CURVE('',#463,#955,#957,.T.);
#955 = VERTEX_POINT('',#956);
#956 = CARTESIAN_POINT('',(6.9,-8.65,1.2));
#957 = LINE('',#958,#959);
#958 = CARTESIAN_POINT('',(6.9,-10.85,1.2));
#959 = VECTOR('',#960,1.);
#960 = DIRECTION('',(0.,1.,0.));
#961 = ORIENTED_EDGE('',*,*,#962,.T.);
#962 = EDGE_CURVE('',#955,#837,#963,.T.);
#963 = LINE('',#964,#965);
#964 = CARTESIAN_POINT('',(6.9,-8.65,1.2));
#965 = VECTOR('',#966,1.);
#966 = DIRECTION('',(1.,0.,0.));
#967 = ORIENTED_EDGE('',*,*,#844,.T.);
#968 = ORIENTED_EDGE('',*,*,#969,.F.);
#969 = EDGE_CURVE('',#970,#845,#972,.T.);
#970 = VERTEX_POINT('',#971);
#971 = CARTESIAN_POINT('',(6.9,8.65,1.2));
#972 = LINE('',#973,#974);
#973 = CARTESIAN_POINT('',(6.9,8.65,1.2));
#974 = VECTOR('',#975,1.);
#975 = DIRECTION('',(1.,0.,0.));
#976 = ORIENTED_EDGE('',*,*,#977,.T.);
#977 = EDGE_CURVE('',#970,#335,#978,.T.);
#978 = LINE('',#979,#980);
#979 = CARTESIAN_POINT('',(6.9,8.65,1.2));
#980 = VECTOR('',#981,1.);
#981 = DIRECTION('',(0.,1.,0.));
#982 = ORIENTED_EDGE('',*,*,#342,.F.);
#983 = ORIENTED_EDGE('',*,*,#922,.F.);
#984 = ORIENTED_EDGE('',*,*,#985,.F.);
#985 = EDGE_CURVE('',#413,#915,#986,.T.);
#986 = LINE('',#987,#988);
#987 = CARTESIAN_POINT('',(-9.1,8.65,1.2));
#988 = VECTOR('',#989,1.);
#989 = DIRECTION('',(1.,0.,0.));
#990 = PLANE('',#991);
#991 = AXIS2_PLACEMENT_3D('',#992,#993,#994);
#992 = CARTESIAN_POINT('',(-9.1,-10.85,1.2));
#993 = DIRECTION('',(0.,0.,1.));
#994 = DIRECTION('',(1.,0.,0.));
#995 = ADVANCED_FACE('',(#996),#1014,.F.);
#996 = FACE_BOUND('',#997,.F.);
#997 = EDGE_LOOP('',(#998,#1006,#1007,#1008));
#998 = ORIENTED_EDGE('',*,*,#999,.F.);
#999 = EDGE_CURVE('',#970,#1000,#1002,.T.);
#1000 = VERTEX_POINT('',#1001);
#1001 = CARTESIAN_POINT('',(6.9,8.65,2.));
#1002 = LINE('',#1003,#1004);
#1003 = CARTESIAN_POINT('',(6.9,8.65,1.2));
#1004 = VECTOR('',#1005,1.);
#1005 = DIRECTION('',(0.,0.,1.));
#1006 = ORIENTED_EDGE('',*,*,#977,.T.);
#1007 = ORIENTED_EDGE('',*,*,#334,.T.);
#1008 = ORIENTED_EDGE('',*,*,#1009,.F.);
#1009 = EDGE_CURVE('',#1000,#327,#1010,.T.);
#1010 = LINE('',#1011,#1012);
#1011 = CARTESIAN_POINT('',(6.9,8.65,2.));
#1012 = VECTOR('',#1013,1.);
#1013 = DIRECTION('',(0.,1.,0.));
#1014 = PLANE('',#1015);
#1015 = AXIS2_PLACEMENT_3D('',#1016,#1017,#1018);
#1016 = CARTESIAN_POINT('',(6.9,8.65,1.2));
#1017 = DIRECTION('',(1.,0.,0.));
#1018 = DIRECTION('',(0.,0.,1.));
#1019 = ADVANCED_FACE('',(#1020),#1031,.T.);
#1020 = FACE_BOUND('',#1021,.T.);
#1021 = EDGE_LOOP('',(#1022,#1023,#1029,#1030));
#1022 = ORIENTED_EDGE('',*,*,#1009,.F.);
#1023 = ORIENTED_EDGE('',*,*,#1024,.T.);
#1024 = EDGE_CURVE('',#1000,#853,#1025,.T.);
#1025 = LINE('',#1026,#1027);
#1026 = CARTESIAN_POINT('',(6.9,8.65,2.));
#1027 = VECTOR('',#1028,1.);
#1028 = DIRECTION('',(1.,0.,0.));
#1029 = ORIENTED_EDGE('',*,*,#860,.T.);
#1030 = ORIENTED_EDGE('',*,*,#326,.F.);
#1031 = PLANE('',#1032);
#1032 = AXIS2_PLACEMENT_3D('',#1033,#1034,#1035);
#1033 = CARTESIAN_POINT('',(6.9,8.65,2.));
#1034 = DIRECTION('',(0.,0.,1.));
#1035 = DIRECTION('',(1.,0.,0.));
#1036 = ADVANCED_FACE('',(#1037),#1043,.F.);
#1037 = FACE_BOUND('',#1038,.F.);
#1038 = EDGE_LOOP('',(#1039,#1040,#1041,#1042));
#1039 = ORIENTED_EDGE('',*,*,#985,.F.);
#1040 = ORIENTED_EDGE('',*,*,#420,.T.);
#1041 = ORIENTED_EDGE('',*,*,#891,.T.);
#1042 = ORIENTED_EDGE('',*,*,#914,.F.);
#1043 = PLANE('',#1044);
#1044 = AXIS2_PLACEMENT_3D('',#1045,#1046,#1047);
#1045 = CARTESIAN_POINT('',(-9.1,8.65,1.2));
#1046 = DIRECTION('',(0.,1.,0.));
#1047 = DIRECTION('',(0.,0.,1.));
#1048 = ADVANCED_FACE('',(#1049),#1067,.T.);
#1049 = FACE_BOUND('',#1050,.T.);
#1050 = EDGE_LOOP('',(#1051,#1052,#1053,#1061));
#1051 = ORIENTED_EDGE('',*,*,#939,.F.);
#1052 = ORIENTED_EDGE('',*,*,#404,.T.);
#1053 = ORIENTED_EDGE('',*,*,#1054,.T.);
#1054 = EDGE_CURVE('',#397,#1055,#1057,.T.);
#1055 = VERTEX_POINT('',#1056);
#1056 = CARTESIAN_POINT('',(-6.9,-8.65,2.));
#1057 = LINE('',#1058,#1059);
#1058 = CARTESIAN_POINT('',(-9.1,-8.65,2.));
#1059 = VECTOR('',#1060,1.);
#1060 = DIRECTION('',(1.,0.,0.));
#1061 = ORIENTED_EDGE('',*,*,#1062,.F.);
#1062 = EDGE_CURVE('',#940,#1055,#1063,.T.);
#1063 = LINE('',#1064,#1065);
#1064 = CARTESIAN_POINT('',(-6.9,-8.65,1.2));
#1065 = VECTOR('',#1066,1.);
#1066 = DIRECTION('',(0.,0.,1.));
#1067 = PLANE('',#1068);
#1068 = AXIS2_PLACEMENT_3D('',#1069,#1070,#1071);
#1069 = CARTESIAN_POINT('',(-9.1,-8.65,1.2));
#1070 = DIRECTION('',(0.,1.,0.));
#1071 = DIRECTION('',(0.,0.,1.));
#1072 = ADVANCED_FACE('',(#1073),#1084,.T.);
#1073 = FACE_BOUND('',#1074,.T.);
#1074 = EDGE_LOOP('',(#1075,#1076,#1077,#1083));
#1075 = ORIENTED_EDGE('',*,*,#396,.F.);
#1076 = ORIENTED_EDGE('',*,*,#486,.T.);
#1077 = ORIENTED_EDGE('',*,*,#1078,.T.);
#1078 = EDGE_CURVE('',#479,#1055,#1079,.T.);
#1079 = LINE('',#1080,#1081);
#1080 = CARTESIAN_POINT('',(-6.9,-10.85,2.));
#1081 = VECTOR('',#1082,1.);
#1082 = DIRECTION('',(0.,1.,0.));
#1083 = ORIENTED_EDGE('',*,*,#1054,.F.);
#1084 = PLANE('',#1085);
#1085 = AXIS2_PLACEMENT_3D('',#1086,#1087,#1088);
#1086 = CARTESIAN_POINT('',(-9.1,-10.85,2.));
#1087 = DIRECTION('',(0.,0.,1.));
#1088 = DIRECTION('',(1.,0.,0.));
#1089 = ADVANCED_FACE('',(#1090),#1116,.T.);
#1090 = FACE_BOUND('',#1091,.T.);
#1091 = EDGE_LOOP('',(#1092,#1098,#1099,#1100,#1101,#1107,#1114,#1115));
#1092 = ORIENTED_EDGE('',*,*,#1093,.F.);
#1093 = EDGE_CURVE('',#569,#511,#1094,.T.);
#1094 = LINE('',#1095,#1096);
#1095 = CARTESIAN_POINT('',(4.9,-12.75,5.));
#1096 = VECTOR('',#1097,1.);
#1097 = DIRECTION('',(0.,1.,0.));
#1098 = ORIENTED_EDGE('',*,*,#576,.T.);
#1099 = ORIENTED_EDGE('',*,*,#704,.F.);
#1100 = ORIENTED_EDGE('',*,*,#671,.T.);
#1101 = ORIENTED_EDGE('',*,*,#1102,.F.);
#1102 = EDGE_CURVE('',#787,#674,#1103,.T.);
#1103 = LINE('',#1104,#1105);
#1104 = CARTESIAN_POINT('',(2.8,9.5,5.));
#1105 = VECTOR('',#1106,1.);
#1106 = DIRECTION('',(1.,0.,0.));
#1107 = ORIENTED_EDGE('',*,*,#1108,.F.);
#1108 = EDGE_CURVE('',#869,#787,#1109,.T.);
#1109 = CIRCLE('',#1110,4.2);
#1110 = AXIS2_PLACEMENT_3D('',#1111,#1112,#1113);
#1111 = CARTESIAN_POINT('',(7.,13.,5.));
#1112 = DIRECTION('',(0.,0.,1.));
#1113 = DIRECTION('',(1.,0.,0.));
#1114 = ORIENTED_EDGE('',*,*,#876,.F.);
#1115 = ORIENTED_EDGE('',*,*,#518,.T.);
#1116 = PLANE('',#1117);
#1117 = AXIS2_PLACEMENT_3D('',#1118,#1119,#1120);
#1118 = CARTESIAN_POINT('',(-10.5,-12.25,5.));
#1119 = DIRECTION('',(0.,0.,1.));
#1120 = DIRECTION('',(1.,0.,0.));
#1121 = ADVANCED_FACE('',(#1122),#1133,.F.);
#1122 = FACE_BOUND('',#1123,.F.);
#1123 = EDGE_LOOP('',(#1124,#1125,#1131,#1132));
#1124 = ORIENTED_EDGE('',*,*,#568,.T.);
#1125 = ORIENTED_EDGE('',*,*,#1126,.T.);
#1126 = EDGE_CURVE('',#561,#503,#1127,.T.);
#1127 = LINE('',#1128,#1129);
#1128 = CARTESIAN_POINT('',(4.9,-13.25,2.));
#1129 = VECTOR('',#1130,1.);
#1130 = DIRECTION('',(0.,1.,0.));
#1131 = ORIENTED_EDGE('',*,*,#510,.F.);
#1132 = ORIENTED_EDGE('',*,*,#1093,.F.);
#1133 = PLANE('',#1134);
#1134 = AXIS2_PLACEMENT_3D('',#1135,#1136,#1137);
#1135 = CARTESIAN_POINT('',(4.9,-13.25,2.));
#1136 = DIRECTION('',(1.,0.,0.));
#1137 = DIRECTION('',(0.,0.,1.));
#1138 = ADVANCED_FACE('',(#1139),#1145,.T.);
#1139 = FACE_BOUND('',#1140,.T.);
#1140 = EDGE_LOOP('',(#1141,#1142,#1143,#1144));
#1141 = ORIENTED_EDGE('',*,*,#540,.F.);
#1142 = ORIENTED_EDGE('',*,*,#560,.T.);
#1143 = ORIENTED_EDGE('',*,*,#1126,.T.);
#1144 = ORIENTED_EDGE('',*,*,#502,.F.);
#1145 = PLANE('',#1146);
#1146 = AXIS2_PLACEMENT_3D('',#1147,#1148,#1149);
#1147 = CARTESIAN_POINT('',(-4.9,-13.25,2.));
#1148 = DIRECTION('',(0.,0.,1.));
#1149 = DIRECTION('',(1.,0.,0.));
#1150 = ADVANCED_FACE('',(#1151),#1157,.T.);
#1151 = FACE_BOUND('',#1152,.T.);
#1152 = EDGE_LOOP('',(#1153,#1154,#1155,#1156));
#1153 = ORIENTED_EDGE('',*,*,#478,.F.);
#1154 = ORIENTED_EDGE('',*,*,#947,.T.);
#1155 = ORIENTED_EDGE('',*,*,#1062,.T.);
#1156 = ORIENTED_EDGE('',*,*,#1078,.F.);
#1157 = PLANE('',#1158);
#1158 = AXIS2_PLACEMENT_3D('',#1159,#1160,#1161);
#1159 = CARTESIAN_POINT('',(-6.9,-10.85,1.2));
#1160 = DIRECTION('',(1.,0.,0.));
#1161 = DIRECTION('',(0.,0.,1.));
#1162 = ADVANCED_FACE('',(#1163),#1181,.F.);
#1163 = FACE_BOUND('',#1164,.F.);
#1164 = EDGE_LOOP('',(#1165,#1166,#1167,#1175));
#1165 = ORIENTED_EDGE('',*,*,#462,.F.);
#1166 = ORIENTED_EDGE('',*,*,#954,.T.);
#1167 = ORIENTED_EDGE('',*,*,#1168,.T.);
#1168 = EDGE_CURVE('',#955,#1169,#1171,.T.);
#1169 = VERTEX_POINT('',#1170);
#1170 = CARTESIAN_POINT('',(6.9,-8.65,2.));
#1171 = LINE('',#1172,#1173);
#1172 = CARTESIAN_POINT('',(6.9,-8.65,1.2));
#1173 = VECTOR('',#1174,1.);
#1174 = DIRECTION('',(0.,0.,1.));
#1175 = ORIENTED_EDGE('',*,*,#1176,.F.);
#1176 = EDGE_CURVE('',#455,#1169,#1177,.T.);
#1177 = LINE('',#1178,#1179);
#1178 = CARTESIAN_POINT('',(6.9,-10.85,2.));
#1179 = VECTOR('',#1180,1.);
#1180 = DIRECTION('',(0.,1.,0.));
#1181 = PLANE('',#1182);
#1182 = AXIS2_PLACEMENT_3D('',#1183,#1184,#1185);
#1183 = CARTESIAN_POINT('',(6.9,-10.85,1.2));
#1184 = DIRECTION('',(1.,0.,0.));
#1185 = DIRECTION('',(0.,0.,1.));
#1186 = ADVANCED_FACE('',(#1187),#1198,.T.);
#1187 = FACE_BOUND('',#1188,.T.);
#1188 = EDGE_LOOP('',(#1189,#1190,#1191,#1192));
#1189 = ORIENTED_EDGE('',*,*,#1176,.F.);
#1190 = ORIENTED_EDGE('',*,*,#454,.T.);
#1191 = ORIENTED_EDGE('',*,*,#828,.T.);
#1192 = ORIENTED_EDGE('',*,*,#1193,.F.);
#1193 = EDGE_CURVE('',#1169,#829,#1194,.T.);
#1194 = LINE('',#1195,#1196);
#1195 = CARTESIAN_POINT('',(6.9,-8.65,2.));
#1196 = VECTOR('',#1197,1.);
#1197 = DIRECTION('',(1.,0.,0.));
#1198 = PLANE('',#1199);
#1199 = AXIS2_PLACEMENT_3D('',#1200,#1201,#1202);
#1200 = CARTESIAN_POINT('',(6.9,-10.85,2.));
#1201 = DIRECTION('',(0.,0.,1.));
#1202 = DIRECTION('',(1.,0.,0.));
#1203 = ADVANCED_FACE('',(#1204),#1215,.F.);
#1204 = FACE_BOUND('',#1205,.F.);
#1205 = EDGE_LOOP('',(#1206,#1207,#1208));
#1206 = ORIENTED_EDGE('',*,*,#721,.F.);
#1207 = ORIENTED_EDGE('',*,*,#598,.T.);
#1208 = ORIENTED_EDGE('',*,*,#1209,.F.);
#1209 = EDGE_CURVE('',#722,#599,#1210,.T.);
#1210 = CIRCLE('',#1211,4.2);
#1211 = AXIS2_PLACEMENT_3D('',#1212,#1213,#1214);
#1212 = CARTESIAN_POINT('',(7.,13.,0.));
#1213 = DIRECTION('',(0.,0.,1.));
#1214 = DIRECTION('',(1.,0.,0.));
#1215 = PLANE('',#1216);
#1216 = AXIS2_PLACEMENT_3D('',#1217,#1218,#1219);
#1217 = CARTESIAN_POINT('',(2.8,9.5,0.));
#1218 = DIRECTION('',(0.,0.,1.));
#1219 = DIRECTION('',(1.,0.,0.));
#1220 = ADVANCED_FACE('',(#1221),#1250,.F.);
#1221 = FACE_BOUND('',#1222,.F.);
#1222 = EDGE_LOOP('',(#1223,#1231,#1232,#1233,#1234,#1243));
#1223 = ORIENTED_EDGE('',*,*,#1224,.F.);
#1224 = EDGE_CURVE('',#599,#1225,#1227,.T.);
#1225 = VERTEX_POINT('',#1226);
#1226 = CARTESIAN_POINT('',(5.145950378226,12.25,0.));
#1227 = LINE('',#1228,#1229);
#1228 = CARTESIAN_POINT('',(-10.5,12.25,0.));
#1229 = VECTOR('',#1230,1.);
#1230 = DIRECTION('',(1.,0.,0.));
#1231 = ORIENTED_EDGE('',*,*,#608,.T.);
#1232 = ORIENTED_EDGE('',*,*,#623,.T.);
#1233 = ORIENTED_EDGE('',*,*,#656,.T.);
#1234 = ORIENTED_EDGE('',*,*,#1235,.T.);
#1235 = EDGE_CURVE('',#648,#1236,#1238,.T.);
#1236 = VERTEX_POINT('',#1237);
#1237 = CARTESIAN_POINT('',(8.841868832677,12.220564817824,0.));
#1238 = CIRCLE('',#1239,2.);
#1239 = AXIS2_PLACEMENT_3D('',#1240,#1241,#1242);
#1240 = CARTESIAN_POINT('',(8.5,10.25,0.));
#1241 = DIRECTION('',(-0.,0.,1.));
#1242 = DIRECTION('',(0.,-1.,0.));
#1243 = ORIENTED_EDGE('',*,*,#1244,.F.);
#1244 = EDGE_CURVE('',#1225,#1236,#1245,.T.);
#1245 = CIRCLE('',#1246,2.);
#1246 = AXIS2_PLACEMENT_3D('',#1247,#1248,#1249);
#1247 = CARTESIAN_POINT('',(7.,13.,0.));
#1248 = DIRECTION('',(0.,0.,1.));
#1249 = DIRECTION('',(1.,0.,0.));
#1250 = PLANE('',#1251);
#1251 = AXIS2_PLACEMENT_3D('',#1252,#1253,#1254);
#1252 = CARTESIAN_POINT('',(-10.5,-12.25,0.));
#1253 = DIRECTION('',(0.,0.,1.));
#1254 = DIRECTION('',(1.,0.,0.));
#1255 = ADVANCED_FACE('',(#1256),#1283,.F.);
#1256 = FACE_BOUND('',#1257,.F.);
#1257 = EDGE_LOOP('',(#1258,#1259,#1267,#1275,#1282));
#1258 = ORIENTED_EDGE('',*,*,#639,.F.);
#1259 = ORIENTED_EDGE('',*,*,#1260,.T.);
#1260 = EDGE_CURVE('',#212,#1261,#1263,.T.);
#1261 = VERTEX_POINT('',#1262);
#1262 = CARTESIAN_POINT('',(11.2,9.5,0.));
#1263 = LINE('',#1264,#1265);
#1264 = CARTESIAN_POINT('',(2.8,9.5,0.));
#1265 = VECTOR('',#1266,1.);
#1266 = DIRECTION('',(1.,0.,0.));
#1267 = ORIENTED_EDGE('',*,*,#1268,.T.);
#1268 = EDGE_CURVE('',#1261,#1269,#1271,.T.);
#1269 = VERTEX_POINT('',#1270);
#1270 = CARTESIAN_POINT('',(11.2,13.,0.));
#1271 = LINE('',#1272,#1273);
#1272 = CARTESIAN_POINT('',(11.2,9.5,0.));
#1273 = VECTOR('',#1274,1.);
#1274 = DIRECTION('',(0.,1.,0.));
#1275 = ORIENTED_EDGE('',*,*,#1276,.F.);
#1276 = EDGE_CURVE('',#648,#1269,#1277,.T.);
#1277 = CIRCLE('',#1278,4.2);
#1278 = AXIS2_PLACEMENT_3D('',#1279,#1280,#1281);
#1279 = CARTESIAN_POINT('',(7.,13.,0.));
#1280 = DIRECTION('',(0.,0.,1.));
#1281 = DIRECTION('',(1.,0.,0.));
#1282 = ORIENTED_EDGE('',*,*,#647,.F.);
#1283 = PLANE('',#1284);
#1284 = AXIS2_PLACEMENT_3D('',#1285,#1286,#1287);
#1285 = CARTESIAN_POINT('',(2.8,9.5,0.));
#1286 = DIRECTION('',(0.,0.,1.));
#1287 = DIRECTION('',(1.,0.,0.));
#1288 = ADVANCED_FACE('',(#1289),#1307,.F.);
#1289 = FACE_BOUND('',#1290,.F.);
#1290 = EDGE_LOOP('',(#1291,#1292,#1293,#1301));
#1291 = ORIENTED_EDGE('',*,*,#1260,.F.);
#1292 = ORIENTED_EDGE('',*,*,#688,.T.);
#1293 = ORIENTED_EDGE('',*,*,#1294,.T.);
#1294 = EDGE_CURVE('',#674,#1295,#1297,.T.);
#1295 = VERTEX_POINT('',#1296);
#1296 = CARTESIAN_POINT('',(11.2,9.5,5.));
#1297 = LINE('',#1298,#1299);
#1298 = CARTESIAN_POINT('',(2.8,9.5,5.));
#1299 = VECTOR('',#1300,1.);
#1300 = DIRECTION('',(1.,0.,0.));
#1301 = ORIENTED_EDGE('',*,*,#1302,.F.);
#1302 = EDGE_CURVE('',#1261,#1295,#1303,.T.);
#1303 = LINE('',#1304,#1305);
#1304 = CARTESIAN_POINT('',(11.2,9.5,0.));
#1305 = VECTOR('',#1306,1.);
#1306 = DIRECTION('',(0.,0.,1.));
#1307 = PLANE('',#1308);
#1308 = AXIS2_PLACEMENT_3D('',#1309,#1310,#1311);
#1309 = CARTESIAN_POINT('',(2.8,9.5,0.));
#1310 = DIRECTION('',(0.,1.,0.));
#1311 = DIRECTION('',(0.,0.,1.));
#1312 = ADVANCED_FACE('',(#1313),#1338,.F.);
#1313 = FACE_BOUND('',#1314,.F.);
#1314 = EDGE_LOOP('',(#1315,#1316,#1324,#1332));
#1315 = ORIENTED_EDGE('',*,*,#729,.F.);
#1316 = ORIENTED_EDGE('',*,*,#1317,.T.);
#1317 = EDGE_CURVE('',#722,#1318,#1320,.T.);
#1318 = VERTEX_POINT('',#1319);
#1319 = CARTESIAN_POINT('',(2.8,13.5,0.));
#1320 = LINE('',#1321,#1322);
#1321 = CARTESIAN_POINT('',(2.8,9.5,0.));
#1322 = VECTOR('',#1323,1.);
#1323 = DIRECTION('',(0.,1.,0.));
#1324 = ORIENTED_EDGE('',*,*,#1325,.T.);
#1325 = EDGE_CURVE('',#1318,#1326,#1328,.T.);
#1326 = VERTEX_POINT('',#1327);
#1327 = CARTESIAN_POINT('',(2.8,13.5,5.));
#1328 = LINE('',#1329,#1330);
#1329 = CARTESIAN_POINT('',(2.8,13.5,0.));
#1330 = VECTOR('',#1331,1.);
#1331 = DIRECTION('',(0.,0.,1.));
#1332 = ORIENTED_EDGE('',*,*,#1333,.F.);
#1333 = EDGE_CURVE('',#730,#1326,#1334,.T.);
#1334 = LINE('',#1335,#1336);
#1335 = CARTESIAN_POINT('',(2.8,9.5,5.));
#1336 = VECTOR('',#1337,1.);
#1337 = DIRECTION('',(0.,1.,0.));
#1338 = PLANE('',#1339);
#1339 = AXIS2_PLACEMENT_3D('',#1340,#1341,#1342);
#1340 = CARTESIAN_POINT('',(2.8,9.5,0.));
#1341 = DIRECTION('',(1.,0.,0.));
#1342 = DIRECTION('',(0.,0.,1.));
#1343 = ADVANCED_FACE('',(#1344),#1372,.T.);
#1344 = FACE_BOUND('',#1345,.T.);
#1345 = EDGE_LOOP('',(#1346,#1347,#1356,#1364,#1371));
#1346 = ORIENTED_EDGE('',*,*,#768,.T.);
#1347 = ORIENTED_EDGE('',*,*,#1348,.F.);
#1348 = EDGE_CURVE('',#1349,#769,#1351,.T.);
#1349 = VERTEX_POINT('',#1350);
#1350 = CARTESIAN_POINT('',(5.063508326896,13.5,5.));
#1351 = CIRCLE('',#1352,2.);
#1352 = AXIS2_PLACEMENT_3D('',#1353,#1354,#1355);
#1353 = CARTESIAN_POINT('',(7.,13.,5.));
#1354 = DIRECTION('',(0.,0.,1.));
#1355 = DIRECTION('',(1.,0.,0.));
#1356 = ORIENTED_EDGE('',*,*,#1357,.F.);
#1357 = EDGE_CURVE('',#1358,#1349,#1360,.T.);
#1358 = VERTEX_POINT('',#1359);
#1359 = CARTESIAN_POINT('',(2.829868107601,13.5,5.));
#1360 = LINE('',#1361,#1362);
#1361 = CARTESIAN_POINT('',(2.8,13.5,5.));
#1362 = VECTOR('',#1363,1.);
#1363 = DIRECTION('',(1.,0.,0.));
#1364 = ORIENTED_EDGE('',*,*,#1365,.T.);
#1365 = EDGE_CURVE('',#1358,#730,#1366,.T.);
#1366 = CIRCLE('',#1367,4.2);
#1367 = AXIS2_PLACEMENT_3D('',#1368,#1369,#1370);
#1368 = CARTESIAN_POINT('',(7.,13.,5.));
#1369 = DIRECTION('',(0.,0.,1.));
#1370 = DIRECTION('',(1.,0.,0.));
#1371 = ORIENTED_EDGE('',*,*,#753,.T.);
#1372 = PLANE('',#1373);
#1373 = AXIS2_PLACEMENT_3D('',#1374,#1375,#1376);
#1374 = CARTESIAN_POINT('',(7.,13.,5.));
#1375 = DIRECTION('',(0.,0.,1.));
#1376 = DIRECTION('',(1.,0.,0.));
#1377 = ADVANCED_FACE('',(#1378),#1449,.F.);
#1378 = FACE_BOUND('',#1379,.F.);
#1379 = EDGE_LOOP('',(#1380,#1391,#1399,#1408,#1417,#1424,#1425,#1432,
    #1433,#1440,#1441,#1442));
#1380 = ORIENTED_EDGE('',*,*,#1381,.F.);
#1381 = EDGE_CURVE('',#1382,#1384,#1386,.T.);
#1382 = VERTEX_POINT('',#1383);
#1383 = CARTESIAN_POINT('',(9.,13.,5.));
#1384 = VERTEX_POINT('',#1385);
#1385 = CARTESIAN_POINT('',(8.936491673104,13.5,5.));
#1386 = CIRCLE('',#1387,2.);
#1387 = AXIS2_PLACEMENT_3D('',#1388,#1389,#1390);
#1388 = CARTESIAN_POINT('',(7.,13.,5.));
#1389 = DIRECTION('',(0.,0.,1.));
#1390 = DIRECTION('',(1.,0.,0.));
#1391 = ORIENTED_EDGE('',*,*,#1392,.F.);
#1392 = EDGE_CURVE('',#1393,#1382,#1395,.T.);
#1393 = VERTEX_POINT('',#1394);
#1394 = CARTESIAN_POINT('',(9.,13.,0.));
#1395 = LINE('',#1396,#1397);
#1396 = CARTESIAN_POINT('',(9.,13.,-2.));
#1397 = VECTOR('',#1398,1.);
#1398 = DIRECTION('',(0.,0.,1.));
#1399 = ORIENTED_EDGE('',*,*,#1400,.T.);
#1400 = EDGE_CURVE('',#1393,#1401,#1403,.T.);
#1401 = VERTEX_POINT('',#1402);
#1402 = CARTESIAN_POINT('',(8.936491673104,13.5,0.));
#1403 = CIRCLE('',#1404,2.);
#1404 = AXIS2_PLACEMENT_3D('',#1405,#1406,#1407);
#1405 = CARTESIAN_POINT('',(7.,13.,0.));
#1406 = DIRECTION('',(0.,0.,1.));
#1407 = DIRECTION('',(1.,0.,0.));
#1408 = ORIENTED_EDGE('',*,*,#1409,.T.);
#1409 = EDGE_CURVE('',#1401,#1410,#1412,.T.);
#1410 = VERTEX_POINT('',#1411);
#1411 = CARTESIAN_POINT('',(5.063508326896,13.5,0.));
#1412 = CIRCLE('',#1413,2.);
#1413 = AXIS2_PLACEMENT_3D('',#1414,#1415,#1416);
#1414 = CARTESIAN_POINT('',(7.,13.,0.));
#1415 = DIRECTION('',(0.,0.,1.));
#1416 = DIRECTION('',(1.,0.,0.));
#1417 = ORIENTED_EDGE('',*,*,#1418,.T.);
#1418 = EDGE_CURVE('',#1410,#1225,#1419,.T.);
#1419 = CIRCLE('',#1420,2.);
#1420 = AXIS2_PLACEMENT_3D('',#1421,#1422,#1423);
#1421 = CARTESIAN_POINT('',(7.,13.,0.));
#1422 = DIRECTION('',(0.,0.,1.));
#1423 = DIRECTION('',(1.,0.,0.));
#1424 = ORIENTED_EDGE('',*,*,#1244,.T.);
#1425 = ORIENTED_EDGE('',*,*,#1426,.T.);
#1426 = EDGE_CURVE('',#1236,#1393,#1427,.T.);
#1427 = CIRCLE('',#1428,2.);
#1428 = AXIS2_PLACEMENT_3D('',#1429,#1430,#1431);
#1429 = CARTESIAN_POINT('',(7.,13.,0.));
#1430 = DIRECTION('',(0.,0.,1.));
#1431 = DIRECTION('',(1.,0.,0.));
#1432 = ORIENTED_EDGE('',*,*,#1392,.T.);
#1433 = ORIENTED_EDGE('',*,*,#1434,.F.);
#1434 = EDGE_CURVE('',#804,#1382,#1435,.T.);
#1435 = CIRCLE('',#1436,2.);
#1436 = AXIS2_PLACEMENT_3D('',#1437,#1438,#1439);
#1437 = CARTESIAN_POINT('',(7.,13.,5.));
#1438 = DIRECTION('',(0.,0.,1.));
#1439 = DIRECTION('',(1.,0.,0.));
#1440 = ORIENTED_EDGE('',*,*,#812,.F.);
#1441 = ORIENTED_EDGE('',*,*,#1348,.F.);
#1442 = ORIENTED_EDGE('',*,*,#1443,.F.);
#1443 = EDGE_CURVE('',#1384,#1349,#1444,.T.);
#1444 = CIRCLE('',#1445,2.);
#1445 = AXIS2_PLACEMENT_3D('',#1446,#1447,#1448);
#1446 = CARTESIAN_POINT('',(7.,13.,5.));
#1447 = DIRECTION('',(0.,0.,1.));
#1448 = DIRECTION('',(1.,0.,0.));
#1449 = CYLINDRICAL_SURFACE('',#1450,2.);
#1450 = AXIS2_PLACEMENT_3D('',#1451,#1452,#1453);
#1451 = CARTESIAN_POINT('',(7.,13.,-2.));
#1452 = DIRECTION('',(0.,0.,1.));
#1453 = DIRECTION('',(1.,0.,0.));
#1454 = ADVANCED_FACE('',(#1455),#1484,.T.);
#1455 = FACE_BOUND('',#1456,.T.);
#1456 = EDGE_LOOP('',(#1457,#1458,#1467,#1476,#1482,#1483));
#1457 = ORIENTED_EDGE('',*,*,#803,.F.);
#1458 = ORIENTED_EDGE('',*,*,#1459,.T.);
#1459 = EDGE_CURVE('',#795,#1460,#1462,.T.);
#1460 = VERTEX_POINT('',#1461);
#1461 = CARTESIAN_POINT('',(11.2,13.,5.));
#1462 = CIRCLE('',#1463,4.2);
#1463 = AXIS2_PLACEMENT_3D('',#1464,#1465,#1466);
#1464 = CARTESIAN_POINT('',(7.,13.,5.));
#1465 = DIRECTION('',(0.,0.,1.));
#1466 = DIRECTION('',(1.,0.,0.));
#1467 = ORIENTED_EDGE('',*,*,#1468,.T.);
#1468 = EDGE_CURVE('',#1460,#1469,#1471,.T.);
#1469 = VERTEX_POINT('',#1470);
#1470 = CARTESIAN_POINT('',(11.170131892399,13.5,5.));
#1471 = CIRCLE('',#1472,4.2);
#1472 = AXIS2_PLACEMENT_3D('',#1473,#1474,#1475);
#1473 = CARTESIAN_POINT('',(7.,13.,5.));
#1474 = DIRECTION('',(0.,0.,1.));
#1475 = DIRECTION('',(1.,0.,0.));
#1476 = ORIENTED_EDGE('',*,*,#1477,.F.);
#1477 = EDGE_CURVE('',#1384,#1469,#1478,.T.);
#1478 = LINE('',#1479,#1480);
#1479 = CARTESIAN_POINT('',(2.8,13.5,5.));
#1480 = VECTOR('',#1481,1.);
#1481 = DIRECTION('',(1.,0.,0.));
#1482 = ORIENTED_EDGE('',*,*,#1381,.F.);
#1483 = ORIENTED_EDGE('',*,*,#1434,.F.);
#1484 = PLANE('',#1485);
#1485 = AXIS2_PLACEMENT_3D('',#1486,#1487,#1488);
#1486 = CARTESIAN_POINT('',(7.,13.,5.));
#1487 = DIRECTION('',(0.,0.,1.));
#1488 = DIRECTION('',(1.,0.,0.));
#1489 = ADVANCED_FACE('',(#1490),#1509,.T.);
#1490 = FACE_BOUND('',#1491,.T.);
#1491 = EDGE_LOOP('',(#1492,#1493,#1501,#1508));
#1492 = ORIENTED_EDGE('',*,*,#1102,.T.);
#1493 = ORIENTED_EDGE('',*,*,#1494,.T.);
#1494 = EDGE_CURVE('',#674,#1495,#1497,.T.);
#1495 = VERTEX_POINT('',#1496);
#1496 = CARTESIAN_POINT('',(10.5,10.25,5.));
#1497 = LINE('',#1498,#1499);
#1498 = CARTESIAN_POINT('',(10.5,-12.25,5.));
#1499 = VECTOR('',#1500,1.);
#1500 = DIRECTION('',(0.,1.,0.));
#1501 = ORIENTED_EDGE('',*,*,#1502,.T.);
#1502 = EDGE_CURVE('',#1495,#795,#1503,.T.);
#1503 = CIRCLE('',#1504,2.);
#1504 = AXIS2_PLACEMENT_3D('',#1505,#1506,#1507);
#1505 = CARTESIAN_POINT('',(8.5,10.25,5.));
#1506 = DIRECTION('',(-0.,0.,1.));
#1507 = DIRECTION('',(0.,-1.,0.));
#1508 = ORIENTED_EDGE('',*,*,#794,.F.);
#1509 = PLANE('',#1510);
#1510 = AXIS2_PLACEMENT_3D('',#1511,#1512,#1513);
#1511 = CARTESIAN_POINT('',(-10.5,-12.25,5.));
#1512 = DIRECTION('',(0.,0.,1.));
#1513 = DIRECTION('',(1.,0.,0.));
#1514 = ADVANCED_FACE('',(#1515),#1520,.T.);
#1515 = FACE_BOUND('',#1516,.T.);
#1516 = EDGE_LOOP('',(#1517,#1518,#1519));
#1517 = ORIENTED_EDGE('',*,*,#786,.F.);
#1518 = ORIENTED_EDGE('',*,*,#868,.F.);
#1519 = ORIENTED_EDGE('',*,*,#1108,.T.);
#1520 = PLANE('',#1521);
#1521 = AXIS2_PLACEMENT_3D('',#1522,#1523,#1524);
#1522 = CARTESIAN_POINT('',(-10.5,-12.25,5.));
#1523 = DIRECTION('',(0.,0.,1.));
#1524 = DIRECTION('',(1.,0.,0.));
#1525 = ADVANCED_FACE('',(#1526),#1532,.F.);
#1526 = FACE_BOUND('',#1527,.F.);
#1527 = EDGE_LOOP('',(#1528,#1529,#1530,#1531));
#1528 = ORIENTED_EDGE('',*,*,#969,.F.);
#1529 = ORIENTED_EDGE('',*,*,#999,.T.);
#1530 = ORIENTED_EDGE('',*,*,#1024,.T.);
#1531 = ORIENTED_EDGE('',*,*,#852,.F.);
#1532 = PLANE('',#1533);
#1533 = AXIS2_PLACEMENT_3D('',#1534,#1535,#1536);
#1534 = CARTESIAN_POINT('',(6.9,8.65,1.2));
#1535 = DIRECTION('',(0.,1.,0.));
#1536 = DIRECTION('',(0.,0.,1.));
#1537 = ADVANCED_FACE('',(#1538),#1544,.T.);
#1538 = FACE_BOUND('',#1539,.T.);
#1539 = EDGE_LOOP('',(#1540,#1541,#1542,#1543));
#1540 = ORIENTED_EDGE('',*,*,#962,.F.);
#1541 = ORIENTED_EDGE('',*,*,#1168,.T.);
#1542 = ORIENTED_EDGE('',*,*,#1193,.T.);
#1543 = ORIENTED_EDGE('',*,*,#836,.F.);
#1544 = PLANE('',#1545);
#1545 = AXIS2_PLACEMENT_3D('',#1546,#1547,#1548);
#1546 = CARTESIAN_POINT('',(6.9,-8.65,1.2));
#1547 = DIRECTION('',(0.,1.,0.));
#1548 = DIRECTION('',(0.,0.,1.));
#1549 = ADVANCED_FACE('',(#1550),#1570,.F.);
#1550 = FACE_BOUND('',#1551,.F.);
#1551 = EDGE_LOOP('',(#1552,#1553,#1554,#1562,#1569));
#1552 = ORIENTED_EDGE('',*,*,#1224,.T.);
#1553 = ORIENTED_EDGE('',*,*,#1418,.F.);
#1554 = ORIENTED_EDGE('',*,*,#1555,.F.);
#1555 = EDGE_CURVE('',#1556,#1410,#1558,.T.);
#1556 = VERTEX_POINT('',#1557);
#1557 = CARTESIAN_POINT('',(2.829868107601,13.5,0.));
#1558 = LINE('',#1559,#1560);
#1559 = CARTESIAN_POINT('',(2.8,13.5,0.));
#1560 = VECTOR('',#1561,1.);
#1561 = DIRECTION('',(1.,0.,0.));
#1562 = ORIENTED_EDGE('',*,*,#1563,.T.);
#1563 = EDGE_CURVE('',#1556,#722,#1564,.T.);
#1564 = CIRCLE('',#1565,4.2);
#1565 = AXIS2_PLACEMENT_3D('',#1566,#1567,#1568);
#1566 = CARTESIAN_POINT('',(7.,13.,0.));
#1567 = DIRECTION('',(0.,0.,1.));
#1568 = DIRECTION('',(1.,0.,0.));
#1569 = ORIENTED_EDGE('',*,*,#1209,.T.);
#1570 = PLANE('',#1571);
#1571 = AXIS2_PLACEMENT_3D('',#1572,#1573,#1574);
#1572 = CARTESIAN_POINT('',(7.,13.,0.));
#1573 = DIRECTION('',(0.,0.,1.));
#1574 = DIRECTION('',(1.,0.,0.));
#1575 = ADVANCED_FACE('',(#1576),#1597,.F.);
#1576 = FACE_BOUND('',#1577,.F.);
#1577 = EDGE_LOOP('',(#1578,#1579,#1580,#1589,#1595,#1596));
#1578 = ORIENTED_EDGE('',*,*,#1235,.F.);
#1579 = ORIENTED_EDGE('',*,*,#1276,.T.);
#1580 = ORIENTED_EDGE('',*,*,#1581,.T.);
#1581 = EDGE_CURVE('',#1269,#1582,#1584,.T.);
#1582 = VERTEX_POINT('',#1583);
#1583 = CARTESIAN_POINT('',(11.170131892399,13.5,0.));
#1584 = CIRCLE('',#1585,4.2);
#1585 = AXIS2_PLACEMENT_3D('',#1586,#1587,#1588);
#1586 = CARTESIAN_POINT('',(7.,13.,0.));
#1587 = DIRECTION('',(0.,0.,1.));
#1588 = DIRECTION('',(1.,0.,0.));
#1589 = ORIENTED_EDGE('',*,*,#1590,.F.);
#1590 = EDGE_CURVE('',#1401,#1582,#1591,.T.);
#1591 = LINE('',#1592,#1593);
#1592 = CARTESIAN_POINT('',(2.8,13.5,0.));
#1593 = VECTOR('',#1594,1.);
#1594 = DIRECTION('',(1.,0.,0.));
#1595 = ORIENTED_EDGE('',*,*,#1400,.F.);
#1596 = ORIENTED_EDGE('',*,*,#1426,.F.);
#1597 = PLANE('',#1598);
#1598 = AXIS2_PLACEMENT_3D('',#1599,#1600,#1601);
#1599 = CARTESIAN_POINT('',(7.,13.,0.));
#1600 = DIRECTION('',(0.,0.,1.));
#1601 = DIRECTION('',(1.,0.,0.));
#1602 = ADVANCED_FACE('',(#1603),#1619,.T.);
#1603 = FACE_BOUND('',#1604,.T.);
#1604 = EDGE_LOOP('',(#1605,#1611,#1612,#1613));
#1605 = ORIENTED_EDGE('',*,*,#1606,.F.);
#1606 = EDGE_CURVE('',#1295,#1460,#1607,.T.);
#1607 = LINE('',#1608,#1609);
#1608 = CARTESIAN_POINT('',(11.2,9.5,5.));
#1609 = VECTOR('',#1610,1.);
#1610 = DIRECTION('',(0.,1.,0.));
#1611 = ORIENTED_EDGE('',*,*,#1302,.F.);
#1612 = ORIENTED_EDGE('',*,*,#1268,.T.);
#1613 = ORIENTED_EDGE('',*,*,#1614,.T.);
#1614 = EDGE_CURVE('',#1269,#1460,#1615,.T.);
#1615 = LINE('',#1616,#1617);
#1616 = CARTESIAN_POINT('',(11.2,13.,0.));
#1617 = VECTOR('',#1618,1.);
#1618 = DIRECTION('',(0.,0.,1.));
#1619 = PLANE('',#1620);
#1620 = AXIS2_PLACEMENT_3D('',#1621,#1622,#1623);
#1621 = CARTESIAN_POINT('',(11.2,9.5,0.));
#1622 = DIRECTION('',(1.,0.,0.));
#1623 = DIRECTION('',(0.,0.,1.));
#1624 = ADVANCED_FACE('',(#1625),#1632,.T.);
#1625 = FACE_BOUND('',#1626,.T.);
#1626 = EDGE_LOOP('',(#1627,#1628,#1629,#1630,#1631));
#1627 = ORIENTED_EDGE('',*,*,#1494,.F.);
#1628 = ORIENTED_EDGE('',*,*,#1294,.T.);
#1629 = ORIENTED_EDGE('',*,*,#1606,.T.);
#1630 = ORIENTED_EDGE('',*,*,#1459,.F.);
#1631 = ORIENTED_EDGE('',*,*,#1502,.F.);
#1632 = PLANE('',#1633);
#1633 = AXIS2_PLACEMENT_3D('',#1634,#1635,#1636);
#1634 = CARTESIAN_POINT('',(2.8,9.5,5.));
#1635 = DIRECTION('',(0.,0.,1.));
#1636 = DIRECTION('',(1.,0.,0.));
#1637 = ADVANCED_FACE('',(#1638),#1648,.T.);
#1638 = FACE_BOUND('',#1639,.T.);
#1639 = EDGE_LOOP('',(#1640,#1641,#1642));
#1640 = ORIENTED_EDGE('',*,*,#1333,.F.);
#1641 = ORIENTED_EDGE('',*,*,#1365,.F.);
#1642 = ORIENTED_EDGE('',*,*,#1643,.F.);
#1643 = EDGE_CURVE('',#1326,#1358,#1644,.T.);
#1644 = LINE('',#1645,#1646);
#1645 = CARTESIAN_POINT('',(2.8,13.5,5.));
#1646 = VECTOR('',#1647,1.);
#1647 = DIRECTION('',(1.,0.,0.));
#1648 = PLANE('',#1649);
#1649 = AXIS2_PLACEMENT_3D('',#1650,#1651,#1652);
#1650 = CARTESIAN_POINT('',(2.8,9.5,5.));
#1651 = DIRECTION('',(0.,0.,1.));
#1652 = DIRECTION('',(1.,0.,0.));
#1653 = ADVANCED_FACE('',(#1654),#1670,.T.);
#1654 = FACE_BOUND('',#1655,.T.);
#1655 = EDGE_LOOP('',(#1656,#1662,#1663,#1664));
#1656 = ORIENTED_EDGE('',*,*,#1657,.F.);
#1657 = EDGE_CURVE('',#1318,#1556,#1658,.T.);
#1658 = LINE('',#1659,#1660);
#1659 = CARTESIAN_POINT('',(2.8,13.5,0.));
#1660 = VECTOR('',#1661,1.);
#1661 = DIRECTION('',(1.,0.,0.));
#1662 = ORIENTED_EDGE('',*,*,#1325,.T.);
#1663 = ORIENTED_EDGE('',*,*,#1643,.T.);
#1664 = ORIENTED_EDGE('',*,*,#1665,.F.);
#1665 = EDGE_CURVE('',#1556,#1358,#1666,.T.);
#1666 = LINE('',#1667,#1668);
#1667 = CARTESIAN_POINT('',(2.829868107601,13.5,0.));
#1668 = VECTOR('',#1669,1.);
#1669 = DIRECTION('',(0.,0.,1.));
#1670 = PLANE('',#1671);
#1671 = AXIS2_PLACEMENT_3D('',#1672,#1673,#1674);
#1672 = CARTESIAN_POINT('',(2.8,13.5,0.));
#1673 = DIRECTION('',(0.,1.,0.));
#1674 = DIRECTION('',(0.,0.,1.));
#1675 = ADVANCED_FACE('',(#1676),#1681,.F.);
#1676 = FACE_BOUND('',#1677,.F.);
#1677 = EDGE_LOOP('',(#1678,#1679,#1680));
#1678 = ORIENTED_EDGE('',*,*,#1317,.F.);
#1679 = ORIENTED_EDGE('',*,*,#1563,.F.);
#1680 = ORIENTED_EDGE('',*,*,#1657,.F.);
#1681 = PLANE('',#1682);
#1682 = AXIS2_PLACEMENT_3D('',#1683,#1684,#1685);
#1683 = CARTESIAN_POINT('',(2.8,9.5,0.));
#1684 = DIRECTION('',(0.,0.,1.));
#1685 = DIRECTION('',(1.,0.,0.));
#1686 = ADVANCED_FACE('',(#1687),#1699,.T.);
#1687 = FACE_BOUND('',#1688,.T.);
#1688 = EDGE_LOOP('',(#1689,#1696,#1697,#1698));
#1689 = ORIENTED_EDGE('',*,*,#1690,.T.);
#1690 = EDGE_CURVE('',#1469,#1358,#1691,.T.);
#1691 = CIRCLE('',#1692,4.2);
#1692 = AXIS2_PLACEMENT_3D('',#1693,#1694,#1695);
#1693 = CARTESIAN_POINT('',(7.,13.,5.));
#1694 = DIRECTION('',(0.,0.,1.));
#1695 = DIRECTION('',(1.,0.,0.));
#1696 = ORIENTED_EDGE('',*,*,#1357,.T.);
#1697 = ORIENTED_EDGE('',*,*,#1443,.F.);
#1698 = ORIENTED_EDGE('',*,*,#1477,.T.);
#1699 = PLANE('',#1700);
#1700 = AXIS2_PLACEMENT_3D('',#1701,#1702,#1703);
#1701 = CARTESIAN_POINT('',(7.,13.,5.));
#1702 = DIRECTION('',(0.,0.,1.));
#1703 = DIRECTION('',(1.,0.,0.));
#1704 = ADVANCED_FACE('',(#1705),#1717,.F.);
#1705 = FACE_BOUND('',#1706,.F.);
#1706 = EDGE_LOOP('',(#1707,#1714,#1715,#1716));
#1707 = ORIENTED_EDGE('',*,*,#1708,.T.);
#1708 = EDGE_CURVE('',#1582,#1556,#1709,.T.);
#1709 = CIRCLE('',#1710,4.2);
#1710 = AXIS2_PLACEMENT_3D('',#1711,#1712,#1713);
#1711 = CARTESIAN_POINT('',(7.,13.,0.));
#1712 = DIRECTION('',(0.,0.,1.));
#1713 = DIRECTION('',(1.,0.,0.));
#1714 = ORIENTED_EDGE('',*,*,#1555,.T.);
#1715 = ORIENTED_EDGE('',*,*,#1409,.F.);
#1716 = ORIENTED_EDGE('',*,*,#1590,.T.);
#1717 = PLANE('',#1718);
#1718 = AXIS2_PLACEMENT_3D('',#1719,#1720,#1721);
#1719 = CARTESIAN_POINT('',(7.,13.,0.));
#1720 = DIRECTION('',(0.,0.,1.));
#1721 = DIRECTION('',(1.,0.,0.));
#1722 = ADVANCED_FACE('',(#1723),#1740,.T.);
#1723 = FACE_BOUND('',#1724,.T.);
#1724 = EDGE_LOOP('',(#1725,#1733,#1734));
#1725 = ORIENTED_EDGE('',*,*,#1726,.F.);
#1726 = EDGE_CURVE('',#1469,#1727,#1729,.T.);
#1727 = VERTEX_POINT('',#1728);
#1728 = CARTESIAN_POINT('',(11.2,13.5,5.));
#1729 = LINE('',#1730,#1731);
#1730 = CARTESIAN_POINT('',(2.8,13.5,5.));
#1731 = VECTOR('',#1732,1.);
#1732 = DIRECTION('',(1.,0.,0.));
#1733 = ORIENTED_EDGE('',*,*,#1468,.F.);
#1734 = ORIENTED_EDGE('',*,*,#1735,.T.);
#1735 = EDGE_CURVE('',#1460,#1727,#1736,.T.);
#1736 = LINE('',#1737,#1738);
#1737 = CARTESIAN_POINT('',(11.2,9.5,5.));
#1738 = VECTOR('',#1739,1.);
#1739 = DIRECTION('',(0.,1.,0.));
#1740 = PLANE('',#1741);
#1741 = AXIS2_PLACEMENT_3D('',#1742,#1743,#1744);
#1742 = CARTESIAN_POINT('',(2.8,9.5,5.));
#1743 = DIRECTION('',(0.,0.,1.));
#1744 = DIRECTION('',(1.,0.,0.));
#1745 = ADVANCED_FACE('',(#1746),#1763,.F.);
#1746 = FACE_BOUND('',#1747,.F.);
#1747 = EDGE_LOOP('',(#1748,#1756,#1757));
#1748 = ORIENTED_EDGE('',*,*,#1749,.F.);
#1749 = EDGE_CURVE('',#1582,#1750,#1752,.T.);
#1750 = VERTEX_POINT('',#1751);
#1751 = CARTESIAN_POINT('',(11.2,13.5,0.));
#1752 = LINE('',#1753,#1754);
#1753 = CARTESIAN_POINT('',(2.8,13.5,0.));
#1754 = VECTOR('',#1755,1.);
#1755 = DIRECTION('',(1.,0.,0.));
#1756 = ORIENTED_EDGE('',*,*,#1581,.F.);
#1757 = ORIENTED_EDGE('',*,*,#1758,.T.);
#1758 = EDGE_CURVE('',#1269,#1750,#1759,.T.);
#1759 = LINE('',#1760,#1761);
#1760 = CARTESIAN_POINT('',(11.2,9.5,0.));
#1761 = VECTOR('',#1762,1.);
#1762 = DIRECTION('',(0.,1.,0.));
#1763 = PLANE('',#1764);
#1764 = AXIS2_PLACEMENT_3D('',#1765,#1766,#1767);
#1765 = CARTESIAN_POINT('',(2.8,9.5,0.));
#1766 = DIRECTION('',(0.,0.,1.));
#1767 = DIRECTION('',(1.,0.,0.));
#1768 = ADVANCED_FACE('',(#1769),#1780,.T.);
#1769 = FACE_BOUND('',#1770,.T.);
#1770 = EDGE_LOOP('',(#1771,#1772,#1773,#1774));
#1771 = ORIENTED_EDGE('',*,*,#1735,.F.);
#1772 = ORIENTED_EDGE('',*,*,#1614,.F.);
#1773 = ORIENTED_EDGE('',*,*,#1758,.T.);
#1774 = ORIENTED_EDGE('',*,*,#1775,.T.);
#1775 = EDGE_CURVE('',#1750,#1727,#1776,.T.);
#1776 = LINE('',#1777,#1778);
#1777 = CARTESIAN_POINT('',(11.2,13.5,0.));
#1778 = VECTOR('',#1779,1.);
#1779 = DIRECTION('',(0.,0.,1.));
#1780 = PLANE('',#1781);
#1781 = AXIS2_PLACEMENT_3D('',#1782,#1783,#1784);
#1782 = CARTESIAN_POINT('',(11.2,9.5,0.));
#1783 = DIRECTION('',(1.,0.,0.));
#1784 = DIRECTION('',(0.,0.,1.));
#1785 = ADVANCED_FACE('',(#1786),#1797,.T.);
#1786 = FACE_BOUND('',#1787,.T.);
#1787 = EDGE_LOOP('',(#1788,#1789,#1795,#1796));
#1788 = ORIENTED_EDGE('',*,*,#1690,.F.);
#1789 = ORIENTED_EDGE('',*,*,#1790,.F.);
#1790 = EDGE_CURVE('',#1582,#1469,#1791,.T.);
#1791 = LINE('',#1792,#1793);
#1792 = CARTESIAN_POINT('',(11.170131892399,13.5,0.));
#1793 = VECTOR('',#1794,1.);
#1794 = DIRECTION('',(0.,0.,1.));
#1795 = ORIENTED_EDGE('',*,*,#1708,.T.);
#1796 = ORIENTED_EDGE('',*,*,#1665,.T.);
#1797 = CYLINDRICAL_SURFACE('',#1798,4.2);
#1798 = AXIS2_PLACEMENT_3D('',#1799,#1800,#1801);
#1799 = CARTESIAN_POINT('',(7.,13.,0.));
#1800 = DIRECTION('',(0.,0.,1.));
#1801 = DIRECTION('',(1.,0.,0.));
#1802 = ADVANCED_FACE('',(#1803),#1809,.T.);
#1803 = FACE_BOUND('',#1804,.T.);
#1804 = EDGE_LOOP('',(#1805,#1806,#1807,#1808));
#1805 = ORIENTED_EDGE('',*,*,#1749,.F.);
#1806 = ORIENTED_EDGE('',*,*,#1790,.T.);
#1807 = ORIENTED_EDGE('',*,*,#1726,.T.);
#1808 = ORIENTED_EDGE('',*,*,#1775,.F.);
#1809 = PLANE('',#1810);
#1810 = AXIS2_PLACEMENT_3D('',#1811,#1812,#1813);
#1811 = CARTESIAN_POINT('',(2.8,13.5,0.));
#1812 = DIRECTION('',(0.,1.,0.));
#1813 = DIRECTION('',(0.,0.,1.));
#1814 = MANIFOLD_SOLID_BREP('',#1815);
#1815 = CLOSED_SHELL('',(#1816,#1856,#1937,#1962,#1987,#2235,#2284,#2308
    ,#2364,#2388,#2428,#2453,#2470,#2495,#2520,#2544,#2559,#2592,#2617,
    #2683,#2707,#2731,#2790,#2815,#2839,#2863,#2881,#2906,#2938,#2962,
    #2986,#3011,#3070,#3094,#3118,#3170,#3195,#3236,#3253,#3265,#3296,
    #3525,#3575,#3599,#3623,#3658,#3675,#3706,#3732,#3756,#3804,#3821,
    #3845,#3893,#3910,#3934,#3982,#3999,#4023,#4071,#4088,#4113,#4124,
    #4146,#4158,#4175,#4187,#4204,#4221,#4238,#4250,#4272,#4289,#4301,
    #4313,#4330,#4347,#4364,#4376,#4427,#4496,#4522,#4553,#4580,#4606,
    #4628,#4641,#4664,#4682,#4700,#4716,#4732,#4749,#4772,#4789,#4806));
#1816 = ADVANCED_FACE('',(#1817),#1851,.F.);
#1817 = FACE_BOUND('',#1818,.F.);
#1818 = EDGE_LOOP('',(#1819,#1829,#1837,#1845));
#1819 = ORIENTED_EDGE('',*,*,#1820,.F.);
#1820 = EDGE_CURVE('',#1821,#1823,#1825,.T.);
#1821 = VERTEX_POINT('',#1822);
#1822 = CARTESIAN_POINT('',(-10.5,10.25,5.));
#1823 = VERTEX_POINT('',#1824);
#1824 = CARTESIAN_POINT('',(-10.5,-10.25,5.));
#1825 = LINE('',#1826,#1827);
#1826 = CARTESIAN_POINT('',(-10.5,12.25,5.));
#1827 = VECTOR('',#1828,1.);
#1828 = DIRECTION('',(0.,-1.,0.));
#1829 = ORIENTED_EDGE('',*,*,#1830,.F.);
#1830 = EDGE_CURVE('',#1831,#1821,#1833,.T.);
#1831 = VERTEX_POINT('',#1832);
#1832 = CARTESIAN_POINT('',(-10.5,10.25,9.4));
#1833 = LINE('',#1834,#1835);
#1834 = CARTESIAN_POINT('',(-10.5,10.25,9.4));
#1835 = VECTOR('',#1836,1.);
#1836 = DIRECTION('',(0.,0.,-1.));
#1837 = ORIENTED_EDGE('',*,*,#1838,.T.);
#1838 = EDGE_CURVE('',#1831,#1839,#1841,.T.);
#1839 = VERTEX_POINT('',#1840);
#1840 = CARTESIAN_POINT('',(-10.5,-10.25,9.4));
#1841 = LINE('',#1842,#1843);
#1842 = CARTESIAN_POINT('',(-10.5,12.25,9.4));
#1843 = VECTOR('',#1844,1.);
#1844 = DIRECTION('',(0.,-1.,0.));
#1845 = ORIENTED_EDGE('',*,*,#1846,.T.);
#1846 = EDGE_CURVE('',#1839,#1823,#1847,.T.);
#1847 = LINE('',#1848,#1849);
#1848 = CARTESIAN_POINT('',(-10.5,-10.25,9.4));
#1849 = VECTOR('',#1850,1.);
#1850 = DIRECTION('',(0.,0.,-1.));
#1851 = PLANE('',#1852);
#1852 = AXIS2_PLACEMENT_3D('',#1853,#1854,#1855);
#1853 = CARTESIAN_POINT('',(-10.5,12.25,9.4));
#1854 = DIRECTION('',(1.,0.,0.));
#1855 = DIRECTION('',(0.,0.,-1.));
#1856 = ADVANCED_FACE('',(#1857),#1932,.T.);
#1857 = FACE_BOUND('',#1858,.T.);
#1858 = EDGE_LOOP('',(#1859,#1860,#1869,#1877,#1885,#1893,#1901,#1909,
    #1917,#1925));
#1859 = ORIENTED_EDGE('',*,*,#1820,.F.);
#1860 = ORIENTED_EDGE('',*,*,#1861,.T.);
#1861 = EDGE_CURVE('',#1821,#1862,#1864,.T.);
#1862 = VERTEX_POINT('',#1863);
#1863 = CARTESIAN_POINT('',(-8.5,12.25,5.));
#1864 = CIRCLE('',#1865,2.);
#1865 = AXIS2_PLACEMENT_3D('',#1866,#1867,#1868);
#1866 = CARTESIAN_POINT('',(-8.5,10.25,5.));
#1867 = DIRECTION('',(0.,0.,-1.));
#1868 = DIRECTION('',(0.,1.,0.));
#1869 = ORIENTED_EDGE('',*,*,#1870,.T.);
#1870 = EDGE_CURVE('',#1862,#1871,#1873,.T.);
#1871 = VERTEX_POINT('',#1872);
#1872 = CARTESIAN_POINT('',(2.8,12.25,5.));
#1873 = LINE('',#1874,#1875);
#1874 = CARTESIAN_POINT('',(-10.5,12.25,5.));
#1875 = VECTOR('',#1876,1.);
#1876 = DIRECTION('',(1.,0.,0.));
#1877 = ORIENTED_EDGE('',*,*,#1878,.T.);
#1878 = EDGE_CURVE('',#1871,#1879,#1881,.T.);
#1879 = VERTEX_POINT('',#1880);
#1880 = CARTESIAN_POINT('',(2.8,10.85,5.));
#1881 = LINE('',#1882,#1883);
#1882 = CARTESIAN_POINT('',(2.8,13.5,5.));
#1883 = VECTOR('',#1884,1.);
#1884 = DIRECTION('',(0.,-1.,0.));
#1885 = ORIENTED_EDGE('',*,*,#1886,.T.);
#1886 = EDGE_CURVE('',#1879,#1887,#1889,.T.);
#1887 = VERTEX_POINT('',#1888);
#1888 = CARTESIAN_POINT('',(-9.1,10.85,5.));
#1889 = LINE('',#1890,#1891);
#1890 = CARTESIAN_POINT('',(-9.8,10.85,5.));
#1891 = VECTOR('',#1892,1.);
#1892 = DIRECTION('',(-1.,0.,-0.));
#1893 = ORIENTED_EDGE('',*,*,#1894,.T.);
#1894 = EDGE_CURVE('',#1887,#1895,#1897,.T.);
#1895 = VERTEX_POINT('',#1896);
#1896 = CARTESIAN_POINT('',(-9.1,-10.85,5.));
#1897 = LINE('',#1898,#1899);
#1898 = CARTESIAN_POINT('',(-9.1,11.55,5.));
#1899 = VECTOR('',#1900,1.);
#1900 = DIRECTION('',(0.,-1.,0.));
#1901 = ORIENTED_EDGE('',*,*,#1902,.F.);
#1902 = EDGE_CURVE('',#1903,#1895,#1905,.T.);
#1903 = VERTEX_POINT('',#1904);
#1904 = CARTESIAN_POINT('',(-4.9,-10.85,5.));
#1905 = LINE('',#1906,#1907);
#1906 = CARTESIAN_POINT('',(-9.8,-10.85,5.));
#1907 = VECTOR('',#1908,1.);
#1908 = DIRECTION('',(-1.,0.,-0.));
#1909 = ORIENTED_EDGE('',*,*,#1910,.T.);
#1910 = EDGE_CURVE('',#1903,#1911,#1913,.T.);
#1911 = VERTEX_POINT('',#1912);
#1912 = CARTESIAN_POINT('',(-4.9,-12.25,5.));
#1913 = LINE('',#1914,#1915);
#1914 = CARTESIAN_POINT('',(-4.9,0.95,5.));
#1915 = VECTOR('',#1916,1.);
#1916 = DIRECTION('',(0.,-1.,0.));
#1917 = ORIENTED_EDGE('',*,*,#1918,.F.);
#1918 = EDGE_CURVE('',#1919,#1911,#1921,.T.);
#1919 = VERTEX_POINT('',#1920);
#1920 = CARTESIAN_POINT('',(-8.5,-12.25,5.));
#1921 = LINE('',#1922,#1923);
#1922 = CARTESIAN_POINT('',(-10.5,-12.25,5.));
#1923 = VECTOR('',#1924,1.);
#1924 = DIRECTION('',(1.,0.,0.));
#1925 = ORIENTED_EDGE('',*,*,#1926,.F.);
#1926 = EDGE_CURVE('',#1823,#1919,#1927,.T.);
#1927 = CIRCLE('',#1928,2.);
#1928 = AXIS2_PLACEMENT_3D('',#1929,#1930,#1931);
#1929 = CARTESIAN_POINT('',(-8.5,-10.25,5.));
#1930 = DIRECTION('',(0.,-0.,1.));
#1931 = DIRECTION('',(0.,1.,0.));
#1932 = PLANE('',#1933);
#1933 = AXIS2_PLACEMENT_3D('',#1934,#1935,#1936);
#1934 = CARTESIAN_POINT('',(-10.5,12.25,5.));
#1935 = DIRECTION('',(0.,0.,-1.));
#1936 = DIRECTION('',(1.,0.,0.));
#1937 = ADVANCED_FACE('',(#1938),#1957,.T.);
#1938 = FACE_BOUND('',#1939,.T.);
#1939 = EDGE_LOOP('',(#1940,#1949,#1955,#1956));
#1940 = ORIENTED_EDGE('',*,*,#1941,.T.);
#1941 = EDGE_CURVE('',#1831,#1942,#1944,.T.);
#1942 = VERTEX_POINT('',#1943);
#1943 = CARTESIAN_POINT('',(-8.5,12.25,9.4));
#1944 = CIRCLE('',#1945,2.);
#1945 = AXIS2_PLACEMENT_3D('',#1946,#1947,#1948);
#1946 = CARTESIAN_POINT('',(-8.5,10.25,9.4));
#1947 = DIRECTION('',(0.,0.,-1.));
#1948 = DIRECTION('',(0.,1.,0.));
#1949 = ORIENTED_EDGE('',*,*,#1950,.T.);
#1950 = EDGE_CURVE('',#1942,#1862,#1951,.T.);
#1951 = LINE('',#1952,#1953);
#1952 = CARTESIAN_POINT('',(-8.5,12.25,9.4));
#1953 = VECTOR('',#1954,1.);
#1954 = DIRECTION('',(0.,0.,-1.));
#1955 = ORIENTED_EDGE('',*,*,#1861,.F.);
#1956 = ORIENTED_EDGE('',*,*,#1830,.F.);
#1957 = CYLINDRICAL_SURFACE('',#1958,2.);
#1958 = AXIS2_PLACEMENT_3D('',#1959,#1960,#1961);
#1959 = CARTESIAN_POINT('',(-8.5,10.25,9.4));
#1960 = DIRECTION('',(0.,0.,-1.));
#1961 = DIRECTION('',(-1.,0.,-0.));
#1962 = ADVANCED_FACE('',(#1963),#1982,.T.);
#1963 = FACE_BOUND('',#1964,.F.);
#1964 = EDGE_LOOP('',(#1965,#1974,#1980,#1981));
#1965 = ORIENTED_EDGE('',*,*,#1966,.T.);
#1966 = EDGE_CURVE('',#1839,#1967,#1969,.T.);
#1967 = VERTEX_POINT('',#1968);
#1968 = CARTESIAN_POINT('',(-8.5,-12.25,9.4));
#1969 = CIRCLE('',#1970,2.);
#1970 = AXIS2_PLACEMENT_3D('',#1971,#1972,#1973);
#1971 = CARTESIAN_POINT('',(-8.5,-10.25,9.4));
#1972 = DIRECTION('',(0.,-0.,1.));
#1973 = DIRECTION('',(0.,1.,0.));
#1974 = ORIENTED_EDGE('',*,*,#1975,.T.);
#1975 = EDGE_CURVE('',#1967,#1919,#1976,.T.);
#1976 = LINE('',#1977,#1978);
#1977 = CARTESIAN_POINT('',(-8.5,-12.25,9.4));
#1978 = VECTOR('',#1979,1.);
#1979 = DIRECTION('',(0.,0.,-1.));
#1980 = ORIENTED_EDGE('',*,*,#1926,.F.);
#1981 = ORIENTED_EDGE('',*,*,#1846,.F.);
#1982 = CYLINDRICAL_SURFACE('',#1983,2.);
#1983 = AXIS2_PLACEMENT_3D('',#1984,#1985,#1986);
#1984 = CARTESIAN_POINT('',(-8.5,-10.25,9.4));
#1985 = DIRECTION('',(0.,0.,-1.));
#1986 = DIRECTION('',(-1.,0.,-0.));
#1987 = ADVANCED_FACE('',(#1988,#2057,#2068,#2138,#2149,#2219),#2230,.F.
  );
#1988 = FACE_BOUND('',#1989,.F.);
#1989 = EDGE_LOOP('',(#1990,#1991,#1992,#2000,#2008,#2016,#2025,#2033,
    #2041,#2050,#2056));
#1990 = ORIENTED_EDGE('',*,*,#1838,.F.);
#1991 = ORIENTED_EDGE('',*,*,#1941,.T.);
#1992 = ORIENTED_EDGE('',*,*,#1993,.T.);
#1993 = EDGE_CURVE('',#1942,#1994,#1996,.T.);
#1994 = VERTEX_POINT('',#1995);
#1995 = CARTESIAN_POINT('',(2.8,12.25,9.4));
#1996 = LINE('',#1997,#1998);
#1997 = CARTESIAN_POINT('',(-10.5,12.25,9.4));
#1998 = VECTOR('',#1999,1.);
#1999 = DIRECTION('',(1.,0.,0.));
#2000 = ORIENTED_EDGE('',*,*,#2001,.T.);
#2001 = EDGE_CURVE('',#1994,#2002,#2004,.T.);
#2002 = VERTEX_POINT('',#2003);
#2003 = CARTESIAN_POINT('',(2.8,9.5,9.4));
#2004 = LINE('',#2005,#2006);
#2005 = CARTESIAN_POINT('',(2.8,13.5,9.4));
#2006 = VECTOR('',#2007,1.);
#2007 = DIRECTION('',(0.,-1.,0.));
#2008 = ORIENTED_EDGE('',*,*,#2009,.T.);
#2009 = EDGE_CURVE('',#2002,#2010,#2012,.T.);
#2010 = VERTEX_POINT('',#2011);
#2011 = CARTESIAN_POINT('',(4.678362646751,9.5,9.4));
#2012 = LINE('',#2013,#2014);
#2013 = CARTESIAN_POINT('',(2.8,9.5,9.4));
#2014 = VECTOR('',#2015,1.);
#2015 = DIRECTION('',(1.,0.,0.));
#2016 = ORIENTED_EDGE('',*,*,#2017,.F.);
#2017 = EDGE_CURVE('',#2018,#2010,#2020,.T.);
#2018 = VERTEX_POINT('',#2019);
#2019 = CARTESIAN_POINT('',(9.321637353249,9.5,9.4));
#2020 = CIRCLE('',#2021,4.2);
#2021 = AXIS2_PLACEMENT_3D('',#2022,#2023,#2024);
#2022 = CARTESIAN_POINT('',(7.,13.,9.4));
#2023 = DIRECTION('',(0.,0.,-1.));
#2024 = DIRECTION('',(1.,0.,0.));
#2025 = ORIENTED_EDGE('',*,*,#2026,.T.);
#2026 = EDGE_CURVE('',#2018,#2027,#2029,.T.);
#2027 = VERTEX_POINT('',#2028);
#2028 = CARTESIAN_POINT('',(10.5,9.5,9.4));
#2029 = LINE('',#2030,#2031);
#2030 = CARTESIAN_POINT('',(2.8,9.5,9.4));
#2031 = VECTOR('',#2032,1.);
#2032 = DIRECTION('',(1.,0.,0.));
#2033 = ORIENTED_EDGE('',*,*,#2034,.T.);
#2034 = EDGE_CURVE('',#2027,#2035,#2037,.T.);
#2035 = VERTEX_POINT('',#2036);
#2036 = CARTESIAN_POINT('',(10.5,-10.25,9.4));
#2037 = LINE('',#2038,#2039);
#2038 = CARTESIAN_POINT('',(10.5,12.25,9.4));
#2039 = VECTOR('',#2040,1.);
#2040 = DIRECTION('',(0.,-1.,0.));
#2041 = ORIENTED_EDGE('',*,*,#2042,.T.);
#2042 = EDGE_CURVE('',#2035,#2043,#2045,.T.);
#2043 = VERTEX_POINT('',#2044);
#2044 = CARTESIAN_POINT('',(8.5,-12.25,9.4));
#2045 = CIRCLE('',#2046,2.);
#2046 = AXIS2_PLACEMENT_3D('',#2047,#2048,#2049);
#2047 = CARTESIAN_POINT('',(8.5,-10.25,9.4));
#2048 = DIRECTION('',(0.,0.,-1.));
#2049 = DIRECTION('',(0.,1.,0.));
#2050 = ORIENTED_EDGE('',*,*,#2051,.F.);
#2051 = EDGE_CURVE('',#1967,#2043,#2052,.T.);
#2052 = LINE('',#2053,#2054);
#2053 = CARTESIAN_POINT('',(-10.5,-12.25,9.4));
#2054 = VECTOR('',#2055,1.);
#2055 = DIRECTION('',(1.,0.,0.));
#2056 = ORIENTED_EDGE('',*,*,#1966,.F.);
#2057 = FACE_BOUND('',#2058,.F.);
#2058 = EDGE_LOOP('',(#2059));
#2059 = ORIENTED_EDGE('',*,*,#2060,.F.);
#2060 = EDGE_CURVE('',#2061,#2061,#2063,.T.);
#2061 = VERTEX_POINT('',#2062);
#2062 = CARTESIAN_POINT('',(0.9,2.,9.4));
#2063 = CIRCLE('',#2064,0.9);
#2064 = AXIS2_PLACEMENT_3D('',#2065,#2066,#2067);
#2065 = CARTESIAN_POINT('',(0.,2.,9.4));
#2066 = DIRECTION('',(0.,0.,-1.));
#2067 = DIRECTION('',(1.,0.,0.));
#2068 = FACE_BOUND('',#2069,.F.);
#2069 = EDGE_LOOP('',(#2070,#2081,#2089,#2098,#2106,#2115,#2123,#2132));
#2070 = ORIENTED_EDGE('',*,*,#2071,.F.);
#2071 = EDGE_CURVE('',#2072,#2074,#2076,.T.);
#2072 = VERTEX_POINT('',#2073);
#2073 = CARTESIAN_POINT('',(-8.92,7.5,9.4));
#2074 = VERTEX_POINT('',#2075);
#2075 = CARTESIAN_POINT('',(-7.72,8.7,9.4));
#2076 = CIRCLE('',#2077,1.2);
#2077 = AXIS2_PLACEMENT_3D('',#2078,#2079,#2080);
#2078 = CARTESIAN_POINT('',(-7.72,7.5,9.4));
#2079 = DIRECTION('',(0.,0.,-1.));
#2080 = DIRECTION('',(-1.,0.,-0.));
#2081 = ORIENTED_EDGE('',*,*,#2082,.T.);
#2082 = EDGE_CURVE('',#2072,#2083,#2085,.T.);
#2083 = VERTEX_POINT('',#2084);
#2084 = CARTESIAN_POINT('',(-8.92,-7.5,9.4));
#2085 = LINE('',#2086,#2087);
#2086 = CARTESIAN_POINT('',(-8.92,10.475,9.4));
#2087 = VECTOR('',#2088,1.);
#2088 = DIRECTION('',(0.,-1.,0.));
#2089 = ORIENTED_EDGE('',*,*,#2090,.F.);
#2090 = EDGE_CURVE('',#2091,#2083,#2093,.T.);
#2091 = VERTEX_POINT('',#2092);
#2092 = CARTESIAN_POINT('',(-7.72,-8.7,9.4));
#2093 = CIRCLE('',#2094,1.2);
#2094 = AXIS2_PLACEMENT_3D('',#2095,#2096,#2097);
#2095 = CARTESIAN_POINT('',(-7.72,-7.5,9.4));
#2096 = DIRECTION('',(0.,0.,-1.));
#2097 = DIRECTION('',(-1.,0.,-0.));
#2098 = ORIENTED_EDGE('',*,*,#2099,.F.);
#2099 = EDGE_CURVE('',#2100,#2091,#2102,.T.);
#2100 = VERTEX_POINT('',#2101);
#2101 = CARTESIAN_POINT('',(-7.52,-8.7,9.4));
#2102 = LINE('',#2103,#2104);
#2103 = CARTESIAN_POINT('',(-9.71,-8.7,9.4));
#2104 = VECTOR('',#2105,1.);
#2105 = DIRECTION('',(-1.,0.,-0.));
#2106 = ORIENTED_EDGE('',*,*,#2107,.F.);
#2107 = EDGE_CURVE('',#2108,#2100,#2110,.T.);
#2108 = VERTEX_POINT('',#2109);
#2109 = CARTESIAN_POINT('',(-6.32,-7.5,9.4));
#2110 = CIRCLE('',#2111,1.2);
#2111 = AXIS2_PLACEMENT_3D('',#2112,#2113,#2114);
#2112 = CARTESIAN_POINT('',(-7.52,-7.5,9.4));
#2113 = DIRECTION('',(0.,0.,-1.));
#2114 = DIRECTION('',(1.,0.,0.));
#2115 = ORIENTED_EDGE('',*,*,#2116,.F.);
#2116 = EDGE_CURVE('',#2117,#2108,#2119,.T.);
#2117 = VERTEX_POINT('',#2118);
#2118 = CARTESIAN_POINT('',(-6.32,7.5,9.4));
#2119 = LINE('',#2120,#2121);
#2120 = CARTESIAN_POINT('',(-6.32,10.475,9.4));
#2121 = VECTOR('',#2122,1.);
#2122 = DIRECTION('',(0.,-1.,0.));
#2123 = ORIENTED_EDGE('',*,*,#2124,.F.);
#2124 = EDGE_CURVE('',#2125,#2117,#2127,.T.);
#2125 = VERTEX_POINT('',#2126);
#2126 = CARTESIAN_POINT('',(-7.52,8.7,9.4));
#2127 = CIRCLE('',#2128,1.2);
#2128 = AXIS2_PLACEMENT_3D('',#2129,#2130,#2131);
#2129 = CARTESIAN_POINT('',(-7.52,7.5,9.4));
#2130 = DIRECTION('',(0.,0.,-1.));
#2131 = DIRECTION('',(1.,0.,0.));
#2132 = ORIENTED_EDGE('',*,*,#2133,.T.);
#2133 = EDGE_CURVE('',#2125,#2074,#2134,.T.);
#2134 = LINE('',#2135,#2136);
#2135 = CARTESIAN_POINT('',(-9.71,8.7,9.4));
#2136 = VECTOR('',#2137,1.);
#2137 = DIRECTION('',(-1.,0.,-0.));
#2138 = FACE_BOUND('',#2139,.F.);
#2139 = EDGE_LOOP('',(#2140));
#2140 = ORIENTED_EDGE('',*,*,#2141,.F.);
#2141 = EDGE_CURVE('',#2142,#2142,#2144,.T.);
#2142 = VERTEX_POINT('',#2143);
#2143 = CARTESIAN_POINT('',(-3.,-4.5,9.4));
#2144 = CIRCLE('',#2145,1.);
#2145 = AXIS2_PLACEMENT_3D('',#2146,#2147,#2148);
#2146 = CARTESIAN_POINT('',(-4.,-4.5,9.4));
#2147 = DIRECTION('',(0.,0.,-1.));
#2148 = DIRECTION('',(1.,0.,0.));
#2149 = FACE_BOUND('',#2150,.F.);
#2150 = EDGE_LOOP('',(#2151,#2162,#2170,#2179,#2187,#2196,#2204,#2213));
#2151 = ORIENTED_EDGE('',*,*,#2152,.F.);
#2152 = EDGE_CURVE('',#2153,#2155,#2157,.T.);
#2153 = VERTEX_POINT('',#2154);
#2154 = CARTESIAN_POINT('',(6.32,7.5,9.4));
#2155 = VERTEX_POINT('',#2156);
#2156 = CARTESIAN_POINT('',(7.52,8.7,9.4));
#2157 = CIRCLE('',#2158,1.2);
#2158 = AXIS2_PLACEMENT_3D('',#2159,#2160,#2161);
#2159 = CARTESIAN_POINT('',(7.52,7.5,9.4));
#2160 = DIRECTION('',(0.,0.,-1.));
#2161 = DIRECTION('',(-1.,0.,-0.));
#2162 = ORIENTED_EDGE('',*,*,#2163,.T.);
#2163 = EDGE_CURVE('',#2153,#2164,#2166,.T.);
#2164 = VERTEX_POINT('',#2165);
#2165 = CARTESIAN_POINT('',(6.32,-7.5,9.4));
#2166 = LINE('',#2167,#2168);
#2167 = CARTESIAN_POINT('',(6.32,10.475,9.4));
#2168 = VECTOR('',#2169,1.);
#2169 = DIRECTION('',(0.,-1.,0.));
#2170 = ORIENTED_EDGE('',*,*,#2171,.F.);
#2171 = EDGE_CURVE('',#2172,#2164,#2174,.T.);
#2172 = VERTEX_POINT('',#2173);
#2173 = CARTESIAN_POINT('',(7.52,-8.7,9.4));
#2174 = CIRCLE('',#2175,1.2);
#2175 = AXIS2_PLACEMENT_3D('',#2176,#2177,#2178);
#2176 = CARTESIAN_POINT('',(7.52,-7.5,9.4));
#2177 = DIRECTION('',(0.,0.,-1.));
#2178 = DIRECTION('',(-1.,0.,-0.));
#2179 = ORIENTED_EDGE('',*,*,#2180,.F.);
#2180 = EDGE_CURVE('',#2181,#2172,#2183,.T.);
#2181 = VERTEX_POINT('',#2182);
#2182 = CARTESIAN_POINT('',(7.72,-8.7,9.4));
#2183 = LINE('',#2184,#2185);
#2184 = CARTESIAN_POINT('',(-2.09,-8.7,9.4));
#2185 = VECTOR('',#2186,1.);
#2186 = DIRECTION('',(-1.,0.,-0.));
#2187 = ORIENTED_EDGE('',*,*,#2188,.F.);
#2188 = EDGE_CURVE('',#2189,#2181,#2191,.T.);
#2189 = VERTEX_POINT('',#2190);
#2190 = CARTESIAN_POINT('',(8.92,-7.5,9.4));
#2191 = CIRCLE('',#2192,1.2);
#2192 = AXIS2_PLACEMENT_3D('',#2193,#2194,#2195);
#2193 = CARTESIAN_POINT('',(7.72,-7.5,9.4));
#2194 = DIRECTION('',(0.,0.,-1.));
#2195 = DIRECTION('',(1.,0.,0.));
#2196 = ORIENTED_EDGE('',*,*,#2197,.F.);
#2197 = EDGE_CURVE('',#2198,#2189,#2200,.T.);
#2198 = VERTEX_POINT('',#2199);
#2199 = CARTESIAN_POINT('',(8.92,7.5,9.4));
#2200 = LINE('',#2201,#2202);
#2201 = CARTESIAN_POINT('',(8.92,10.475,9.4));
#2202 = VECTOR('',#2203,1.);
#2203 = DIRECTION('',(0.,-1.,0.));
#2204 = ORIENTED_EDGE('',*,*,#2205,.F.);
#2205 = EDGE_CURVE('',#2206,#2198,#2208,.T.);
#2206 = VERTEX_POINT('',#2207);
#2207 = CARTESIAN_POINT('',(7.72,8.7,9.4));
#2208 = CIRCLE('',#2209,1.2);
#2209 = AXIS2_PLACEMENT_3D('',#2210,#2211,#2212);
#2210 = CARTESIAN_POINT('',(7.72,7.5,9.4));
#2211 = DIRECTION('',(0.,0.,-1.));
#2212 = DIRECTION('',(1.,0.,0.));
#2213 = ORIENTED_EDGE('',*,*,#2214,.T.);
#2214 = EDGE_CURVE('',#2206,#2155,#2215,.T.);
#2215 = LINE('',#2216,#2217);
#2216 = CARTESIAN_POINT('',(-2.09,8.7,9.4));
#2217 = VECTOR('',#2218,1.);
#2218 = DIRECTION('',(-1.,0.,-0.));
#2219 = FACE_BOUND('',#2220,.F.);
#2220 = EDGE_LOOP('',(#2221));
#2221 = ORIENTED_EDGE('',*,*,#2222,.F.);
#2222 = EDGE_CURVE('',#2223,#2223,#2225,.T.);
#2223 = VERTEX_POINT('',#2224);
#2224 = CARTESIAN_POINT('',(5.,-4.5,9.4));
#2225 = CIRCLE('',#2226,1.);
#2226 = AXIS2_PLACEMENT_3D('',#2227,#2228,#2229);
#2227 = CARTESIAN_POINT('',(4.,-4.5,9.4));
#2228 = DIRECTION('',(0.,0.,-1.));
#2229 = DIRECTION('',(1.,0.,0.));
#2230 = PLANE('',#2231);
#2231 = AXIS2_PLACEMENT_3D('',#2232,#2233,#2234);
#2232 = CARTESIAN_POINT('',(-10.5,12.25,9.4));
#2233 = DIRECTION('',(0.,0.,-1.));
#2234 = DIRECTION('',(1.,0.,0.));
#2235 = ADVANCED_FACE('',(#2236),#2279,.T.);
#2236 = FACE_BOUND('',#2237,.T.);
#2237 = EDGE_LOOP('',(#2238,#2239,#2240,#2241,#2249,#2257,#2265,#2273));
#2238 = ORIENTED_EDGE('',*,*,#2051,.F.);
#2239 = ORIENTED_EDGE('',*,*,#1975,.T.);
#2240 = ORIENTED_EDGE('',*,*,#1918,.T.);
#2241 = ORIENTED_EDGE('',*,*,#2242,.T.);
#2242 = EDGE_CURVE('',#1911,#2243,#2245,.T.);
#2243 = VERTEX_POINT('',#2244);
#2244 = CARTESIAN_POINT('',(-4.9,-12.25,7.4));
#2245 = LINE('',#2246,#2247);
#2246 = CARTESIAN_POINT('',(-4.9,-12.25,8.4));
#2247 = VECTOR('',#2248,1.);
#2248 = DIRECTION('',(0.,-0.,1.));
#2249 = ORIENTED_EDGE('',*,*,#2250,.T.);
#2250 = EDGE_CURVE('',#2243,#2251,#2253,.T.);
#2251 = VERTEX_POINT('',#2252);
#2252 = CARTESIAN_POINT('',(4.9,-12.25,7.4));
#2253 = LINE('',#2254,#2255);
#2254 = CARTESIAN_POINT('',(-7.7,-12.25,7.4));
#2255 = VECTOR('',#2256,1.);
#2256 = DIRECTION('',(1.,0.,0.));
#2257 = ORIENTED_EDGE('',*,*,#2258,.F.);
#2258 = EDGE_CURVE('',#2259,#2251,#2261,.T.);
#2259 = VERTEX_POINT('',#2260);
#2260 = CARTESIAN_POINT('',(4.9,-12.25,5.));
#2261 = LINE('',#2262,#2263);
#2262 = CARTESIAN_POINT('',(4.9,-12.25,8.4));
#2263 = VECTOR('',#2264,1.);
#2264 = DIRECTION('',(0.,-0.,1.));
#2265 = ORIENTED_EDGE('',*,*,#2266,.T.);
#2266 = EDGE_CURVE('',#2259,#2267,#2269,.T.);
#2267 = VERTEX_POINT('',#2268);
#2268 = CARTESIAN_POINT('',(8.5,-12.25,5.));
#2269 = LINE('',#2270,#2271);
#2270 = CARTESIAN_POINT('',(-10.5,-12.25,5.));
#2271 = VECTOR('',#2272,1.);
#2272 = DIRECTION('',(1.,0.,0.));
#2273 = ORIENTED_EDGE('',*,*,#2274,.F.);
#2274 = EDGE_CURVE('',#2043,#2267,#2275,.T.);
#2275 = LINE('',#2276,#2277);
#2276 = CARTESIAN_POINT('',(8.5,-12.25,9.4));
#2277 = VECTOR('',#2278,1.);
#2278 = DIRECTION('',(0.,0.,-1.));
#2279 = PLANE('',#2280);
#2280 = AXIS2_PLACEMENT_3D('',#2281,#2282,#2283);
#2281 = CARTESIAN_POINT('',(-10.5,-12.25,9.4));
#2282 = DIRECTION('',(0.,-1.,0.));
#2283 = DIRECTION('',(0.,0.,-1.));
#2284 = ADVANCED_FACE('',(#2285),#2303,.T.);
#2285 = FACE_BOUND('',#2286,.T.);
#2286 = EDGE_LOOP('',(#2287,#2295,#2301,#2302));
#2287 = ORIENTED_EDGE('',*,*,#2288,.T.);
#2288 = EDGE_CURVE('',#1903,#2289,#2291,.T.);
#2289 = VERTEX_POINT('',#2290);
#2290 = CARTESIAN_POINT('',(-4.9,-10.85,7.4));
#2291 = LINE('',#2292,#2293);
#2292 = CARTESIAN_POINT('',(-4.9,-10.85,7.8));
#2293 = VECTOR('',#2294,1.);
#2294 = DIRECTION('',(0.,-0.,1.));
#2295 = ORIENTED_EDGE('',*,*,#2296,.T.);
#2296 = EDGE_CURVE('',#2289,#2243,#2297,.T.);
#2297 = LINE('',#2298,#2299);
#2298 = CARTESIAN_POINT('',(-4.9,-10.35,7.4));
#2299 = VECTOR('',#2300,1.);
#2300 = DIRECTION('',(0.,-1.,0.));
#2301 = ORIENTED_EDGE('',*,*,#2242,.F.);
#2302 = ORIENTED_EDGE('',*,*,#1910,.F.);
#2303 = PLANE('',#2304);
#2304 = AXIS2_PLACEMENT_3D('',#2305,#2306,#2307);
#2305 = CARTESIAN_POINT('',(-4.9,-10.35,7.4));
#2306 = DIRECTION('',(1.,0.,0.));
#2307 = DIRECTION('',(0.,0.,-1.));
#2308 = ADVANCED_FACE('',(#2309),#2359,.F.);
#2309 = FACE_BOUND('',#2310,.F.);
#2310 = EDGE_LOOP('',(#2311,#2321,#2329,#2335,#2336,#2337,#2345,#2353));
#2311 = ORIENTED_EDGE('',*,*,#2312,.F.);
#2312 = EDGE_CURVE('',#2313,#2315,#2317,.T.);
#2313 = VERTEX_POINT('',#2314);
#2314 = CARTESIAN_POINT('',(9.1,-10.85,8.2));
#2315 = VERTEX_POINT('',#2316);
#2316 = CARTESIAN_POINT('',(9.1,-10.85,5.));
#2317 = LINE('',#2318,#2319);
#2318 = CARTESIAN_POINT('',(9.1,-10.85,8.2));
#2319 = VECTOR('',#2320,1.);
#2320 = DIRECTION('',(0.,0.,-1.));
#2321 = ORIENTED_EDGE('',*,*,#2322,.F.);
#2322 = EDGE_CURVE('',#2323,#2313,#2325,.T.);
#2323 = VERTEX_POINT('',#2324);
#2324 = CARTESIAN_POINT('',(-9.1,-10.85,8.2));
#2325 = LINE('',#2326,#2327);
#2326 = CARTESIAN_POINT('',(-9.1,-10.85,8.2));
#2327 = VECTOR('',#2328,1.);
#2328 = DIRECTION('',(1.,0.,0.));
#2329 = ORIENTED_EDGE('',*,*,#2330,.T.);
#2330 = EDGE_CURVE('',#2323,#1895,#2331,.T.);
#2331 = LINE('',#2332,#2333);
#2332 = CARTESIAN_POINT('',(-9.1,-10.85,8.2));
#2333 = VECTOR('',#2334,1.);
#2334 = DIRECTION('',(0.,0.,-1.));
#2335 = ORIENTED_EDGE('',*,*,#1902,.F.);
#2336 = ORIENTED_EDGE('',*,*,#2288,.T.);
#2337 = ORIENTED_EDGE('',*,*,#2338,.T.);
#2338 = EDGE_CURVE('',#2289,#2339,#2341,.T.);
#2339 = VERTEX_POINT('',#2340);
#2340 = CARTESIAN_POINT('',(4.9,-10.85,7.4));
#2341 = LINE('',#2342,#2343);
#2342 = CARTESIAN_POINT('',(-7.,-10.85,7.4));
#2343 = VECTOR('',#2344,1.);
#2344 = DIRECTION('',(1.,0.,0.));
#2345 = ORIENTED_EDGE('',*,*,#2346,.F.);
#2346 = EDGE_CURVE('',#2347,#2339,#2349,.T.);
#2347 = VERTEX_POINT('',#2348);
#2348 = CARTESIAN_POINT('',(4.9,-10.85,5.));
#2349 = LINE('',#2350,#2351);
#2350 = CARTESIAN_POINT('',(4.9,-10.85,7.8));
#2351 = VECTOR('',#2352,1.);
#2352 = DIRECTION('',(0.,-0.,1.));
#2353 = ORIENTED_EDGE('',*,*,#2354,.F.);
#2354 = EDGE_CURVE('',#2315,#2347,#2355,.T.);
#2355 = LINE('',#2356,#2357);
#2356 = CARTESIAN_POINT('',(-9.8,-10.85,5.));
#2357 = VECTOR('',#2358,1.);
#2358 = DIRECTION('',(-1.,0.,-0.));
#2359 = PLANE('',#2360);
#2360 = AXIS2_PLACEMENT_3D('',#2361,#2362,#2363);
#2361 = CARTESIAN_POINT('',(-9.1,-10.85,8.2));
#2362 = DIRECTION('',(0.,-1.,0.));
#2363 = DIRECTION('',(0.,0.,-1.));
#2364 = ADVANCED_FACE('',(#2365),#2383,.T.);
#2365 = FACE_BOUND('',#2366,.T.);
#2366 = EDGE_LOOP('',(#2367,#2375,#2381,#2382));
#2367 = ORIENTED_EDGE('',*,*,#2368,.F.);
#2368 = EDGE_CURVE('',#2369,#1887,#2371,.T.);
#2369 = VERTEX_POINT('',#2370);
#2370 = CARTESIAN_POINT('',(-9.1,10.85,8.2));
#2371 = LINE('',#2372,#2373);
#2372 = CARTESIAN_POINT('',(-9.1,10.85,8.2));
#2373 = VECTOR('',#2374,1.);
#2374 = DIRECTION('',(0.,0.,-1.));
#2375 = ORIENTED_EDGE('',*,*,#2376,.T.);
#2376 = EDGE_CURVE('',#2369,#2323,#2377,.T.);
#2377 = LINE('',#2378,#2379);
#2378 = CARTESIAN_POINT('',(-9.1,10.85,8.2));
#2379 = VECTOR('',#2380,1.);
#2380 = DIRECTION('',(0.,-1.,0.));
#2381 = ORIENTED_EDGE('',*,*,#2330,.T.);
#2382 = ORIENTED_EDGE('',*,*,#1894,.F.);
#2383 = PLANE('',#2384);
#2384 = AXIS2_PLACEMENT_3D('',#2385,#2386,#2387);
#2385 = CARTESIAN_POINT('',(-9.1,10.85,8.2));
#2386 = DIRECTION('',(1.,0.,0.));
#2387 = DIRECTION('',(0.,0.,-1.));
#2388 = ADVANCED_FACE('',(#2389),#2423,.T.);
#2389 = FACE_BOUND('',#2390,.T.);
#2390 = EDGE_LOOP('',(#2391,#2401,#2407,#2408,#2409,#2417));
#2391 = ORIENTED_EDGE('',*,*,#2392,.F.);
#2392 = EDGE_CURVE('',#2393,#2395,#2397,.T.);
#2393 = VERTEX_POINT('',#2394);
#2394 = CARTESIAN_POINT('',(9.1,10.85,8.2));
#2395 = VERTEX_POINT('',#2396);
#2396 = CARTESIAN_POINT('',(9.1,10.85,5.));
#2397 = LINE('',#2398,#2399);
#2398 = CARTESIAN_POINT('',(9.1,10.85,8.2));
#2399 = VECTOR('',#2400,1.);
#2400 = DIRECTION('',(0.,0.,-1.));
#2401 = ORIENTED_EDGE('',*,*,#2402,.F.);
#2402 = EDGE_CURVE('',#2369,#2393,#2403,.T.);
#2403 = LINE('',#2404,#2405);
#2404 = CARTESIAN_POINT('',(-9.1,10.85,8.2));
#2405 = VECTOR('',#2406,1.);
#2406 = DIRECTION('',(1.,0.,0.));
#2407 = ORIENTED_EDGE('',*,*,#2368,.T.);
#2408 = ORIENTED_EDGE('',*,*,#1886,.F.);
#2409 = ORIENTED_EDGE('',*,*,#2410,.F.);
#2410 = EDGE_CURVE('',#2411,#1879,#2413,.T.);
#2411 = VERTEX_POINT('',#2412);
#2412 = CARTESIAN_POINT('',(3.392022727344,10.85,5.));
#2413 = LINE('',#2414,#2415);
#2414 = CARTESIAN_POINT('',(-9.8,10.85,5.));
#2415 = VECTOR('',#2416,1.);
#2416 = DIRECTION('',(-1.,0.,-0.));
#2417 = ORIENTED_EDGE('',*,*,#2418,.F.);
#2418 = EDGE_CURVE('',#2395,#2411,#2419,.T.);
#2419 = LINE('',#2420,#2421);
#2420 = CARTESIAN_POINT('',(-9.8,10.85,5.));
#2421 = VECTOR('',#2422,1.);
#2422 = DIRECTION('',(-1.,0.,-0.));
#2423 = PLANE('',#2424);
#2424 = AXIS2_PLACEMENT_3D('',#2425,#2426,#2427);
#2425 = CARTESIAN_POINT('',(-9.1,10.85,8.2));
#2426 = DIRECTION('',(0.,-1.,0.));
#2427 = DIRECTION('',(0.,0.,-1.));
#2428 = ADVANCED_FACE('',(#2429),#2448,.T.);
#2429 = FACE_BOUND('',#2430,.T.);
#2430 = EDGE_LOOP('',(#2431,#2432,#2440,#2447));
#2431 = ORIENTED_EDGE('',*,*,#1878,.F.);
#2432 = ORIENTED_EDGE('',*,*,#2433,.T.);
#2433 = EDGE_CURVE('',#1871,#2434,#2436,.T.);
#2434 = VERTEX_POINT('',#2435);
#2435 = CARTESIAN_POINT('',(2.867506805813,12.25,5.));
#2436 = LINE('',#2437,#2438);
#2437 = CARTESIAN_POINT('',(-10.5,12.25,5.));
#2438 = VECTOR('',#2439,1.);
#2439 = DIRECTION('',(1.,0.,0.));
#2440 = ORIENTED_EDGE('',*,*,#2441,.F.);
#2441 = EDGE_CURVE('',#2411,#2434,#2442,.T.);
#2442 = CIRCLE('',#2443,4.2);
#2443 = AXIS2_PLACEMENT_3D('',#2444,#2445,#2446);
#2444 = CARTESIAN_POINT('',(7.,13.,5.));
#2445 = DIRECTION('',(0.,0.,-1.));
#2446 = DIRECTION('',(1.,0.,0.));
#2447 = ORIENTED_EDGE('',*,*,#2410,.T.);
#2448 = PLANE('',#2449);
#2449 = AXIS2_PLACEMENT_3D('',#2450,#2451,#2452);
#2450 = CARTESIAN_POINT('',(-10.5,12.25,5.));
#2451 = DIRECTION('',(0.,0.,-1.));
#2452 = DIRECTION('',(1.,0.,0.));
#2453 = ADVANCED_FACE('',(#2454),#2465,.F.);
#2454 = FACE_BOUND('',#2455,.F.);
#2455 = EDGE_LOOP('',(#2456,#2457,#2458,#2459));
#2456 = ORIENTED_EDGE('',*,*,#1993,.F.);
#2457 = ORIENTED_EDGE('',*,*,#1950,.T.);
#2458 = ORIENTED_EDGE('',*,*,#1870,.T.);
#2459 = ORIENTED_EDGE('',*,*,#2460,.T.);
#2460 = EDGE_CURVE('',#1871,#1994,#2461,.T.);
#2461 = LINE('',#2462,#2463);
#2462 = CARTESIAN_POINT('',(2.8,12.25,9.4));
#2463 = VECTOR('',#2464,1.);
#2464 = DIRECTION('',(0.,-0.,1.));
#2465 = PLANE('',#2466);
#2466 = AXIS2_PLACEMENT_3D('',#2467,#2468,#2469);
#2467 = CARTESIAN_POINT('',(-10.5,12.25,9.4));
#2468 = DIRECTION('',(0.,-1.,0.));
#2469 = DIRECTION('',(0.,0.,-1.));
#2470 = ADVANCED_FACE('',(#2471),#2490,.F.);
#2471 = FACE_BOUND('',#2472,.F.);
#2472 = EDGE_LOOP('',(#2473,#2474,#2482,#2489));
#2473 = ORIENTED_EDGE('',*,*,#2001,.F.);
#2474 = ORIENTED_EDGE('',*,*,#2475,.T.);
#2475 = EDGE_CURVE('',#1994,#2476,#2478,.T.);
#2476 = VERTEX_POINT('',#2477);
#2477 = CARTESIAN_POINT('',(2.867506805813,12.25,9.4));
#2478 = LINE('',#2479,#2480);
#2479 = CARTESIAN_POINT('',(-10.5,12.25,9.4));
#2480 = VECTOR('',#2481,1.);
#2481 = DIRECTION('',(1.,0.,0.));
#2482 = ORIENTED_EDGE('',*,*,#2483,.F.);
#2483 = EDGE_CURVE('',#2010,#2476,#2484,.T.);
#2484 = CIRCLE('',#2485,4.2);
#2485 = AXIS2_PLACEMENT_3D('',#2486,#2487,#2488);
#2486 = CARTESIAN_POINT('',(7.,13.,9.4));
#2487 = DIRECTION('',(0.,0.,-1.));
#2488 = DIRECTION('',(1.,0.,0.));
#2489 = ORIENTED_EDGE('',*,*,#2009,.F.);
#2490 = PLANE('',#2491);
#2491 = AXIS2_PLACEMENT_3D('',#2492,#2493,#2494);
#2492 = CARTESIAN_POINT('',(-10.5,12.25,9.4));
#2493 = DIRECTION('',(0.,0.,-1.));
#2494 = DIRECTION('',(1.,0.,0.));
#2495 = ADVANCED_FACE('',(#2496),#2515,.T.);
#2496 = FACE_BOUND('',#2497,.T.);
#2497 = EDGE_LOOP('',(#2498,#2499,#2500,#2509));
#2498 = ORIENTED_EDGE('',*,*,#2042,.T.);
#2499 = ORIENTED_EDGE('',*,*,#2274,.T.);
#2500 = ORIENTED_EDGE('',*,*,#2501,.F.);
#2501 = EDGE_CURVE('',#2502,#2267,#2504,.T.);
#2502 = VERTEX_POINT('',#2503);
#2503 = CARTESIAN_POINT('',(10.5,-10.25,5.));
#2504 = CIRCLE('',#2505,2.);
#2505 = AXIS2_PLACEMENT_3D('',#2506,#2507,#2508);
#2506 = CARTESIAN_POINT('',(8.5,-10.25,5.));
#2507 = DIRECTION('',(0.,0.,-1.));
#2508 = DIRECTION('',(0.,1.,0.));
#2509 = ORIENTED_EDGE('',*,*,#2510,.F.);
#2510 = EDGE_CURVE('',#2035,#2502,#2511,.T.);
#2511 = LINE('',#2512,#2513);
#2512 = CARTESIAN_POINT('',(10.5,-10.25,9.4));
#2513 = VECTOR('',#2514,1.);
#2514 = DIRECTION('',(0.,0.,-1.));
#2515 = CYLINDRICAL_SURFACE('',#2516,2.);
#2516 = AXIS2_PLACEMENT_3D('',#2517,#2518,#2519);
#2517 = CARTESIAN_POINT('',(8.5,-10.25,9.4));
#2518 = DIRECTION('',(0.,0.,-1.));
#2519 = DIRECTION('',(1.,0.,0.));
#2520 = ADVANCED_FACE('',(#2521),#2539,.T.);
#2521 = FACE_BOUND('',#2522,.T.);
#2522 = EDGE_LOOP('',(#2523,#2531,#2537,#2538));
#2523 = ORIENTED_EDGE('',*,*,#2524,.F.);
#2524 = EDGE_CURVE('',#2525,#2502,#2527,.T.);
#2525 = VERTEX_POINT('',#2526);
#2526 = CARTESIAN_POINT('',(10.5,9.5,5.));
#2527 = LINE('',#2528,#2529);
#2528 = CARTESIAN_POINT('',(10.5,12.25,5.));
#2529 = VECTOR('',#2530,1.);
#2530 = DIRECTION('',(0.,-1.,0.));
#2531 = ORIENTED_EDGE('',*,*,#2532,.F.);
#2532 = EDGE_CURVE('',#2027,#2525,#2533,.T.);
#2533 = LINE('',#2534,#2535);
#2534 = CARTESIAN_POINT('',(10.5,9.5,9.4));
#2535 = VECTOR('',#2536,1.);
#2536 = DIRECTION('',(0.,0.,-1.));
#2537 = ORIENTED_EDGE('',*,*,#2034,.T.);
#2538 = ORIENTED_EDGE('',*,*,#2510,.T.);
#2539 = PLANE('',#2540);
#2540 = AXIS2_PLACEMENT_3D('',#2541,#2542,#2543);
#2541 = CARTESIAN_POINT('',(10.5,12.25,9.4));
#2542 = DIRECTION('',(1.,0.,0.));
#2543 = DIRECTION('',(0.,0.,-1.));
#2544 = ADVANCED_FACE('',(#2545),#2554,.F.);
#2545 = FACE_BOUND('',#2546,.F.);
#2546 = EDGE_LOOP('',(#2547,#2553));
#2547 = ORIENTED_EDGE('',*,*,#2548,.T.);
#2548 = EDGE_CURVE('',#2010,#2018,#2549,.T.);
#2549 = LINE('',#2550,#2551);
#2550 = CARTESIAN_POINT('',(2.8,9.5,9.4));
#2551 = VECTOR('',#2552,1.);
#2552 = DIRECTION('',(1.,0.,0.));
#2553 = ORIENTED_EDGE('',*,*,#2017,.T.);
#2554 = PLANE('',#2555);
#2555 = AXIS2_PLACEMENT_3D('',#2556,#2557,#2558);
#2556 = CARTESIAN_POINT('',(-10.5,12.25,9.4));
#2557 = DIRECTION('',(0.,0.,-1.));
#2558 = DIRECTION('',(1.,0.,0.));
#2559 = ADVANCED_FACE('',(#2560),#2587,.F.);
#2560 = FACE_BOUND('',#2561,.F.);
#2561 = EDGE_LOOP('',(#2562,#2570,#2571,#2580));
#2562 = ORIENTED_EDGE('',*,*,#2563,.T.);
#2563 = EDGE_CURVE('',#2564,#2027,#2566,.T.);
#2564 = VERTEX_POINT('',#2565);
#2565 = CARTESIAN_POINT('',(10.5,10.25,9.4));
#2566 = LINE('',#2567,#2568);
#2567 = CARTESIAN_POINT('',(10.5,12.25,9.4));
#2568 = VECTOR('',#2569,1.);
#2569 = DIRECTION('',(0.,-1.,0.));
#2570 = ORIENTED_EDGE('',*,*,#2026,.F.);
#2571 = ORIENTED_EDGE('',*,*,#2572,.F.);
#2572 = EDGE_CURVE('',#2573,#2018,#2575,.T.);
#2573 = VERTEX_POINT('',#2574);
#2574 = CARTESIAN_POINT('',(10.464416350602,10.625590736692,9.4));
#2575 = CIRCLE('',#2576,4.2);
#2576 = AXIS2_PLACEMENT_3D('',#2577,#2578,#2579);
#2577 = CARTESIAN_POINT('',(7.,13.,9.4));
#2578 = DIRECTION('',(0.,0.,-1.));
#2579 = DIRECTION('',(1.,0.,0.));
#2580 = ORIENTED_EDGE('',*,*,#2581,.F.);
#2581 = EDGE_CURVE('',#2564,#2573,#2582,.T.);
#2582 = CIRCLE('',#2583,2.);
#2583 = AXIS2_PLACEMENT_3D('',#2584,#2585,#2586);
#2584 = CARTESIAN_POINT('',(8.5,10.25,9.4));
#2585 = DIRECTION('',(0.,-0.,1.));
#2586 = DIRECTION('',(0.,1.,0.));
#2587 = PLANE('',#2588);
#2588 = AXIS2_PLACEMENT_3D('',#2589,#2590,#2591);
#2589 = CARTESIAN_POINT('',(-10.5,12.25,9.4));
#2590 = DIRECTION('',(0.,0.,-1.));
#2591 = DIRECTION('',(1.,0.,0.));
#2592 = ADVANCED_FACE('',(#2593),#2612,.F.);
#2593 = FACE_BOUND('',#2594,.F.);
#2594 = EDGE_LOOP('',(#2595,#2604,#2610,#2611));
#2595 = ORIENTED_EDGE('',*,*,#2596,.F.);
#2596 = EDGE_CURVE('',#2597,#2597,#2599,.T.);
#2597 = VERTEX_POINT('',#2598);
#2598 = CARTESIAN_POINT('',(0.9,2.,8.2));
#2599 = CIRCLE('',#2600,0.9);
#2600 = AXIS2_PLACEMENT_3D('',#2601,#2602,#2603);
#2601 = CARTESIAN_POINT('',(0.,2.,8.2));
#2602 = DIRECTION('',(0.,0.,-1.));
#2603 = DIRECTION('',(1.,0.,0.));
#2604 = ORIENTED_EDGE('',*,*,#2605,.F.);
#2605 = EDGE_CURVE('',#2061,#2597,#2606,.T.);
#2606 = LINE('',#2607,#2608);
#2607 = CARTESIAN_POINT('',(0.9,2.,11.4));
#2608 = VECTOR('',#2609,1.);
#2609 = DIRECTION('',(0.,0.,-1.));
#2610 = ORIENTED_EDGE('',*,*,#2060,.T.);
#2611 = ORIENTED_EDGE('',*,*,#2605,.T.);
#2612 = CYLINDRICAL_SURFACE('',#2613,0.9);
#2613 = AXIS2_PLACEMENT_3D('',#2614,#2615,#2616);
#2614 = CARTESIAN_POINT('',(0.,2.,11.4));
#2615 = DIRECTION('',(0.,0.,-1.));
#2616 = DIRECTION('',(1.,0.,0.));
#2617 = ADVANCED_FACE('',(#2618),#2678,.F.);
#2618 = FACE_BOUND('',#2619,.F.);
#2619 = EDGE_LOOP('',(#2620,#2628,#2629,#2637,#2646,#2654,#2663,#2671));
#2620 = ORIENTED_EDGE('',*,*,#2621,.F.);
#2621 = EDGE_CURVE('',#2072,#2622,#2624,.T.);
#2622 = VERTEX_POINT('',#2623);
#2623 = CARTESIAN_POINT('',(-8.92,7.5,8.2));
#2624 = LINE('',#2625,#2626);
#2625 = CARTESIAN_POINT('',(-8.92,7.5,11.4));
#2626 = VECTOR('',#2627,1.);
#2627 = DIRECTION('',(0.,0.,-1.));
#2628 = ORIENTED_EDGE('',*,*,#2071,.T.);
#2629 = ORIENTED_EDGE('',*,*,#2630,.T.);
#2630 = EDGE_CURVE('',#2074,#2631,#2633,.T.);
#2631 = VERTEX_POINT('',#2632);
#2632 = CARTESIAN_POINT('',(-7.72,8.7,8.2));
#2633 = LINE('',#2634,#2635);
#2634 = CARTESIAN_POINT('',(-7.72,8.7,11.4));
#2635 = VECTOR('',#2636,1.);
#2636 = DIRECTION('',(0.,0.,-1.));
#2637 = ORIENTED_EDGE('',*,*,#2638,.F.);
#2638 = EDGE_CURVE('',#2639,#2631,#2641,.T.);
#2639 = VERTEX_POINT('',#2640);
#2640 = CARTESIAN_POINT('',(-8.13,8.627785440587,8.2));
#2641 = CIRCLE('',#2642,1.2);
#2642 = AXIS2_PLACEMENT_3D('',#2643,#2644,#2645);
#2643 = CARTESIAN_POINT('',(-7.72,7.5,8.2));
#2644 = DIRECTION('',(0.,0.,-1.));
#2645 = DIRECTION('',(-1.,0.,-0.));
#2646 = ORIENTED_EDGE('',*,*,#2647,.T.);
#2647 = EDGE_CURVE('',#2639,#2648,#2650,.T.);
#2648 = VERTEX_POINT('',#2649);
#2649 = CARTESIAN_POINT('',(-8.13,8.627785440587,3.7));
#2650 = LINE('',#2651,#2652);
#2651 = CARTESIAN_POINT('',(-8.13,8.627785440587,11.4));
#2652 = VECTOR('',#2653,1.);
#2653 = DIRECTION('',(0.,0.,-1.));
#2654 = ORIENTED_EDGE('',*,*,#2655,.F.);
#2655 = EDGE_CURVE('',#2656,#2648,#2658,.T.);
#2656 = VERTEX_POINT('',#2657);
#2657 = CARTESIAN_POINT('',(-8.586660256387,8.33,3.7));
#2658 = CIRCLE('',#2659,1.2);
#2659 = AXIS2_PLACEMENT_3D('',#2660,#2661,#2662);
#2660 = CARTESIAN_POINT('',(-7.72,7.5,3.7));
#2661 = DIRECTION('',(0.,0.,-1.));
#2662 = DIRECTION('',(-1.,0.,-0.));
#2663 = ORIENTED_EDGE('',*,*,#2664,.F.);
#2664 = EDGE_CURVE('',#2665,#2656,#2667,.T.);
#2665 = VERTEX_POINT('',#2666);
#2666 = CARTESIAN_POINT('',(-8.586660256387,8.33,8.2));
#2667 = LINE('',#2668,#2669);
#2668 = CARTESIAN_POINT('',(-8.586660256387,8.33,11.4));
#2669 = VECTOR('',#2670,1.);
#2670 = DIRECTION('',(0.,0.,-1.));
#2671 = ORIENTED_EDGE('',*,*,#2672,.F.);
#2672 = EDGE_CURVE('',#2622,#2665,#2673,.T.);
#2673 = CIRCLE('',#2674,1.2);
#2674 = AXIS2_PLACEMENT_3D('',#2675,#2676,#2677);
#2675 = CARTESIAN_POINT('',(-7.72,7.5,8.2));
#2676 = DIRECTION('',(0.,0.,-1.));
#2677 = DIRECTION('',(-1.,0.,-0.));
#2678 = CYLINDRICAL_SURFACE('',#2679,1.2);
#2679 = AXIS2_PLACEMENT_3D('',#2680,#2681,#2682);
#2680 = CARTESIAN_POINT('',(-7.72,7.5,11.4));
#2681 = DIRECTION('',(0.,0.,-1.));
#2682 = DIRECTION('',(-1.,0.,-0.));
#2683 = ADVANCED_FACE('',(#2684),#2702,.T.);
#2684 = FACE_BOUND('',#2685,.T.);
#2685 = EDGE_LOOP('',(#2686,#2694,#2695,#2696));
#2686 = ORIENTED_EDGE('',*,*,#2687,.F.);
#2687 = EDGE_CURVE('',#2622,#2688,#2690,.T.);
#2688 = VERTEX_POINT('',#2689);
#2689 = CARTESIAN_POINT('',(-8.92,-7.5,8.2));
#2690 = LINE('',#2691,#2692);
#2691 = CARTESIAN_POINT('',(-8.92,9.775,8.2));
#2692 = VECTOR('',#2693,1.);
#2693 = DIRECTION('',(0.,-1.,0.));
#2694 = ORIENTED_EDGE('',*,*,#2621,.F.);
#2695 = ORIENTED_EDGE('',*,*,#2082,.T.);
#2696 = ORIENTED_EDGE('',*,*,#2697,.T.);
#2697 = EDGE_CURVE('',#2083,#2688,#2698,.T.);
#2698 = LINE('',#2699,#2700);
#2699 = CARTESIAN_POINT('',(-8.92,-7.5,11.4));
#2700 = VECTOR('',#2701,1.);
#2701 = DIRECTION('',(0.,0.,-1.));
#2702 = PLANE('',#2703);
#2703 = AXIS2_PLACEMENT_3D('',#2704,#2705,#2706);
#2704 = CARTESIAN_POINT('',(-8.92,8.7,11.4));
#2705 = DIRECTION('',(1.,0.,0.));
#2706 = DIRECTION('',(0.,0.,-1.));
#2707 = ADVANCED_FACE('',(#2708),#2726,.T.);
#2708 = FACE_BOUND('',#2709,.T.);
#2709 = EDGE_LOOP('',(#2710,#2711,#2712,#2720));
#2710 = ORIENTED_EDGE('',*,*,#2133,.T.);
#2711 = ORIENTED_EDGE('',*,*,#2630,.T.);
#2712 = ORIENTED_EDGE('',*,*,#2713,.F.);
#2713 = EDGE_CURVE('',#2714,#2631,#2716,.T.);
#2714 = VERTEX_POINT('',#2715);
#2715 = CARTESIAN_POINT('',(-7.52,8.7,8.2));
#2716 = LINE('',#2717,#2718);
#2717 = CARTESIAN_POINT('',(-9.01,8.7,8.2));
#2718 = VECTOR('',#2719,1.);
#2719 = DIRECTION('',(-1.,0.,-0.));
#2720 = ORIENTED_EDGE('',*,*,#2721,.F.);
#2721 = EDGE_CURVE('',#2125,#2714,#2722,.T.);
#2722 = LINE('',#2723,#2724);
#2723 = CARTESIAN_POINT('',(-7.52,8.7,11.4));
#2724 = VECTOR('',#2725,1.);
#2725 = DIRECTION('',(0.,0.,-1.));
#2726 = PLANE('',#2727);
#2727 = AXIS2_PLACEMENT_3D('',#2728,#2729,#2730);
#2728 = CARTESIAN_POINT('',(-8.92,8.7,11.4));
#2729 = DIRECTION('',(0.,-1.,0.));
#2730 = DIRECTION('',(0.,0.,-1.));
#2731 = ADVANCED_FACE('',(#2732),#2785,.F.);
#2732 = FACE_BOUND('',#2733,.T.);
#2733 = EDGE_LOOP('',(#2734,#2735,#2736,#2744,#2753,#2761,#2770,#2778));
#2734 = ORIENTED_EDGE('',*,*,#2697,.F.);
#2735 = ORIENTED_EDGE('',*,*,#2090,.F.);
#2736 = ORIENTED_EDGE('',*,*,#2737,.T.);
#2737 = EDGE_CURVE('',#2091,#2738,#2740,.T.);
#2738 = VERTEX_POINT('',#2739);
#2739 = CARTESIAN_POINT('',(-7.72,-8.7,8.2));
#2740 = LINE('',#2741,#2742);
#2741 = CARTESIAN_POINT('',(-7.72,-8.7,11.4));
#2742 = VECTOR('',#2743,1.);
#2743 = DIRECTION('',(0.,0.,-1.));
#2744 = ORIENTED_EDGE('',*,*,#2745,.T.);
#2745 = EDGE_CURVE('',#2738,#2746,#2748,.T.);
#2746 = VERTEX_POINT('',#2747);
#2747 = CARTESIAN_POINT('',(-8.13,-8.627785440587,8.2));
#2748 = CIRCLE('',#2749,1.2);
#2749 = AXIS2_PLACEMENT_3D('',#2750,#2751,#2752);
#2750 = CARTESIAN_POINT('',(-7.72,-7.5,8.2));
#2751 = DIRECTION('',(0.,0.,-1.));
#2752 = DIRECTION('',(-1.,0.,-0.));
#2753 = ORIENTED_EDGE('',*,*,#2754,.T.);
#2754 = EDGE_CURVE('',#2746,#2755,#2757,.T.);
#2755 = VERTEX_POINT('',#2756);
#2756 = CARTESIAN_POINT('',(-8.13,-8.627785440587,3.7));
#2757 = LINE('',#2758,#2759);
#2758 = CARTESIAN_POINT('',(-8.13,-8.627785440587,11.4));
#2759 = VECTOR('',#2760,1.);
#2760 = DIRECTION('',(0.,0.,-1.));
#2761 = ORIENTED_EDGE('',*,*,#2762,.T.);
#2762 = EDGE_CURVE('',#2755,#2763,#2765,.T.);
#2763 = VERTEX_POINT('',#2764);
#2764 = CARTESIAN_POINT('',(-8.586660256387,-8.33,3.7));
#2765 = CIRCLE('',#2766,1.2);
#2766 = AXIS2_PLACEMENT_3D('',#2767,#2768,#2769);
#2767 = CARTESIAN_POINT('',(-7.72,-7.5,3.7));
#2768 = DIRECTION('',(0.,0.,-1.));
#2769 = DIRECTION('',(-1.,0.,-0.));
#2770 = ORIENTED_EDGE('',*,*,#2771,.F.);
#2771 = EDGE_CURVE('',#2772,#2763,#2774,.T.);
#2772 = VERTEX_POINT('',#2773);
#2773 = CARTESIAN_POINT('',(-8.586660256387,-8.33,8.2));
#2774 = LINE('',#2775,#2776);
#2775 = CARTESIAN_POINT('',(-8.586660256387,-8.33,11.4));
#2776 = VECTOR('',#2777,1.);
#2777 = DIRECTION('',(0.,0.,-1.));
#2778 = ORIENTED_EDGE('',*,*,#2779,.T.);
#2779 = EDGE_CURVE('',#2772,#2688,#2780,.T.);
#2780 = CIRCLE('',#2781,1.2);
#2781 = AXIS2_PLACEMENT_3D('',#2782,#2783,#2784);
#2782 = CARTESIAN_POINT('',(-7.72,-7.5,8.2));
#2783 = DIRECTION('',(0.,0.,-1.));
#2784 = DIRECTION('',(-1.,0.,-0.));
#2785 = CYLINDRICAL_SURFACE('',#2786,1.2);
#2786 = AXIS2_PLACEMENT_3D('',#2787,#2788,#2789);
#2787 = CARTESIAN_POINT('',(-7.72,-7.5,11.4));
#2788 = DIRECTION('',(0.,0.,-1.));
#2789 = DIRECTION('',(-1.,0.,-0.));
#2790 = ADVANCED_FACE('',(#2791),#2810,.F.);
#2791 = FACE_BOUND('',#2792,.T.);
#2792 = EDGE_LOOP('',(#2793,#2801,#2802,#2803));
#2793 = ORIENTED_EDGE('',*,*,#2794,.F.);
#2794 = EDGE_CURVE('',#2117,#2795,#2797,.T.);
#2795 = VERTEX_POINT('',#2796);
#2796 = CARTESIAN_POINT('',(-6.32,7.5,8.2));
#2797 = LINE('',#2798,#2799);
#2798 = CARTESIAN_POINT('',(-6.32,7.5,11.4));
#2799 = VECTOR('',#2800,1.);
#2800 = DIRECTION('',(0.,0.,-1.));
#2801 = ORIENTED_EDGE('',*,*,#2124,.F.);
#2802 = ORIENTED_EDGE('',*,*,#2721,.T.);
#2803 = ORIENTED_EDGE('',*,*,#2804,.T.);
#2804 = EDGE_CURVE('',#2714,#2795,#2805,.T.);
#2805 = CIRCLE('',#2806,1.2);
#2806 = AXIS2_PLACEMENT_3D('',#2807,#2808,#2809);
#2807 = CARTESIAN_POINT('',(-7.52,7.5,8.2));
#2808 = DIRECTION('',(0.,0.,-1.));
#2809 = DIRECTION('',(1.,0.,0.));
#2810 = CYLINDRICAL_SURFACE('',#2811,1.2);
#2811 = AXIS2_PLACEMENT_3D('',#2812,#2813,#2814);
#2812 = CARTESIAN_POINT('',(-7.52,7.5,11.4));
#2813 = DIRECTION('',(0.,0.,-1.));
#2814 = DIRECTION('',(1.,0.,0.));
#2815 = ADVANCED_FACE('',(#2816),#2834,.F.);
#2816 = FACE_BOUND('',#2817,.F.);
#2817 = EDGE_LOOP('',(#2818,#2819,#2820,#2828));
#2818 = ORIENTED_EDGE('',*,*,#2099,.T.);
#2819 = ORIENTED_EDGE('',*,*,#2737,.T.);
#2820 = ORIENTED_EDGE('',*,*,#2821,.F.);
#2821 = EDGE_CURVE('',#2822,#2738,#2824,.T.);
#2822 = VERTEX_POINT('',#2823);
#2823 = CARTESIAN_POINT('',(-7.52,-8.7,8.2));
#2824 = LINE('',#2825,#2826);
#2825 = CARTESIAN_POINT('',(-9.01,-8.7,8.2));
#2826 = VECTOR('',#2827,1.);
#2827 = DIRECTION('',(-1.,0.,-0.));
#2828 = ORIENTED_EDGE('',*,*,#2829,.F.);
#2829 = EDGE_CURVE('',#2100,#2822,#2830,.T.);
#2830 = LINE('',#2831,#2832);
#2831 = CARTESIAN_POINT('',(-7.52,-8.7,11.4));
#2832 = VECTOR('',#2833,1.);
#2833 = DIRECTION('',(0.,0.,-1.));
#2834 = PLANE('',#2835);
#2835 = AXIS2_PLACEMENT_3D('',#2836,#2837,#2838);
#2836 = CARTESIAN_POINT('',(-8.92,-8.7,11.4));
#2837 = DIRECTION('',(0.,-1.,0.));
#2838 = DIRECTION('',(0.,0.,-1.));
#2839 = ADVANCED_FACE('',(#2840),#2858,.F.);
#2840 = FACE_BOUND('',#2841,.F.);
#2841 = EDGE_LOOP('',(#2842,#2850,#2851,#2852));
#2842 = ORIENTED_EDGE('',*,*,#2843,.F.);
#2843 = EDGE_CURVE('',#2795,#2844,#2846,.T.);
#2844 = VERTEX_POINT('',#2845);
#2845 = CARTESIAN_POINT('',(-6.32,-7.5,8.2));
#2846 = LINE('',#2847,#2848);
#2847 = CARTESIAN_POINT('',(-6.32,9.775,8.2));
#2848 = VECTOR('',#2849,1.);
#2849 = DIRECTION('',(0.,-1.,0.));
#2850 = ORIENTED_EDGE('',*,*,#2794,.F.);
#2851 = ORIENTED_EDGE('',*,*,#2116,.T.);
#2852 = ORIENTED_EDGE('',*,*,#2853,.T.);
#2853 = EDGE_CURVE('',#2108,#2844,#2854,.T.);
#2854 = LINE('',#2855,#2856);
#2855 = CARTESIAN_POINT('',(-6.32,-7.5,11.4));
#2856 = VECTOR('',#2857,1.);
#2857 = DIRECTION('',(0.,0.,-1.));
#2858 = PLANE('',#2859);
#2859 = AXIS2_PLACEMENT_3D('',#2860,#2861,#2862);
#2860 = CARTESIAN_POINT('',(-6.32,8.7,11.4));
#2861 = DIRECTION('',(1.,0.,0.));
#2862 = DIRECTION('',(0.,0.,-1.));
#2863 = ADVANCED_FACE('',(#2864),#2876,.F.);
#2864 = FACE_BOUND('',#2865,.F.);
#2865 = EDGE_LOOP('',(#2866,#2867,#2868,#2869));
#2866 = ORIENTED_EDGE('',*,*,#2853,.F.);
#2867 = ORIENTED_EDGE('',*,*,#2107,.T.);
#2868 = ORIENTED_EDGE('',*,*,#2829,.T.);
#2869 = ORIENTED_EDGE('',*,*,#2870,.F.);
#2870 = EDGE_CURVE('',#2844,#2822,#2871,.T.);
#2871 = CIRCLE('',#2872,1.2);
#2872 = AXIS2_PLACEMENT_3D('',#2873,#2874,#2875);
#2873 = CARTESIAN_POINT('',(-7.52,-7.5,8.2));
#2874 = DIRECTION('',(0.,0.,-1.));
#2875 = DIRECTION('',(1.,0.,0.));
#2876 = CYLINDRICAL_SURFACE('',#2877,1.2);
#2877 = AXIS2_PLACEMENT_3D('',#2878,#2879,#2880);
#2878 = CARTESIAN_POINT('',(-7.52,-7.5,11.4));
#2879 = DIRECTION('',(0.,0.,-1.));
#2880 = DIRECTION('',(1.,0.,0.));
#2881 = ADVANCED_FACE('',(#2882),#2901,.F.);
#2882 = FACE_BOUND('',#2883,.F.);
#2883 = EDGE_LOOP('',(#2884,#2893,#2899,#2900));
#2884 = ORIENTED_EDGE('',*,*,#2885,.F.);
#2885 = EDGE_CURVE('',#2886,#2886,#2888,.T.);
#2886 = VERTEX_POINT('',#2887);
#2887 = CARTESIAN_POINT('',(-3.,-4.5,8.2));
#2888 = CIRCLE('',#2889,1.);
#2889 = AXIS2_PLACEMENT_3D('',#2890,#2891,#2892);
#2890 = CARTESIAN_POINT('',(-4.,-4.5,8.2));
#2891 = DIRECTION('',(0.,0.,-1.));
#2892 = DIRECTION('',(1.,0.,0.));
#2893 = ORIENTED_EDGE('',*,*,#2894,.F.);
#2894 = EDGE_CURVE('',#2142,#2886,#2895,.T.);
#2895 = LINE('',#2896,#2897);
#2896 = CARTESIAN_POINT('',(-3.,-4.5,11.4));
#2897 = VECTOR('',#2898,1.);
#2898 = DIRECTION('',(0.,0.,-1.));
#2899 = ORIENTED_EDGE('',*,*,#2141,.T.);
#2900 = ORIENTED_EDGE('',*,*,#2894,.T.);
#2901 = CYLINDRICAL_SURFACE('',#2902,1.);
#2902 = AXIS2_PLACEMENT_3D('',#2903,#2904,#2905);
#2903 = CARTESIAN_POINT('',(-4.,-4.5,11.4));
#2904 = DIRECTION('',(0.,0.,-1.));
#2905 = DIRECTION('',(1.,0.,0.));
#2906 = ADVANCED_FACE('',(#2907),#2933,.F.);
#2907 = FACE_BOUND('',#2908,.F.);
#2908 = EDGE_LOOP('',(#2909,#2917,#2918,#2926));
#2909 = ORIENTED_EDGE('',*,*,#2910,.F.);
#2910 = EDGE_CURVE('',#2153,#2911,#2913,.T.);
#2911 = VERTEX_POINT('',#2912);
#2912 = CARTESIAN_POINT('',(6.32,7.5,8.2));
#2913 = LINE('',#2914,#2915);
#2914 = CARTESIAN_POINT('',(6.32,7.5,11.4));
#2915 = VECTOR('',#2916,1.);
#2916 = DIRECTION('',(0.,0.,-1.));
#2917 = ORIENTED_EDGE('',*,*,#2152,.T.);
#2918 = ORIENTED_EDGE('',*,*,#2919,.T.);
#2919 = EDGE_CURVE('',#2155,#2920,#2922,.T.);
#2920 = VERTEX_POINT('',#2921);
#2921 = CARTESIAN_POINT('',(7.52,8.7,8.2));
#2922 = LINE('',#2923,#2924);
#2923 = CARTESIAN_POINT('',(7.52,8.7,11.4));
#2924 = VECTOR('',#2925,1.);
#2925 = DIRECTION('',(0.,0.,-1.));
#2926 = ORIENTED_EDGE('',*,*,#2927,.F.);
#2927 = EDGE_CURVE('',#2911,#2920,#2928,.T.);
#2928 = CIRCLE('',#2929,1.2);
#2929 = AXIS2_PLACEMENT_3D('',#2930,#2931,#2932);
#2930 = CARTESIAN_POINT('',(7.52,7.5,8.2));
#2931 = DIRECTION('',(0.,0.,-1.));
#2932 = DIRECTION('',(-1.,0.,-0.));
#2933 = CYLINDRICAL_SURFACE('',#2934,1.2);
#2934 = AXIS2_PLACEMENT_3D('',#2935,#2936,#2937);
#2935 = CARTESIAN_POINT('',(7.52,7.5,11.4));
#2936 = DIRECTION('',(0.,0.,-1.));
#2937 = DIRECTION('',(-1.,0.,-0.));
#2938 = ADVANCED_FACE('',(#2939),#2957,.T.);
#2939 = FACE_BOUND('',#2940,.T.);
#2940 = EDGE_LOOP('',(#2941,#2949,#2950,#2951));
#2941 = ORIENTED_EDGE('',*,*,#2942,.F.);
#2942 = EDGE_CURVE('',#2911,#2943,#2945,.T.);
#2943 = VERTEX_POINT('',#2944);
#2944 = CARTESIAN_POINT('',(6.32,-7.5,8.2));
#2945 = LINE('',#2946,#2947);
#2946 = CARTESIAN_POINT('',(6.32,9.775,8.2));
#2947 = VECTOR('',#2948,1.);
#2948 = DIRECTION('',(0.,-1.,0.));
#2949 = ORIENTED_EDGE('',*,*,#2910,.F.);
#2950 = ORIENTED_EDGE('',*,*,#2163,.T.);
#2951 = ORIENTED_EDGE('',*,*,#2952,.T.);
#2952 = EDGE_CURVE('',#2164,#2943,#2953,.T.);
#2953 = LINE('',#2954,#2955);
#2954 = CARTESIAN_POINT('',(6.32,-7.5,11.4));
#2955 = VECTOR('',#2956,1.);
#2956 = DIRECTION('',(0.,0.,-1.));
#2957 = PLANE('',#2958);
#2958 = AXIS2_PLACEMENT_3D('',#2959,#2960,#2961);
#2959 = CARTESIAN_POINT('',(6.32,8.7,11.4));
#2960 = DIRECTION('',(1.,0.,0.));
#2961 = DIRECTION('',(0.,0.,-1.));
#2962 = ADVANCED_FACE('',(#2963),#2981,.T.);
#2963 = FACE_BOUND('',#2964,.T.);
#2964 = EDGE_LOOP('',(#2965,#2966,#2967,#2975));
#2965 = ORIENTED_EDGE('',*,*,#2214,.T.);
#2966 = ORIENTED_EDGE('',*,*,#2919,.T.);
#2967 = ORIENTED_EDGE('',*,*,#2968,.F.);
#2968 = EDGE_CURVE('',#2969,#2920,#2971,.T.);
#2969 = VERTEX_POINT('',#2970);
#2970 = CARTESIAN_POINT('',(7.72,8.7,8.2));
#2971 = LINE('',#2972,#2973);
#2972 = CARTESIAN_POINT('',(-1.39,8.7,8.2));
#2973 = VECTOR('',#2974,1.);
#2974 = DIRECTION('',(-1.,0.,-0.));
#2975 = ORIENTED_EDGE('',*,*,#2976,.F.);
#2976 = EDGE_CURVE('',#2206,#2969,#2977,.T.);
#2977 = LINE('',#2978,#2979);
#2978 = CARTESIAN_POINT('',(7.72,8.7,11.4));
#2979 = VECTOR('',#2980,1.);
#2980 = DIRECTION('',(0.,0.,-1.));
#2981 = PLANE('',#2982);
#2982 = AXIS2_PLACEMENT_3D('',#2983,#2984,#2985);
#2983 = CARTESIAN_POINT('',(6.32,8.7,11.4));
#2984 = DIRECTION('',(0.,-1.,0.));
#2985 = DIRECTION('',(0.,0.,-1.));
#2986 = ADVANCED_FACE('',(#2987),#3006,.F.);
#2987 = FACE_BOUND('',#2988,.T.);
#2988 = EDGE_LOOP('',(#2989,#2990,#2991,#2999));
#2989 = ORIENTED_EDGE('',*,*,#2952,.F.);
#2990 = ORIENTED_EDGE('',*,*,#2171,.F.);
#2991 = ORIENTED_EDGE('',*,*,#2992,.T.);
#2992 = EDGE_CURVE('',#2172,#2993,#2995,.T.);
#2993 = VERTEX_POINT('',#2994);
#2994 = CARTESIAN_POINT('',(7.52,-8.7,8.2));
#2995 = LINE('',#2996,#2997);
#2996 = CARTESIAN_POINT('',(7.52,-8.7,11.4));
#2997 = VECTOR('',#2998,1.);
#2998 = DIRECTION('',(0.,0.,-1.));
#2999 = ORIENTED_EDGE('',*,*,#3000,.T.);
#3000 = EDGE_CURVE('',#2993,#2943,#3001,.T.);
#3001 = CIRCLE('',#3002,1.2);
#3002 = AXIS2_PLACEMENT_3D('',#3003,#3004,#3005);
#3003 = CARTESIAN_POINT('',(7.52,-7.5,8.2));
#3004 = DIRECTION('',(0.,0.,-1.));
#3005 = DIRECTION('',(-1.,0.,-0.));
#3006 = CYLINDRICAL_SURFACE('',#3007,1.2);
#3007 = AXIS2_PLACEMENT_3D('',#3008,#3009,#3010);
#3008 = CARTESIAN_POINT('',(7.52,-7.5,11.4));
#3009 = DIRECTION('',(0.,0.,-1.));
#3010 = DIRECTION('',(-1.,0.,-0.));
#3011 = ADVANCED_FACE('',(#3012),#3065,.F.);
#3012 = FACE_BOUND('',#3013,.T.);
#3013 = EDGE_LOOP('',(#3014,#3022,#3023,#3024,#3033,#3041,#3050,#3058));
#3014 = ORIENTED_EDGE('',*,*,#3015,.F.);
#3015 = EDGE_CURVE('',#2198,#3016,#3018,.T.);
#3016 = VERTEX_POINT('',#3017);
#3017 = CARTESIAN_POINT('',(8.92,7.5,8.2));
#3018 = LINE('',#3019,#3020);
#3019 = CARTESIAN_POINT('',(8.92,7.5,11.4));
#3020 = VECTOR('',#3021,1.);
#3021 = DIRECTION('',(0.,0.,-1.));
#3022 = ORIENTED_EDGE('',*,*,#2205,.F.);
#3023 = ORIENTED_EDGE('',*,*,#2976,.T.);
#3024 = ORIENTED_EDGE('',*,*,#3025,.T.);
#3025 = EDGE_CURVE('',#2969,#3026,#3028,.T.);
#3026 = VERTEX_POINT('',#3027);
#3027 = CARTESIAN_POINT('',(8.13,8.627785440587,8.2));
#3028 = CIRCLE('',#3029,1.2);
#3029 = AXIS2_PLACEMENT_3D('',#3030,#3031,#3032);
#3030 = CARTESIAN_POINT('',(7.72,7.5,8.2));
#3031 = DIRECTION('',(0.,0.,-1.));
#3032 = DIRECTION('',(1.,0.,0.));
#3033 = ORIENTED_EDGE('',*,*,#3034,.T.);
#3034 = EDGE_CURVE('',#3026,#3035,#3037,.T.);
#3035 = VERTEX_POINT('',#3036);
#3036 = CARTESIAN_POINT('',(8.13,8.627785440587,3.7));
#3037 = LINE('',#3038,#3039);
#3038 = CARTESIAN_POINT('',(8.13,8.627785440587,11.4));
#3039 = VECTOR('',#3040,1.);
#3040 = DIRECTION('',(0.,0.,-1.));
#3041 = ORIENTED_EDGE('',*,*,#3042,.T.);
#3042 = EDGE_CURVE('',#3035,#3043,#3045,.T.);
#3043 = VERTEX_POINT('',#3044);
#3044 = CARTESIAN_POINT('',(8.586660256387,8.33,3.7));
#3045 = CIRCLE('',#3046,1.2);
#3046 = AXIS2_PLACEMENT_3D('',#3047,#3048,#3049);
#3047 = CARTESIAN_POINT('',(7.72,7.5,3.7));
#3048 = DIRECTION('',(0.,0.,-1.));
#3049 = DIRECTION('',(1.,0.,0.));
#3050 = ORIENTED_EDGE('',*,*,#3051,.F.);
#3051 = EDGE_CURVE('',#3052,#3043,#3054,.T.);
#3052 = VERTEX_POINT('',#3053);
#3053 = CARTESIAN_POINT('',(8.586660256387,8.33,8.2));
#3054 = LINE('',#3055,#3056);
#3055 = CARTESIAN_POINT('',(8.586660256387,8.33,11.4));
#3056 = VECTOR('',#3057,1.);
#3057 = DIRECTION('',(0.,0.,-1.));
#3058 = ORIENTED_EDGE('',*,*,#3059,.T.);
#3059 = EDGE_CURVE('',#3052,#3016,#3060,.T.);
#3060 = CIRCLE('',#3061,1.2);
#3061 = AXIS2_PLACEMENT_3D('',#3062,#3063,#3064);
#3062 = CARTESIAN_POINT('',(7.72,7.5,8.2));
#3063 = DIRECTION('',(0.,0.,-1.));
#3064 = DIRECTION('',(1.,0.,0.));
#3065 = CYLINDRICAL_SURFACE('',#3066,1.2);
#3066 = AXIS2_PLACEMENT_3D('',#3067,#3068,#3069);
#3067 = CARTESIAN_POINT('',(7.72,7.5,11.4));
#3068 = DIRECTION('',(0.,0.,-1.));
#3069 = DIRECTION('',(1.,0.,0.));
#3070 = ADVANCED_FACE('',(#3071),#3089,.F.);
#3071 = FACE_BOUND('',#3072,.F.);
#3072 = EDGE_LOOP('',(#3073,#3074,#3075,#3083));
#3073 = ORIENTED_EDGE('',*,*,#2180,.T.);
#3074 = ORIENTED_EDGE('',*,*,#2992,.T.);
#3075 = ORIENTED_EDGE('',*,*,#3076,.F.);
#3076 = EDGE_CURVE('',#3077,#2993,#3079,.T.);
#3077 = VERTEX_POINT('',#3078);
#3078 = CARTESIAN_POINT('',(7.72,-8.7,8.2));
#3079 = LINE('',#3080,#3081);
#3080 = CARTESIAN_POINT('',(-1.39,-8.7,8.2));
#3081 = VECTOR('',#3082,1.);
#3082 = DIRECTION('',(-1.,0.,-0.));
#3083 = ORIENTED_EDGE('',*,*,#3084,.F.);
#3084 = EDGE_CURVE('',#2181,#3077,#3085,.T.);
#3085 = LINE('',#3086,#3087);
#3086 = CARTESIAN_POINT('',(7.72,-8.7,11.4));
#3087 = VECTOR('',#3088,1.);
#3088 = DIRECTION('',(0.,0.,-1.));
#3089 = PLANE('',#3090);
#3090 = AXIS2_PLACEMENT_3D('',#3091,#3092,#3093);
#3091 = CARTESIAN_POINT('',(6.32,-8.7,11.4));
#3092 = DIRECTION('',(0.,-1.,0.));
#3093 = DIRECTION('',(0.,0.,-1.));
#3094 = ADVANCED_FACE('',(#3095),#3113,.F.);
#3095 = FACE_BOUND('',#3096,.F.);
#3096 = EDGE_LOOP('',(#3097,#3105,#3106,#3107));
#3097 = ORIENTED_EDGE('',*,*,#3098,.F.);
#3098 = EDGE_CURVE('',#3016,#3099,#3101,.T.);
#3099 = VERTEX_POINT('',#3100);
#3100 = CARTESIAN_POINT('',(8.92,-7.5,8.2));
#3101 = LINE('',#3102,#3103);
#3102 = CARTESIAN_POINT('',(8.92,9.775,8.2));
#3103 = VECTOR('',#3104,1.);
#3104 = DIRECTION('',(0.,-1.,0.));
#3105 = ORIENTED_EDGE('',*,*,#3015,.F.);
#3106 = ORIENTED_EDGE('',*,*,#2197,.T.);
#3107 = ORIENTED_EDGE('',*,*,#3108,.T.);
#3108 = EDGE_CURVE('',#2189,#3099,#3109,.T.);
#3109 = LINE('',#3110,#3111);
#3110 = CARTESIAN_POINT('',(8.92,-7.5,11.4));
#3111 = VECTOR('',#3112,1.);
#3112 = DIRECTION('',(0.,0.,-1.));
#3113 = PLANE('',#3114);
#3114 = AXIS2_PLACEMENT_3D('',#3115,#3116,#3117);
#3115 = CARTESIAN_POINT('',(8.92,8.7,11.4));
#3116 = DIRECTION('',(1.,0.,0.));
#3117 = DIRECTION('',(0.,0.,-1.));
#3118 = ADVANCED_FACE('',(#3119),#3165,.F.);
#3119 = FACE_BOUND('',#3120,.F.);
#3120 = EDGE_LOOP('',(#3121,#3122,#3123,#3124,#3133,#3141,#3150,#3158));
#3121 = ORIENTED_EDGE('',*,*,#3108,.F.);
#3122 = ORIENTED_EDGE('',*,*,#2188,.T.);
#3123 = ORIENTED_EDGE('',*,*,#3084,.T.);
#3124 = ORIENTED_EDGE('',*,*,#3125,.F.);
#3125 = EDGE_CURVE('',#3126,#3077,#3128,.T.);
#3126 = VERTEX_POINT('',#3127);
#3127 = CARTESIAN_POINT('',(8.13,-8.627785440587,8.2));
#3128 = CIRCLE('',#3129,1.2);
#3129 = AXIS2_PLACEMENT_3D('',#3130,#3131,#3132);
#3130 = CARTESIAN_POINT('',(7.72,-7.5,8.2));
#3131 = DIRECTION('',(0.,0.,-1.));
#3132 = DIRECTION('',(1.,0.,0.));
#3133 = ORIENTED_EDGE('',*,*,#3134,.T.);
#3134 = EDGE_CURVE('',#3126,#3135,#3137,.T.);
#3135 = VERTEX_POINT('',#3136);
#3136 = CARTESIAN_POINT('',(8.13,-8.627785440587,3.7));
#3137 = LINE('',#3138,#3139);
#3138 = CARTESIAN_POINT('',(8.13,-8.627785440587,11.4));
#3139 = VECTOR('',#3140,1.);
#3140 = DIRECTION('',(0.,0.,-1.));
#3141 = ORIENTED_EDGE('',*,*,#3142,.F.);
#3142 = EDGE_CURVE('',#3143,#3135,#3145,.T.);
#3143 = VERTEX_POINT('',#3144);
#3144 = CARTESIAN_POINT('',(8.586660256387,-8.33,3.7));
#3145 = CIRCLE('',#3146,1.2);
#3146 = AXIS2_PLACEMENT_3D('',#3147,#3148,#3149);
#3147 = CARTESIAN_POINT('',(7.72,-7.5,3.7));
#3148 = DIRECTION('',(0.,0.,-1.));
#3149 = DIRECTION('',(1.,0.,0.));
#3150 = ORIENTED_EDGE('',*,*,#3151,.F.);
#3151 = EDGE_CURVE('',#3152,#3143,#3154,.T.);
#3152 = VERTEX_POINT('',#3153);
#3153 = CARTESIAN_POINT('',(8.586660256387,-8.33,8.2));
#3154 = LINE('',#3155,#3156);
#3155 = CARTESIAN_POINT('',(8.586660256387,-8.33,11.4));
#3156 = VECTOR('',#3157,1.);
#3157 = DIRECTION('',(0.,0.,-1.));
#3158 = ORIENTED_EDGE('',*,*,#3159,.F.);
#3159 = EDGE_CURVE('',#3099,#3152,#3160,.T.);
#3160 = CIRCLE('',#3161,1.2);
#3161 = AXIS2_PLACEMENT_3D('',#3162,#3163,#3164);
#3162 = CARTESIAN_POINT('',(7.72,-7.5,8.2));
#3163 = DIRECTION('',(0.,0.,-1.));
#3164 = DIRECTION('',(1.,0.,0.));
#3165 = CYLINDRICAL_SURFACE('',#3166,1.2);
#3166 = AXIS2_PLACEMENT_3D('',#3167,#3168,#3169);
#3167 = CARTESIAN_POINT('',(7.72,-7.5,11.4));
#3168 = DIRECTION('',(0.,0.,-1.));
#3169 = DIRECTION('',(1.,0.,0.));
#3170 = ADVANCED_FACE('',(#3171),#3190,.F.);
#3171 = FACE_BOUND('',#3172,.F.);
#3172 = EDGE_LOOP('',(#3173,#3182,#3188,#3189));
#3173 = ORIENTED_EDGE('',*,*,#3174,.F.);
#3174 = EDGE_CURVE('',#3175,#3175,#3177,.T.);
#3175 = VERTEX_POINT('',#3176);
#3176 = CARTESIAN_POINT('',(5.,-4.5,8.2));
#3177 = CIRCLE('',#3178,1.);
#3178 = AXIS2_PLACEMENT_3D('',#3179,#3180,#3181);
#3179 = CARTESIAN_POINT('',(4.,-4.5,8.2));
#3180 = DIRECTION('',(0.,0.,-1.));
#3181 = DIRECTION('',(1.,0.,0.));
#3182 = ORIENTED_EDGE('',*,*,#3183,.F.);
#3183 = EDGE_CURVE('',#2223,#3175,#3184,.T.);
#3184 = LINE('',#3185,#3186);
#3185 = CARTESIAN_POINT('',(5.,-4.5,11.4));
#3186 = VECTOR('',#3187,1.);
#3187 = DIRECTION('',(0.,0.,-1.));
#3188 = ORIENTED_EDGE('',*,*,#2222,.T.);
#3189 = ORIENTED_EDGE('',*,*,#3183,.T.);
#3190 = CYLINDRICAL_SURFACE('',#3191,1.);
#3191 = AXIS2_PLACEMENT_3D('',#3192,#3193,#3194);
#3192 = CARTESIAN_POINT('',(4.,-4.5,11.4));
#3193 = DIRECTION('',(0.,0.,-1.));
#3194 = DIRECTION('',(1.,0.,0.));
#3195 = ADVANCED_FACE('',(#3196),#3231,.T.);
#3196 = FACE_BOUND('',#3197,.T.);
#3197 = EDGE_LOOP('',(#3198,#3199,#3205,#3206,#3214,#3223,#3229,#3230));
#3198 = ORIENTED_EDGE('',*,*,#2266,.F.);
#3199 = ORIENTED_EDGE('',*,*,#3200,.F.);
#3200 = EDGE_CURVE('',#2347,#2259,#3201,.T.);
#3201 = LINE('',#3202,#3203);
#3202 = CARTESIAN_POINT('',(4.9,0.95,5.));
#3203 = VECTOR('',#3204,1.);
#3204 = DIRECTION('',(0.,-1.,0.));
#3205 = ORIENTED_EDGE('',*,*,#2354,.F.);
#3206 = ORIENTED_EDGE('',*,*,#3207,.F.);
#3207 = EDGE_CURVE('',#3208,#2315,#3210,.T.);
#3208 = VERTEX_POINT('',#3209);
#3209 = CARTESIAN_POINT('',(9.1,9.362693304105,5.));
#3210 = LINE('',#3211,#3212);
#3211 = CARTESIAN_POINT('',(9.1,11.55,5.));
#3212 = VECTOR('',#3213,1.);
#3213 = DIRECTION('',(0.,-1.,0.));
#3214 = ORIENTED_EDGE('',*,*,#3215,.F.);
#3215 = EDGE_CURVE('',#3216,#3208,#3218,.T.);
#3216 = VERTEX_POINT('',#3217);
#3217 = CARTESIAN_POINT('',(9.321637353249,9.5,5.));
#3218 = CIRCLE('',#3219,4.2);
#3219 = AXIS2_PLACEMENT_3D('',#3220,#3221,#3222);
#3220 = CARTESIAN_POINT('',(7.,13.,5.));
#3221 = DIRECTION('',(0.,0.,-1.));
#3222 = DIRECTION('',(1.,0.,0.));
#3223 = ORIENTED_EDGE('',*,*,#3224,.T.);
#3224 = EDGE_CURVE('',#3216,#2525,#3225,.T.);
#3225 = LINE('',#3226,#3227);
#3226 = CARTESIAN_POINT('',(2.8,9.5,5.));
#3227 = VECTOR('',#3228,1.);
#3228 = DIRECTION('',(1.,0.,0.));
#3229 = ORIENTED_EDGE('',*,*,#2524,.T.);
#3230 = ORIENTED_EDGE('',*,*,#2501,.T.);
#3231 = PLANE('',#3232);
#3232 = AXIS2_PLACEMENT_3D('',#3233,#3234,#3235);
#3233 = CARTESIAN_POINT('',(-10.5,12.25,5.));
#3234 = DIRECTION('',(0.,0.,-1.));
#3235 = DIRECTION('',(1.,0.,0.));
#3236 = ADVANCED_FACE('',(#3237),#3248,.F.);
#3237 = FACE_BOUND('',#3238,.F.);
#3238 = EDGE_LOOP('',(#3239,#3240,#3246,#3247));
#3239 = ORIENTED_EDGE('',*,*,#2346,.T.);
#3240 = ORIENTED_EDGE('',*,*,#3241,.T.);
#3241 = EDGE_CURVE('',#2339,#2251,#3242,.T.);
#3242 = LINE('',#3243,#3244);
#3243 = CARTESIAN_POINT('',(4.9,-10.35,7.4));
#3244 = VECTOR('',#3245,1.);
#3245 = DIRECTION('',(0.,-1.,0.));
#3246 = ORIENTED_EDGE('',*,*,#2258,.F.);
#3247 = ORIENTED_EDGE('',*,*,#3200,.F.);
#3248 = PLANE('',#3249);
#3249 = AXIS2_PLACEMENT_3D('',#3250,#3251,#3252);
#3250 = CARTESIAN_POINT('',(4.9,-10.35,7.4));
#3251 = DIRECTION('',(1.,0.,0.));
#3252 = DIRECTION('',(0.,0.,-1.));
#3253 = ADVANCED_FACE('',(#3254),#3260,.T.);
#3254 = FACE_BOUND('',#3255,.T.);
#3255 = EDGE_LOOP('',(#3256,#3257,#3258,#3259));
#3256 = ORIENTED_EDGE('',*,*,#2296,.F.);
#3257 = ORIENTED_EDGE('',*,*,#2338,.T.);
#3258 = ORIENTED_EDGE('',*,*,#3241,.T.);
#3259 = ORIENTED_EDGE('',*,*,#2250,.F.);
#3260 = PLANE('',#3261);
#3261 = AXIS2_PLACEMENT_3D('',#3262,#3263,#3264);
#3262 = CARTESIAN_POINT('',(-4.9,-10.35,7.4));
#3263 = DIRECTION('',(0.,0.,-1.));
#3264 = DIRECTION('',(1.,0.,0.));
#3265 = ADVANCED_FACE('',(#3266),#3291,.F.);
#3266 = FACE_BOUND('',#3267,.F.);
#3267 = EDGE_LOOP('',(#3268,#3269,#3275,#3276,#3277,#3285));
#3268 = ORIENTED_EDGE('',*,*,#2392,.F.);
#3269 = ORIENTED_EDGE('',*,*,#3270,.T.);
#3270 = EDGE_CURVE('',#2393,#2313,#3271,.T.);
#3271 = LINE('',#3272,#3273);
#3272 = CARTESIAN_POINT('',(9.1,10.85,8.2));
#3273 = VECTOR('',#3274,1.);
#3274 = DIRECTION('',(0.,-1.,0.));
#3275 = ORIENTED_EDGE('',*,*,#2312,.T.);
#3276 = ORIENTED_EDGE('',*,*,#3207,.F.);
#3277 = ORIENTED_EDGE('',*,*,#3278,.F.);
#3278 = EDGE_CURVE('',#3279,#3208,#3281,.T.);
#3279 = VERTEX_POINT('',#3280);
#3280 = CARTESIAN_POINT('',(9.1,9.5,5.));
#3281 = LINE('',#3282,#3283);
#3282 = CARTESIAN_POINT('',(9.1,11.55,5.));
#3283 = VECTOR('',#3284,1.);
#3284 = DIRECTION('',(0.,-1.,0.));
#3285 = ORIENTED_EDGE('',*,*,#3286,.F.);
#3286 = EDGE_CURVE('',#2395,#3279,#3287,.T.);
#3287 = LINE('',#3288,#3289);
#3288 = CARTESIAN_POINT('',(9.1,11.55,5.));
#3289 = VECTOR('',#3290,1.);
#3290 = DIRECTION('',(0.,-1.,0.));
#3291 = PLANE('',#3292);
#3292 = AXIS2_PLACEMENT_3D('',#3293,#3294,#3295);
#3293 = CARTESIAN_POINT('',(9.1,10.85,8.2));
#3294 = DIRECTION('',(1.,0.,0.));
#3295 = DIRECTION('',(0.,0.,-1.));
#3296 = ADVANCED_FACE('',(#3297,#3303,#3407,#3410,#3514,#3517),#3520,.T.
  );
#3297 = FACE_BOUND('',#3298,.T.);
#3298 = EDGE_LOOP('',(#3299,#3300,#3301,#3302));
#3299 = ORIENTED_EDGE('',*,*,#2376,.F.);
#3300 = ORIENTED_EDGE('',*,*,#2402,.T.);
#3301 = ORIENTED_EDGE('',*,*,#3270,.T.);
#3302 = ORIENTED_EDGE('',*,*,#2322,.F.);
#3303 = FACE_BOUND('',#3304,.T.);
#3304 = EDGE_LOOP('',(#3305,#3315,#3323,#3329,#3330,#3331,#3332,#3340,
    #3348,#3356,#3364,#3372,#3378,#3379,#3380,#3381,#3382,#3383,#3384,
    #3385,#3393,#3401));
#3305 = ORIENTED_EDGE('',*,*,#3306,.F.);
#3306 = EDGE_CURVE('',#3307,#3309,#3311,.T.);
#3307 = VERTEX_POINT('',#3308);
#3308 = CARTESIAN_POINT('',(-8.98,10.73,8.2));
#3309 = VERTEX_POINT('',#3310);
#3310 = CARTESIAN_POINT('',(-6.58,10.73,8.2));
#3311 = LINE('',#3312,#3313);
#3312 = CARTESIAN_POINT('',(-8.98,10.73,8.2));
#3313 = VECTOR('',#3314,1.);
#3314 = DIRECTION('',(1.,0.,0.));
#3315 = ORIENTED_EDGE('',*,*,#3316,.T.);
#3316 = EDGE_CURVE('',#3307,#3317,#3319,.T.);
#3317 = VERTEX_POINT('',#3318);
#3318 = CARTESIAN_POINT('',(-8.98,8.33,8.2));
#3319 = LINE('',#3320,#3321);
#3320 = CARTESIAN_POINT('',(-8.98,10.73,8.2));
#3321 = VECTOR('',#3322,1.);
#3322 = DIRECTION('',(0.,-1.,0.));
#3323 = ORIENTED_EDGE('',*,*,#3324,.T.);
#3324 = EDGE_CURVE('',#3317,#2665,#3325,.T.);
#3325 = LINE('',#3326,#3327);
#3326 = CARTESIAN_POINT('',(-8.98,8.33,8.2));
#3327 = VECTOR('',#3328,1.);
#3328 = DIRECTION('',(1.,0.,0.));
#3329 = ORIENTED_EDGE('',*,*,#2672,.F.);
#3330 = ORIENTED_EDGE('',*,*,#2687,.T.);
#3331 = ORIENTED_EDGE('',*,*,#2779,.F.);
#3332 = ORIENTED_EDGE('',*,*,#3333,.F.);
#3333 = EDGE_CURVE('',#3334,#2772,#3336,.T.);
#3334 = VERTEX_POINT('',#3335);
#3335 = CARTESIAN_POINT('',(-8.98,-8.33,8.2));
#3336 = LINE('',#3337,#3338);
#3337 = CARTESIAN_POINT('',(-8.98,-8.33,8.2));
#3338 = VECTOR('',#3339,1.);
#3339 = DIRECTION('',(1.,0.,0.));
#3340 = ORIENTED_EDGE('',*,*,#3341,.T.);
#3341 = EDGE_CURVE('',#3334,#3342,#3344,.T.);
#3342 = VERTEX_POINT('',#3343);
#3343 = CARTESIAN_POINT('',(-8.98,-10.73,8.2));
#3344 = LINE('',#3345,#3346);
#3345 = CARTESIAN_POINT('',(-8.98,-8.33,8.2));
#3346 = VECTOR('',#3347,1.);
#3347 = DIRECTION('',(0.,-1.,0.));
#3348 = ORIENTED_EDGE('',*,*,#3349,.T.);
#3349 = EDGE_CURVE('',#3342,#3350,#3352,.T.);
#3350 = VERTEX_POINT('',#3351);
#3351 = CARTESIAN_POINT('',(-6.58,-10.73,8.2));
#3352 = LINE('',#3353,#3354);
#3353 = CARTESIAN_POINT('',(-8.98,-10.73,8.2));
#3354 = VECTOR('',#3355,1.);
#3355 = DIRECTION('',(1.,0.,0.));
#3356 = ORIENTED_EDGE('',*,*,#3357,.F.);
#3357 = EDGE_CURVE('',#3358,#3350,#3360,.T.);
#3358 = VERTEX_POINT('',#3359);
#3359 = CARTESIAN_POINT('',(-6.58,-9.88,8.2));
#3360 = LINE('',#3361,#3362);
#3361 = CARTESIAN_POINT('',(-6.58,-8.33,8.2));
#3362 = VECTOR('',#3363,1.);
#3363 = DIRECTION('',(0.,-1.,0.));
#3364 = ORIENTED_EDGE('',*,*,#3365,.T.);
#3365 = EDGE_CURVE('',#3358,#3366,#3368,.T.);
#3366 = VERTEX_POINT('',#3367);
#3367 = CARTESIAN_POINT('',(-8.13,-9.88,8.2));
#3368 = LINE('',#3369,#3370);
#3369 = CARTESIAN_POINT('',(-8.555,-9.88,8.2));
#3370 = VECTOR('',#3371,1.);
#3371 = DIRECTION('',(-1.,0.,-0.));
#3372 = ORIENTED_EDGE('',*,*,#3373,.F.);
#3373 = EDGE_CURVE('',#2746,#3366,#3374,.T.);
#3374 = LINE('',#3375,#3376);
#3375 = CARTESIAN_POINT('',(-8.13,-8.28,8.2));
#3376 = VECTOR('',#3377,1.);
#3377 = DIRECTION('',(0.,-1.,0.));
#3378 = ORIENTED_EDGE('',*,*,#2745,.F.);
#3379 = ORIENTED_EDGE('',*,*,#2821,.F.);
#3380 = ORIENTED_EDGE('',*,*,#2870,.F.);
#3381 = ORIENTED_EDGE('',*,*,#2843,.F.);
#3382 = ORIENTED_EDGE('',*,*,#2804,.F.);
#3383 = ORIENTED_EDGE('',*,*,#2713,.T.);
#3384 = ORIENTED_EDGE('',*,*,#2638,.F.);
#3385 = ORIENTED_EDGE('',*,*,#3386,.F.);
#3386 = EDGE_CURVE('',#3387,#2639,#3389,.T.);
#3387 = VERTEX_POINT('',#3388);
#3388 = CARTESIAN_POINT('',(-8.13,9.88,8.2));
#3389 = LINE('',#3390,#3391);
#3390 = CARTESIAN_POINT('',(-8.13,10.305,8.2));
#3391 = VECTOR('',#3392,1.);
#3392 = DIRECTION('',(0.,-1.,0.));
#3393 = ORIENTED_EDGE('',*,*,#3394,.F.);
#3394 = EDGE_CURVE('',#3395,#3387,#3397,.T.);
#3395 = VERTEX_POINT('',#3396);
#3396 = CARTESIAN_POINT('',(-6.58,9.88,8.2));
#3397 = LINE('',#3398,#3399);
#3398 = CARTESIAN_POINT('',(-8.555,9.88,8.2));
#3399 = VECTOR('',#3400,1.);
#3400 = DIRECTION('',(-1.,0.,-0.));
#3401 = ORIENTED_EDGE('',*,*,#3402,.F.);
#3402 = EDGE_CURVE('',#3309,#3395,#3403,.T.);
#3403 = LINE('',#3404,#3405);
#3404 = CARTESIAN_POINT('',(-6.58,10.73,8.2));
#3405 = VECTOR('',#3406,1.);
#3406 = DIRECTION('',(0.,-1.,0.));
#3407 = FACE_BOUND('',#3408,.T.);
#3408 = EDGE_LOOP('',(#3409));
#3409 = ORIENTED_EDGE('',*,*,#2596,.F.);
#3410 = FACE_BOUND('',#3411,.T.);
#3411 = EDGE_LOOP('',(#3412,#3422,#3430,#3438,#3444,#3445,#3446,#3447,
    #3448,#3449,#3450,#3451,#3459,#3467,#3475,#3483,#3491,#3497,#3498,
    #3499,#3500,#3508));
#3412 = ORIENTED_EDGE('',*,*,#3413,.F.);
#3413 = EDGE_CURVE('',#3414,#3416,#3418,.T.);
#3414 = VERTEX_POINT('',#3415);
#3415 = CARTESIAN_POINT('',(6.58,10.73,8.2));
#3416 = VERTEX_POINT('',#3417);
#3417 = CARTESIAN_POINT('',(8.98,10.73,8.2));
#3418 = LINE('',#3419,#3420);
#3419 = CARTESIAN_POINT('',(6.58,10.73,8.2));
#3420 = VECTOR('',#3421,1.);
#3421 = DIRECTION('',(1.,0.,0.));
#3422 = ORIENTED_EDGE('',*,*,#3423,.T.);
#3423 = EDGE_CURVE('',#3414,#3424,#3426,.T.);
#3424 = VERTEX_POINT('',#3425);
#3425 = CARTESIAN_POINT('',(6.58,9.88,8.2));
#3426 = LINE('',#3427,#3428);
#3427 = CARTESIAN_POINT('',(6.58,10.73,8.2));
#3428 = VECTOR('',#3429,1.);
#3429 = DIRECTION('',(0.,-1.,0.));
#3430 = ORIENTED_EDGE('',*,*,#3431,.F.);
#3431 = EDGE_CURVE('',#3432,#3424,#3434,.T.);
#3432 = VERTEX_POINT('',#3433);
#3433 = CARTESIAN_POINT('',(8.13,9.88,8.2));
#3434 = LINE('',#3435,#3436);
#3435 = CARTESIAN_POINT('',(6.53,9.88,8.2));
#3436 = VECTOR('',#3437,1.);
#3437 = DIRECTION('',(-1.,0.,-0.));
#3438 = ORIENTED_EDGE('',*,*,#3439,.T.);
#3439 = EDGE_CURVE('',#3432,#3026,#3440,.T.);
#3440 = LINE('',#3441,#3442);
#3441 = CARTESIAN_POINT('',(8.13,10.305,8.2));
#3442 = VECTOR('',#3443,1.);
#3443 = DIRECTION('',(0.,-1.,0.));
#3444 = ORIENTED_EDGE('',*,*,#3025,.F.);
#3445 = ORIENTED_EDGE('',*,*,#2968,.T.);
#3446 = ORIENTED_EDGE('',*,*,#2927,.F.);
#3447 = ORIENTED_EDGE('',*,*,#2942,.T.);
#3448 = ORIENTED_EDGE('',*,*,#3000,.F.);
#3449 = ORIENTED_EDGE('',*,*,#3076,.F.);
#3450 = ORIENTED_EDGE('',*,*,#3125,.F.);
#3451 = ORIENTED_EDGE('',*,*,#3452,.T.);
#3452 = EDGE_CURVE('',#3126,#3453,#3455,.T.);
#3453 = VERTEX_POINT('',#3454);
#3454 = CARTESIAN_POINT('',(8.13,-9.88,8.2));
#3455 = LINE('',#3456,#3457);
#3456 = CARTESIAN_POINT('',(8.13,-8.28,8.2));
#3457 = VECTOR('',#3458,1.);
#3458 = DIRECTION('',(0.,-1.,0.));
#3459 = ORIENTED_EDGE('',*,*,#3460,.T.);
#3460 = EDGE_CURVE('',#3453,#3461,#3463,.T.);
#3461 = VERTEX_POINT('',#3462);
#3462 = CARTESIAN_POINT('',(6.58,-9.88,8.2));
#3463 = LINE('',#3464,#3465);
#3464 = CARTESIAN_POINT('',(6.53,-9.88,8.2));
#3465 = VECTOR('',#3466,1.);
#3466 = DIRECTION('',(-1.,0.,-0.));
#3467 = ORIENTED_EDGE('',*,*,#3468,.T.);
#3468 = EDGE_CURVE('',#3461,#3469,#3471,.T.);
#3469 = VERTEX_POINT('',#3470);
#3470 = CARTESIAN_POINT('',(6.58,-10.73,8.2));
#3471 = LINE('',#3472,#3473);
#3472 = CARTESIAN_POINT('',(6.58,-8.33,8.2));
#3473 = VECTOR('',#3474,1.);
#3474 = DIRECTION('',(0.,-1.,0.));
#3475 = ORIENTED_EDGE('',*,*,#3476,.T.);
#3476 = EDGE_CURVE('',#3469,#3477,#3479,.T.);
#3477 = VERTEX_POINT('',#3478);
#3478 = CARTESIAN_POINT('',(8.98,-10.73,8.2));
#3479 = LINE('',#3480,#3481);
#3480 = CARTESIAN_POINT('',(6.58,-10.73,8.2));
#3481 = VECTOR('',#3482,1.);
#3482 = DIRECTION('',(1.,0.,0.));
#3483 = ORIENTED_EDGE('',*,*,#3484,.F.);
#3484 = EDGE_CURVE('',#3485,#3477,#3487,.T.);
#3485 = VERTEX_POINT('',#3486);
#3486 = CARTESIAN_POINT('',(8.98,-8.33,8.2));
#3487 = LINE('',#3488,#3489);
#3488 = CARTESIAN_POINT('',(8.98,-8.33,8.2));
#3489 = VECTOR('',#3490,1.);
#3490 = DIRECTION('',(0.,-1.,0.));
#3491 = ORIENTED_EDGE('',*,*,#3492,.F.);
#3492 = EDGE_CURVE('',#3152,#3485,#3493,.T.);
#3493 = LINE('',#3494,#3495);
#3494 = CARTESIAN_POINT('',(6.58,-8.33,8.2));
#3495 = VECTOR('',#3496,1.);
#3496 = DIRECTION('',(1.,0.,0.));
#3497 = ORIENTED_EDGE('',*,*,#3159,.F.);
#3498 = ORIENTED_EDGE('',*,*,#3098,.F.);
#3499 = ORIENTED_EDGE('',*,*,#3059,.F.);
#3500 = ORIENTED_EDGE('',*,*,#3501,.T.);
#3501 = EDGE_CURVE('',#3052,#3502,#3504,.T.);
#3502 = VERTEX_POINT('',#3503);
#3503 = CARTESIAN_POINT('',(8.98,8.33,8.2));
#3504 = LINE('',#3505,#3506);
#3505 = CARTESIAN_POINT('',(6.58,8.33,8.2));
#3506 = VECTOR('',#3507,1.);
#3507 = DIRECTION('',(1.,0.,0.));
#3508 = ORIENTED_EDGE('',*,*,#3509,.F.);
#3509 = EDGE_CURVE('',#3416,#3502,#3510,.T.);
#3510 = LINE('',#3511,#3512);
#3511 = CARTESIAN_POINT('',(8.98,10.73,8.2));
#3512 = VECTOR('',#3513,1.);
#3513 = DIRECTION('',(0.,-1.,0.));
#3514 = FACE_BOUND('',#3515,.T.);
#3515 = EDGE_LOOP('',(#3516));
#3516 = ORIENTED_EDGE('',*,*,#2885,.F.);
#3517 = FACE_BOUND('',#3518,.T.);
#3518 = EDGE_LOOP('',(#3519));
#3519 = ORIENTED_EDGE('',*,*,#3174,.F.);
#3520 = PLANE('',#3521);
#3521 = AXIS2_PLACEMENT_3D('',#3522,#3523,#3524);
#3522 = CARTESIAN_POINT('',(-9.1,10.85,8.2));
#3523 = DIRECTION('',(0.,0.,-1.));
#3524 = DIRECTION('',(1.,0.,0.));
#3525 = ADVANCED_FACE('',(#3526),#3570,.T.);
#3526 = FACE_BOUND('',#3527,.T.);
#3527 = EDGE_LOOP('',(#3528,#3539,#3546,#3552,#3553,#3554,#3555,#3563));
#3528 = ORIENTED_EDGE('',*,*,#3529,.F.);
#3529 = EDGE_CURVE('',#3530,#3532,#3534,.T.);
#3530 = VERTEX_POINT('',#3531);
#3531 = CARTESIAN_POINT('',(10.464416350602,10.625590736692,5.));
#3532 = VERTEX_POINT('',#3533);
#3533 = CARTESIAN_POINT('',(8.841868832677,12.220564817824,5.));
#3534 = CIRCLE('',#3535,2.);
#3535 = AXIS2_PLACEMENT_3D('',#3536,#3537,#3538);
#3536 = CARTESIAN_POINT('',(8.5,10.25,5.));
#3537 = DIRECTION('',(0.,-0.,1.));
#3538 = DIRECTION('',(0.,1.,0.));
#3539 = ORIENTED_EDGE('',*,*,#3540,.T.);
#3540 = EDGE_CURVE('',#3530,#3216,#3541,.T.);
#3541 = CIRCLE('',#3542,4.2);
#3542 = AXIS2_PLACEMENT_3D('',#3543,#3544,#3545);
#3543 = CARTESIAN_POINT('',(7.,13.,5.));
#3544 = DIRECTION('',(0.,0.,-1.));
#3545 = DIRECTION('',(1.,0.,0.));
#3546 = ORIENTED_EDGE('',*,*,#3547,.F.);
#3547 = EDGE_CURVE('',#3279,#3216,#3548,.T.);
#3548 = LINE('',#3549,#3550);
#3549 = CARTESIAN_POINT('',(2.8,9.5,5.));
#3550 = VECTOR('',#3551,1.);
#3551 = DIRECTION('',(1.,0.,0.));
#3552 = ORIENTED_EDGE('',*,*,#3286,.F.);
#3553 = ORIENTED_EDGE('',*,*,#2418,.T.);
#3554 = ORIENTED_EDGE('',*,*,#2441,.T.);
#3555 = ORIENTED_EDGE('',*,*,#3556,.T.);
#3556 = EDGE_CURVE('',#2434,#3557,#3559,.T.);
#3557 = VERTEX_POINT('',#3558);
#3558 = CARTESIAN_POINT('',(5.145950378226,12.25,5.));
#3559 = LINE('',#3560,#3561);
#3560 = CARTESIAN_POINT('',(-10.5,12.25,5.));
#3561 = VECTOR('',#3562,1.);
#3562 = DIRECTION('',(1.,0.,0.));
#3563 = ORIENTED_EDGE('',*,*,#3564,.F.);
#3564 = EDGE_CURVE('',#3532,#3557,#3565,.T.);
#3565 = CIRCLE('',#3566,2.);
#3566 = AXIS2_PLACEMENT_3D('',#3567,#3568,#3569);
#3567 = CARTESIAN_POINT('',(7.,13.,5.));
#3568 = DIRECTION('',(0.,0.,-1.));
#3569 = DIRECTION('',(1.,0.,0.));
#3570 = PLANE('',#3571);
#3571 = AXIS2_PLACEMENT_3D('',#3572,#3573,#3574);
#3572 = CARTESIAN_POINT('',(-10.5,12.25,5.));
#3573 = DIRECTION('',(0.,0.,-1.));
#3574 = DIRECTION('',(1.,0.,0.));
#3575 = ADVANCED_FACE('',(#3576),#3594,.T.);
#3576 = FACE_BOUND('',#3577,.T.);
#3577 = EDGE_LOOP('',(#3578,#3586,#3593));
#3578 = ORIENTED_EDGE('',*,*,#3579,.F.);
#3579 = EDGE_CURVE('',#3580,#1871,#3582,.T.);
#3580 = VERTEX_POINT('',#3581);
#3581 = CARTESIAN_POINT('',(2.8,12.999999999999,5.));
#3582 = LINE('',#3583,#3584);
#3583 = CARTESIAN_POINT('',(2.8,13.5,5.));
#3584 = VECTOR('',#3585,1.);
#3585 = DIRECTION('',(0.,-1.,0.));
#3586 = ORIENTED_EDGE('',*,*,#3587,.F.);
#3587 = EDGE_CURVE('',#2434,#3580,#3588,.T.);
#3588 = CIRCLE('',#3589,4.2);
#3589 = AXIS2_PLACEMENT_3D('',#3590,#3591,#3592);
#3590 = CARTESIAN_POINT('',(7.,13.,5.));
#3591 = DIRECTION('',(0.,0.,-1.));
#3592 = DIRECTION('',(1.,0.,0.));
#3593 = ORIENTED_EDGE('',*,*,#2433,.F.);
#3594 = PLANE('',#3595);
#3595 = AXIS2_PLACEMENT_3D('',#3596,#3597,#3598);
#3596 = CARTESIAN_POINT('',(2.8,13.5,5.));
#3597 = DIRECTION('',(0.,0.,-1.));
#3598 = DIRECTION('',(1.,0.,0.));
#3599 = ADVANCED_FACE('',(#3600),#3618,.F.);
#3600 = FACE_BOUND('',#3601,.F.);
#3601 = EDGE_LOOP('',(#3602,#3603,#3611,#3617));
#3602 = ORIENTED_EDGE('',*,*,#3579,.F.);
#3603 = ORIENTED_EDGE('',*,*,#3604,.F.);
#3604 = EDGE_CURVE('',#3605,#3580,#3607,.T.);
#3605 = VERTEX_POINT('',#3606);
#3606 = CARTESIAN_POINT('',(2.8,12.999999999999,9.4));
#3607 = LINE('',#3608,#3609);
#3608 = CARTESIAN_POINT('',(2.8,13.,9.4));
#3609 = VECTOR('',#3610,1.);
#3610 = DIRECTION('',(0.,0.,-1.));
#3611 = ORIENTED_EDGE('',*,*,#3612,.T.);
#3612 = EDGE_CURVE('',#3605,#1994,#3613,.T.);
#3613 = LINE('',#3614,#3615);
#3614 = CARTESIAN_POINT('',(2.8,13.5,9.4));
#3615 = VECTOR('',#3616,1.);
#3616 = DIRECTION('',(0.,-1.,0.));
#3617 = ORIENTED_EDGE('',*,*,#2460,.F.);
#3618 = PLANE('',#3619);
#3619 = AXIS2_PLACEMENT_3D('',#3620,#3621,#3622);
#3620 = CARTESIAN_POINT('',(2.8,13.5,9.4));
#3621 = DIRECTION('',(1.,0.,0.));
#3622 = DIRECTION('',(0.,0.,-1.));
#3623 = ADVANCED_FACE('',(#3624),#3653,.F.);
#3624 = FACE_BOUND('',#3625,.F.);
#3625 = EDGE_LOOP('',(#3626,#3635,#3636,#3637,#3638,#3646));
#3626 = ORIENTED_EDGE('',*,*,#3627,.F.);
#3627 = EDGE_CURVE('',#2573,#3628,#3630,.T.);
#3628 = VERTEX_POINT('',#3629);
#3629 = CARTESIAN_POINT('',(8.841868832677,12.220564817824,9.4));
#3630 = CIRCLE('',#3631,2.);
#3631 = AXIS2_PLACEMENT_3D('',#3632,#3633,#3634);
#3632 = CARTESIAN_POINT('',(8.5,10.25,9.4));
#3633 = DIRECTION('',(0.,-0.,1.));
#3634 = DIRECTION('',(0.,1.,0.));
#3635 = ORIENTED_EDGE('',*,*,#2572,.T.);
#3636 = ORIENTED_EDGE('',*,*,#2548,.F.);
#3637 = ORIENTED_EDGE('',*,*,#2483,.T.);
#3638 = ORIENTED_EDGE('',*,*,#3639,.T.);
#3639 = EDGE_CURVE('',#2476,#3640,#3642,.T.);
#3640 = VERTEX_POINT('',#3641);
#3641 = CARTESIAN_POINT('',(5.145950378226,12.25,9.4));
#3642 = LINE('',#3643,#3644);
#3643 = CARTESIAN_POINT('',(-10.5,12.25,9.4));
#3644 = VECTOR('',#3645,1.);
#3645 = DIRECTION('',(1.,0.,0.));
#3646 = ORIENTED_EDGE('',*,*,#3647,.F.);
#3647 = EDGE_CURVE('',#3628,#3640,#3648,.T.);
#3648 = CIRCLE('',#3649,2.);
#3649 = AXIS2_PLACEMENT_3D('',#3650,#3651,#3652);
#3650 = CARTESIAN_POINT('',(7.,13.,9.4));
#3651 = DIRECTION('',(0.,0.,-1.));
#3652 = DIRECTION('',(1.,0.,0.));
#3653 = PLANE('',#3654);
#3654 = AXIS2_PLACEMENT_3D('',#3655,#3656,#3657);
#3655 = CARTESIAN_POINT('',(-10.5,12.25,9.4));
#3656 = DIRECTION('',(0.,0.,-1.));
#3657 = DIRECTION('',(1.,0.,0.));
#3658 = ADVANCED_FACE('',(#3659),#3670,.F.);
#3659 = FACE_BOUND('',#3660,.F.);
#3660 = EDGE_LOOP('',(#3661,#3662,#3669));
#3661 = ORIENTED_EDGE('',*,*,#3612,.F.);
#3662 = ORIENTED_EDGE('',*,*,#3663,.F.);
#3663 = EDGE_CURVE('',#2476,#3605,#3664,.T.);
#3664 = CIRCLE('',#3665,4.2);
#3665 = AXIS2_PLACEMENT_3D('',#3666,#3667,#3668);
#3666 = CARTESIAN_POINT('',(7.,13.,9.4));
#3667 = DIRECTION('',(0.,0.,-1.));
#3668 = DIRECTION('',(1.,0.,0.));
#3669 = ORIENTED_EDGE('',*,*,#2475,.F.);
#3670 = PLANE('',#3671);
#3671 = AXIS2_PLACEMENT_3D('',#3672,#3673,#3674);
#3672 = CARTESIAN_POINT('',(2.8,13.5,9.4));
#3673 = DIRECTION('',(0.,0.,-1.));
#3674 = DIRECTION('',(1.,0.,0.));
#3675 = ADVANCED_FACE('',(#3676),#3701,.T.);
#3676 = FACE_BOUND('',#3677,.T.);
#3677 = EDGE_LOOP('',(#3678,#3686,#3687,#3695));
#3678 = ORIENTED_EDGE('',*,*,#3679,.F.);
#3679 = EDGE_CURVE('',#2027,#3680,#3682,.T.);
#3680 = VERTEX_POINT('',#3681);
#3681 = CARTESIAN_POINT('',(11.2,9.5,9.4));
#3682 = LINE('',#3683,#3684);
#3683 = CARTESIAN_POINT('',(2.8,9.5,9.4));
#3684 = VECTOR('',#3685,1.);
#3685 = DIRECTION('',(1.,0.,0.));
#3686 = ORIENTED_EDGE('',*,*,#2532,.T.);
#3687 = ORIENTED_EDGE('',*,*,#3688,.T.);
#3688 = EDGE_CURVE('',#2525,#3689,#3691,.T.);
#3689 = VERTEX_POINT('',#3690);
#3690 = CARTESIAN_POINT('',(11.2,9.5,5.));
#3691 = LINE('',#3692,#3693);
#3692 = CARTESIAN_POINT('',(2.8,9.5,5.));
#3693 = VECTOR('',#3694,1.);
#3694 = DIRECTION('',(1.,0.,0.));
#3695 = ORIENTED_EDGE('',*,*,#3696,.F.);
#3696 = EDGE_CURVE('',#3680,#3689,#3697,.T.);
#3697 = LINE('',#3698,#3699);
#3698 = CARTESIAN_POINT('',(11.2,9.5,9.4));
#3699 = VECTOR('',#3700,1.);
#3700 = DIRECTION('',(0.,0.,-1.));
#3701 = PLANE('',#3702);
#3702 = AXIS2_PLACEMENT_3D('',#3703,#3704,#3705);
#3703 = CARTESIAN_POINT('',(2.8,9.5,9.4));
#3704 = DIRECTION('',(0.,-1.,0.));
#3705 = DIRECTION('',(0.,0.,-1.));
#3706 = ADVANCED_FACE('',(#3707),#3727,.F.);
#3707 = FACE_BOUND('',#3708,.F.);
#3708 = EDGE_LOOP('',(#3709,#3718,#3724,#3725,#3726));
#3709 = ORIENTED_EDGE('',*,*,#3710,.F.);
#3710 = EDGE_CURVE('',#3711,#2573,#3713,.T.);
#3711 = VERTEX_POINT('',#3712);
#3712 = CARTESIAN_POINT('',(11.2,13.,9.4));
#3713 = CIRCLE('',#3714,4.2);
#3714 = AXIS2_PLACEMENT_3D('',#3715,#3716,#3717);
#3715 = CARTESIAN_POINT('',(7.,13.,9.4));
#3716 = DIRECTION('',(0.,0.,-1.));
#3717 = DIRECTION('',(1.,0.,0.));
#3718 = ORIENTED_EDGE('',*,*,#3719,.T.);
#3719 = EDGE_CURVE('',#3711,#3680,#3720,.T.);
#3720 = LINE('',#3721,#3722);
#3721 = CARTESIAN_POINT('',(11.2,13.5,9.4));
#3722 = VECTOR('',#3723,1.);
#3723 = DIRECTION('',(0.,-1.,0.));
#3724 = ORIENTED_EDGE('',*,*,#3679,.F.);
#3725 = ORIENTED_EDGE('',*,*,#2563,.F.);
#3726 = ORIENTED_EDGE('',*,*,#2581,.T.);
#3727 = PLANE('',#3728);
#3728 = AXIS2_PLACEMENT_3D('',#3729,#3730,#3731);
#3729 = CARTESIAN_POINT('',(2.8,13.5,9.4));
#3730 = DIRECTION('',(0.,0.,-1.));
#3731 = DIRECTION('',(1.,0.,0.));
#3732 = ADVANCED_FACE('',(#3733),#3751,.T.);
#3733 = FACE_BOUND('',#3734,.T.);
#3734 = EDGE_LOOP('',(#3735,#3736,#3744,#3750));
#3735 = ORIENTED_EDGE('',*,*,#3324,.F.);
#3736 = ORIENTED_EDGE('',*,*,#3737,.T.);
#3737 = EDGE_CURVE('',#3317,#3738,#3740,.T.);
#3738 = VERTEX_POINT('',#3739);
#3739 = CARTESIAN_POINT('',(-8.98,8.33,3.7));
#3740 = LINE('',#3741,#3742);
#3741 = CARTESIAN_POINT('',(-8.98,8.33,8.2));
#3742 = VECTOR('',#3743,1.);
#3743 = DIRECTION('',(0.,0.,-1.));
#3744 = ORIENTED_EDGE('',*,*,#3745,.T.);
#3745 = EDGE_CURVE('',#3738,#2656,#3746,.T.);
#3746 = LINE('',#3747,#3748);
#3747 = CARTESIAN_POINT('',(-8.98,8.33,3.7));
#3748 = VECTOR('',#3749,1.);
#3749 = DIRECTION('',(1.,0.,0.));
#3750 = ORIENTED_EDGE('',*,*,#2664,.F.);
#3751 = PLANE('',#3752);
#3752 = AXIS2_PLACEMENT_3D('',#3753,#3754,#3755);
#3753 = CARTESIAN_POINT('',(-8.98,8.33,8.2));
#3754 = DIRECTION('',(0.,-1.,0.));
#3755 = DIRECTION('',(0.,0.,-1.));
#3756 = ADVANCED_FACE('',(#3757),#3799,.T.);
#3757 = FACE_BOUND('',#3758,.T.);
#3758 = EDGE_LOOP('',(#3759,#3760,#3768,#3776,#3784,#3792,#3798));
#3759 = ORIENTED_EDGE('',*,*,#3745,.F.);
#3760 = ORIENTED_EDGE('',*,*,#3761,.F.);
#3761 = EDGE_CURVE('',#3762,#3738,#3764,.T.);
#3762 = VERTEX_POINT('',#3763);
#3763 = CARTESIAN_POINT('',(-8.98,10.73,3.7));
#3764 = LINE('',#3765,#3766);
#3765 = CARTESIAN_POINT('',(-8.98,10.73,3.7));
#3766 = VECTOR('',#3767,1.);
#3767 = DIRECTION('',(0.,-1.,0.));
#3768 = ORIENTED_EDGE('',*,*,#3769,.T.);
#3769 = EDGE_CURVE('',#3762,#3770,#3772,.T.);
#3770 = VERTEX_POINT('',#3771);
#3771 = CARTESIAN_POINT('',(-6.58,10.73,3.7));
#3772 = LINE('',#3773,#3774);
#3773 = CARTESIAN_POINT('',(-8.98,10.73,3.7));
#3774 = VECTOR('',#3775,1.);
#3775 = DIRECTION('',(1.,0.,0.));
#3776 = ORIENTED_EDGE('',*,*,#3777,.T.);
#3777 = EDGE_CURVE('',#3770,#3778,#3780,.T.);
#3778 = VERTEX_POINT('',#3779);
#3779 = CARTESIAN_POINT('',(-6.58,9.88,3.7));
#3780 = LINE('',#3781,#3782);
#3781 = CARTESIAN_POINT('',(-6.58,10.73,3.7));
#3782 = VECTOR('',#3783,1.);
#3783 = DIRECTION('',(0.,-1.,0.));
#3784 = ORIENTED_EDGE('',*,*,#3785,.T.);
#3785 = EDGE_CURVE('',#3778,#3786,#3788,.T.);
#3786 = VERTEX_POINT('',#3787);
#3787 = CARTESIAN_POINT('',(-8.13,9.88,3.7));
#3788 = LINE('',#3789,#3790);
#3789 = CARTESIAN_POINT('',(-8.555,9.88,3.7));
#3790 = VECTOR('',#3791,1.);
#3791 = DIRECTION('',(-1.,0.,-0.));
#3792 = ORIENTED_EDGE('',*,*,#3793,.T.);
#3793 = EDGE_CURVE('',#3786,#2648,#3794,.T.);
#3794 = LINE('',#3795,#3796);
#3795 = CARTESIAN_POINT('',(-8.13,10.305,3.7));
#3796 = VECTOR('',#3797,1.);
#3797 = DIRECTION('',(0.,-1.,0.));
#3798 = ORIENTED_EDGE('',*,*,#2655,.F.);
#3799 = PLANE('',#3800);
#3800 = AXIS2_PLACEMENT_3D('',#3801,#3802,#3803);
#3801 = CARTESIAN_POINT('',(-8.98,10.73,3.7));
#3802 = DIRECTION('',(0.,0.,-1.));
#3803 = DIRECTION('',(1.,0.,0.));
#3804 = ADVANCED_FACE('',(#3805),#3816,.T.);
#3805 = FACE_BOUND('',#3806,.T.);
#3806 = EDGE_LOOP('',(#3807,#3813,#3814,#3815));
#3807 = ORIENTED_EDGE('',*,*,#3808,.F.);
#3808 = EDGE_CURVE('',#3387,#3786,#3809,.T.);
#3809 = LINE('',#3810,#3811);
#3810 = CARTESIAN_POINT('',(-8.13,9.88,8.7));
#3811 = VECTOR('',#3812,1.);
#3812 = DIRECTION('',(0.,0.,-1.));
#3813 = ORIENTED_EDGE('',*,*,#3386,.T.);
#3814 = ORIENTED_EDGE('',*,*,#2647,.T.);
#3815 = ORIENTED_EDGE('',*,*,#3793,.F.);
#3816 = PLANE('',#3817);
#3817 = AXIS2_PLACEMENT_3D('',#3818,#3819,#3820);
#3818 = CARTESIAN_POINT('',(-8.13,9.88,8.7));
#3819 = DIRECTION('',(1.,0.,0.));
#3820 = DIRECTION('',(0.,0.,-1.));
#3821 = ADVANCED_FACE('',(#3822),#3840,.F.);
#3822 = FACE_BOUND('',#3823,.F.);
#3823 = EDGE_LOOP('',(#3824,#3825,#3833,#3839));
#3824 = ORIENTED_EDGE('',*,*,#3333,.F.);
#3825 = ORIENTED_EDGE('',*,*,#3826,.T.);
#3826 = EDGE_CURVE('',#3334,#3827,#3829,.T.);
#3827 = VERTEX_POINT('',#3828);
#3828 = CARTESIAN_POINT('',(-8.98,-8.33,3.7));
#3829 = LINE('',#3830,#3831);
#3830 = CARTESIAN_POINT('',(-8.98,-8.33,8.2));
#3831 = VECTOR('',#3832,1.);
#3832 = DIRECTION('',(0.,0.,-1.));
#3833 = ORIENTED_EDGE('',*,*,#3834,.T.);
#3834 = EDGE_CURVE('',#3827,#2763,#3835,.T.);
#3835 = LINE('',#3836,#3837);
#3836 = CARTESIAN_POINT('',(-8.98,-8.33,3.7));
#3837 = VECTOR('',#3838,1.);
#3838 = DIRECTION('',(1.,0.,0.));
#3839 = ORIENTED_EDGE('',*,*,#2771,.F.);
#3840 = PLANE('',#3841);
#3841 = AXIS2_PLACEMENT_3D('',#3842,#3843,#3844);
#3842 = CARTESIAN_POINT('',(-8.98,-8.33,8.2));
#3843 = DIRECTION('',(0.,-1.,0.));
#3844 = DIRECTION('',(0.,0.,-1.));
#3845 = ADVANCED_FACE('',(#3846),#3888,.T.);
#3846 = FACE_BOUND('',#3847,.T.);
#3847 = EDGE_LOOP('',(#3848,#3858,#3866,#3872,#3873,#3874,#3882));
#3848 = ORIENTED_EDGE('',*,*,#3849,.T.);
#3849 = EDGE_CURVE('',#3850,#3852,#3854,.T.);
#3850 = VERTEX_POINT('',#3851);
#3851 = CARTESIAN_POINT('',(-6.58,-9.88,3.7));
#3852 = VERTEX_POINT('',#3853);
#3853 = CARTESIAN_POINT('',(-6.58,-10.73,3.7));
#3854 = LINE('',#3855,#3856);
#3855 = CARTESIAN_POINT('',(-6.58,-8.33,3.7));
#3856 = VECTOR('',#3857,1.);
#3857 = DIRECTION('',(0.,-1.,0.));
#3858 = ORIENTED_EDGE('',*,*,#3859,.F.);
#3859 = EDGE_CURVE('',#3860,#3852,#3862,.T.);
#3860 = VERTEX_POINT('',#3861);
#3861 = CARTESIAN_POINT('',(-8.98,-10.73,3.7));
#3862 = LINE('',#3863,#3864);
#3863 = CARTESIAN_POINT('',(-8.98,-10.73,3.7));
#3864 = VECTOR('',#3865,1.);
#3865 = DIRECTION('',(1.,0.,0.));
#3866 = ORIENTED_EDGE('',*,*,#3867,.F.);
#3867 = EDGE_CURVE('',#3827,#3860,#3868,.T.);
#3868 = LINE('',#3869,#3870);
#3869 = CARTESIAN_POINT('',(-8.98,-8.33,3.7));
#3870 = VECTOR('',#3871,1.);
#3871 = DIRECTION('',(0.,-1.,0.));
#3872 = ORIENTED_EDGE('',*,*,#3834,.T.);
#3873 = ORIENTED_EDGE('',*,*,#2762,.F.);
#3874 = ORIENTED_EDGE('',*,*,#3875,.T.);
#3875 = EDGE_CURVE('',#2755,#3876,#3878,.T.);
#3876 = VERTEX_POINT('',#3877);
#3877 = CARTESIAN_POINT('',(-8.13,-9.88,3.7));
#3878 = LINE('',#3879,#3880);
#3879 = CARTESIAN_POINT('',(-8.13,-8.28,3.7));
#3880 = VECTOR('',#3881,1.);
#3881 = DIRECTION('',(0.,-1.,0.));
#3882 = ORIENTED_EDGE('',*,*,#3883,.F.);
#3883 = EDGE_CURVE('',#3850,#3876,#3884,.T.);
#3884 = LINE('',#3885,#3886);
#3885 = CARTESIAN_POINT('',(-8.555,-9.88,3.7));
#3886 = VECTOR('',#3887,1.);
#3887 = DIRECTION('',(-1.,0.,-0.));
#3888 = PLANE('',#3889);
#3889 = AXIS2_PLACEMENT_3D('',#3890,#3891,#3892);
#3890 = CARTESIAN_POINT('',(-8.98,-8.33,3.7));
#3891 = DIRECTION('',(0.,0.,-1.));
#3892 = DIRECTION('',(1.,0.,0.));
#3893 = ADVANCED_FACE('',(#3894),#3905,.T.);
#3894 = FACE_BOUND('',#3895,.T.);
#3895 = EDGE_LOOP('',(#3896,#3897,#3903,#3904));
#3896 = ORIENTED_EDGE('',*,*,#3373,.T.);
#3897 = ORIENTED_EDGE('',*,*,#3898,.T.);
#3898 = EDGE_CURVE('',#3366,#3876,#3899,.T.);
#3899 = LINE('',#3900,#3901);
#3900 = CARTESIAN_POINT('',(-8.13,-9.88,8.7));
#3901 = VECTOR('',#3902,1.);
#3902 = DIRECTION('',(0.,0.,-1.));
#3903 = ORIENTED_EDGE('',*,*,#3875,.F.);
#3904 = ORIENTED_EDGE('',*,*,#2754,.F.);
#3905 = PLANE('',#3906);
#3906 = AXIS2_PLACEMENT_3D('',#3907,#3908,#3909);
#3907 = CARTESIAN_POINT('',(-8.13,-8.23,8.7));
#3908 = DIRECTION('',(1.,0.,0.));
#3909 = DIRECTION('',(0.,0.,-1.));
#3910 = ADVANCED_FACE('',(#3911),#3929,.T.);
#3911 = FACE_BOUND('',#3912,.T.);
#3912 = EDGE_LOOP('',(#3913,#3914,#3915,#3923));
#3913 = ORIENTED_EDGE('',*,*,#3501,.F.);
#3914 = ORIENTED_EDGE('',*,*,#3051,.T.);
#3915 = ORIENTED_EDGE('',*,*,#3916,.T.);
#3916 = EDGE_CURVE('',#3043,#3917,#3919,.T.);
#3917 = VERTEX_POINT('',#3918);
#3918 = CARTESIAN_POINT('',(8.98,8.33,3.7));
#3919 = LINE('',#3920,#3921);
#3920 = CARTESIAN_POINT('',(6.58,8.33,3.7));
#3921 = VECTOR('',#3922,1.);
#3922 = DIRECTION('',(1.,0.,0.));
#3923 = ORIENTED_EDGE('',*,*,#3924,.F.);
#3924 = EDGE_CURVE('',#3502,#3917,#3925,.T.);
#3925 = LINE('',#3926,#3927);
#3926 = CARTESIAN_POINT('',(8.98,8.33,8.2));
#3927 = VECTOR('',#3928,1.);
#3928 = DIRECTION('',(0.,0.,-1.));
#3929 = PLANE('',#3930);
#3930 = AXIS2_PLACEMENT_3D('',#3931,#3932,#3933);
#3931 = CARTESIAN_POINT('',(6.58,8.33,8.2));
#3932 = DIRECTION('',(0.,-1.,0.));
#3933 = DIRECTION('',(0.,0.,-1.));
#3934 = ADVANCED_FACE('',(#3935),#3977,.T.);
#3935 = FACE_BOUND('',#3936,.T.);
#3936 = EDGE_LOOP('',(#3937,#3947,#3955,#3961,#3962,#3963,#3971));
#3937 = ORIENTED_EDGE('',*,*,#3938,.F.);
#3938 = EDGE_CURVE('',#3939,#3941,#3943,.T.);
#3939 = VERTEX_POINT('',#3940);
#3940 = CARTESIAN_POINT('',(6.58,10.73,3.7));
#3941 = VERTEX_POINT('',#3942);
#3942 = CARTESIAN_POINT('',(6.58,9.88,3.7));
#3943 = LINE('',#3944,#3945);
#3944 = CARTESIAN_POINT('',(6.58,10.73,3.7));
#3945 = VECTOR('',#3946,1.);
#3946 = DIRECTION('',(0.,-1.,0.));
#3947 = ORIENTED_EDGE('',*,*,#3948,.T.);
#3948 = EDGE_CURVE('',#3939,#3949,#3951,.T.);
#3949 = VERTEX_POINT('',#3950);
#3950 = CARTESIAN_POINT('',(8.98,10.73,3.7));
#3951 = LINE('',#3952,#3953);
#3952 = CARTESIAN_POINT('',(6.58,10.73,3.7));
#3953 = VECTOR('',#3954,1.);
#3954 = DIRECTION('',(1.,0.,0.));
#3955 = ORIENTED_EDGE('',*,*,#3956,.T.);
#3956 = EDGE_CURVE('',#3949,#3917,#3957,.T.);
#3957 = LINE('',#3958,#3959);
#3958 = CARTESIAN_POINT('',(8.98,10.73,3.7));
#3959 = VECTOR('',#3960,1.);
#3960 = DIRECTION('',(0.,-1.,0.));
#3961 = ORIENTED_EDGE('',*,*,#3916,.F.);
#3962 = ORIENTED_EDGE('',*,*,#3042,.F.);
#3963 = ORIENTED_EDGE('',*,*,#3964,.F.);
#3964 = EDGE_CURVE('',#3965,#3035,#3967,.T.);
#3965 = VERTEX_POINT('',#3966);
#3966 = CARTESIAN_POINT('',(8.13,9.88,3.7));
#3967 = LINE('',#3968,#3969);
#3968 = CARTESIAN_POINT('',(8.13,10.305,3.7));
#3969 = VECTOR('',#3970,1.);
#3970 = DIRECTION('',(0.,-1.,0.));
#3971 = ORIENTED_EDGE('',*,*,#3972,.T.);
#3972 = EDGE_CURVE('',#3965,#3941,#3973,.T.);
#3973 = LINE('',#3974,#3975);
#3974 = CARTESIAN_POINT('',(6.53,9.88,3.7));
#3975 = VECTOR('',#3976,1.);
#3976 = DIRECTION('',(-1.,0.,-0.));
#3977 = PLANE('',#3978);
#3978 = AXIS2_PLACEMENT_3D('',#3979,#3980,#3981);
#3979 = CARTESIAN_POINT('',(6.58,10.73,3.7));
#3980 = DIRECTION('',(0.,0.,-1.));
#3981 = DIRECTION('',(1.,0.,0.));
#3982 = ADVANCED_FACE('',(#3983),#3994,.F.);
#3983 = FACE_BOUND('',#3984,.F.);
#3984 = EDGE_LOOP('',(#3985,#3991,#3992,#3993));
#3985 = ORIENTED_EDGE('',*,*,#3986,.F.);
#3986 = EDGE_CURVE('',#3432,#3965,#3987,.T.);
#3987 = LINE('',#3988,#3989);
#3988 = CARTESIAN_POINT('',(8.13,9.88,8.7));
#3989 = VECTOR('',#3990,1.);
#3990 = DIRECTION('',(0.,0.,-1.));
#3991 = ORIENTED_EDGE('',*,*,#3439,.T.);
#3992 = ORIENTED_EDGE('',*,*,#3034,.T.);
#3993 = ORIENTED_EDGE('',*,*,#3964,.F.);
#3994 = PLANE('',#3995);
#3995 = AXIS2_PLACEMENT_3D('',#3996,#3997,#3998);
#3996 = CARTESIAN_POINT('',(8.13,9.88,8.7));
#3997 = DIRECTION('',(1.,0.,0.));
#3998 = DIRECTION('',(0.,0.,-1.));
#3999 = ADVANCED_FACE('',(#4000),#4018,.F.);
#4000 = FACE_BOUND('',#4001,.F.);
#4001 = EDGE_LOOP('',(#4002,#4003,#4004,#4012));
#4002 = ORIENTED_EDGE('',*,*,#3492,.F.);
#4003 = ORIENTED_EDGE('',*,*,#3151,.T.);
#4004 = ORIENTED_EDGE('',*,*,#4005,.T.);
#4005 = EDGE_CURVE('',#3143,#4006,#4008,.T.);
#4006 = VERTEX_POINT('',#4007);
#4007 = CARTESIAN_POINT('',(8.98,-8.33,3.7));
#4008 = LINE('',#4009,#4010);
#4009 = CARTESIAN_POINT('',(6.58,-8.33,3.7));
#4010 = VECTOR('',#4011,1.);
#4011 = DIRECTION('',(1.,0.,0.));
#4012 = ORIENTED_EDGE('',*,*,#4013,.F.);
#4013 = EDGE_CURVE('',#3485,#4006,#4014,.T.);
#4014 = LINE('',#4015,#4016);
#4015 = CARTESIAN_POINT('',(8.98,-8.33,8.2));
#4016 = VECTOR('',#4017,1.);
#4017 = DIRECTION('',(0.,0.,-1.));
#4018 = PLANE('',#4019);
#4019 = AXIS2_PLACEMENT_3D('',#4020,#4021,#4022);
#4020 = CARTESIAN_POINT('',(6.58,-8.33,8.2));
#4021 = DIRECTION('',(0.,-1.,0.));
#4022 = DIRECTION('',(0.,0.,-1.));
#4023 = ADVANCED_FACE('',(#4024),#4066,.T.);
#4024 = FACE_BOUND('',#4025,.T.);
#4025 = EDGE_LOOP('',(#4026,#4036,#4044,#4050,#4051,#4052,#4060));
#4026 = ORIENTED_EDGE('',*,*,#4027,.F.);
#4027 = EDGE_CURVE('',#4028,#4030,#4032,.T.);
#4028 = VERTEX_POINT('',#4029);
#4029 = CARTESIAN_POINT('',(6.58,-9.88,3.7));
#4030 = VERTEX_POINT('',#4031);
#4031 = CARTESIAN_POINT('',(6.58,-10.73,3.7));
#4032 = LINE('',#4033,#4034);
#4033 = CARTESIAN_POINT('',(6.58,-8.33,3.7));
#4034 = VECTOR('',#4035,1.);
#4035 = DIRECTION('',(0.,-1.,0.));
#4036 = ORIENTED_EDGE('',*,*,#4037,.F.);
#4037 = EDGE_CURVE('',#4038,#4028,#4040,.T.);
#4038 = VERTEX_POINT('',#4039);
#4039 = CARTESIAN_POINT('',(8.13,-9.88,3.7));
#4040 = LINE('',#4041,#4042);
#4041 = CARTESIAN_POINT('',(6.53,-9.88,3.7));
#4042 = VECTOR('',#4043,1.);
#4043 = DIRECTION('',(-1.,0.,-0.));
#4044 = ORIENTED_EDGE('',*,*,#4045,.F.);
#4045 = EDGE_CURVE('',#3135,#4038,#4046,.T.);
#4046 = LINE('',#4047,#4048);
#4047 = CARTESIAN_POINT('',(8.13,-8.28,3.7));
#4048 = VECTOR('',#4049,1.);
#4049 = DIRECTION('',(0.,-1.,0.));
#4050 = ORIENTED_EDGE('',*,*,#3142,.F.);
#4051 = ORIENTED_EDGE('',*,*,#4005,.T.);
#4052 = ORIENTED_EDGE('',*,*,#4053,.T.);
#4053 = EDGE_CURVE('',#4006,#4054,#4056,.T.);
#4054 = VERTEX_POINT('',#4055);
#4055 = CARTESIAN_POINT('',(8.98,-10.73,3.7));
#4056 = LINE('',#4057,#4058);
#4057 = CARTESIAN_POINT('',(8.98,-8.33,3.7));
#4058 = VECTOR('',#4059,1.);
#4059 = DIRECTION('',(0.,-1.,0.));
#4060 = ORIENTED_EDGE('',*,*,#4061,.F.);
#4061 = EDGE_CURVE('',#4030,#4054,#4062,.T.);
#4062 = LINE('',#4063,#4064);
#4063 = CARTESIAN_POINT('',(6.58,-10.73,3.7));
#4064 = VECTOR('',#4065,1.);
#4065 = DIRECTION('',(1.,0.,0.));
#4066 = PLANE('',#4067);
#4067 = AXIS2_PLACEMENT_3D('',#4068,#4069,#4070);
#4068 = CARTESIAN_POINT('',(6.58,-8.33,3.7));
#4069 = DIRECTION('',(0.,0.,-1.));
#4070 = DIRECTION('',(1.,0.,0.));
#4071 = ADVANCED_FACE('',(#4072),#4083,.F.);
#4072 = FACE_BOUND('',#4073,.F.);
#4073 = EDGE_LOOP('',(#4074,#4075,#4081,#4082));
#4074 = ORIENTED_EDGE('',*,*,#3452,.T.);
#4075 = ORIENTED_EDGE('',*,*,#4076,.T.);
#4076 = EDGE_CURVE('',#3453,#4038,#4077,.T.);
#4077 = LINE('',#4078,#4079);
#4078 = CARTESIAN_POINT('',(8.13,-9.88,8.7));
#4079 = VECTOR('',#4080,1.);
#4080 = DIRECTION('',(0.,0.,-1.));
#4081 = ORIENTED_EDGE('',*,*,#4045,.F.);
#4082 = ORIENTED_EDGE('',*,*,#3134,.F.);
#4083 = PLANE('',#4084);
#4084 = AXIS2_PLACEMENT_3D('',#4085,#4086,#4087);
#4085 = CARTESIAN_POINT('',(8.13,-8.23,8.7));
#4086 = DIRECTION('',(1.,0.,0.));
#4087 = DIRECTION('',(0.,0.,-1.));
#4088 = ADVANCED_FACE('',(#4089),#4108,.T.);
#4089 = FACE_BOUND('',#4090,.T.);
#4090 = EDGE_LOOP('',(#4091,#4099,#4100,#4101));
#4091 = ORIENTED_EDGE('',*,*,#4092,.T.);
#4092 = EDGE_CURVE('',#4093,#2525,#4095,.T.);
#4093 = VERTEX_POINT('',#4094);
#4094 = CARTESIAN_POINT('',(10.5,10.25,5.));
#4095 = LINE('',#4096,#4097);
#4096 = CARTESIAN_POINT('',(10.5,12.25,5.));
#4097 = VECTOR('',#4098,1.);
#4098 = DIRECTION('',(0.,-1.,0.));
#4099 = ORIENTED_EDGE('',*,*,#3224,.F.);
#4100 = ORIENTED_EDGE('',*,*,#3540,.F.);
#4101 = ORIENTED_EDGE('',*,*,#4102,.F.);
#4102 = EDGE_CURVE('',#4093,#3530,#4103,.T.);
#4103 = CIRCLE('',#4104,2.);
#4104 = AXIS2_PLACEMENT_3D('',#4105,#4106,#4107);
#4105 = CARTESIAN_POINT('',(8.5,10.25,5.));
#4106 = DIRECTION('',(0.,-0.,1.));
#4107 = DIRECTION('',(0.,1.,0.));
#4108 = PLANE('',#4109);
#4109 = AXIS2_PLACEMENT_3D('',#4110,#4111,#4112);
#4110 = CARTESIAN_POINT('',(-10.5,12.25,5.));
#4111 = DIRECTION('',(0.,0.,-1.));
#4112 = DIRECTION('',(1.,0.,0.));
#4113 = ADVANCED_FACE('',(#4114),#4119,.T.);
#4114 = FACE_BOUND('',#4115,.T.);
#4115 = EDGE_LOOP('',(#4116,#4117,#4118));
#4116 = ORIENTED_EDGE('',*,*,#3278,.F.);
#4117 = ORIENTED_EDGE('',*,*,#3547,.T.);
#4118 = ORIENTED_EDGE('',*,*,#3215,.T.);
#4119 = PLANE('',#4120);
#4120 = AXIS2_PLACEMENT_3D('',#4121,#4122,#4123);
#4121 = CARTESIAN_POINT('',(-10.5,12.25,5.));
#4122 = DIRECTION('',(0.,0.,-1.));
#4123 = DIRECTION('',(1.,0.,0.));
#4124 = ADVANCED_FACE('',(#4125),#4141,.F.);
#4125 = FACE_BOUND('',#4126,.F.);
#4126 = EDGE_LOOP('',(#4127,#4128,#4134,#4135));
#4127 = ORIENTED_EDGE('',*,*,#3306,.F.);
#4128 = ORIENTED_EDGE('',*,*,#4129,.T.);
#4129 = EDGE_CURVE('',#3307,#3762,#4130,.T.);
#4130 = LINE('',#4131,#4132);
#4131 = CARTESIAN_POINT('',(-8.98,10.73,8.2));
#4132 = VECTOR('',#4133,1.);
#4133 = DIRECTION('',(0.,0.,-1.));
#4134 = ORIENTED_EDGE('',*,*,#3769,.T.);
#4135 = ORIENTED_EDGE('',*,*,#4136,.F.);
#4136 = EDGE_CURVE('',#3309,#3770,#4137,.T.);
#4137 = LINE('',#4138,#4139);
#4138 = CARTESIAN_POINT('',(-6.58,10.73,8.2));
#4139 = VECTOR('',#4140,1.);
#4140 = DIRECTION('',(0.,0.,-1.));
#4141 = PLANE('',#4142);
#4142 = AXIS2_PLACEMENT_3D('',#4143,#4144,#4145);
#4143 = CARTESIAN_POINT('',(-8.98,10.73,8.2));
#4144 = DIRECTION('',(0.,-1.,0.));
#4145 = DIRECTION('',(0.,0.,-1.));
#4146 = ADVANCED_FACE('',(#4147),#4153,.F.);
#4147 = FACE_BOUND('',#4148,.F.);
#4148 = EDGE_LOOP('',(#4149,#4150,#4151,#4152));
#4149 = ORIENTED_EDGE('',*,*,#4129,.F.);
#4150 = ORIENTED_EDGE('',*,*,#3316,.T.);
#4151 = ORIENTED_EDGE('',*,*,#3737,.T.);
#4152 = ORIENTED_EDGE('',*,*,#3761,.F.);
#4153 = PLANE('',#4154);
#4154 = AXIS2_PLACEMENT_3D('',#4155,#4156,#4157);
#4155 = CARTESIAN_POINT('',(-8.98,10.73,8.2));
#4156 = DIRECTION('',(1.,0.,0.));
#4157 = DIRECTION('',(0.,0.,-1.));
#4158 = ADVANCED_FACE('',(#4159),#4170,.T.);
#4159 = FACE_BOUND('',#4160,.T.);
#4160 = EDGE_LOOP('',(#4161,#4162,#4163,#4164));
#4161 = ORIENTED_EDGE('',*,*,#3777,.F.);
#4162 = ORIENTED_EDGE('',*,*,#4136,.F.);
#4163 = ORIENTED_EDGE('',*,*,#3402,.T.);
#4164 = ORIENTED_EDGE('',*,*,#4165,.T.);
#4165 = EDGE_CURVE('',#3395,#3778,#4166,.T.);
#4166 = LINE('',#4167,#4168);
#4167 = CARTESIAN_POINT('',(-6.58,9.88,8.45));
#4168 = VECTOR('',#4169,1.);
#4169 = DIRECTION('',(0.,0.,-1.));
#4170 = PLANE('',#4171);
#4171 = AXIS2_PLACEMENT_3D('',#4172,#4173,#4174);
#4172 = CARTESIAN_POINT('',(-6.58,10.73,8.2));
#4173 = DIRECTION('',(1.,0.,0.));
#4174 = DIRECTION('',(0.,0.,-1.));
#4175 = ADVANCED_FACE('',(#4176),#4182,.T.);
#4176 = FACE_BOUND('',#4177,.T.);
#4177 = EDGE_LOOP('',(#4178,#4179,#4180,#4181));
#4178 = ORIENTED_EDGE('',*,*,#3394,.T.);
#4179 = ORIENTED_EDGE('',*,*,#3808,.T.);
#4180 = ORIENTED_EDGE('',*,*,#3785,.F.);
#4181 = ORIENTED_EDGE('',*,*,#4165,.F.);
#4182 = PLANE('',#4183);
#4183 = AXIS2_PLACEMENT_3D('',#4184,#4185,#4186);
#4184 = CARTESIAN_POINT('',(-8.13,9.88,8.7));
#4185 = DIRECTION('',(0.,-1.,0.));
#4186 = DIRECTION('',(0.,0.,-1.));
#4187 = ADVANCED_FACE('',(#4188),#4199,.F.);
#4188 = FACE_BOUND('',#4189,.F.);
#4189 = EDGE_LOOP('',(#4190,#4191,#4192,#4198));
#4190 = ORIENTED_EDGE('',*,*,#3826,.F.);
#4191 = ORIENTED_EDGE('',*,*,#3341,.T.);
#4192 = ORIENTED_EDGE('',*,*,#4193,.T.);
#4193 = EDGE_CURVE('',#3342,#3860,#4194,.T.);
#4194 = LINE('',#4195,#4196);
#4195 = CARTESIAN_POINT('',(-8.98,-10.73,8.2));
#4196 = VECTOR('',#4197,1.);
#4197 = DIRECTION('',(0.,0.,-1.));
#4198 = ORIENTED_EDGE('',*,*,#3867,.F.);
#4199 = PLANE('',#4200);
#4200 = AXIS2_PLACEMENT_3D('',#4201,#4202,#4203);
#4201 = CARTESIAN_POINT('',(-8.98,-8.33,8.2));
#4202 = DIRECTION('',(1.,0.,0.));
#4203 = DIRECTION('',(0.,0.,-1.));
#4204 = ADVANCED_FACE('',(#4205),#4216,.T.);
#4205 = FACE_BOUND('',#4206,.T.);
#4206 = EDGE_LOOP('',(#4207,#4208,#4209,#4210));
#4207 = ORIENTED_EDGE('',*,*,#3349,.F.);
#4208 = ORIENTED_EDGE('',*,*,#4193,.T.);
#4209 = ORIENTED_EDGE('',*,*,#3859,.T.);
#4210 = ORIENTED_EDGE('',*,*,#4211,.F.);
#4211 = EDGE_CURVE('',#3350,#3852,#4212,.T.);
#4212 = LINE('',#4213,#4214);
#4213 = CARTESIAN_POINT('',(-6.58,-10.73,8.2));
#4214 = VECTOR('',#4215,1.);
#4215 = DIRECTION('',(0.,0.,-1.));
#4216 = PLANE('',#4217);
#4217 = AXIS2_PLACEMENT_3D('',#4218,#4219,#4220);
#4218 = CARTESIAN_POINT('',(-8.98,-10.73,8.2));
#4219 = DIRECTION('',(0.,-1.,0.));
#4220 = DIRECTION('',(0.,0.,-1.));
#4221 = ADVANCED_FACE('',(#4222),#4233,.T.);
#4222 = FACE_BOUND('',#4223,.T.);
#4223 = EDGE_LOOP('',(#4224,#4225,#4231,#4232));
#4224 = ORIENTED_EDGE('',*,*,#3849,.F.);
#4225 = ORIENTED_EDGE('',*,*,#4226,.F.);
#4226 = EDGE_CURVE('',#3358,#3850,#4227,.T.);
#4227 = LINE('',#4228,#4229);
#4228 = CARTESIAN_POINT('',(-6.58,-9.88,8.45));
#4229 = VECTOR('',#4230,1.);
#4230 = DIRECTION('',(0.,0.,-1.));
#4231 = ORIENTED_EDGE('',*,*,#3357,.T.);
#4232 = ORIENTED_EDGE('',*,*,#4211,.T.);
#4233 = PLANE('',#4234);
#4234 = AXIS2_PLACEMENT_3D('',#4235,#4236,#4237);
#4235 = CARTESIAN_POINT('',(-6.58,-8.33,8.2));
#4236 = DIRECTION('',(1.,0.,0.));
#4237 = DIRECTION('',(0.,0.,-1.));
#4238 = ADVANCED_FACE('',(#4239),#4245,.F.);
#4239 = FACE_BOUND('',#4240,.F.);
#4240 = EDGE_LOOP('',(#4241,#4242,#4243,#4244));
#4241 = ORIENTED_EDGE('',*,*,#3365,.T.);
#4242 = ORIENTED_EDGE('',*,*,#3898,.T.);
#4243 = ORIENTED_EDGE('',*,*,#3883,.F.);
#4244 = ORIENTED_EDGE('',*,*,#4226,.F.);
#4245 = PLANE('',#4246);
#4246 = AXIS2_PLACEMENT_3D('',#4247,#4248,#4249);
#4247 = CARTESIAN_POINT('',(-8.13,-9.88,8.7));
#4248 = DIRECTION('',(0.,-1.,0.));
#4249 = DIRECTION('',(0.,0.,-1.));
#4250 = ADVANCED_FACE('',(#4251),#4267,.F.);
#4251 = FACE_BOUND('',#4252,.F.);
#4252 = EDGE_LOOP('',(#4253,#4254,#4260,#4261));
#4253 = ORIENTED_EDGE('',*,*,#3413,.F.);
#4254 = ORIENTED_EDGE('',*,*,#4255,.T.);
#4255 = EDGE_CURVE('',#3414,#3939,#4256,.T.);
#4256 = LINE('',#4257,#4258);
#4257 = CARTESIAN_POINT('',(6.58,10.73,8.2));
#4258 = VECTOR('',#4259,1.);
#4259 = DIRECTION('',(0.,0.,-1.));
#4260 = ORIENTED_EDGE('',*,*,#3948,.T.);
#4261 = ORIENTED_EDGE('',*,*,#4262,.F.);
#4262 = EDGE_CURVE('',#3416,#3949,#4263,.T.);
#4263 = LINE('',#4264,#4265);
#4264 = CARTESIAN_POINT('',(8.98,10.73,8.2));
#4265 = VECTOR('',#4266,1.);
#4266 = DIRECTION('',(0.,0.,-1.));
#4267 = PLANE('',#4268);
#4268 = AXIS2_PLACEMENT_3D('',#4269,#4270,#4271);
#4269 = CARTESIAN_POINT('',(6.58,10.73,8.2));
#4270 = DIRECTION('',(0.,-1.,0.));
#4271 = DIRECTION('',(0.,0.,-1.));
#4272 = ADVANCED_FACE('',(#4273),#4284,.F.);
#4273 = FACE_BOUND('',#4274,.F.);
#4274 = EDGE_LOOP('',(#4275,#4276,#4277,#4278));
#4275 = ORIENTED_EDGE('',*,*,#3938,.F.);
#4276 = ORIENTED_EDGE('',*,*,#4255,.F.);
#4277 = ORIENTED_EDGE('',*,*,#3423,.T.);
#4278 = ORIENTED_EDGE('',*,*,#4279,.T.);
#4279 = EDGE_CURVE('',#3424,#3941,#4280,.T.);
#4280 = LINE('',#4281,#4282);
#4281 = CARTESIAN_POINT('',(6.58,9.88,8.45));
#4282 = VECTOR('',#4283,1.);
#4283 = DIRECTION('',(0.,0.,-1.));
#4284 = PLANE('',#4285);
#4285 = AXIS2_PLACEMENT_3D('',#4286,#4287,#4288);
#4286 = CARTESIAN_POINT('',(6.58,10.73,8.2));
#4287 = DIRECTION('',(1.,0.,0.));
#4288 = DIRECTION('',(0.,0.,-1.));
#4289 = ADVANCED_FACE('',(#4290),#4296,.T.);
#4290 = FACE_BOUND('',#4291,.T.);
#4291 = EDGE_LOOP('',(#4292,#4293,#4294,#4295));
#4292 = ORIENTED_EDGE('',*,*,#4262,.F.);
#4293 = ORIENTED_EDGE('',*,*,#3509,.T.);
#4294 = ORIENTED_EDGE('',*,*,#3924,.T.);
#4295 = ORIENTED_EDGE('',*,*,#3956,.F.);
#4296 = PLANE('',#4297);
#4297 = AXIS2_PLACEMENT_3D('',#4298,#4299,#4300);
#4298 = CARTESIAN_POINT('',(8.98,10.73,8.2));
#4299 = DIRECTION('',(1.,0.,0.));
#4300 = DIRECTION('',(0.,0.,-1.));
#4301 = ADVANCED_FACE('',(#4302),#4308,.T.);
#4302 = FACE_BOUND('',#4303,.T.);
#4303 = EDGE_LOOP('',(#4304,#4305,#4306,#4307));
#4304 = ORIENTED_EDGE('',*,*,#3986,.F.);
#4305 = ORIENTED_EDGE('',*,*,#3431,.T.);
#4306 = ORIENTED_EDGE('',*,*,#4279,.T.);
#4307 = ORIENTED_EDGE('',*,*,#3972,.F.);
#4308 = PLANE('',#4309);
#4309 = AXIS2_PLACEMENT_3D('',#4310,#4311,#4312);
#4310 = CARTESIAN_POINT('',(6.48,9.88,8.7));
#4311 = DIRECTION('',(0.,-1.,0.));
#4312 = DIRECTION('',(0.,0.,-1.));
#4313 = ADVANCED_FACE('',(#4314),#4325,.T.);
#4314 = FACE_BOUND('',#4315,.T.);
#4315 = EDGE_LOOP('',(#4316,#4317,#4318,#4324));
#4316 = ORIENTED_EDGE('',*,*,#4013,.F.);
#4317 = ORIENTED_EDGE('',*,*,#3484,.T.);
#4318 = ORIENTED_EDGE('',*,*,#4319,.T.);
#4319 = EDGE_CURVE('',#3477,#4054,#4320,.T.);
#4320 = LINE('',#4321,#4322);
#4321 = CARTESIAN_POINT('',(8.98,-10.73,8.2));
#4322 = VECTOR('',#4323,1.);
#4323 = DIRECTION('',(0.,0.,-1.));
#4324 = ORIENTED_EDGE('',*,*,#4053,.F.);
#4325 = PLANE('',#4326);
#4326 = AXIS2_PLACEMENT_3D('',#4327,#4328,#4329);
#4327 = CARTESIAN_POINT('',(8.98,-8.33,8.2));
#4328 = DIRECTION('',(1.,0.,0.));
#4329 = DIRECTION('',(0.,0.,-1.));
#4330 = ADVANCED_FACE('',(#4331),#4342,.T.);
#4331 = FACE_BOUND('',#4332,.T.);
#4332 = EDGE_LOOP('',(#4333,#4334,#4340,#4341));
#4333 = ORIENTED_EDGE('',*,*,#3476,.F.);
#4334 = ORIENTED_EDGE('',*,*,#4335,.T.);
#4335 = EDGE_CURVE('',#3469,#4030,#4336,.T.);
#4336 = LINE('',#4337,#4338);
#4337 = CARTESIAN_POINT('',(6.58,-10.73,8.2));
#4338 = VECTOR('',#4339,1.);
#4339 = DIRECTION('',(0.,0.,-1.));
#4340 = ORIENTED_EDGE('',*,*,#4061,.T.);
#4341 = ORIENTED_EDGE('',*,*,#4319,.F.);
#4342 = PLANE('',#4343);
#4343 = AXIS2_PLACEMENT_3D('',#4344,#4345,#4346);
#4344 = CARTESIAN_POINT('',(6.58,-10.73,8.2));
#4345 = DIRECTION('',(0.,-1.,0.));
#4346 = DIRECTION('',(0.,0.,-1.));
#4347 = ADVANCED_FACE('',(#4348),#4359,.F.);
#4348 = FACE_BOUND('',#4349,.F.);
#4349 = EDGE_LOOP('',(#4350,#4351,#4357,#4358));
#4350 = ORIENTED_EDGE('',*,*,#4027,.F.);
#4351 = ORIENTED_EDGE('',*,*,#4352,.F.);
#4352 = EDGE_CURVE('',#3461,#4028,#4353,.T.);
#4353 = LINE('',#4354,#4355);
#4354 = CARTESIAN_POINT('',(6.58,-9.88,8.45));
#4355 = VECTOR('',#4356,1.);
#4356 = DIRECTION('',(0.,0.,-1.));
#4357 = ORIENTED_EDGE('',*,*,#3468,.T.);
#4358 = ORIENTED_EDGE('',*,*,#4335,.T.);
#4359 = PLANE('',#4360);
#4360 = AXIS2_PLACEMENT_3D('',#4361,#4362,#4363);
#4361 = CARTESIAN_POINT('',(6.58,-8.33,8.2));
#4362 = DIRECTION('',(1.,0.,0.));
#4363 = DIRECTION('',(0.,0.,-1.));
#4364 = ADVANCED_FACE('',(#4365),#4371,.F.);
#4365 = FACE_BOUND('',#4366,.F.);
#4366 = EDGE_LOOP('',(#4367,#4368,#4369,#4370));
#4367 = ORIENTED_EDGE('',*,*,#4076,.F.);
#4368 = ORIENTED_EDGE('',*,*,#3460,.T.);
#4369 = ORIENTED_EDGE('',*,*,#4352,.T.);
#4370 = ORIENTED_EDGE('',*,*,#4037,.F.);
#4371 = PLANE('',#4372);
#4372 = AXIS2_PLACEMENT_3D('',#4373,#4374,#4375);
#4373 = CARTESIAN_POINT('',(6.48,-9.88,8.7));
#4374 = DIRECTION('',(0.,-1.,0.));
#4375 = DIRECTION('',(0.,0.,-1.));
#4376 = ADVANCED_FACE('',(#4377),#4422,.T.);
#4377 = FACE_BOUND('',#4378,.T.);
#4378 = EDGE_LOOP('',(#4379,#4380,#4389,#4398,#4406,#4415));
#4379 = ORIENTED_EDGE('',*,*,#3529,.T.);
#4380 = ORIENTED_EDGE('',*,*,#4381,.F.);
#4381 = EDGE_CURVE('',#4382,#3532,#4384,.T.);
#4382 = VERTEX_POINT('',#4383);
#4383 = CARTESIAN_POINT('',(9.,13.,5.));
#4384 = CIRCLE('',#4385,2.);
#4385 = AXIS2_PLACEMENT_3D('',#4386,#4387,#4388);
#4386 = CARTESIAN_POINT('',(7.,13.,5.));
#4387 = DIRECTION('',(0.,0.,-1.));
#4388 = DIRECTION('',(1.,0.,0.));
#4389 = ORIENTED_EDGE('',*,*,#4390,.F.);
#4390 = EDGE_CURVE('',#4391,#4382,#4393,.T.);
#4391 = VERTEX_POINT('',#4392);
#4392 = CARTESIAN_POINT('',(8.936491673104,13.5,5.));
#4393 = CIRCLE('',#4394,2.);
#4394 = AXIS2_PLACEMENT_3D('',#4395,#4396,#4397);
#4395 = CARTESIAN_POINT('',(7.,13.,5.));
#4396 = DIRECTION('',(0.,0.,-1.));
#4397 = DIRECTION('',(1.,0.,0.));
#4398 = ORIENTED_EDGE('',*,*,#4399,.T.);
#4399 = EDGE_CURVE('',#4391,#4400,#4402,.T.);
#4400 = VERTEX_POINT('',#4401);
#4401 = CARTESIAN_POINT('',(11.170131892399,13.5,5.));
#4402 = LINE('',#4403,#4404);
#4403 = CARTESIAN_POINT('',(2.8,13.5,5.));
#4404 = VECTOR('',#4405,1.);
#4405 = DIRECTION('',(1.,0.,0.));
#4406 = ORIENTED_EDGE('',*,*,#4407,.T.);
#4407 = EDGE_CURVE('',#4400,#4408,#4410,.T.);
#4408 = VERTEX_POINT('',#4409);
#4409 = CARTESIAN_POINT('',(11.2,13.,5.));
#4410 = CIRCLE('',#4411,4.2);
#4411 = AXIS2_PLACEMENT_3D('',#4412,#4413,#4414);
#4412 = CARTESIAN_POINT('',(7.,13.,5.));
#4413 = DIRECTION('',(0.,0.,-1.));
#4414 = DIRECTION('',(1.,0.,0.));
#4415 = ORIENTED_EDGE('',*,*,#4416,.T.);
#4416 = EDGE_CURVE('',#4408,#3530,#4417,.T.);
#4417 = CIRCLE('',#4418,4.2);
#4418 = AXIS2_PLACEMENT_3D('',#4419,#4420,#4421);
#4419 = CARTESIAN_POINT('',(7.,13.,5.));
#4420 = DIRECTION('',(0.,0.,-1.));
#4421 = DIRECTION('',(1.,0.,0.));
#4422 = PLANE('',#4423);
#4423 = AXIS2_PLACEMENT_3D('',#4424,#4425,#4426);
#4424 = CARTESIAN_POINT('',(7.,13.,5.));
#4425 = DIRECTION('',(0.,0.,-1.));
#4426 = DIRECTION('',(1.,0.,0.));
#4427 = ADVANCED_FACE('',(#4428),#4491,.F.);
#4428 = FACE_BOUND('',#4429,.F.);
#4429 = EDGE_LOOP('',(#4430,#4431,#4439,#4446,#4447,#4456,#4465,#4472,
    #4473,#4474,#4483,#4490));
#4430 = ORIENTED_EDGE('',*,*,#4381,.F.);
#4431 = ORIENTED_EDGE('',*,*,#4432,.F.);
#4432 = EDGE_CURVE('',#4433,#4382,#4435,.T.);
#4433 = VERTEX_POINT('',#4434);
#4434 = CARTESIAN_POINT('',(9.,13.,9.4));
#4435 = LINE('',#4436,#4437);
#4436 = CARTESIAN_POINT('',(9.,13.,11.4));
#4437 = VECTOR('',#4438,1.);
#4438 = DIRECTION('',(0.,0.,-1.));
#4439 = ORIENTED_EDGE('',*,*,#4440,.T.);
#4440 = EDGE_CURVE('',#4433,#3628,#4441,.T.);
#4441 = CIRCLE('',#4442,2.);
#4442 = AXIS2_PLACEMENT_3D('',#4443,#4444,#4445);
#4443 = CARTESIAN_POINT('',(7.,13.,9.4));
#4444 = DIRECTION('',(0.,0.,-1.));
#4445 = DIRECTION('',(1.,0.,0.));
#4446 = ORIENTED_EDGE('',*,*,#3647,.T.);
#4447 = ORIENTED_EDGE('',*,*,#4448,.T.);
#4448 = EDGE_CURVE('',#3640,#4449,#4451,.T.);
#4449 = VERTEX_POINT('',#4450);
#4450 = CARTESIAN_POINT('',(5.063508326896,13.5,9.4));
#4451 = CIRCLE('',#4452,2.);
#4452 = AXIS2_PLACEMENT_3D('',#4453,#4454,#4455);
#4453 = CARTESIAN_POINT('',(7.,13.,9.4));
#4454 = DIRECTION('',(0.,0.,-1.));
#4455 = DIRECTION('',(1.,0.,0.));
#4456 = ORIENTED_EDGE('',*,*,#4457,.T.);
#4457 = EDGE_CURVE('',#4449,#4458,#4460,.T.);
#4458 = VERTEX_POINT('',#4459);
#4459 = CARTESIAN_POINT('',(8.936491673104,13.5,9.4));
#4460 = CIRCLE('',#4461,2.);
#4461 = AXIS2_PLACEMENT_3D('',#4462,#4463,#4464);
#4462 = CARTESIAN_POINT('',(7.,13.,9.4));
#4463 = DIRECTION('',(0.,0.,-1.));
#4464 = DIRECTION('',(1.,0.,0.));
#4465 = ORIENTED_EDGE('',*,*,#4466,.T.);
#4466 = EDGE_CURVE('',#4458,#4433,#4467,.T.);
#4467 = CIRCLE('',#4468,2.);
#4468 = AXIS2_PLACEMENT_3D('',#4469,#4470,#4471);
#4469 = CARTESIAN_POINT('',(7.,13.,9.4));
#4470 = DIRECTION('',(0.,0.,-1.));
#4471 = DIRECTION('',(1.,0.,0.));
#4472 = ORIENTED_EDGE('',*,*,#4432,.T.);
#4473 = ORIENTED_EDGE('',*,*,#4390,.F.);
#4474 = ORIENTED_EDGE('',*,*,#4475,.F.);
#4475 = EDGE_CURVE('',#4476,#4391,#4478,.T.);
#4476 = VERTEX_POINT('',#4477);
#4477 = CARTESIAN_POINT('',(5.063508326896,13.5,5.));
#4478 = CIRCLE('',#4479,2.);
#4479 = AXIS2_PLACEMENT_3D('',#4480,#4481,#4482);
#4480 = CARTESIAN_POINT('',(7.,13.,5.));
#4481 = DIRECTION('',(0.,0.,-1.));
#4482 = DIRECTION('',(1.,0.,0.));
#4483 = ORIENTED_EDGE('',*,*,#4484,.F.);
#4484 = EDGE_CURVE('',#3557,#4476,#4485,.T.);
#4485 = CIRCLE('',#4486,2.);
#4486 = AXIS2_PLACEMENT_3D('',#4487,#4488,#4489);
#4487 = CARTESIAN_POINT('',(7.,13.,5.));
#4488 = DIRECTION('',(0.,0.,-1.));
#4489 = DIRECTION('',(1.,0.,0.));
#4490 = ORIENTED_EDGE('',*,*,#3564,.F.);
#4491 = CYLINDRICAL_SURFACE('',#4492,2.);
#4492 = AXIS2_PLACEMENT_3D('',#4493,#4494,#4495);
#4493 = CARTESIAN_POINT('',(7.,13.,11.4));
#4494 = DIRECTION('',(0.,0.,-1.));
#4495 = DIRECTION('',(1.,0.,0.));
#4496 = ADVANCED_FACE('',(#4497),#4517,.T.);
#4497 = FACE_BOUND('',#4498,.T.);
#4498 = EDGE_LOOP('',(#4499,#4500,#4501,#4510,#4516));
#4499 = ORIENTED_EDGE('',*,*,#3556,.F.);
#4500 = ORIENTED_EDGE('',*,*,#3587,.T.);
#4501 = ORIENTED_EDGE('',*,*,#4502,.T.);
#4502 = EDGE_CURVE('',#3580,#4503,#4505,.T.);
#4503 = VERTEX_POINT('',#4504);
#4504 = CARTESIAN_POINT('',(2.829868107601,13.5,5.));
#4505 = CIRCLE('',#4506,4.2);
#4506 = AXIS2_PLACEMENT_3D('',#4507,#4508,#4509);
#4507 = CARTESIAN_POINT('',(7.,13.,5.));
#4508 = DIRECTION('',(0.,0.,-1.));
#4509 = DIRECTION('',(1.,0.,0.));
#4510 = ORIENTED_EDGE('',*,*,#4511,.T.);
#4511 = EDGE_CURVE('',#4503,#4476,#4512,.T.);
#4512 = LINE('',#4513,#4514);
#4513 = CARTESIAN_POINT('',(2.8,13.5,5.));
#4514 = VECTOR('',#4515,1.);
#4515 = DIRECTION('',(1.,0.,0.));
#4516 = ORIENTED_EDGE('',*,*,#4484,.F.);
#4517 = PLANE('',#4518);
#4518 = AXIS2_PLACEMENT_3D('',#4519,#4520,#4521);
#4519 = CARTESIAN_POINT('',(7.,13.,5.));
#4520 = DIRECTION('',(0.,0.,-1.));
#4521 = DIRECTION('',(1.,0.,0.));
#4522 = ADVANCED_FACE('',(#4523),#4548,.F.);
#4523 = FACE_BOUND('',#4524,.F.);
#4524 = EDGE_LOOP('',(#4525,#4533,#4541,#4547));
#4525 = ORIENTED_EDGE('',*,*,#4526,.F.);
#4526 = EDGE_CURVE('',#4527,#3580,#4529,.T.);
#4527 = VERTEX_POINT('',#4528);
#4528 = CARTESIAN_POINT('',(2.8,13.5,5.));
#4529 = LINE('',#4530,#4531);
#4530 = CARTESIAN_POINT('',(2.8,13.5,5.));
#4531 = VECTOR('',#4532,1.);
#4532 = DIRECTION('',(0.,-1.,0.));
#4533 = ORIENTED_EDGE('',*,*,#4534,.F.);
#4534 = EDGE_CURVE('',#4535,#4527,#4537,.T.);
#4535 = VERTEX_POINT('',#4536);
#4536 = CARTESIAN_POINT('',(2.8,13.5,9.4));
#4537 = LINE('',#4538,#4539);
#4538 = CARTESIAN_POINT('',(2.8,13.5,9.4));
#4539 = VECTOR('',#4540,1.);
#4540 = DIRECTION('',(0.,0.,-1.));
#4541 = ORIENTED_EDGE('',*,*,#4542,.T.);
#4542 = EDGE_CURVE('',#4535,#3605,#4543,.T.);
#4543 = LINE('',#4544,#4545);
#4544 = CARTESIAN_POINT('',(2.8,13.5,9.4));
#4545 = VECTOR('',#4546,1.);
#4546 = DIRECTION('',(0.,-1.,0.));
#4547 = ORIENTED_EDGE('',*,*,#3604,.T.);
#4548 = PLANE('',#4549);
#4549 = AXIS2_PLACEMENT_3D('',#4550,#4551,#4552);
#4550 = CARTESIAN_POINT('',(2.8,13.5,9.4));
#4551 = DIRECTION('',(1.,0.,0.));
#4552 = DIRECTION('',(0.,0.,-1.));
#4553 = ADVANCED_FACE('',(#4554),#4575,.F.);
#4554 = FACE_BOUND('',#4555,.F.);
#4555 = EDGE_LOOP('',(#4556,#4557,#4558,#4559,#4567,#4574));
#4556 = ORIENTED_EDGE('',*,*,#3627,.T.);
#4557 = ORIENTED_EDGE('',*,*,#4440,.F.);
#4558 = ORIENTED_EDGE('',*,*,#4466,.F.);
#4559 = ORIENTED_EDGE('',*,*,#4560,.T.);
#4560 = EDGE_CURVE('',#4458,#4561,#4563,.T.);
#4561 = VERTEX_POINT('',#4562);
#4562 = CARTESIAN_POINT('',(11.170131892399,13.5,9.4));
#4563 = LINE('',#4564,#4565);
#4564 = CARTESIAN_POINT('',(2.8,13.5,9.4));
#4565 = VECTOR('',#4566,1.);
#4566 = DIRECTION('',(1.,0.,0.));
#4567 = ORIENTED_EDGE('',*,*,#4568,.T.);
#4568 = EDGE_CURVE('',#4561,#3711,#4569,.T.);
#4569 = CIRCLE('',#4570,4.2);
#4570 = AXIS2_PLACEMENT_3D('',#4571,#4572,#4573);
#4571 = CARTESIAN_POINT('',(7.,13.,9.4));
#4572 = DIRECTION('',(0.,0.,-1.));
#4573 = DIRECTION('',(1.,0.,0.));
#4574 = ORIENTED_EDGE('',*,*,#3710,.T.);
#4575 = PLANE('',#4576);
#4576 = AXIS2_PLACEMENT_3D('',#4577,#4578,#4579);
#4577 = CARTESIAN_POINT('',(7.,13.,9.4));
#4578 = DIRECTION('',(0.,0.,-1.));
#4579 = DIRECTION('',(1.,0.,0.));
#4580 = ADVANCED_FACE('',(#4581),#4601,.F.);
#4581 = FACE_BOUND('',#4582,.F.);
#4582 = EDGE_LOOP('',(#4583,#4584,#4585,#4594,#4600));
#4583 = ORIENTED_EDGE('',*,*,#3639,.F.);
#4584 = ORIENTED_EDGE('',*,*,#3663,.T.);
#4585 = ORIENTED_EDGE('',*,*,#4586,.T.);
#4586 = EDGE_CURVE('',#3605,#4587,#4589,.T.);
#4587 = VERTEX_POINT('',#4588);
#4588 = CARTESIAN_POINT('',(2.829868107601,13.5,9.4));
#4589 = CIRCLE('',#4590,4.2);
#4590 = AXIS2_PLACEMENT_3D('',#4591,#4592,#4593);
#4591 = CARTESIAN_POINT('',(7.,13.,9.4));
#4592 = DIRECTION('',(0.,0.,-1.));
#4593 = DIRECTION('',(1.,0.,0.));
#4594 = ORIENTED_EDGE('',*,*,#4595,.T.);
#4595 = EDGE_CURVE('',#4587,#4449,#4596,.T.);
#4596 = LINE('',#4597,#4598);
#4597 = CARTESIAN_POINT('',(2.8,13.5,9.4));
#4598 = VECTOR('',#4599,1.);
#4599 = DIRECTION('',(1.,0.,0.));
#4600 = ORIENTED_EDGE('',*,*,#4448,.F.);
#4601 = PLANE('',#4602);
#4602 = AXIS2_PLACEMENT_3D('',#4603,#4604,#4605);
#4603 = CARTESIAN_POINT('',(7.,13.,9.4));
#4604 = DIRECTION('',(0.,0.,-1.));
#4605 = DIRECTION('',(1.,0.,0.));
#4606 = ADVANCED_FACE('',(#4607),#4623,.T.);
#4607 = FACE_BOUND('',#4608,.T.);
#4608 = EDGE_LOOP('',(#4609,#4615,#4621,#4622));
#4609 = ORIENTED_EDGE('',*,*,#4610,.F.);
#4610 = EDGE_CURVE('',#4408,#3689,#4611,.T.);
#4611 = LINE('',#4612,#4613);
#4612 = CARTESIAN_POINT('',(11.2,13.5,5.));
#4613 = VECTOR('',#4614,1.);
#4614 = DIRECTION('',(0.,-1.,0.));
#4615 = ORIENTED_EDGE('',*,*,#4616,.F.);
#4616 = EDGE_CURVE('',#3711,#4408,#4617,.T.);
#4617 = LINE('',#4618,#4619);
#4618 = CARTESIAN_POINT('',(11.2,13.,9.4));
#4619 = VECTOR('',#4620,1.);
#4620 = DIRECTION('',(0.,0.,-1.));
#4621 = ORIENTED_EDGE('',*,*,#3719,.T.);
#4622 = ORIENTED_EDGE('',*,*,#3696,.T.);
#4623 = PLANE('',#4624);
#4624 = AXIS2_PLACEMENT_3D('',#4625,#4626,#4627);
#4625 = CARTESIAN_POINT('',(11.2,13.5,9.4));
#4626 = DIRECTION('',(1.,0.,0.));
#4627 = DIRECTION('',(0.,0.,-1.));
#4628 = ADVANCED_FACE('',(#4629),#4636,.T.);
#4629 = FACE_BOUND('',#4630,.T.);
#4630 = EDGE_LOOP('',(#4631,#4632,#4633,#4634,#4635));
#4631 = ORIENTED_EDGE('',*,*,#4416,.F.);
#4632 = ORIENTED_EDGE('',*,*,#4610,.T.);
#4633 = ORIENTED_EDGE('',*,*,#3688,.F.);
#4634 = ORIENTED_EDGE('',*,*,#4092,.F.);
#4635 = ORIENTED_EDGE('',*,*,#4102,.T.);
#4636 = PLANE('',#4637);
#4637 = AXIS2_PLACEMENT_3D('',#4638,#4639,#4640);
#4638 = CARTESIAN_POINT('',(2.8,13.5,5.));
#4639 = DIRECTION('',(0.,0.,-1.));
#4640 = DIRECTION('',(1.,0.,0.));
#4641 = ADVANCED_FACE('',(#4642),#4659,.T.);
#4642 = FACE_BOUND('',#4643,.T.);
#4643 = EDGE_LOOP('',(#4644,#4645,#4653));
#4644 = ORIENTED_EDGE('',*,*,#4407,.F.);
#4645 = ORIENTED_EDGE('',*,*,#4646,.T.);
#4646 = EDGE_CURVE('',#4400,#4647,#4649,.T.);
#4647 = VERTEX_POINT('',#4648);
#4648 = CARTESIAN_POINT('',(11.2,13.5,5.));
#4649 = LINE('',#4650,#4651);
#4650 = CARTESIAN_POINT('',(2.8,13.5,5.));
#4651 = VECTOR('',#4652,1.);
#4652 = DIRECTION('',(1.,0.,0.));
#4653 = ORIENTED_EDGE('',*,*,#4654,.T.);
#4654 = EDGE_CURVE('',#4647,#4408,#4655,.T.);
#4655 = LINE('',#4656,#4657);
#4656 = CARTESIAN_POINT('',(11.2,13.5,5.));
#4657 = VECTOR('',#4658,1.);
#4658 = DIRECTION('',(0.,-1.,0.));
#4659 = PLANE('',#4660);
#4660 = AXIS2_PLACEMENT_3D('',#4661,#4662,#4663);
#4661 = CARTESIAN_POINT('',(2.8,13.5,5.));
#4662 = DIRECTION('',(0.,0.,-1.));
#4663 = DIRECTION('',(1.,0.,0.));
#4664 = ADVANCED_FACE('',(#4665),#4677,.T.);
#4665 = FACE_BOUND('',#4666,.T.);
#4666 = EDGE_LOOP('',(#4667,#4668,#4675,#4676));
#4667 = ORIENTED_EDGE('',*,*,#4511,.F.);
#4668 = ORIENTED_EDGE('',*,*,#4669,.T.);
#4669 = EDGE_CURVE('',#4503,#4400,#4670,.T.);
#4670 = CIRCLE('',#4671,4.2);
#4671 = AXIS2_PLACEMENT_3D('',#4672,#4673,#4674);
#4672 = CARTESIAN_POINT('',(7.,13.,5.));
#4673 = DIRECTION('',(0.,0.,-1.));
#4674 = DIRECTION('',(1.,0.,0.));
#4675 = ORIENTED_EDGE('',*,*,#4399,.F.);
#4676 = ORIENTED_EDGE('',*,*,#4475,.F.);
#4677 = PLANE('',#4678);
#4678 = AXIS2_PLACEMENT_3D('',#4679,#4680,#4681);
#4679 = CARTESIAN_POINT('',(7.,13.,5.));
#4680 = DIRECTION('',(0.,0.,-1.));
#4681 = DIRECTION('',(1.,0.,0.));
#4682 = ADVANCED_FACE('',(#4683),#4695,.F.);
#4683 = FACE_BOUND('',#4684,.F.);
#4684 = EDGE_LOOP('',(#4685,#4686,#4693,#4694));
#4685 = ORIENTED_EDGE('',*,*,#4595,.F.);
#4686 = ORIENTED_EDGE('',*,*,#4687,.T.);
#4687 = EDGE_CURVE('',#4587,#4561,#4688,.T.);
#4688 = CIRCLE('',#4689,4.2);
#4689 = AXIS2_PLACEMENT_3D('',#4690,#4691,#4692);
#4690 = CARTESIAN_POINT('',(7.,13.,9.4));
#4691 = DIRECTION('',(0.,0.,-1.));
#4692 = DIRECTION('',(1.,0.,0.));
#4693 = ORIENTED_EDGE('',*,*,#4560,.F.);
#4694 = ORIENTED_EDGE('',*,*,#4457,.F.);
#4695 = PLANE('',#4696);
#4696 = AXIS2_PLACEMENT_3D('',#4697,#4698,#4699);
#4697 = CARTESIAN_POINT('',(7.,13.,9.4));
#4698 = DIRECTION('',(0.,0.,-1.));
#4699 = DIRECTION('',(1.,0.,0.));
#4700 = ADVANCED_FACE('',(#4701),#4711,.T.);
#4701 = FACE_BOUND('',#4702,.T.);
#4702 = EDGE_LOOP('',(#4703,#4704,#4710));
#4703 = ORIENTED_EDGE('',*,*,#4526,.F.);
#4704 = ORIENTED_EDGE('',*,*,#4705,.T.);
#4705 = EDGE_CURVE('',#4527,#4503,#4706,.T.);
#4706 = LINE('',#4707,#4708);
#4707 = CARTESIAN_POINT('',(2.8,13.5,5.));
#4708 = VECTOR('',#4709,1.);
#4709 = DIRECTION('',(1.,0.,0.));
#4710 = ORIENTED_EDGE('',*,*,#4502,.F.);
#4711 = PLANE('',#4712);
#4712 = AXIS2_PLACEMENT_3D('',#4713,#4714,#4715);
#4713 = CARTESIAN_POINT('',(2.8,13.5,5.));
#4714 = DIRECTION('',(0.,0.,-1.));
#4715 = DIRECTION('',(1.,0.,0.));
#4716 = ADVANCED_FACE('',(#4717),#4727,.F.);
#4717 = FACE_BOUND('',#4718,.F.);
#4718 = EDGE_LOOP('',(#4719,#4720,#4726));
#4719 = ORIENTED_EDGE('',*,*,#4542,.F.);
#4720 = ORIENTED_EDGE('',*,*,#4721,.T.);
#4721 = EDGE_CURVE('',#4535,#4587,#4722,.T.);
#4722 = LINE('',#4723,#4724);
#4723 = CARTESIAN_POINT('',(2.8,13.5,9.4));
#4724 = VECTOR('',#4725,1.);
#4725 = DIRECTION('',(1.,0.,0.));
#4726 = ORIENTED_EDGE('',*,*,#4586,.F.);
#4727 = PLANE('',#4728);
#4728 = AXIS2_PLACEMENT_3D('',#4729,#4730,#4731);
#4729 = CARTESIAN_POINT('',(2.8,13.5,9.4));
#4730 = DIRECTION('',(0.,0.,-1.));
#4731 = DIRECTION('',(1.,0.,0.));
#4732 = ADVANCED_FACE('',(#4733),#4744,.F.);
#4733 = FACE_BOUND('',#4734,.F.);
#4734 = EDGE_LOOP('',(#4735,#4736,#4737,#4738));
#4735 = ORIENTED_EDGE('',*,*,#4721,.F.);
#4736 = ORIENTED_EDGE('',*,*,#4534,.T.);
#4737 = ORIENTED_EDGE('',*,*,#4705,.T.);
#4738 = ORIENTED_EDGE('',*,*,#4739,.F.);
#4739 = EDGE_CURVE('',#4587,#4503,#4740,.T.);
#4740 = LINE('',#4741,#4742);
#4741 = CARTESIAN_POINT('',(2.829868107601,13.5,9.4));
#4742 = VECTOR('',#4743,1.);
#4743 = DIRECTION('',(0.,0.,-1.));
#4744 = PLANE('',#4745);
#4745 = AXIS2_PLACEMENT_3D('',#4746,#4747,#4748);
#4746 = CARTESIAN_POINT('',(2.8,13.5,9.4));
#4747 = DIRECTION('',(0.,-1.,0.));
#4748 = DIRECTION('',(0.,0.,-1.));
#4749 = ADVANCED_FACE('',(#4750),#4767,.F.);
#4750 = FACE_BOUND('',#4751,.F.);
#4751 = EDGE_LOOP('',(#4752,#4753,#4761));
#4752 = ORIENTED_EDGE('',*,*,#4568,.F.);
#4753 = ORIENTED_EDGE('',*,*,#4754,.T.);
#4754 = EDGE_CURVE('',#4561,#4755,#4757,.T.);
#4755 = VERTEX_POINT('',#4756);
#4756 = CARTESIAN_POINT('',(11.2,13.5,9.4));
#4757 = LINE('',#4758,#4759);
#4758 = CARTESIAN_POINT('',(2.8,13.5,9.4));
#4759 = VECTOR('',#4760,1.);
#4760 = DIRECTION('',(1.,0.,0.));
#4761 = ORIENTED_EDGE('',*,*,#4762,.T.);
#4762 = EDGE_CURVE('',#4755,#3711,#4763,.T.);
#4763 = LINE('',#4764,#4765);
#4764 = CARTESIAN_POINT('',(11.2,13.5,9.4));
#4765 = VECTOR('',#4766,1.);
#4766 = DIRECTION('',(0.,-1.,0.));
#4767 = PLANE('',#4768);
#4768 = AXIS2_PLACEMENT_3D('',#4769,#4770,#4771);
#4769 = CARTESIAN_POINT('',(2.8,13.5,9.4));
#4770 = DIRECTION('',(0.,0.,-1.));
#4771 = DIRECTION('',(1.,0.,0.));
#4772 = ADVANCED_FACE('',(#4773),#4784,.T.);
#4773 = FACE_BOUND('',#4774,.T.);
#4774 = EDGE_LOOP('',(#4775,#4776,#4782,#4783));
#4775 = ORIENTED_EDGE('',*,*,#4654,.F.);
#4776 = ORIENTED_EDGE('',*,*,#4777,.F.);
#4777 = EDGE_CURVE('',#4755,#4647,#4778,.T.);
#4778 = LINE('',#4779,#4780);
#4779 = CARTESIAN_POINT('',(11.2,13.5,9.4));
#4780 = VECTOR('',#4781,1.);
#4781 = DIRECTION('',(0.,0.,-1.));
#4782 = ORIENTED_EDGE('',*,*,#4762,.T.);
#4783 = ORIENTED_EDGE('',*,*,#4616,.T.);
#4784 = PLANE('',#4785);
#4785 = AXIS2_PLACEMENT_3D('',#4786,#4787,#4788);
#4786 = CARTESIAN_POINT('',(11.2,13.5,9.4));
#4787 = DIRECTION('',(1.,0.,0.));
#4788 = DIRECTION('',(0.,0.,-1.));
#4789 = ADVANCED_FACE('',(#4790),#4801,.F.);
#4790 = FACE_BOUND('',#4791,.F.);
#4791 = EDGE_LOOP('',(#4792,#4793,#4799,#4800));
#4792 = ORIENTED_EDGE('',*,*,#4754,.F.);
#4793 = ORIENTED_EDGE('',*,*,#4794,.T.);
#4794 = EDGE_CURVE('',#4561,#4400,#4795,.T.);
#4795 = LINE('',#4796,#4797);
#4796 = CARTESIAN_POINT('',(11.170131892399,13.5,9.4));
#4797 = VECTOR('',#4798,1.);
#4798 = DIRECTION('',(0.,0.,-1.));
#4799 = ORIENTED_EDGE('',*,*,#4646,.T.);
#4800 = ORIENTED_EDGE('',*,*,#4777,.F.);
#4801 = PLANE('',#4802);
#4802 = AXIS2_PLACEMENT_3D('',#4803,#4804,#4805);
#4803 = CARTESIAN_POINT('',(2.8,13.5,9.4));
#4804 = DIRECTION('',(0.,-1.,0.));
#4805 = DIRECTION('',(0.,0.,-1.));
#4806 = ADVANCED_FACE('',(#4807),#4813,.T.);
#4807 = FACE_BOUND('',#4808,.T.);
#4808 = EDGE_LOOP('',(#4809,#4810,#4811,#4812));
#4809 = ORIENTED_EDGE('',*,*,#4687,.T.);
#4810 = ORIENTED_EDGE('',*,*,#4794,.T.);
#4811 = ORIENTED_EDGE('',*,*,#4669,.F.);
#4812 = ORIENTED_EDGE('',*,*,#4739,.F.);
#4813 = CYLINDRICAL_SURFACE('',#4814,4.2);
#4814 = AXIS2_PLACEMENT_3D('',#4815,#4816,#4817);
#4815 = CARTESIAN_POINT('',(7.,13.,9.4));
#4816 = DIRECTION('',(0.,0.,-1.));
#4817 = DIRECTION('',(1.,0.,0.));
#4818 = MANIFOLD_SOLID_BREP('',#4819);
#4819 = CLOSED_SHELL('',(#4820,#4860,#4907,#4988,#5012,#5029,#5041,#5072
    ,#5104,#5136,#5153,#5184,#5208,#5232,#5249,#5266,#5278));
#4820 = ADVANCED_FACE('',(#4821),#4855,.F.);
#4821 = FACE_BOUND('',#4822,.F.);
#4822 = EDGE_LOOP('',(#4823,#4833,#4841,#4849));
#4823 = ORIENTED_EDGE('',*,*,#4824,.F.);
#4824 = EDGE_CURVE('',#4825,#4827,#4829,.T.);
#4825 = VERTEX_POINT('',#4826);
#4826 = CARTESIAN_POINT('',(-8.75,-10.5,2.));
#4827 = VERTEX_POINT('',#4828);
#4828 = CARTESIAN_POINT('',(-8.75,-10.5,3.4));
#4829 = LINE('',#4830,#4831);
#4830 = CARTESIAN_POINT('',(-8.75,-10.5,2.));
#4831 = VECTOR('',#4832,1.);
#4832 = DIRECTION('',(0.,0.,1.));
#4833 = ORIENTED_EDGE('',*,*,#4834,.T.);
#4834 = EDGE_CURVE('',#4825,#4835,#4837,.T.);
#4835 = VERTEX_POINT('',#4836);
#4836 = CARTESIAN_POINT('',(-8.75,10.5,2.));
#4837 = LINE('',#4838,#4839);
#4838 = CARTESIAN_POINT('',(-8.75,-10.5,2.));
#4839 = VECTOR('',#4840,1.);
#4840 = DIRECTION('',(0.,1.,0.));
#4841 = ORIENTED_EDGE('',*,*,#4842,.T.);
#4842 = EDGE_CURVE('',#4835,#4843,#4845,.T.);
#4843 = VERTEX_POINT('',#4844);
#4844 = CARTESIAN_POINT('',(-8.75,10.5,3.4));
#4845 = LINE('',#4846,#4847);
#4846 = CARTESIAN_POINT('',(-8.75,10.5,2.));
#4847 = VECTOR('',#4848,1.);
#4848 = DIRECTION('',(0.,0.,1.));
#4849 = ORIENTED_EDGE('',*,*,#4850,.F.);
#4850 = EDGE_CURVE('',#4827,#4843,#4851,.T.);
#4851 = LINE('',#4852,#4853);
#4852 = CARTESIAN_POINT('',(-8.75,-10.5,3.4));
#4853 = VECTOR('',#4854,1.);
#4854 = DIRECTION('',(0.,1.,0.));
#4855 = PLANE('',#4856);
#4856 = AXIS2_PLACEMENT_3D('',#4857,#4858,#4859);
#4857 = CARTESIAN_POINT('',(-8.75,-10.5,2.));
#4858 = DIRECTION('',(1.,0.,0.));
#4859 = DIRECTION('',(0.,0.,1.));
#4860 = ADVANCED_FACE('',(#4861),#4902,.F.);
#4861 = FACE_BOUND('',#4862,.F.);
#4862 = EDGE_LOOP('',(#4863,#4871,#4872,#4880,#4888,#4896));
#4863 = ORIENTED_EDGE('',*,*,#4864,.F.);
#4864 = EDGE_CURVE('',#4825,#4865,#4867,.T.);
#4865 = VERTEX_POINT('',#4866);
#4866 = CARTESIAN_POINT('',(8.75,-10.5,2.));
#4867 = LINE('',#4868,#4869);
#4868 = CARTESIAN_POINT('',(-8.75,-10.5,2.));
#4869 = VECTOR('',#4870,1.);
#4870 = DIRECTION('',(1.,0.,0.));
#4871 = ORIENTED_EDGE('',*,*,#4824,.T.);
#4872 = ORIENTED_EDGE('',*,*,#4873,.T.);
#4873 = EDGE_CURVE('',#4827,#4874,#4876,.T.);
#4874 = VERTEX_POINT('',#4875);
#4875 = CARTESIAN_POINT('',(-4.47,-10.5,3.4));
#4876 = LINE('',#4877,#4878);
#4877 = CARTESIAN_POINT('',(-8.75,-10.5,3.4));
#4878 = VECTOR('',#4879,1.);
#4879 = DIRECTION('',(1.,0.,0.));
#4880 = ORIENTED_EDGE('',*,*,#4881,.T.);
#4881 = EDGE_CURVE('',#4874,#4882,#4884,.T.);
#4882 = VERTEX_POINT('',#4883);
#4883 = CARTESIAN_POINT('',(4.47,-10.5,3.4));
#4884 = LINE('',#4885,#4886);
#4885 = CARTESIAN_POINT('',(-8.75,-10.5,3.4));
#4886 = VECTOR('',#4887,1.);
#4887 = DIRECTION('',(1.,0.,0.));
#4888 = ORIENTED_EDGE('',*,*,#4889,.T.);
#4889 = EDGE_CURVE('',#4882,#4890,#4892,.T.);
#4890 = VERTEX_POINT('',#4891);
#4891 = CARTESIAN_POINT('',(8.75,-10.5,3.4));
#4892 = LINE('',#4893,#4894);
#4893 = CARTESIAN_POINT('',(-8.75,-10.5,3.4));
#4894 = VECTOR('',#4895,1.);
#4895 = DIRECTION('',(1.,0.,0.));
#4896 = ORIENTED_EDGE('',*,*,#4897,.F.);
#4897 = EDGE_CURVE('',#4865,#4890,#4898,.T.);
#4898 = LINE('',#4899,#4900);
#4899 = CARTESIAN_POINT('',(8.75,-10.5,2.));
#4900 = VECTOR('',#4901,1.);
#4901 = DIRECTION('',(0.,0.,1.));
#4902 = PLANE('',#4903);
#4903 = AXIS2_PLACEMENT_3D('',#4904,#4905,#4906);
#4904 = CARTESIAN_POINT('',(-8.75,-10.5,2.));
#4905 = DIRECTION('',(0.,1.,0.));
#4906 = DIRECTION('',(0.,0.,1.));
#4907 = ADVANCED_FACE('',(#4908,#4949),#4983,.T.);
#4908 = FACE_BOUND('',#4909,.T.);
#4909 = EDGE_LOOP('',(#4910,#4918,#4919,#4920,#4928,#4936,#4942,#4943));
#4910 = ORIENTED_EDGE('',*,*,#4911,.F.);
#4911 = EDGE_CURVE('',#4843,#4912,#4914,.T.);
#4912 = VERTEX_POINT('',#4913);
#4913 = CARTESIAN_POINT('',(8.75,10.5,3.4));
#4914 = LINE('',#4915,#4916);
#4915 = CARTESIAN_POINT('',(-8.75,10.5,3.4));
#4916 = VECTOR('',#4917,1.);
#4917 = DIRECTION('',(1.,0.,0.));
#4918 = ORIENTED_EDGE('',*,*,#4850,.F.);
#4919 = ORIENTED_EDGE('',*,*,#4873,.T.);
#4920 = ORIENTED_EDGE('',*,*,#4921,.T.);
#4921 = EDGE_CURVE('',#4874,#4922,#4924,.T.);
#4922 = VERTEX_POINT('',#4923);
#4923 = CARTESIAN_POINT('',(-4.47,-4.15,3.4));
#4924 = LINE('',#4925,#4926);
#4925 = CARTESIAN_POINT('',(-4.47,-11.5,3.4));
#4926 = VECTOR('',#4927,1.);
#4927 = DIRECTION('',(0.,1.,0.));
#4928 = ORIENTED_EDGE('',*,*,#4929,.T.);
#4929 = EDGE_CURVE('',#4922,#4930,#4932,.T.);
#4930 = VERTEX_POINT('',#4931);
#4931 = CARTESIAN_POINT('',(4.47,-4.15,3.4));
#4932 = LINE('',#4933,#4934);
#4933 = CARTESIAN_POINT('',(-4.47,-4.15,3.4));
#4934 = VECTOR('',#4935,1.);
#4935 = DIRECTION('',(1.,0.,0.));
#4936 = ORIENTED_EDGE('',*,*,#4937,.F.);
#4937 = EDGE_CURVE('',#4882,#4930,#4938,.T.);
#4938 = LINE('',#4939,#4940);
#4939 = CARTESIAN_POINT('',(4.47,-11.5,3.4));
#4940 = VECTOR('',#4941,1.);
#4941 = DIRECTION('',(0.,1.,0.));
#4942 = ORIENTED_EDGE('',*,*,#4889,.T.);
#4943 = ORIENTED_EDGE('',*,*,#4944,.T.);
#4944 = EDGE_CURVE('',#4890,#4912,#4945,.T.);
#4945 = LINE('',#4946,#4947);
#4946 = CARTESIAN_POINT('',(8.75,-10.5,3.4));
#4947 = VECTOR('',#4948,1.);
#4948 = DIRECTION('',(0.,1.,0.));
#4949 = FACE_BOUND('',#4950,.T.);
#4950 = EDGE_LOOP('',(#4951,#4961,#4969,#4977));
#4951 = ORIENTED_EDGE('',*,*,#4952,.F.);
#4952 = EDGE_CURVE('',#4953,#4955,#4957,.T.);
#4953 = VERTEX_POINT('',#4954);
#4954 = CARTESIAN_POINT('',(-6.,-2.,3.4));
#4955 = VERTEX_POINT('',#4956);
#4956 = CARTESIAN_POINT('',(6.,-2.,3.4));
#4957 = LINE('',#4958,#4959);
#4958 = CARTESIAN_POINT('',(-6.,-2.,3.4));
#4959 = VECTOR('',#4960,1.);
#4960 = DIRECTION('',(1.,0.,0.));
#4961 = ORIENTED_EDGE('',*,*,#4962,.T.);
#4962 = EDGE_CURVE('',#4953,#4963,#4965,.T.);
#4963 = VERTEX_POINT('',#4964);
#4964 = CARTESIAN_POINT('',(-6.,8.,3.4));
#4965 = LINE('',#4966,#4967);
#4966 = CARTESIAN_POINT('',(-6.,-2.,3.4));
#4967 = VECTOR('',#4968,1.);
#4968 = DIRECTION('',(0.,1.,0.));
#4969 = ORIENTED_EDGE('',*,*,#4970,.T.);
#4970 = EDGE_CURVE('',#4963,#4971,#4973,.T.);
#4971 = VERTEX_POINT('',#4972);
#4972 = CARTESIAN_POINT('',(6.,8.,3.4));
#4973 = LINE('',#4974,#4975);
#4974 = CARTESIAN_POINT('',(-6.,8.,3.4));
#4975 = VECTOR('',#4976,1.);
#4976 = DIRECTION('',(1.,0.,0.));
#4977 = ORIENTED_EDGE('',*,*,#4978,.F.);
#4978 = EDGE_CURVE('',#4955,#4971,#4979,.T.);
#4979 = LINE('',#4980,#4981);
#4980 = CARTESIAN_POINT('',(6.,-2.,3.4));
#4981 = VECTOR('',#4982,1.);
#4982 = DIRECTION('',(0.,1.,0.));
#4983 = PLANE('',#4984);
#4984 = AXIS2_PLACEMENT_3D('',#4985,#4986,#4987);
#4985 = CARTESIAN_POINT('',(-8.75,-10.5,3.4));
#4986 = DIRECTION('',(0.,0.,1.));
#4987 = DIRECTION('',(1.,0.,0.));
#4988 = ADVANCED_FACE('',(#4989),#5007,.T.);
#4989 = FACE_BOUND('',#4990,.T.);
#4990 = EDGE_LOOP('',(#4991,#4999,#5000,#5001));
#4991 = ORIENTED_EDGE('',*,*,#4992,.F.);
#4992 = EDGE_CURVE('',#4835,#4993,#4995,.T.);
#4993 = VERTEX_POINT('',#4994);
#4994 = CARTESIAN_POINT('',(8.75,10.5,2.));
#4995 = LINE('',#4996,#4997);
#4996 = CARTESIAN_POINT('',(-8.75,10.5,2.));
#4997 = VECTOR('',#4998,1.);
#4998 = DIRECTION('',(1.,0.,0.));
#4999 = ORIENTED_EDGE('',*,*,#4842,.T.);
#5000 = ORIENTED_EDGE('',*,*,#4911,.T.);
#5001 = ORIENTED_EDGE('',*,*,#5002,.F.);
#5002 = EDGE_CURVE('',#4993,#4912,#5003,.T.);
#5003 = LINE('',#5004,#5005);
#5004 = CARTESIAN_POINT('',(8.75,10.5,2.));
#5005 = VECTOR('',#5006,1.);
#5006 = DIRECTION('',(0.,0.,1.));
#5007 = PLANE('',#5008);
#5008 = AXIS2_PLACEMENT_3D('',#5009,#5010,#5011);
#5009 = CARTESIAN_POINT('',(-8.75,10.5,2.));
#5010 = DIRECTION('',(0.,1.,0.));
#5011 = DIRECTION('',(0.,0.,1.));
#5012 = ADVANCED_FACE('',(#5013),#5024,.F.);
#5013 = FACE_BOUND('',#5014,.F.);
#5014 = EDGE_LOOP('',(#5015,#5016,#5017,#5023));
#5015 = ORIENTED_EDGE('',*,*,#4834,.F.);
#5016 = ORIENTED_EDGE('',*,*,#4864,.T.);
#5017 = ORIENTED_EDGE('',*,*,#5018,.T.);
#5018 = EDGE_CURVE('',#4865,#4993,#5019,.T.);
#5019 = LINE('',#5020,#5021);
#5020 = CARTESIAN_POINT('',(8.75,-10.5,2.));
#5021 = VECTOR('',#5022,1.);
#5022 = DIRECTION('',(0.,1.,0.));
#5023 = ORIENTED_EDGE('',*,*,#4992,.F.);
#5024 = PLANE('',#5025);
#5025 = AXIS2_PLACEMENT_3D('',#5026,#5027,#5028);
#5026 = CARTESIAN_POINT('',(-8.75,-10.5,2.));
#5027 = DIRECTION('',(0.,0.,1.));
#5028 = DIRECTION('',(1.,0.,0.));
#5029 = ADVANCED_FACE('',(#5030),#5036,.T.);
#5030 = FACE_BOUND('',#5031,.T.);
#5031 = EDGE_LOOP('',(#5032,#5033,#5034,#5035));
#5032 = ORIENTED_EDGE('',*,*,#4897,.F.);
#5033 = ORIENTED_EDGE('',*,*,#5018,.T.);
#5034 = ORIENTED_EDGE('',*,*,#5002,.T.);
#5035 = ORIENTED_EDGE('',*,*,#4944,.F.);
#5036 = PLANE('',#5037);
#5037 = AXIS2_PLACEMENT_3D('',#5038,#5039,#5040);
#5038 = CARTESIAN_POINT('',(8.75,-10.5,2.));
#5039 = DIRECTION('',(1.,0.,0.));
#5040 = DIRECTION('',(0.,0.,1.));
#5041 = ADVANCED_FACE('',(#5042),#5067,.F.);
#5042 = FACE_BOUND('',#5043,.F.);
#5043 = EDGE_LOOP('',(#5044,#5052,#5060,#5066));
#5044 = ORIENTED_EDGE('',*,*,#5045,.F.);
#5045 = EDGE_CURVE('',#5046,#4874,#5048,.T.);
#5046 = VERTEX_POINT('',#5047);
#5047 = CARTESIAN_POINT('',(-4.47,-11.5,3.4));
#5048 = LINE('',#5049,#5050);
#5049 = CARTESIAN_POINT('',(-4.47,-11.5,3.4));
#5050 = VECTOR('',#5051,1.);
#5051 = DIRECTION('',(0.,1.,0.));
#5052 = ORIENTED_EDGE('',*,*,#5053,.T.);
#5053 = EDGE_CURVE('',#5046,#5054,#5056,.T.);
#5054 = VERTEX_POINT('',#5055);
#5055 = CARTESIAN_POINT('',(4.47,-11.5,3.4));
#5056 = LINE('',#5057,#5058);
#5057 = CARTESIAN_POINT('',(-4.47,-11.5,3.4));
#5058 = VECTOR('',#5059,1.);
#5059 = DIRECTION('',(1.,0.,0.));
#5060 = ORIENTED_EDGE('',*,*,#5061,.T.);
#5061 = EDGE_CURVE('',#5054,#4882,#5062,.T.);
#5062 = LINE('',#5063,#5064);
#5063 = CARTESIAN_POINT('',(4.47,-11.5,3.4));
#5064 = VECTOR('',#5065,1.);
#5065 = DIRECTION('',(0.,1.,0.));
#5066 = ORIENTED_EDGE('',*,*,#4881,.F.);
#5067 = PLANE('',#5068);
#5068 = AXIS2_PLACEMENT_3D('',#5069,#5070,#5071);
#5069 = CARTESIAN_POINT('',(-4.47,-11.5,3.4));
#5070 = DIRECTION('',(0.,0.,1.));
#5071 = DIRECTION('',(1.,0.,0.));
#5072 = ADVANCED_FACE('',(#5073),#5099,.T.);
#5073 = FACE_BOUND('',#5074,.T.);
#5074 = EDGE_LOOP('',(#5075,#5083,#5084,#5085,#5093));
#5075 = ORIENTED_EDGE('',*,*,#5076,.F.);
#5076 = EDGE_CURVE('',#5054,#5077,#5079,.T.);
#5077 = VERTEX_POINT('',#5078);
#5078 = CARTESIAN_POINT('',(4.47,-11.5,6.56));
#5079 = LINE('',#5080,#5081);
#5080 = CARTESIAN_POINT('',(4.47,-11.5,3.4));
#5081 = VECTOR('',#5082,1.);
#5082 = DIRECTION('',(0.,0.,1.));
#5083 = ORIENTED_EDGE('',*,*,#5061,.T.);
#5084 = ORIENTED_EDGE('',*,*,#4937,.T.);
#5085 = ORIENTED_EDGE('',*,*,#5086,.T.);
#5086 = EDGE_CURVE('',#4930,#5087,#5089,.T.);
#5087 = VERTEX_POINT('',#5088);
#5088 = CARTESIAN_POINT('',(4.47,-4.15,6.56));
#5089 = LINE('',#5090,#5091);
#5090 = CARTESIAN_POINT('',(4.47,-4.15,3.4));
#5091 = VECTOR('',#5092,1.);
#5092 = DIRECTION('',(0.,0.,1.));
#5093 = ORIENTED_EDGE('',*,*,#5094,.F.);
#5094 = EDGE_CURVE('',#5077,#5087,#5095,.T.);
#5095 = LINE('',#5096,#5097);
#5096 = CARTESIAN_POINT('',(4.47,-11.5,6.56));
#5097 = VECTOR('',#5098,1.);
#5098 = DIRECTION('',(0.,1.,0.));
#5099 = PLANE('',#5100);
#5100 = AXIS2_PLACEMENT_3D('',#5101,#5102,#5103);
#5101 = CARTESIAN_POINT('',(4.47,-11.5,3.4));
#5102 = DIRECTION('',(1.,0.,0.));
#5103 = DIRECTION('',(0.,0.,1.));
#5104 = ADVANCED_FACE('',(#5105),#5131,.F.);
#5105 = FACE_BOUND('',#5106,.F.);
#5106 = EDGE_LOOP('',(#5107,#5115,#5116,#5117,#5125));
#5107 = ORIENTED_EDGE('',*,*,#5108,.F.);
#5108 = EDGE_CURVE('',#5046,#5109,#5111,.T.);
#5109 = VERTEX_POINT('',#5110);
#5110 = CARTESIAN_POINT('',(-4.47,-11.5,6.56));
#5111 = LINE('',#5112,#5113);
#5112 = CARTESIAN_POINT('',(-4.47,-11.5,3.4));
#5113 = VECTOR('',#5114,1.);
#5114 = DIRECTION('',(0.,0.,1.));
#5115 = ORIENTED_EDGE('',*,*,#5045,.T.);
#5116 = ORIENTED_EDGE('',*,*,#4921,.T.);
#5117 = ORIENTED_EDGE('',*,*,#5118,.T.);
#5118 = EDGE_CURVE('',#4922,#5119,#5121,.T.);
#5119 = VERTEX_POINT('',#5120);
#5120 = CARTESIAN_POINT('',(-4.47,-4.15,6.56));
#5121 = LINE('',#5122,#5123);
#5122 = CARTESIAN_POINT('',(-4.47,-4.15,3.4));
#5123 = VECTOR('',#5124,1.);
#5124 = DIRECTION('',(0.,0.,1.));
#5125 = ORIENTED_EDGE('',*,*,#5126,.F.);
#5126 = EDGE_CURVE('',#5109,#5119,#5127,.T.);
#5127 = LINE('',#5128,#5129);
#5128 = CARTESIAN_POINT('',(-4.47,-11.5,6.56));
#5129 = VECTOR('',#5130,1.);
#5130 = DIRECTION('',(0.,1.,0.));
#5131 = PLANE('',#5132);
#5132 = AXIS2_PLACEMENT_3D('',#5133,#5134,#5135);
#5133 = CARTESIAN_POINT('',(-4.47,-11.5,3.4));
#5134 = DIRECTION('',(1.,0.,0.));
#5135 = DIRECTION('',(0.,0.,1.));
#5136 = ADVANCED_FACE('',(#5137),#5148,.T.);
#5137 = FACE_BOUND('',#5138,.T.);
#5138 = EDGE_LOOP('',(#5139,#5140,#5141,#5147));
#5139 = ORIENTED_EDGE('',*,*,#4929,.F.);
#5140 = ORIENTED_EDGE('',*,*,#5118,.T.);
#5141 = ORIENTED_EDGE('',*,*,#5142,.T.);
#5142 = EDGE_CURVE('',#5119,#5087,#5143,.T.);
#5143 = LINE('',#5144,#5145);
#5144 = CARTESIAN_POINT('',(-4.47,-4.15,6.56));
#5145 = VECTOR('',#5146,1.);
#5146 = DIRECTION('',(1.,0.,0.));
#5147 = ORIENTED_EDGE('',*,*,#5086,.F.);
#5148 = PLANE('',#5149);
#5149 = AXIS2_PLACEMENT_3D('',#5150,#5151,#5152);
#5150 = CARTESIAN_POINT('',(-4.47,-4.15,3.4));
#5151 = DIRECTION('',(0.,1.,0.));
#5152 = DIRECTION('',(0.,0.,1.));
#5153 = ADVANCED_FACE('',(#5154),#5179,.F.);
#5154 = FACE_BOUND('',#5155,.F.);
#5155 = EDGE_LOOP('',(#5156,#5157,#5165,#5173));
#5156 = ORIENTED_EDGE('',*,*,#4952,.F.);
#5157 = ORIENTED_EDGE('',*,*,#5158,.T.);
#5158 = EDGE_CURVE('',#4953,#5159,#5161,.T.);
#5159 = VERTEX_POINT('',#5160);
#5160 = CARTESIAN_POINT('',(-6.,-2.,5.4));
#5161 = LINE('',#5162,#5163);
#5162 = CARTESIAN_POINT('',(-6.,-2.,3.4));
#5163 = VECTOR('',#5164,1.);
#5164 = DIRECTION('',(0.,0.,1.));
#5165 = ORIENTED_EDGE('',*,*,#5166,.T.);
#5166 = EDGE_CURVE('',#5159,#5167,#5169,.T.);
#5167 = VERTEX_POINT('',#5168);
#5168 = CARTESIAN_POINT('',(6.,-2.,5.4));
#5169 = LINE('',#5170,#5171);
#5170 = CARTESIAN_POINT('',(-6.,-2.,5.4));
#5171 = VECTOR('',#5172,1.);
#5172 = DIRECTION('',(1.,0.,0.));
#5173 = ORIENTED_EDGE('',*,*,#5174,.F.);
#5174 = EDGE_CURVE('',#4955,#5167,#5175,.T.);
#5175 = LINE('',#5176,#5177);
#5176 = CARTESIAN_POINT('',(6.,-2.,3.4));
#5177 = VECTOR('',#5178,1.);
#5178 = DIRECTION('',(0.,0.,1.));
#5179 = PLANE('',#5180);
#5180 = AXIS2_PLACEMENT_3D('',#5181,#5182,#5183);
#5181 = CARTESIAN_POINT('',(-6.,-2.,3.4));
#5182 = DIRECTION('',(0.,1.,0.));
#5183 = DIRECTION('',(0.,0.,1.));
#5184 = ADVANCED_FACE('',(#5185),#5203,.T.);
#5185 = FACE_BOUND('',#5186,.T.);
#5186 = EDGE_LOOP('',(#5187,#5188,#5189,#5197));
#5187 = ORIENTED_EDGE('',*,*,#5174,.F.);
#5188 = ORIENTED_EDGE('',*,*,#4978,.T.);
#5189 = ORIENTED_EDGE('',*,*,#5190,.T.);
#5190 = EDGE_CURVE('',#4971,#5191,#5193,.T.);
#5191 = VERTEX_POINT('',#5192);
#5192 = CARTESIAN_POINT('',(6.,8.,5.4));
#5193 = LINE('',#5194,#5195);
#5194 = CARTESIAN_POINT('',(6.,8.,3.4));
#5195 = VECTOR('',#5196,1.);
#5196 = DIRECTION('',(0.,0.,1.));
#5197 = ORIENTED_EDGE('',*,*,#5198,.F.);
#5198 = EDGE_CURVE('',#5167,#5191,#5199,.T.);
#5199 = LINE('',#5200,#5201);
#5200 = CARTESIAN_POINT('',(6.,-2.,5.4));
#5201 = VECTOR('',#5202,1.);
#5202 = DIRECTION('',(0.,1.,0.));
#5203 = PLANE('',#5204);
#5204 = AXIS2_PLACEMENT_3D('',#5205,#5206,#5207);
#5205 = CARTESIAN_POINT('',(6.,-2.,3.4));
#5206 = DIRECTION('',(1.,0.,0.));
#5207 = DIRECTION('',(0.,0.,1.));
#5208 = ADVANCED_FACE('',(#5209),#5227,.T.);
#5209 = FACE_BOUND('',#5210,.T.);
#5210 = EDGE_LOOP('',(#5211,#5212,#5220,#5226));
#5211 = ORIENTED_EDGE('',*,*,#4970,.F.);
#5212 = ORIENTED_EDGE('',*,*,#5213,.T.);
#5213 = EDGE_CURVE('',#4963,#5214,#5216,.T.);
#5214 = VERTEX_POINT('',#5215);
#5215 = CARTESIAN_POINT('',(-6.,8.,5.4));
#5216 = LINE('',#5217,#5218);
#5217 = CARTESIAN_POINT('',(-6.,8.,3.4));
#5218 = VECTOR('',#5219,1.);
#5219 = DIRECTION('',(0.,0.,1.));
#5220 = ORIENTED_EDGE('',*,*,#5221,.T.);
#5221 = EDGE_CURVE('',#5214,#5191,#5222,.T.);
#5222 = LINE('',#5223,#5224);
#5223 = CARTESIAN_POINT('',(-6.,8.,5.4));
#5224 = VECTOR('',#5225,1.);
#5225 = DIRECTION('',(1.,0.,0.));
#5226 = ORIENTED_EDGE('',*,*,#5190,.F.);
#5227 = PLANE('',#5228);
#5228 = AXIS2_PLACEMENT_3D('',#5229,#5230,#5231);
#5229 = CARTESIAN_POINT('',(-6.,8.,3.4));
#5230 = DIRECTION('',(0.,1.,0.));
#5231 = DIRECTION('',(0.,0.,1.));
#5232 = ADVANCED_FACE('',(#5233),#5244,.F.);
#5233 = FACE_BOUND('',#5234,.F.);
#5234 = EDGE_LOOP('',(#5235,#5236,#5237,#5238));
#5235 = ORIENTED_EDGE('',*,*,#5158,.F.);
#5236 = ORIENTED_EDGE('',*,*,#4962,.T.);
#5237 = ORIENTED_EDGE('',*,*,#5213,.T.);
#5238 = ORIENTED_EDGE('',*,*,#5239,.F.);
#5239 = EDGE_CURVE('',#5159,#5214,#5240,.T.);
#5240 = LINE('',#5241,#5242);
#5241 = CARTESIAN_POINT('',(-6.,-2.,5.4));
#5242 = VECTOR('',#5243,1.);
#5243 = DIRECTION('',(0.,1.,0.));
#5244 = PLANE('',#5245);
#5245 = AXIS2_PLACEMENT_3D('',#5246,#5247,#5248);
#5246 = CARTESIAN_POINT('',(-6.,-2.,3.4));
#5247 = DIRECTION('',(1.,0.,0.));
#5248 = DIRECTION('',(0.,0.,1.));
#5249 = ADVANCED_FACE('',(#5250),#5261,.F.);
#5250 = FACE_BOUND('',#5251,.F.);
#5251 = EDGE_LOOP('',(#5252,#5253,#5254,#5260));
#5252 = ORIENTED_EDGE('',*,*,#5053,.F.);
#5253 = ORIENTED_EDGE('',*,*,#5108,.T.);
#5254 = ORIENTED_EDGE('',*,*,#5255,.T.);
#5255 = EDGE_CURVE('',#5109,#5077,#5256,.T.);
#5256 = LINE('',#5257,#5258);
#5257 = CARTESIAN_POINT('',(-4.47,-11.5,6.56));
#5258 = VECTOR('',#5259,1.);
#5259 = DIRECTION('',(1.,0.,0.));
#5260 = ORIENTED_EDGE('',*,*,#5076,.F.);
#5261 = PLANE('',#5262);
#5262 = AXIS2_PLACEMENT_3D('',#5263,#5264,#5265);
#5263 = CARTESIAN_POINT('',(-4.47,-11.5,3.4));
#5264 = DIRECTION('',(0.,1.,0.));
#5265 = DIRECTION('',(0.,0.,1.));
#5266 = ADVANCED_FACE('',(#5267),#5273,.T.);
#5267 = FACE_BOUND('',#5268,.T.);
#5268 = EDGE_LOOP('',(#5269,#5270,#5271,#5272));
#5269 = ORIENTED_EDGE('',*,*,#5126,.F.);
#5270 = ORIENTED_EDGE('',*,*,#5255,.T.);
#5271 = ORIENTED_EDGE('',*,*,#5094,.T.);
#5272 = ORIENTED_EDGE('',*,*,#5142,.F.);
#5273 = PLANE('',#5274);
#5274 = AXIS2_PLACEMENT_3D('',#5275,#5276,#5277);
#5275 = CARTESIAN_POINT('',(-4.47,-11.5,6.56));
#5276 = DIRECTION('',(0.,0.,1.));
#5277 = DIRECTION('',(1.,0.,0.));
#5278 = ADVANCED_FACE('',(#5279),#5285,.T.);
#5279 = FACE_BOUND('',#5280,.T.);
#5280 = EDGE_LOOP('',(#5281,#5282,#5283,#5284));
#5281 = ORIENTED_EDGE('',*,*,#5239,.F.);
#5282 = ORIENTED_EDGE('',*,*,#5166,.T.);
#5283 = ORIENTED_EDGE('',*,*,#5198,.T.);
#5284 = ORIENTED_EDGE('',*,*,#5221,.F.);
#5285 = PLANE('',#5286);
#5286 = AXIS2_PLACEMENT_3D('',#5287,#5288,#5289);
#5287 = CARTESIAN_POINT('',(-6.,-2.,5.4));
#5288 = DIRECTION('',(0.,0.,1.));
#5289 = DIRECTION('',(1.,0.,0.));
#5290 = ( GEOMETRIC_REPRESENTATION_CONTEXT(3) 
GLOBAL_UNCERTAINTY_ASSIGNED_CONTEXT((#5294)) 
GLOBAL_UNIT_ASSIGNED_CONTEXT((#5291,#5292,#5293)) REPRESENTATION_CONTEXT
('Context #1','3D Context with UNIT and UNCERTAINTY') );
#5291 = ( LENGTH_UNIT() NAMED_UNIT(*) SI_UNIT(.MILLI.,.METRE.) );
#5292 = ( NAMED_UNIT(*) PLANE_ANGLE_UNIT() SI_UNIT($,.RADIAN.) );
#5293 = ( NAMED_UNIT(*) SI_UNIT($,.STERADIAN.) SOLID_ANGLE_UNIT() );
#5294 = UNCERTAINTY_MEASURE_WITH_UNIT(LENGTH_MEASURE(1.E-07),#5291,
  'distance_accuracy_value','confusion accuracy');
#5295 = PRODUCT_RELATED_PRODUCT_CATEGORY('part',$,(#7));
ENDSEC;
END-ISO-10303-21;
