ISO-10303-21;
HEADER;
FILE_DESCRIPTION(('FreeCAD Model'),'2;1');
FILE_NAME('Open CASCADE Shape Model','2026-10-02T08:04:07',('FreeCAD'),(
    'FreeCAD'),'Open CASCADE STEP processor 7.8','FreeCAD','Unknown');
FILE_SCHEMA(('AUTOMOTIVE_DESIGN { 1 0 10303 214 1 1 1 1 }'));
ENDSEC;
DATA;
#1 = APPLICATION_PROTOCOL_DEFINITION('international standard',
  'automotive_design',2000,#2);
#2 = APPLICATION_CONTEXT(
  'core data for automotive mechanical design processes');
#3 = SHAPE_DEFINITION_REPRESENTATION(#4,#10);
#4 = PRODUCT_DEFINITION_SHAPE('','',#5);
#5 = PRODUCT_DEFINITION('design','',#6,#9);
#6 = PRODUCT_DEFINITION_FORMATION('','',#7);
#7 = PRODUCT('Open CASCADE STEP translator 7.8 3',
  'Open CASCADE STEP translator 7.8 3','',(#8));
#8 = PRODUCT_CONTEXT('',#2,'mechanical');
#9 = PRODUCT_DEFINITION_CONTEXT('part definition',#2,'design');
#10 = SHAPE_REPRESENTATION('',(#11,#15,#3649,#7891,#8363,#8949),#9099);
#11 = AXIS2_PLACEMENT_3D('',#12,#13,#14);
#12 = CARTESIAN_POINT('',(0.,0.,0.));
#13 = DIRECTION('',(0.,0.,1.));
#14 = DIRECTION('',(1.,0.,-0.));
#15 = MANIFOLD_SOLID_BREP('',#16);
#16 = CLOSED_SHELL('',(#17,#89,#225,#249,#273,#290,#315,#390,#407,#419,
    #468,#492,#596,#720,#760,#784,#824,#948,#1036,#1060,#1102,#1127,
    #1150,#1181,#1199,#1230,#1252,#1269,#1281,#1428,#1470,#1487,#1511,
    #1535,#1628,#1652,#1669,#1693,#1710,#1722,#1753,#1769,#1786,#1797,
    #1828,#1844,#1860,#1872,#1884,#1913,#1937,#1961,#2061,#2085,#2102,
    #2114,#2145,#2161,#2178,#2189,#2220,#2236,#2252,#2264,#2386,#2435,
    #2452,#2464,#2476,#2500,#2517,#2534,#2559,#2583,#2608,#2625,#2656,
    #2687,#2711,#2728,#2745,#2757,#2788,#2804,#2821,#2832,#2863,#2879,
    #2895,#2907,#2983,#2995,#3007,#3024,#3036,#3062,#3086,#3103,#3115,
    #3127,#3158,#3174,#3191,#3202,#3233,#3249,#3265,#3277,#3348,#3359,
    #3390,#3406,#3428,#3439,#3463,#3490,#3513,#3529,#3547,#3570,#3586,
    #3603,#3620,#3637));
#17 = ADVANCED_FACE('',(#18),#84,.F.);
#18 = FACE_BOUND('',#19,.F.);
#19 = EDGE_LOOP('',(#20,#30,#38,#46,#54,#62,#70,#78));
#20 = ORIENTED_EDGE('',*,*,#21,.F.);
#21 = EDGE_CURVE('',#22,#24,#26,.T.);
#22 = VERTEX_POINT('',#23);
#23 = CARTESIAN_POINT('',(-10.5,-20.25,4.7));
#24 = VERTEX_POINT('',#25);
#25 = CARTESIAN_POINT('',(-10.5,-0.75,4.7));
#26 = LINE('',#27,#28);
#27 = CARTESIAN_POINT('',(-10.5,-22.25,4.7));
#28 = VECTOR('',#29,1.);
#29 = DIRECTION('',(0.,1.,0.));
#30 = ORIENTED_EDGE('',*,*,#31,.F.);
#31 = EDGE_CURVE('',#32,#22,#34,.T.);
#32 = VERTEX_POINT('',#33);
#33 = CARTESIAN_POINT('',(-10.5,-20.25,0.));
#34 = LINE('',#35,#36);
#35 = CARTESIAN_POINT('',(-10.5,-20.25,0.));
#36 = VECTOR('',#37,1.);
#37 = DIRECTION('',(0.,0.,1.));
#38 = ORIENTED_EDGE('',*,*,#39,.T.);
#39 = EDGE_CURVE('',#32,#40,#42,.T.);
#40 = VERTEX_POINT('',#41);
#41 = CARTESIAN_POINT('',(-10.5,20.25,0.));
#42 = LINE('',#43,#44);
#43 = CARTESIAN_POINT('',(-10.5,-22.25,0.));
#44 = VECTOR('',#45,1.);
#45 = DIRECTION('',(0.,1.,0.));
#46 = ORIENTED_EDGE('',*,*,#47,.T.);
#47 = EDGE_CURVE('',#40,#48,#50,.T.);
#48 = VERTEX_POINT('',#49);
#49 = CARTESIAN_POINT('',(-10.5,20.25,4.7));
#50 = LINE('',#51,#52);
#51 = CARTESIAN_POINT('',(-10.5,20.25,0.));
#52 = VECTOR('',#53,1.);
#53 = DIRECTION('',(0.,0.,1.));
#54 = ORIENTED_EDGE('',*,*,#55,.F.);
#55 = EDGE_CURVE('',#56,#48,#58,.T.);
#56 = VERTEX_POINT('',#57);
#57 = CARTESIAN_POINT('',(-10.5,3.25,4.7));
#58 = LINE('',#59,#60);
#59 = CARTESIAN_POINT('',(-10.5,-22.25,4.7));
#60 = VECTOR('',#61,1.);
#61 = DIRECTION('',(0.,1.,0.));
#62 = ORIENTED_EDGE('',*,*,#63,.F.);
#63 = EDGE_CURVE('',#64,#56,#66,.T.);
#64 = VERTEX_POINT('',#65);
#65 = CARTESIAN_POINT('',(-10.5,3.25,3.9));
#66 = LINE('',#67,#68);
#67 = CARTESIAN_POINT('',(-10.5,3.25,1.95));
#68 = VECTOR('',#69,1.);
#69 = DIRECTION('',(0.,0.,1.));
#70 = ORIENTED_EDGE('',*,*,#71,.T.);
#71 = EDGE_CURVE('',#64,#72,#74,.T.);
#72 = VERTEX_POINT('',#73);
#73 = CARTESIAN_POINT('',(-10.5,-0.75,3.9));
#74 = LINE('',#75,#76);
#75 = CARTESIAN_POINT('',(-10.5,-11.5,3.9));
#76 = VECTOR('',#77,1.);
#77 = DIRECTION('',(0.,-1.,0.));
#78 = ORIENTED_EDGE('',*,*,#79,.T.);
#79 = EDGE_CURVE('',#72,#24,#80,.T.);
#80 = LINE('',#81,#82);
#81 = CARTESIAN_POINT('',(-10.5,-0.75,1.95));
#82 = VECTOR('',#83,1.);
#83 = DIRECTION('',(0.,0.,1.));
#84 = PLANE('',#85);
#85 = AXIS2_PLACEMENT_3D('',#86,#87,#88);
#86 = CARTESIAN_POINT('',(-10.5,-22.25,0.));
#87 = DIRECTION('',(1.,0.,0.));
#88 = DIRECTION('',(0.,0.,1.));
#89 = ADVANCED_FACE('',(#90),#220,.T.);
#90 = FACE_BOUND('',#91,.T.);
#91 = EDGE_LOOP('',(#92,#93,#102,#110,#118,#126,#134,#142,#150,#158,#166
    ,#174,#182,#190,#197,#198,#206,#214));
#92 = ORIENTED_EDGE('',*,*,#21,.F.);
#93 = ORIENTED_EDGE('',*,*,#94,.T.);
#94 = EDGE_CURVE('',#22,#95,#97,.T.);
#95 = VERTEX_POINT('',#96);
#96 = CARTESIAN_POINT('',(-8.5,-22.25,4.7));
#97 = CIRCLE('',#98,2.);
#98 = AXIS2_PLACEMENT_3D('',#99,#100,#101);
#99 = CARTESIAN_POINT('',(-8.5,-20.25,4.7));
#100 = DIRECTION('',(-0.,0.,1.));
#101 = DIRECTION('',(0.,-1.,0.));
#102 = ORIENTED_EDGE('',*,*,#103,.T.);
#103 = EDGE_CURVE('',#95,#104,#106,.T.);
#104 = VERTEX_POINT('',#105);
#105 = CARTESIAN_POINT('',(-4.9,-22.25,4.7));
#106 = LINE('',#107,#108);
#107 = CARTESIAN_POINT('',(-10.5,-22.25,4.7));
#108 = VECTOR('',#109,1.);
#109 = DIRECTION('',(1.,0.,0.));
#110 = ORIENTED_EDGE('',*,*,#111,.T.);
#111 = EDGE_CURVE('',#104,#112,#114,.T.);
#112 = VERTEX_POINT('',#113);
#113 = CARTESIAN_POINT('',(-4.9,-20.85,4.7));
#114 = LINE('',#115,#116);
#115 = CARTESIAN_POINT('',(-4.9,-22.75,4.7));
#116 = VECTOR('',#117,1.);
#117 = DIRECTION('',(0.,1.,0.));
#118 = ORIENTED_EDGE('',*,*,#119,.T.);
#119 = EDGE_CURVE('',#112,#120,#122,.T.);
#120 = VERTEX_POINT('',#121);
#121 = CARTESIAN_POINT('',(-9.1,-20.85,4.7));
#122 = LINE('',#123,#124);
#123 = CARTESIAN_POINT('',(-9.8,-20.85,4.7));
#124 = VECTOR('',#125,1.);
#125 = DIRECTION('',(-1.,0.,0.));
#126 = ORIENTED_EDGE('',*,*,#127,.T.);
#127 = EDGE_CURVE('',#120,#128,#130,.T.);
#128 = VERTEX_POINT('',#129);
#129 = CARTESIAN_POINT('',(-9.1,0.65,4.7));
#130 = LINE('',#131,#132);
#131 = CARTESIAN_POINT('',(-9.1,-21.55,4.7));
#132 = VECTOR('',#133,1.);
#133 = DIRECTION('',(0.,1.,0.));
#134 = ORIENTED_EDGE('',*,*,#135,.F.);
#135 = EDGE_CURVE('',#136,#128,#138,.T.);
#136 = VERTEX_POINT('',#137);
#137 = CARTESIAN_POINT('',(-5.,0.65,4.7));
#138 = LINE('',#139,#140);
#139 = CARTESIAN_POINT('',(-9.8,0.65,4.7));
#140 = VECTOR('',#141,1.);
#141 = DIRECTION('',(-1.,0.,0.));
#142 = ORIENTED_EDGE('',*,*,#143,.T.);
#143 = EDGE_CURVE('',#136,#144,#146,.T.);
#144 = VERTEX_POINT('',#145);
#145 = CARTESIAN_POINT('',(-5.,1.85,4.7));
#146 = LINE('',#147,#148);
#147 = CARTESIAN_POINT('',(-5.,-11.05,4.7));
#148 = VECTOR('',#149,1.);
#149 = DIRECTION('',(0.,1.,0.));
#150 = ORIENTED_EDGE('',*,*,#151,.T.);
#151 = EDGE_CURVE('',#144,#152,#154,.T.);
#152 = VERTEX_POINT('',#153);
#153 = CARTESIAN_POINT('',(-9.1,1.85,4.7));
#154 = LINE('',#155,#156);
#155 = CARTESIAN_POINT('',(-9.8,1.85,4.7));
#156 = VECTOR('',#157,1.);
#157 = DIRECTION('',(-1.,0.,0.));
#158 = ORIENTED_EDGE('',*,*,#159,.T.);
#159 = EDGE_CURVE('',#152,#160,#162,.T.);
#160 = VERTEX_POINT('',#161);
#161 = CARTESIAN_POINT('',(-9.1,20.85,4.7));
#162 = LINE('',#163,#164);
#163 = CARTESIAN_POINT('',(-9.1,-10.2,4.7));
#164 = VECTOR('',#165,1.);
#165 = DIRECTION('',(0.,1.,0.));
#166 = ORIENTED_EDGE('',*,*,#167,.F.);
#167 = EDGE_CURVE('',#168,#160,#170,.T.);
#168 = VERTEX_POINT('',#169);
#169 = CARTESIAN_POINT('',(-6.25,20.85,4.7));
#170 = LINE('',#171,#172);
#171 = CARTESIAN_POINT('',(-9.8,20.85,4.7));
#172 = VECTOR('',#173,1.);
#173 = DIRECTION('',(-1.,0.,0.));
#174 = ORIENTED_EDGE('',*,*,#175,.T.);
#175 = EDGE_CURVE('',#168,#176,#178,.T.);
#176 = VERTEX_POINT('',#177);
#177 = CARTESIAN_POINT('',(-6.25,22.25,4.7));
#178 = LINE('',#179,#180);
#179 = CARTESIAN_POINT('',(-6.25,-0.95,4.7));
#180 = VECTOR('',#181,1.);
#181 = DIRECTION('',(0.,1.,0.));
#182 = ORIENTED_EDGE('',*,*,#183,.F.);
#183 = EDGE_CURVE('',#184,#176,#186,.T.);
#184 = VERTEX_POINT('',#185);
#185 = CARTESIAN_POINT('',(-8.5,22.25,4.7));
#186 = LINE('',#187,#188);
#187 = CARTESIAN_POINT('',(-10.5,22.25,4.7));
#188 = VECTOR('',#189,1.);
#189 = DIRECTION('',(1.,0.,0.));
#190 = ORIENTED_EDGE('',*,*,#191,.F.);
#191 = EDGE_CURVE('',#48,#184,#192,.T.);
#192 = CIRCLE('',#193,2.);
#193 = AXIS2_PLACEMENT_3D('',#194,#195,#196);
#194 = CARTESIAN_POINT('',(-8.5,20.25,4.7));
#195 = DIRECTION('',(-0.,-0.,-1.));
#196 = DIRECTION('',(0.,-1.,0.));
#197 = ORIENTED_EDGE('',*,*,#55,.F.);
#198 = ORIENTED_EDGE('',*,*,#199,.T.);
#199 = EDGE_CURVE('',#56,#200,#202,.T.);
#200 = VERTEX_POINT('',#201);
#201 = CARTESIAN_POINT('',(-9.5,3.25,4.7));
#202 = LINE('',#203,#204);
#203 = CARTESIAN_POINT('',(-11.,3.25,4.7));
#204 = VECTOR('',#205,1.);
#205 = DIRECTION('',(1.,0.,0.));
#206 = ORIENTED_EDGE('',*,*,#207,.F.);
#207 = EDGE_CURVE('',#208,#200,#210,.T.);
#208 = VERTEX_POINT('',#209);
#209 = CARTESIAN_POINT('',(-9.5,-0.75,4.7));
#210 = LINE('',#211,#212);
#211 = CARTESIAN_POINT('',(-9.5,-0.75,4.7));
#212 = VECTOR('',#213,1.);
#213 = DIRECTION('',(0.,1.,0.));
#214 = ORIENTED_EDGE('',*,*,#215,.F.);
#215 = EDGE_CURVE('',#24,#208,#216,.T.);
#216 = LINE('',#217,#218);
#217 = CARTESIAN_POINT('',(-11.,-0.75,4.7));
#218 = VECTOR('',#219,1.);
#219 = DIRECTION('',(1.,0.,0.));
#220 = PLANE('',#221);
#221 = AXIS2_PLACEMENT_3D('',#222,#223,#224);
#222 = CARTESIAN_POINT('',(-10.5,-22.25,4.7));
#223 = DIRECTION('',(0.,0.,1.));
#224 = DIRECTION('',(1.,0.,0.));
#225 = ADVANCED_FACE('',(#226),#244,.T.);
#226 = FACE_BOUND('',#227,.T.);
#227 = EDGE_LOOP('',(#228,#236,#237,#238));
#228 = ORIENTED_EDGE('',*,*,#229,.F.);
#229 = EDGE_CURVE('',#72,#230,#232,.T.);
#230 = VERTEX_POINT('',#231);
#231 = CARTESIAN_POINT('',(-9.5,-0.75,3.9));
#232 = LINE('',#233,#234);
#233 = CARTESIAN_POINT('',(-11.,-0.75,3.9));
#234 = VECTOR('',#235,1.);
#235 = DIRECTION('',(1.,0.,0.));
#236 = ORIENTED_EDGE('',*,*,#79,.T.);
#237 = ORIENTED_EDGE('',*,*,#215,.T.);
#238 = ORIENTED_EDGE('',*,*,#239,.F.);
#239 = EDGE_CURVE('',#230,#208,#240,.T.);
#240 = LINE('',#241,#242);
#241 = CARTESIAN_POINT('',(-9.5,-0.75,3.9));
#242 = VECTOR('',#243,1.);
#243 = DIRECTION('',(0.,0.,1.));
#244 = PLANE('',#245);
#245 = AXIS2_PLACEMENT_3D('',#246,#247,#248);
#246 = CARTESIAN_POINT('',(-11.,-0.75,3.9));
#247 = DIRECTION('',(0.,1.,0.));
#248 = DIRECTION('',(0.,0.,1.));
#249 = ADVANCED_FACE('',(#250),#268,.T.);
#250 = FACE_BOUND('',#251,.T.);
#251 = EDGE_LOOP('',(#252,#260,#261,#262));
#252 = ORIENTED_EDGE('',*,*,#253,.F.);
#253 = EDGE_CURVE('',#64,#254,#256,.T.);
#254 = VERTEX_POINT('',#255);
#255 = CARTESIAN_POINT('',(-9.5,3.25,3.9));
#256 = LINE('',#257,#258);
#257 = CARTESIAN_POINT('',(-11.,3.25,3.9));
#258 = VECTOR('',#259,1.);
#259 = DIRECTION('',(1.,0.,0.));
#260 = ORIENTED_EDGE('',*,*,#71,.T.);
#261 = ORIENTED_EDGE('',*,*,#229,.T.);
#262 = ORIENTED_EDGE('',*,*,#263,.T.);
#263 = EDGE_CURVE('',#230,#254,#264,.T.);
#264 = LINE('',#265,#266);
#265 = CARTESIAN_POINT('',(-9.5,-0.75,3.9));
#266 = VECTOR('',#267,1.);
#267 = DIRECTION('',(0.,1.,0.));
#268 = PLANE('',#269);
#269 = AXIS2_PLACEMENT_3D('',#270,#271,#272);
#270 = CARTESIAN_POINT('',(-11.,-0.75,3.9));
#271 = DIRECTION('',(0.,0.,1.));
#272 = DIRECTION('',(1.,0.,0.));
#273 = ADVANCED_FACE('',(#274),#285,.F.);
#274 = FACE_BOUND('',#275,.F.);
#275 = EDGE_LOOP('',(#276,#277,#278,#279));
#276 = ORIENTED_EDGE('',*,*,#253,.F.);
#277 = ORIENTED_EDGE('',*,*,#63,.T.);
#278 = ORIENTED_EDGE('',*,*,#199,.T.);
#279 = ORIENTED_EDGE('',*,*,#280,.F.);
#280 = EDGE_CURVE('',#254,#200,#281,.T.);
#281 = LINE('',#282,#283);
#282 = CARTESIAN_POINT('',(-9.5,3.25,3.9));
#283 = VECTOR('',#284,1.);
#284 = DIRECTION('',(0.,0.,1.));
#285 = PLANE('',#286);
#286 = AXIS2_PLACEMENT_3D('',#287,#288,#289);
#287 = CARTESIAN_POINT('',(-11.,3.25,3.9));
#288 = DIRECTION('',(0.,1.,0.));
#289 = DIRECTION('',(0.,0.,1.));
#290 = ADVANCED_FACE('',(#291),#310,.T.);
#291 = FACE_BOUND('',#292,.F.);
#292 = EDGE_LOOP('',(#293,#302,#308,#309));
#293 = ORIENTED_EDGE('',*,*,#294,.T.);
#294 = EDGE_CURVE('',#40,#295,#297,.T.);
#295 = VERTEX_POINT('',#296);
#296 = CARTESIAN_POINT('',(-8.5,22.25,0.));
#297 = CIRCLE('',#298,2.);
#298 = AXIS2_PLACEMENT_3D('',#299,#300,#301);
#299 = CARTESIAN_POINT('',(-8.5,20.25,0.));
#300 = DIRECTION('',(-0.,-0.,-1.));
#301 = DIRECTION('',(0.,-1.,0.));
#302 = ORIENTED_EDGE('',*,*,#303,.T.);
#303 = EDGE_CURVE('',#295,#184,#304,.T.);
#304 = LINE('',#305,#306);
#305 = CARTESIAN_POINT('',(-8.5,22.25,0.));
#306 = VECTOR('',#307,1.);
#307 = DIRECTION('',(0.,0.,1.));
#308 = ORIENTED_EDGE('',*,*,#191,.F.);
#309 = ORIENTED_EDGE('',*,*,#47,.F.);
#310 = CYLINDRICAL_SURFACE('',#311,2.);
#311 = AXIS2_PLACEMENT_3D('',#312,#313,#314);
#312 = CARTESIAN_POINT('',(-8.5,20.25,0.));
#313 = DIRECTION('',(0.,0.,1.));
#314 = DIRECTION('',(-1.,0.,0.));
#315 = ADVANCED_FACE('',(#316),#385,.F.);
#316 = FACE_BOUND('',#317,.F.);
#317 = EDGE_LOOP('',(#318,#319,#328,#336,#345,#353,#362,#370,#378,#384)
  );
#318 = ORIENTED_EDGE('',*,*,#39,.F.);
#319 = ORIENTED_EDGE('',*,*,#320,.T.);
#320 = EDGE_CURVE('',#32,#321,#323,.T.);
#321 = VERTEX_POINT('',#322);
#322 = CARTESIAN_POINT('',(-8.5,-22.25,0.));
#323 = CIRCLE('',#324,2.);
#324 = AXIS2_PLACEMENT_3D('',#325,#326,#327);
#325 = CARTESIAN_POINT('',(-8.5,-20.25,0.));
#326 = DIRECTION('',(-0.,0.,1.));
#327 = DIRECTION('',(0.,-1.,0.));
#328 = ORIENTED_EDGE('',*,*,#329,.T.);
#329 = EDGE_CURVE('',#321,#330,#332,.T.);
#330 = VERTEX_POINT('',#331);
#331 = CARTESIAN_POINT('',(8.5,-22.25,0.));
#332 = LINE('',#333,#334);
#333 = CARTESIAN_POINT('',(-10.5,-22.25,0.));
#334 = VECTOR('',#335,1.);
#335 = DIRECTION('',(1.,0.,0.));
#336 = ORIENTED_EDGE('',*,*,#337,.F.);
#337 = EDGE_CURVE('',#338,#330,#340,.T.);
#338 = VERTEX_POINT('',#339);
#339 = CARTESIAN_POINT('',(10.5,-20.25,0.));
#340 = CIRCLE('',#341,2.);
#341 = AXIS2_PLACEMENT_3D('',#342,#343,#344);
#342 = CARTESIAN_POINT('',(8.5,-20.25,0.));
#343 = DIRECTION('',(-0.,-0.,-1.));
#344 = DIRECTION('',(0.,-1.,0.));
#345 = ORIENTED_EDGE('',*,*,#346,.T.);
#346 = EDGE_CURVE('',#338,#347,#349,.T.);
#347 = VERTEX_POINT('',#348);
#348 = CARTESIAN_POINT('',(10.5,19.75,0.));
#349 = LINE('',#350,#351);
#350 = CARTESIAN_POINT('',(10.5,-22.25,0.));
#351 = VECTOR('',#352,1.);
#352 = DIRECTION('',(0.,1.,0.));
#353 = ORIENTED_EDGE('',*,*,#354,.F.);
#354 = EDGE_CURVE('',#355,#347,#357,.T.);
#355 = VERTEX_POINT('',#356);
#356 = CARTESIAN_POINT('',(8.563508326896,20.25,0.));
#357 = CIRCLE('',#358,4.);
#358 = AXIS2_PLACEMENT_3D('',#359,#360,#361);
#359 = CARTESIAN_POINT('',(10.5,23.75,0.));
#360 = DIRECTION('',(0.,0.,1.));
#361 = DIRECTION('',(1.,0.,0.));
#362 = ORIENTED_EDGE('',*,*,#363,.F.);
#363 = EDGE_CURVE('',#364,#355,#366,.T.);
#364 = VERTEX_POINT('',#365);
#365 = CARTESIAN_POINT('',(6.5,20.25,0.));
#366 = LINE('',#367,#368);
#367 = CARTESIAN_POINT('',(6.5,20.25,0.));
#368 = VECTOR('',#369,1.);
#369 = DIRECTION('',(1.,0.,0.));
#370 = ORIENTED_EDGE('',*,*,#371,.T.);
#371 = EDGE_CURVE('',#364,#372,#374,.T.);
#372 = VERTEX_POINT('',#373);
#373 = CARTESIAN_POINT('',(6.5,22.25,0.));
#374 = LINE('',#375,#376);
#375 = CARTESIAN_POINT('',(6.5,20.25,0.));
#376 = VECTOR('',#377,1.);
#377 = DIRECTION('',(0.,1.,0.));
#378 = ORIENTED_EDGE('',*,*,#379,.F.);
#379 = EDGE_CURVE('',#295,#372,#380,.T.);
#380 = LINE('',#381,#382);
#381 = CARTESIAN_POINT('',(-10.5,22.25,0.));
#382 = VECTOR('',#383,1.);
#383 = DIRECTION('',(1.,0.,0.));
#384 = ORIENTED_EDGE('',*,*,#294,.F.);
#385 = PLANE('',#386);
#386 = AXIS2_PLACEMENT_3D('',#387,#388,#389);
#387 = CARTESIAN_POINT('',(-10.5,-22.25,0.));
#388 = DIRECTION('',(0.,0.,1.));
#389 = DIRECTION('',(1.,0.,0.));
#390 = ADVANCED_FACE('',(#391),#402,.T.);
#391 = FACE_BOUND('',#392,.T.);
#392 = EDGE_LOOP('',(#393,#394,#400,#401));
#393 = ORIENTED_EDGE('',*,*,#320,.T.);
#394 = ORIENTED_EDGE('',*,*,#395,.T.);
#395 = EDGE_CURVE('',#321,#95,#396,.T.);
#396 = LINE('',#397,#398);
#397 = CARTESIAN_POINT('',(-8.5,-22.25,0.));
#398 = VECTOR('',#399,1.);
#399 = DIRECTION('',(0.,0.,1.));
#400 = ORIENTED_EDGE('',*,*,#94,.F.);
#401 = ORIENTED_EDGE('',*,*,#31,.F.);
#402 = CYLINDRICAL_SURFACE('',#403,2.);
#403 = AXIS2_PLACEMENT_3D('',#404,#405,#406);
#404 = CARTESIAN_POINT('',(-8.5,-20.25,0.));
#405 = DIRECTION('',(0.,0.,1.));
#406 = DIRECTION('',(-1.,0.,0.));
#407 = ADVANCED_FACE('',(#408),#414,.F.);
#408 = FACE_BOUND('',#409,.F.);
#409 = EDGE_LOOP('',(#410,#411,#412,#413));
#410 = ORIENTED_EDGE('',*,*,#239,.F.);
#411 = ORIENTED_EDGE('',*,*,#263,.T.);
#412 = ORIENTED_EDGE('',*,*,#280,.T.);
#413 = ORIENTED_EDGE('',*,*,#207,.F.);
#414 = PLANE('',#415);
#415 = AXIS2_PLACEMENT_3D('',#416,#417,#418);
#416 = CARTESIAN_POINT('',(-9.5,-0.75,3.9));
#417 = DIRECTION('',(1.,0.,0.));
#418 = DIRECTION('',(0.,0.,1.));
#419 = ADVANCED_FACE('',(#420),#463,.T.);
#420 = FACE_BOUND('',#421,.T.);
#421 = EDGE_LOOP('',(#422,#423,#424,#425,#433,#441,#449,#457));
#422 = ORIENTED_EDGE('',*,*,#379,.F.);
#423 = ORIENTED_EDGE('',*,*,#303,.T.);
#424 = ORIENTED_EDGE('',*,*,#183,.T.);
#425 = ORIENTED_EDGE('',*,*,#426,.T.);
#426 = EDGE_CURVE('',#176,#427,#429,.T.);
#427 = VERTEX_POINT('',#428);
#428 = CARTESIAN_POINT('',(-6.25,22.25,3.5));
#429 = LINE('',#430,#431);
#430 = CARTESIAN_POINT('',(-6.25,22.25,1.75));
#431 = VECTOR('',#432,1.);
#432 = DIRECTION('',(0.,0.,-1.));
#433 = ORIENTED_EDGE('',*,*,#434,.T.);
#434 = EDGE_CURVE('',#427,#435,#437,.T.);
#435 = VERTEX_POINT('',#436);
#436 = CARTESIAN_POINT('',(6.25,22.25,3.5));
#437 = LINE('',#438,#439);
#438 = CARTESIAN_POINT('',(-8.375,22.25,3.5));
#439 = VECTOR('',#440,1.);
#440 = DIRECTION('',(1.,0.,0.));
#441 = ORIENTED_EDGE('',*,*,#442,.F.);
#442 = EDGE_CURVE('',#443,#435,#445,.T.);
#443 = VERTEX_POINT('',#444);
#444 = CARTESIAN_POINT('',(6.25,22.25,4.7));
#445 = LINE('',#446,#447);
#446 = CARTESIAN_POINT('',(6.25,22.25,1.75));
#447 = VECTOR('',#448,1.);
#448 = DIRECTION('',(0.,0.,-1.));
#449 = ORIENTED_EDGE('',*,*,#450,.T.);
#450 = EDGE_CURVE('',#443,#451,#453,.T.);
#451 = VERTEX_POINT('',#452);
#452 = CARTESIAN_POINT('',(6.5,22.25,4.7));
#453 = LINE('',#454,#455);
#454 = CARTESIAN_POINT('',(-10.5,22.25,4.7));
#455 = VECTOR('',#456,1.);
#456 = DIRECTION('',(1.,0.,0.));
#457 = ORIENTED_EDGE('',*,*,#458,.T.);
#458 = EDGE_CURVE('',#451,#372,#459,.T.);
#459 = LINE('',#460,#461);
#460 = CARTESIAN_POINT('',(6.5,22.25,0.));
#461 = VECTOR('',#462,1.);
#462 = DIRECTION('',(0.,0.,-1.));
#463 = PLANE('',#464);
#464 = AXIS2_PLACEMENT_3D('',#465,#466,#467);
#465 = CARTESIAN_POINT('',(-10.5,22.25,0.));
#466 = DIRECTION('',(0.,1.,0.));
#467 = DIRECTION('',(0.,0.,1.));
#468 = ADVANCED_FACE('',(#469),#487,.T.);
#469 = FACE_BOUND('',#470,.T.);
#470 = EDGE_LOOP('',(#471,#479,#485,#486));
#471 = ORIENTED_EDGE('',*,*,#472,.T.);
#472 = EDGE_CURVE('',#168,#473,#475,.T.);
#473 = VERTEX_POINT('',#474);
#474 = CARTESIAN_POINT('',(-6.25,20.85,3.5));
#475 = LINE('',#476,#477);
#476 = CARTESIAN_POINT('',(-6.25,20.85,2.35));
#477 = VECTOR('',#478,1.);
#478 = DIRECTION('',(0.,0.,-1.));
#479 = ORIENTED_EDGE('',*,*,#480,.T.);
#480 = EDGE_CURVE('',#473,#427,#481,.T.);
#481 = LINE('',#482,#483);
#482 = CARTESIAN_POINT('',(-6.25,20.35,3.5));
#483 = VECTOR('',#484,1.);
#484 = DIRECTION('',(0.,1.,0.));
#485 = ORIENTED_EDGE('',*,*,#426,.F.);
#486 = ORIENTED_EDGE('',*,*,#175,.F.);
#487 = PLANE('',#488);
#488 = AXIS2_PLACEMENT_3D('',#489,#490,#491);
#489 = CARTESIAN_POINT('',(-6.25,20.35,3.5));
#490 = DIRECTION('',(1.,0.,0.));
#491 = DIRECTION('',(0.,0.,1.));
#492 = ADVANCED_FACE('',(#493),#591,.F.);
#493 = FACE_BOUND('',#494,.F.);
#494 = EDGE_LOOP('',(#495,#505,#513,#521,#529,#537,#545,#551,#552,#553,
    #561,#569,#577,#585));
#495 = ORIENTED_EDGE('',*,*,#496,.F.);
#496 = EDGE_CURVE('',#497,#499,#501,.T.);
#497 = VERTEX_POINT('',#498);
#498 = CARTESIAN_POINT('',(9.1,20.85,2.4));
#499 = VERTEX_POINT('',#500);
#500 = CARTESIAN_POINT('',(9.1,20.85,4.7));
#501 = LINE('',#502,#503);
#502 = CARTESIAN_POINT('',(9.1,20.85,1.2));
#503 = VECTOR('',#504,1.);
#504 = DIRECTION('',(0.,0.,1.));
#505 = ORIENTED_EDGE('',*,*,#506,.F.);
#506 = EDGE_CURVE('',#507,#497,#509,.T.);
#507 = VERTEX_POINT('',#508);
#508 = CARTESIAN_POINT('',(6.9,20.85,2.4));
#509 = LINE('',#510,#511);
#510 = CARTESIAN_POINT('',(6.9,20.85,2.4));
#511 = VECTOR('',#512,1.);
#512 = DIRECTION('',(1.,0.,0.));
#513 = ORIENTED_EDGE('',*,*,#514,.F.);
#514 = EDGE_CURVE('',#515,#507,#517,.T.);
#515 = VERTEX_POINT('',#516);
#516 = CARTESIAN_POINT('',(6.9,20.85,1.2));
#517 = LINE('',#518,#519);
#518 = CARTESIAN_POINT('',(6.9,20.85,1.2));
#519 = VECTOR('',#520,1.);
#520 = DIRECTION('',(0.,0.,1.));
#521 = ORIENTED_EDGE('',*,*,#522,.F.);
#522 = EDGE_CURVE('',#523,#515,#525,.T.);
#523 = VERTEX_POINT('',#524);
#524 = CARTESIAN_POINT('',(-6.9,20.85,1.2));
#525 = LINE('',#526,#527);
#526 = CARTESIAN_POINT('',(-9.1,20.85,1.2));
#527 = VECTOR('',#528,1.);
#528 = DIRECTION('',(1.,0.,0.));
#529 = ORIENTED_EDGE('',*,*,#530,.T.);
#530 = EDGE_CURVE('',#523,#531,#533,.T.);
#531 = VERTEX_POINT('',#532);
#532 = CARTESIAN_POINT('',(-6.9,20.85,2.4));
#533 = LINE('',#534,#535);
#534 = CARTESIAN_POINT('',(-6.9,20.85,1.2));
#535 = VECTOR('',#536,1.);
#536 = DIRECTION('',(0.,0.,1.));
#537 = ORIENTED_EDGE('',*,*,#538,.F.);
#538 = EDGE_CURVE('',#539,#531,#541,.T.);
#539 = VERTEX_POINT('',#540);
#540 = CARTESIAN_POINT('',(-9.1,20.85,2.4));
#541 = LINE('',#542,#543);
#542 = CARTESIAN_POINT('',(-9.1,20.85,2.4));
#543 = VECTOR('',#544,1.);
#544 = DIRECTION('',(1.,0.,0.));
#545 = ORIENTED_EDGE('',*,*,#546,.T.);
#546 = EDGE_CURVE('',#539,#160,#547,.T.);
#547 = LINE('',#548,#549);
#548 = CARTESIAN_POINT('',(-9.1,20.85,1.2));
#549 = VECTOR('',#550,1.);
#550 = DIRECTION('',(0.,0.,1.));
#551 = ORIENTED_EDGE('',*,*,#167,.F.);
#552 = ORIENTED_EDGE('',*,*,#472,.T.);
#553 = ORIENTED_EDGE('',*,*,#554,.T.);
#554 = EDGE_CURVE('',#473,#555,#557,.T.);
#555 = VERTEX_POINT('',#556);
#556 = CARTESIAN_POINT('',(6.25,20.85,3.5));
#557 = LINE('',#558,#559);
#558 = CARTESIAN_POINT('',(-7.675,20.85,3.5));
#559 = VECTOR('',#560,1.);
#560 = DIRECTION('',(1.,0.,0.));
#561 = ORIENTED_EDGE('',*,*,#562,.F.);
#562 = EDGE_CURVE('',#563,#555,#565,.T.);
#563 = VERTEX_POINT('',#564);
#564 = CARTESIAN_POINT('',(6.25,20.85,4.7));
#565 = LINE('',#566,#567);
#566 = CARTESIAN_POINT('',(6.25,20.85,2.35));
#567 = VECTOR('',#568,1.);
#568 = DIRECTION('',(0.,0.,-1.));
#569 = ORIENTED_EDGE('',*,*,#570,.F.);
#570 = EDGE_CURVE('',#571,#563,#573,.T.);
#571 = VERTEX_POINT('',#572);
#572 = CARTESIAN_POINT('',(6.5,20.85,4.7));
#573 = LINE('',#574,#575);
#574 = CARTESIAN_POINT('',(-9.8,20.85,4.7));
#575 = VECTOR('',#576,1.);
#576 = DIRECTION('',(-1.,0.,0.));
#577 = ORIENTED_EDGE('',*,*,#578,.F.);
#578 = EDGE_CURVE('',#579,#571,#581,.T.);
#579 = VERTEX_POINT('',#580);
#580 = CARTESIAN_POINT('',(7.745004537209,20.85,4.7));
#581 = LINE('',#582,#583);
#582 = CARTESIAN_POINT('',(-9.8,20.85,4.7));
#583 = VECTOR('',#584,1.);
#584 = DIRECTION('',(-1.,0.,0.));
#585 = ORIENTED_EDGE('',*,*,#586,.F.);
#586 = EDGE_CURVE('',#499,#579,#587,.T.);
#587 = LINE('',#588,#589);
#588 = CARTESIAN_POINT('',(-9.8,20.85,4.7));
#589 = VECTOR('',#590,1.);
#590 = DIRECTION('',(-1.,0.,0.));
#591 = PLANE('',#592);
#592 = AXIS2_PLACEMENT_3D('',#593,#594,#595);
#593 = CARTESIAN_POINT('',(-9.1,20.85,1.2));
#594 = DIRECTION('',(0.,1.,0.));
#595 = DIRECTION('',(0.,0.,1.));
#596 = ADVANCED_FACE('',(#597,#647,#681),#715,.T.);
#597 = FACE_BOUND('',#598,.T.);
#598 = EDGE_LOOP('',(#599,#607,#615,#623,#631,#639,#645,#646));
#599 = ORIENTED_EDGE('',*,*,#600,.F.);
#600 = EDGE_CURVE('',#601,#152,#603,.T.);
#601 = VERTEX_POINT('',#602);
#602 = CARTESIAN_POINT('',(-9.1,1.85,2.4));
#603 = LINE('',#604,#605);
#604 = CARTESIAN_POINT('',(-9.1,1.85,1.2));
#605 = VECTOR('',#606,1.);
#606 = DIRECTION('',(0.,0.,1.));
#607 = ORIENTED_EDGE('',*,*,#608,.T.);
#608 = EDGE_CURVE('',#601,#609,#611,.T.);
#609 = VERTEX_POINT('',#610);
#610 = CARTESIAN_POINT('',(-9.1,4.05,2.4));
#611 = LINE('',#612,#613);
#612 = CARTESIAN_POINT('',(-9.1,1.85,2.4));
#613 = VECTOR('',#614,1.);
#614 = DIRECTION('',(0.,1.,0.));
#615 = ORIENTED_EDGE('',*,*,#616,.F.);
#616 = EDGE_CURVE('',#617,#609,#619,.T.);
#617 = VERTEX_POINT('',#618);
#618 = CARTESIAN_POINT('',(-9.1,4.05,1.2));
#619 = LINE('',#620,#621);
#620 = CARTESIAN_POINT('',(-9.1,4.05,1.2));
#621 = VECTOR('',#622,1.);
#622 = DIRECTION('',(0.,0.,1.));
#623 = ORIENTED_EDGE('',*,*,#624,.T.);
#624 = EDGE_CURVE('',#617,#625,#627,.T.);
#625 = VERTEX_POINT('',#626);
#626 = CARTESIAN_POINT('',(-9.1,18.65,1.2));
#627 = LINE('',#628,#629);
#628 = CARTESIAN_POINT('',(-9.1,1.85,1.2));
#629 = VECTOR('',#630,1.);
#630 = DIRECTION('',(0.,1.,0.));
#631 = ORIENTED_EDGE('',*,*,#632,.T.);
#632 = EDGE_CURVE('',#625,#633,#635,.T.);
#633 = VERTEX_POINT('',#634);
#634 = CARTESIAN_POINT('',(-9.1,18.65,2.4));
#635 = LINE('',#636,#637);
#636 = CARTESIAN_POINT('',(-9.1,18.65,1.2));
#637 = VECTOR('',#638,1.);
#638 = DIRECTION('',(0.,0.,1.));
#639 = ORIENTED_EDGE('',*,*,#640,.T.);
#640 = EDGE_CURVE('',#633,#539,#641,.T.);
#641 = LINE('',#642,#643);
#642 = CARTESIAN_POINT('',(-9.1,18.65,2.4));
#643 = VECTOR('',#644,1.);
#644 = DIRECTION('',(0.,1.,0.));
#645 = ORIENTED_EDGE('',*,*,#546,.T.);
#646 = ORIENTED_EDGE('',*,*,#159,.F.);
#647 = FACE_BOUND('',#648,.T.);
#648 = EDGE_LOOP('',(#649,#659,#667,#675));
#649 = ORIENTED_EDGE('',*,*,#650,.F.);
#650 = EDGE_CURVE('',#651,#653,#655,.T.);
#651 = VERTEX_POINT('',#652);
#652 = CARTESIAN_POINT('',(-9.1,14.,3.75));
#653 = VERTEX_POINT('',#654);
#654 = CARTESIAN_POINT('',(-9.1,18.,3.75));
#655 = LINE('',#656,#657);
#656 = CARTESIAN_POINT('',(-9.1,14.,3.75));
#657 = VECTOR('',#658,1.);
#658 = DIRECTION('',(0.,1.,0.));
#659 = ORIENTED_EDGE('',*,*,#660,.F.);
#660 = EDGE_CURVE('',#661,#651,#663,.T.);
#661 = VERTEX_POINT('',#662);
#662 = CARTESIAN_POINT('',(-9.1,14.,4.55));
#663 = LINE('',#664,#665);
#664 = CARTESIAN_POINT('',(-9.1,14.,4.55));
#665 = VECTOR('',#666,1.);
#666 = DIRECTION('',(0.,0.,-1.));
#667 = ORIENTED_EDGE('',*,*,#668,.T.);
#668 = EDGE_CURVE('',#661,#669,#671,.T.);
#669 = VERTEX_POINT('',#670);
#670 = CARTESIAN_POINT('',(-9.1,18.,4.55));
#671 = LINE('',#672,#673);
#672 = CARTESIAN_POINT('',(-9.1,14.,4.55));
#673 = VECTOR('',#674,1.);
#674 = DIRECTION('',(0.,1.,0.));
#675 = ORIENTED_EDGE('',*,*,#676,.T.);
#676 = EDGE_CURVE('',#669,#653,#677,.T.);
#677 = LINE('',#678,#679);
#678 = CARTESIAN_POINT('',(-9.1,18.,4.55));
#679 = VECTOR('',#680,1.);
#680 = DIRECTION('',(0.,0.,-1.));
#681 = FACE_BOUND('',#682,.T.);
#682 = EDGE_LOOP('',(#683,#693,#701,#709));
#683 = ORIENTED_EDGE('',*,*,#684,.F.);
#684 = EDGE_CURVE('',#685,#687,#689,.T.);
#685 = VERTEX_POINT('',#686);
#686 = CARTESIAN_POINT('',(-9.1,5.,3.75));
#687 = VERTEX_POINT('',#688);
#688 = CARTESIAN_POINT('',(-9.1,9.,3.75));
#689 = LINE('',#690,#691);
#690 = CARTESIAN_POINT('',(-9.1,5.,3.75));
#691 = VECTOR('',#692,1.);
#692 = DIRECTION('',(0.,1.,0.));
#693 = ORIENTED_EDGE('',*,*,#694,.F.);
#694 = EDGE_CURVE('',#695,#685,#697,.T.);
#695 = VERTEX_POINT('',#696);
#696 = CARTESIAN_POINT('',(-9.1,5.,4.55));
#697 = LINE('',#698,#699);
#698 = CARTESIAN_POINT('',(-9.1,5.,4.55));
#699 = VECTOR('',#700,1.);
#700 = DIRECTION('',(0.,0.,-1.));
#701 = ORIENTED_EDGE('',*,*,#702,.T.);
#702 = EDGE_CURVE('',#695,#703,#705,.T.);
#703 = VERTEX_POINT('',#704);
#704 = CARTESIAN_POINT('',(-9.1,9.,4.55));
#705 = LINE('',#706,#707);
#706 = CARTESIAN_POINT('',(-9.1,5.,4.55));
#707 = VECTOR('',#708,1.);
#708 = DIRECTION('',(0.,1.,0.));
#709 = ORIENTED_EDGE('',*,*,#710,.T.);
#710 = EDGE_CURVE('',#703,#687,#711,.T.);
#711 = LINE('',#712,#713);
#712 = CARTESIAN_POINT('',(-9.1,9.,4.55));
#713 = VECTOR('',#714,1.);
#714 = DIRECTION('',(0.,0.,-1.));
#715 = PLANE('',#716);
#716 = AXIS2_PLACEMENT_3D('',#717,#718,#719);
#717 = CARTESIAN_POINT('',(-9.1,1.85,1.2));
#718 = DIRECTION('',(1.,0.,0.));
#719 = DIRECTION('',(0.,0.,1.));
#720 = ADVANCED_FACE('',(#721),#755,.T.);
#721 = FACE_BOUND('',#722,.T.);
#722 = EDGE_LOOP('',(#723,#724,#732,#740,#748,#754));
#723 = ORIENTED_EDGE('',*,*,#151,.F.);
#724 = ORIENTED_EDGE('',*,*,#725,.T.);
#725 = EDGE_CURVE('',#144,#726,#728,.T.);
#726 = VERTEX_POINT('',#727);
#727 = CARTESIAN_POINT('',(-5.,1.85,1.2));
#728 = LINE('',#729,#730);
#729 = CARTESIAN_POINT('',(-5.,1.85,1.2));
#730 = VECTOR('',#731,1.);
#731 = DIRECTION('',(0.,0.,-1.));
#732 = ORIENTED_EDGE('',*,*,#733,.F.);
#733 = EDGE_CURVE('',#734,#726,#736,.T.);
#734 = VERTEX_POINT('',#735);
#735 = CARTESIAN_POINT('',(-6.9,1.85,1.2));
#736 = LINE('',#737,#738);
#737 = CARTESIAN_POINT('',(-9.1,1.85,1.2));
#738 = VECTOR('',#739,1.);
#739 = DIRECTION('',(1.,0.,0.));
#740 = ORIENTED_EDGE('',*,*,#741,.T.);
#741 = EDGE_CURVE('',#734,#742,#744,.T.);
#742 = VERTEX_POINT('',#743);
#743 = CARTESIAN_POINT('',(-6.9,1.85,2.4));
#744 = LINE('',#745,#746);
#745 = CARTESIAN_POINT('',(-6.9,1.85,1.2));
#746 = VECTOR('',#747,1.);
#747 = DIRECTION('',(0.,0.,1.));
#748 = ORIENTED_EDGE('',*,*,#749,.F.);
#749 = EDGE_CURVE('',#601,#742,#750,.T.);
#750 = LINE('',#751,#752);
#751 = CARTESIAN_POINT('',(-9.1,1.85,2.4));
#752 = VECTOR('',#753,1.);
#753 = DIRECTION('',(1.,0.,0.));
#754 = ORIENTED_EDGE('',*,*,#600,.T.);
#755 = PLANE('',#756);
#756 = AXIS2_PLACEMENT_3D('',#757,#758,#759);
#757 = CARTESIAN_POINT('',(-9.1,1.85,1.2));
#758 = DIRECTION('',(0.,1.,0.));
#759 = DIRECTION('',(0.,0.,1.));
#760 = ADVANCED_FACE('',(#761),#779,.T.);
#761 = FACE_BOUND('',#762,.T.);
#762 = EDGE_LOOP('',(#763,#771,#777,#778));
#763 = ORIENTED_EDGE('',*,*,#764,.T.);
#764 = EDGE_CURVE('',#136,#765,#767,.T.);
#765 = VERTEX_POINT('',#766);
#766 = CARTESIAN_POINT('',(-5.,0.65,1.2));
#767 = LINE('',#768,#769);
#768 = CARTESIAN_POINT('',(-5.,0.65,1.2));
#769 = VECTOR('',#770,1.);
#770 = DIRECTION('',(0.,0.,-1.));
#771 = ORIENTED_EDGE('',*,*,#772,.T.);
#772 = EDGE_CURVE('',#765,#726,#773,.T.);
#773 = LINE('',#774,#775);
#774 = CARTESIAN_POINT('',(-5.,0.15,1.2));
#775 = VECTOR('',#776,1.);
#776 = DIRECTION('',(0.,1.,0.));
#777 = ORIENTED_EDGE('',*,*,#725,.F.);
#778 = ORIENTED_EDGE('',*,*,#143,.F.);
#779 = PLANE('',#780);
#780 = AXIS2_PLACEMENT_3D('',#781,#782,#783);
#781 = CARTESIAN_POINT('',(-5.,0.15,1.2));
#782 = DIRECTION('',(1.,0.,0.));
#783 = DIRECTION('',(0.,0.,1.));
#784 = ADVANCED_FACE('',(#785),#819,.F.);
#785 = FACE_BOUND('',#786,.F.);
#786 = EDGE_LOOP('',(#787,#788,#789,#797,#805,#813));
#787 = ORIENTED_EDGE('',*,*,#135,.F.);
#788 = ORIENTED_EDGE('',*,*,#764,.T.);
#789 = ORIENTED_EDGE('',*,*,#790,.F.);
#790 = EDGE_CURVE('',#791,#765,#793,.T.);
#791 = VERTEX_POINT('',#792);
#792 = CARTESIAN_POINT('',(-6.9,0.65,1.2));
#793 = LINE('',#794,#795);
#794 = CARTESIAN_POINT('',(-9.1,0.65,1.2));
#795 = VECTOR('',#796,1.);
#796 = DIRECTION('',(1.,0.,0.));
#797 = ORIENTED_EDGE('',*,*,#798,.T.);
#798 = EDGE_CURVE('',#791,#799,#801,.T.);
#799 = VERTEX_POINT('',#800);
#800 = CARTESIAN_POINT('',(-6.9,0.65,2.4));
#801 = LINE('',#802,#803);
#802 = CARTESIAN_POINT('',(-6.9,0.65,1.2));
#803 = VECTOR('',#804,1.);
#804 = DIRECTION('',(0.,0.,1.));
#805 = ORIENTED_EDGE('',*,*,#806,.F.);
#806 = EDGE_CURVE('',#807,#799,#809,.T.);
#807 = VERTEX_POINT('',#808);
#808 = CARTESIAN_POINT('',(-9.1,0.65,2.4));
#809 = LINE('',#810,#811);
#810 = CARTESIAN_POINT('',(-9.1,0.65,2.4));
#811 = VECTOR('',#812,1.);
#812 = DIRECTION('',(1.,0.,0.));
#813 = ORIENTED_EDGE('',*,*,#814,.T.);
#814 = EDGE_CURVE('',#807,#128,#815,.T.);
#815 = LINE('',#816,#817);
#816 = CARTESIAN_POINT('',(-9.1,0.65,1.2));
#817 = VECTOR('',#818,1.);
#818 = DIRECTION('',(0.,0.,1.));
#819 = PLANE('',#820);
#820 = AXIS2_PLACEMENT_3D('',#821,#822,#823);
#821 = CARTESIAN_POINT('',(-9.1,0.65,1.2));
#822 = DIRECTION('',(0.,1.,0.));
#823 = DIRECTION('',(0.,0.,1.));
#824 = ADVANCED_FACE('',(#825,#875,#909),#943,.T.);
#825 = FACE_BOUND('',#826,.T.);
#826 = EDGE_LOOP('',(#827,#835,#843,#851,#859,#867,#873,#874));
#827 = ORIENTED_EDGE('',*,*,#828,.F.);
#828 = EDGE_CURVE('',#829,#120,#831,.T.);
#829 = VERTEX_POINT('',#830);
#830 = CARTESIAN_POINT('',(-9.1,-20.85,2.4));
#831 = LINE('',#832,#833);
#832 = CARTESIAN_POINT('',(-9.1,-20.85,1.2));
#833 = VECTOR('',#834,1.);
#834 = DIRECTION('',(0.,0.,1.));
#835 = ORIENTED_EDGE('',*,*,#836,.T.);
#836 = EDGE_CURVE('',#829,#837,#839,.T.);
#837 = VERTEX_POINT('',#838);
#838 = CARTESIAN_POINT('',(-9.1,-18.65,2.4));
#839 = LINE('',#840,#841);
#840 = CARTESIAN_POINT('',(-9.1,-20.85,2.4));
#841 = VECTOR('',#842,1.);
#842 = DIRECTION('',(0.,1.,0.));
#843 = ORIENTED_EDGE('',*,*,#844,.F.);
#844 = EDGE_CURVE('',#845,#837,#847,.T.);
#845 = VERTEX_POINT('',#846);
#846 = CARTESIAN_POINT('',(-9.1,-18.65,1.2));
#847 = LINE('',#848,#849);
#848 = CARTESIAN_POINT('',(-9.1,-18.65,1.2));
#849 = VECTOR('',#850,1.);
#850 = DIRECTION('',(0.,0.,1.));
#851 = ORIENTED_EDGE('',*,*,#852,.T.);
#852 = EDGE_CURVE('',#845,#853,#855,.T.);
#853 = VERTEX_POINT('',#854);
#854 = CARTESIAN_POINT('',(-9.1,-1.55,1.2));
#855 = LINE('',#856,#857);
#856 = CARTESIAN_POINT('',(-9.1,-20.85,1.2));
#857 = VECTOR('',#858,1.);
#858 = DIRECTION('',(0.,1.,0.));
#859 = ORIENTED_EDGE('',*,*,#860,.T.);
#860 = EDGE_CURVE('',#853,#861,#863,.T.);
#861 = VERTEX_POINT('',#862);
#862 = CARTESIAN_POINT('',(-9.1,-1.55,2.4));
#863 = LINE('',#864,#865);
#864 = CARTESIAN_POINT('',(-9.1,-1.55,1.2));
#865 = VECTOR('',#866,1.);
#866 = DIRECTION('',(0.,0.,1.));
#867 = ORIENTED_EDGE('',*,*,#868,.T.);
#868 = EDGE_CURVE('',#861,#807,#869,.T.);
#869 = LINE('',#870,#871);
#870 = CARTESIAN_POINT('',(-9.1,-1.55,2.4));
#871 = VECTOR('',#872,1.);
#872 = DIRECTION('',(0.,1.,0.));
#873 = ORIENTED_EDGE('',*,*,#814,.T.);
#874 = ORIENTED_EDGE('',*,*,#127,.F.);
#875 = FACE_BOUND('',#876,.T.);
#876 = EDGE_LOOP('',(#877,#887,#895,#903));
#877 = ORIENTED_EDGE('',*,*,#878,.F.);
#878 = EDGE_CURVE('',#879,#881,#883,.T.);
#879 = VERTEX_POINT('',#880);
#880 = CARTESIAN_POINT('',(-9.1,-7.,3.75));
#881 = VERTEX_POINT('',#882);
#882 = CARTESIAN_POINT('',(-9.1,-3.,3.75));
#883 = LINE('',#884,#885);
#884 = CARTESIAN_POINT('',(-9.1,-7.,3.75));
#885 = VECTOR('',#886,1.);
#886 = DIRECTION('',(0.,1.,0.));
#887 = ORIENTED_EDGE('',*,*,#888,.F.);
#888 = EDGE_CURVE('',#889,#879,#891,.T.);
#889 = VERTEX_POINT('',#890);
#890 = CARTESIAN_POINT('',(-9.1,-7.,4.55));
#891 = LINE('',#892,#893);
#892 = CARTESIAN_POINT('',(-9.1,-7.,4.55));
#893 = VECTOR('',#894,1.);
#894 = DIRECTION('',(0.,0.,-1.));
#895 = ORIENTED_EDGE('',*,*,#896,.T.);
#896 = EDGE_CURVE('',#889,#897,#899,.T.);
#897 = VERTEX_POINT('',#898);
#898 = CARTESIAN_POINT('',(-9.1,-3.,4.55));
#899 = LINE('',#900,#901);
#900 = CARTESIAN_POINT('',(-9.1,-7.,4.55));
#901 = VECTOR('',#902,1.);
#902 = DIRECTION('',(0.,1.,0.));
#903 = ORIENTED_EDGE('',*,*,#904,.T.);
#904 = EDGE_CURVE('',#897,#881,#905,.T.);
#905 = LINE('',#906,#907);
#906 = CARTESIAN_POINT('',(-9.1,-3.,4.55));
#907 = VECTOR('',#908,1.);
#908 = DIRECTION('',(0.,0.,-1.));
#909 = FACE_BOUND('',#910,.T.);
#910 = EDGE_LOOP('',(#911,#921,#929,#937));
#911 = ORIENTED_EDGE('',*,*,#912,.F.);
#912 = EDGE_CURVE('',#913,#915,#917,.T.);
#913 = VERTEX_POINT('',#914);
#914 = CARTESIAN_POINT('',(-9.1,-17.,3.75));
#915 = VERTEX_POINT('',#916);
#916 = CARTESIAN_POINT('',(-9.1,-13.,3.75));
#917 = LINE('',#918,#919);
#918 = CARTESIAN_POINT('',(-9.1,-17.,3.75));
#919 = VECTOR('',#920,1.);
#920 = DIRECTION('',(0.,1.,0.));
#921 = ORIENTED_EDGE('',*,*,#922,.F.);
#922 = EDGE_CURVE('',#923,#913,#925,.T.);
#923 = VERTEX_POINT('',#924);
#924 = CARTESIAN_POINT('',(-9.1,-17.,4.55));
#925 = LINE('',#926,#927);
#926 = CARTESIAN_POINT('',(-9.1,-17.,4.55));
#927 = VECTOR('',#928,1.);
#928 = DIRECTION('',(0.,0.,-1.));
#929 = ORIENTED_EDGE('',*,*,#930,.T.);
#930 = EDGE_CURVE('',#923,#931,#933,.T.);
#931 = VERTEX_POINT('',#932);
#932 = CARTESIAN_POINT('',(-9.1,-13.,4.55));
#933 = LINE('',#934,#935);
#934 = CARTESIAN_POINT('',(-9.1,-17.,4.55));
#935 = VECTOR('',#936,1.);
#936 = DIRECTION('',(0.,1.,0.));
#937 = ORIENTED_EDGE('',*,*,#938,.T.);
#938 = EDGE_CURVE('',#931,#915,#939,.T.);
#939 = LINE('',#940,#941);
#940 = CARTESIAN_POINT('',(-9.1,-13.,4.55));
#941 = VECTOR('',#942,1.);
#942 = DIRECTION('',(0.,0.,-1.));
#943 = PLANE('',#944);
#944 = AXIS2_PLACEMENT_3D('',#945,#946,#947);
#945 = CARTESIAN_POINT('',(-9.1,-20.85,1.2));
#946 = DIRECTION('',(1.,0.,0.));
#947 = DIRECTION('',(0.,0.,1.));
#948 = ADVANCED_FACE('',(#949),#1031,.T.);
#949 = FACE_BOUND('',#950,.T.);
#950 = EDGE_LOOP('',(#951,#961,#969,#977,#985,#993,#999,#1000,#1001,
    #1009,#1017,#1025));
#951 = ORIENTED_EDGE('',*,*,#952,.F.);
#952 = EDGE_CURVE('',#953,#955,#957,.T.);
#953 = VERTEX_POINT('',#954);
#954 = CARTESIAN_POINT('',(9.1,-20.85,2.4));
#955 = VERTEX_POINT('',#956);
#956 = CARTESIAN_POINT('',(9.1,-20.85,4.7));
#957 = LINE('',#958,#959);
#958 = CARTESIAN_POINT('',(9.1,-20.85,1.2));
#959 = VECTOR('',#960,1.);
#960 = DIRECTION('',(0.,0.,1.));
#961 = ORIENTED_EDGE('',*,*,#962,.F.);
#962 = EDGE_CURVE('',#963,#953,#965,.T.);
#963 = VERTEX_POINT('',#964);
#964 = CARTESIAN_POINT('',(6.9,-20.85,2.4));
#965 = LINE('',#966,#967);
#966 = CARTESIAN_POINT('',(6.9,-20.85,2.4));
#967 = VECTOR('',#968,1.);
#968 = DIRECTION('',(1.,0.,0.));
#969 = ORIENTED_EDGE('',*,*,#970,.F.);
#970 = EDGE_CURVE('',#971,#963,#973,.T.);
#971 = VERTEX_POINT('',#972);
#972 = CARTESIAN_POINT('',(6.9,-20.85,1.2));
#973 = LINE('',#974,#975);
#974 = CARTESIAN_POINT('',(6.9,-20.85,1.2));
#975 = VECTOR('',#976,1.);
#976 = DIRECTION('',(0.,0.,1.));
#977 = ORIENTED_EDGE('',*,*,#978,.F.);
#978 = EDGE_CURVE('',#979,#971,#981,.T.);
#979 = VERTEX_POINT('',#980);
#980 = CARTESIAN_POINT('',(-6.9,-20.85,1.2));
#981 = LINE('',#982,#983);
#982 = CARTESIAN_POINT('',(-9.1,-20.85,1.2));
#983 = VECTOR('',#984,1.);
#984 = DIRECTION('',(1.,0.,0.));
#985 = ORIENTED_EDGE('',*,*,#986,.T.);
#986 = EDGE_CURVE('',#979,#987,#989,.T.);
#987 = VERTEX_POINT('',#988);
#988 = CARTESIAN_POINT('',(-6.9,-20.85,2.4));
#989 = LINE('',#990,#991);
#990 = CARTESIAN_POINT('',(-6.9,-20.85,1.2));
#991 = VECTOR('',#992,1.);
#992 = DIRECTION('',(0.,0.,1.));
#993 = ORIENTED_EDGE('',*,*,#994,.F.);
#994 = EDGE_CURVE('',#829,#987,#995,.T.);
#995 = LINE('',#996,#997);
#996 = CARTESIAN_POINT('',(-9.1,-20.85,2.4));
#997 = VECTOR('',#998,1.);
#998 = DIRECTION('',(1.,0.,0.));
#999 = ORIENTED_EDGE('',*,*,#828,.T.);
#1000 = ORIENTED_EDGE('',*,*,#119,.F.);
#1001 = ORIENTED_EDGE('',*,*,#1002,.T.);
#1002 = EDGE_CURVE('',#112,#1003,#1005,.T.);
#1003 = VERTEX_POINT('',#1004);
#1004 = CARTESIAN_POINT('',(-4.9,-20.85,2.4));
#1005 = LINE('',#1006,#1007);
#1006 = CARTESIAN_POINT('',(-4.9,-20.85,1.8));
#1007 = VECTOR('',#1008,1.);
#1008 = DIRECTION('',(0.,0.,-1.));
#1009 = ORIENTED_EDGE('',*,*,#1010,.T.);
#1010 = EDGE_CURVE('',#1003,#1011,#1013,.T.);
#1011 = VERTEX_POINT('',#1012);
#1012 = CARTESIAN_POINT('',(4.9,-20.85,2.4));
#1013 = LINE('',#1014,#1015);
#1014 = CARTESIAN_POINT('',(-7.,-20.85,2.4));
#1015 = VECTOR('',#1016,1.);
#1016 = DIRECTION('',(1.,0.,0.));
#1017 = ORIENTED_EDGE('',*,*,#1018,.F.);
#1018 = EDGE_CURVE('',#1019,#1011,#1021,.T.);
#1019 = VERTEX_POINT('',#1020);
#1020 = CARTESIAN_POINT('',(4.9,-20.85,4.7));
#1021 = LINE('',#1022,#1023);
#1022 = CARTESIAN_POINT('',(4.9,-20.85,1.8));
#1023 = VECTOR('',#1024,1.);
#1024 = DIRECTION('',(0.,0.,-1.));
#1025 = ORIENTED_EDGE('',*,*,#1026,.F.);
#1026 = EDGE_CURVE('',#955,#1019,#1027,.T.);
#1027 = LINE('',#1028,#1029);
#1028 = CARTESIAN_POINT('',(-9.8,-20.85,4.7));
#1029 = VECTOR('',#1030,1.);
#1030 = DIRECTION('',(-1.,0.,0.));
#1031 = PLANE('',#1032);
#1032 = AXIS2_PLACEMENT_3D('',#1033,#1034,#1035);
#1033 = CARTESIAN_POINT('',(-9.1,-20.85,1.2));
#1034 = DIRECTION('',(0.,1.,0.));
#1035 = DIRECTION('',(0.,0.,1.));
#1036 = ADVANCED_FACE('',(#1037),#1055,.T.);
#1037 = FACE_BOUND('',#1038,.T.);
#1038 = EDGE_LOOP('',(#1039,#1047,#1053,#1054));
#1039 = ORIENTED_EDGE('',*,*,#1040,.T.);
#1040 = EDGE_CURVE('',#104,#1041,#1043,.T.);
#1041 = VERTEX_POINT('',#1042);
#1042 = CARTESIAN_POINT('',(-4.9,-22.25,2.4));
#1043 = LINE('',#1044,#1045);
#1044 = CARTESIAN_POINT('',(-4.9,-22.25,1.2));
#1045 = VECTOR('',#1046,1.);
#1046 = DIRECTION('',(0.,0.,-1.));
#1047 = ORIENTED_EDGE('',*,*,#1048,.T.);
#1048 = EDGE_CURVE('',#1041,#1003,#1049,.T.);
#1049 = LINE('',#1050,#1051);
#1050 = CARTESIAN_POINT('',(-4.9,-23.25,2.4));
#1051 = VECTOR('',#1052,1.);
#1052 = DIRECTION('',(0.,1.,0.));
#1053 = ORIENTED_EDGE('',*,*,#1002,.F.);
#1054 = ORIENTED_EDGE('',*,*,#111,.F.);
#1055 = PLANE('',#1056);
#1056 = AXIS2_PLACEMENT_3D('',#1057,#1058,#1059);
#1057 = CARTESIAN_POINT('',(-4.9,-23.25,2.4));
#1058 = DIRECTION('',(1.,0.,0.));
#1059 = DIRECTION('',(0.,0.,1.));
#1060 = ADVANCED_FACE('',(#1061),#1097,.F.);
#1061 = FACE_BOUND('',#1062,.F.);
#1062 = EDGE_LOOP('',(#1063,#1064,#1065,#1066,#1067,#1075,#1083,#1091));
#1063 = ORIENTED_EDGE('',*,*,#329,.F.);
#1064 = ORIENTED_EDGE('',*,*,#395,.T.);
#1065 = ORIENTED_EDGE('',*,*,#103,.T.);
#1066 = ORIENTED_EDGE('',*,*,#1040,.T.);
#1067 = ORIENTED_EDGE('',*,*,#1068,.T.);
#1068 = EDGE_CURVE('',#1041,#1069,#1071,.T.);
#1069 = VERTEX_POINT('',#1070);
#1070 = CARTESIAN_POINT('',(4.9,-22.25,2.4));
#1071 = LINE('',#1072,#1073);
#1072 = CARTESIAN_POINT('',(-7.7,-22.25,2.4));
#1073 = VECTOR('',#1074,1.);
#1074 = DIRECTION('',(1.,0.,0.));
#1075 = ORIENTED_EDGE('',*,*,#1076,.F.);
#1076 = EDGE_CURVE('',#1077,#1069,#1079,.T.);
#1077 = VERTEX_POINT('',#1078);
#1078 = CARTESIAN_POINT('',(4.9,-22.25,4.7));
#1079 = LINE('',#1080,#1081);
#1080 = CARTESIAN_POINT('',(4.9,-22.25,1.2));
#1081 = VECTOR('',#1082,1.);
#1082 = DIRECTION('',(0.,0.,-1.));
#1083 = ORIENTED_EDGE('',*,*,#1084,.T.);
#1084 = EDGE_CURVE('',#1077,#1085,#1087,.T.);
#1085 = VERTEX_POINT('',#1086);
#1086 = CARTESIAN_POINT('',(8.5,-22.25,4.7));
#1087 = LINE('',#1088,#1089);
#1088 = CARTESIAN_POINT('',(-10.5,-22.25,4.7));
#1089 = VECTOR('',#1090,1.);
#1090 = DIRECTION('',(1.,0.,0.));
#1091 = ORIENTED_EDGE('',*,*,#1092,.F.);
#1092 = EDGE_CURVE('',#330,#1085,#1093,.T.);
#1093 = LINE('',#1094,#1095);
#1094 = CARTESIAN_POINT('',(8.5,-22.25,0.));
#1095 = VECTOR('',#1096,1.);
#1096 = DIRECTION('',(0.,0.,1.));
#1097 = PLANE('',#1098);
#1098 = AXIS2_PLACEMENT_3D('',#1099,#1100,#1101);
#1099 = CARTESIAN_POINT('',(-10.5,-22.25,0.));
#1100 = DIRECTION('',(0.,1.,0.));
#1101 = DIRECTION('',(0.,0.,1.));
#1102 = ADVANCED_FACE('',(#1103),#1122,.F.);
#1103 = FACE_BOUND('',#1104,.F.);
#1104 = EDGE_LOOP('',(#1105,#1113,#1114,#1115));
#1105 = ORIENTED_EDGE('',*,*,#1106,.F.);
#1106 = EDGE_CURVE('',#372,#1107,#1109,.T.);
#1107 = VERTEX_POINT('',#1108);
#1108 = CARTESIAN_POINT('',(6.791900756452,22.25,0.));
#1109 = LINE('',#1110,#1111);
#1110 = CARTESIAN_POINT('',(-10.5,22.25,0.));
#1111 = VECTOR('',#1112,1.);
#1112 = DIRECTION('',(1.,0.,0.));
#1113 = ORIENTED_EDGE('',*,*,#371,.F.);
#1114 = ORIENTED_EDGE('',*,*,#363,.T.);
#1115 = ORIENTED_EDGE('',*,*,#1116,.F.);
#1116 = EDGE_CURVE('',#1107,#355,#1117,.T.);
#1117 = CIRCLE('',#1118,4.);
#1118 = AXIS2_PLACEMENT_3D('',#1119,#1120,#1121);
#1119 = CARTESIAN_POINT('',(10.5,23.75,0.));
#1120 = DIRECTION('',(0.,0.,1.));
#1121 = DIRECTION('',(1.,0.,0.));
#1122 = PLANE('',#1123);
#1123 = AXIS2_PLACEMENT_3D('',#1124,#1125,#1126);
#1124 = CARTESIAN_POINT('',(-10.5,-22.25,0.));
#1125 = DIRECTION('',(0.,0.,1.));
#1126 = DIRECTION('',(1.,0.,0.));
#1127 = ADVANCED_FACE('',(#1128),#1145,.F.);
#1128 = FACE_BOUND('',#1129,.F.);
#1129 = EDGE_LOOP('',(#1130,#1138,#1139));
#1130 = ORIENTED_EDGE('',*,*,#1131,.F.);
#1131 = EDGE_CURVE('',#355,#1132,#1134,.T.);
#1132 = VERTEX_POINT('',#1133);
#1133 = CARTESIAN_POINT('',(10.5,20.25,0.));
#1134 = LINE('',#1135,#1136);
#1135 = CARTESIAN_POINT('',(6.5,20.25,0.));
#1136 = VECTOR('',#1137,1.);
#1137 = DIRECTION('',(1.,0.,0.));
#1138 = ORIENTED_EDGE('',*,*,#354,.T.);
#1139 = ORIENTED_EDGE('',*,*,#1140,.T.);
#1140 = EDGE_CURVE('',#347,#1132,#1141,.T.);
#1141 = LINE('',#1142,#1143);
#1142 = CARTESIAN_POINT('',(10.5,-22.25,0.));
#1143 = VECTOR('',#1144,1.);
#1144 = DIRECTION('',(0.,1.,0.));
#1145 = PLANE('',#1146);
#1146 = AXIS2_PLACEMENT_3D('',#1147,#1148,#1149);
#1147 = CARTESIAN_POINT('',(-10.5,-22.25,0.));
#1148 = DIRECTION('',(0.,0.,1.));
#1149 = DIRECTION('',(1.,0.,0.));
#1150 = ADVANCED_FACE('',(#1151),#1176,.T.);
#1151 = FACE_BOUND('',#1152,.T.);
#1152 = EDGE_LOOP('',(#1153,#1163,#1169,#1170));
#1153 = ORIENTED_EDGE('',*,*,#1154,.F.);
#1154 = EDGE_CURVE('',#1155,#1157,#1159,.T.);
#1155 = VERTEX_POINT('',#1156);
#1156 = CARTESIAN_POINT('',(10.5,-20.25,4.7));
#1157 = VERTEX_POINT('',#1158);
#1158 = CARTESIAN_POINT('',(10.5,19.75,4.7));
#1159 = LINE('',#1160,#1161);
#1160 = CARTESIAN_POINT('',(10.5,-22.25,4.7));
#1161 = VECTOR('',#1162,1.);
#1162 = DIRECTION('',(0.,1.,0.));
#1163 = ORIENTED_EDGE('',*,*,#1164,.F.);
#1164 = EDGE_CURVE('',#338,#1155,#1165,.T.);
#1165 = LINE('',#1166,#1167);
#1166 = CARTESIAN_POINT('',(10.5,-20.25,0.));
#1167 = VECTOR('',#1168,1.);
#1168 = DIRECTION('',(0.,0.,1.));
#1169 = ORIENTED_EDGE('',*,*,#346,.T.);
#1170 = ORIENTED_EDGE('',*,*,#1171,.T.);
#1171 = EDGE_CURVE('',#347,#1157,#1172,.T.);
#1172 = LINE('',#1173,#1174);
#1173 = CARTESIAN_POINT('',(10.5,19.75,0.));
#1174 = VECTOR('',#1175,1.);
#1175 = DIRECTION('',(0.,0.,1.));
#1176 = PLANE('',#1177);
#1177 = AXIS2_PLACEMENT_3D('',#1178,#1179,#1180);
#1178 = CARTESIAN_POINT('',(10.5,-22.25,0.));
#1179 = DIRECTION('',(1.,0.,0.));
#1180 = DIRECTION('',(0.,0.,1.));
#1181 = ADVANCED_FACE('',(#1182),#1194,.T.);
#1182 = FACE_BOUND('',#1183,.F.);
#1183 = EDGE_LOOP('',(#1184,#1185,#1186,#1193));
#1184 = ORIENTED_EDGE('',*,*,#337,.T.);
#1185 = ORIENTED_EDGE('',*,*,#1092,.T.);
#1186 = ORIENTED_EDGE('',*,*,#1187,.F.);
#1187 = EDGE_CURVE('',#1155,#1085,#1188,.T.);
#1188 = CIRCLE('',#1189,2.);
#1189 = AXIS2_PLACEMENT_3D('',#1190,#1191,#1192);
#1190 = CARTESIAN_POINT('',(8.5,-20.25,4.7));
#1191 = DIRECTION('',(-0.,-0.,-1.));
#1192 = DIRECTION('',(0.,-1.,0.));
#1193 = ORIENTED_EDGE('',*,*,#1164,.F.);
#1194 = CYLINDRICAL_SURFACE('',#1195,2.);
#1195 = AXIS2_PLACEMENT_3D('',#1196,#1197,#1198);
#1196 = CARTESIAN_POINT('',(8.5,-20.25,0.));
#1197 = DIRECTION('',(0.,0.,1.));
#1198 = DIRECTION('',(1.,0.,0.));
#1199 = ADVANCED_FACE('',(#1200),#1225,.F.);
#1200 = FACE_BOUND('',#1201,.F.);
#1201 = EDGE_LOOP('',(#1202,#1203,#1211,#1219));
#1202 = ORIENTED_EDGE('',*,*,#458,.T.);
#1203 = ORIENTED_EDGE('',*,*,#1204,.T.);
#1204 = EDGE_CURVE('',#372,#1205,#1207,.T.);
#1205 = VERTEX_POINT('',#1206);
#1206 = CARTESIAN_POINT('',(6.5,23.75,0.));
#1207 = LINE('',#1208,#1209);
#1208 = CARTESIAN_POINT('',(6.5,20.25,0.));
#1209 = VECTOR('',#1210,1.);
#1210 = DIRECTION('',(0.,1.,0.));
#1211 = ORIENTED_EDGE('',*,*,#1212,.T.);
#1212 = EDGE_CURVE('',#1205,#1213,#1215,.T.);
#1213 = VERTEX_POINT('',#1214);
#1214 = CARTESIAN_POINT('',(6.5,23.75,4.7));
#1215 = LINE('',#1216,#1217);
#1216 = CARTESIAN_POINT('',(6.5,23.75,0.));
#1217 = VECTOR('',#1218,1.);
#1218 = DIRECTION('',(0.,0.,1.));
#1219 = ORIENTED_EDGE('',*,*,#1220,.F.);
#1220 = EDGE_CURVE('',#451,#1213,#1221,.T.);
#1221 = LINE('',#1222,#1223);
#1222 = CARTESIAN_POINT('',(6.5,20.25,4.7));
#1223 = VECTOR('',#1224,1.);
#1224 = DIRECTION('',(0.,1.,0.));
#1225 = PLANE('',#1226);
#1226 = AXIS2_PLACEMENT_3D('',#1227,#1228,#1229);
#1227 = CARTESIAN_POINT('',(6.5,20.25,0.));
#1228 = DIRECTION('',(1.,0.,0.));
#1229 = DIRECTION('',(0.,0.,1.));
#1230 = ADVANCED_FACE('',(#1231),#1247,.T.);
#1231 = FACE_BOUND('',#1232,.T.);
#1232 = EDGE_LOOP('',(#1233,#1234,#1240,#1241));
#1233 = ORIENTED_EDGE('',*,*,#450,.F.);
#1234 = ORIENTED_EDGE('',*,*,#1235,.F.);
#1235 = EDGE_CURVE('',#563,#443,#1236,.T.);
#1236 = LINE('',#1237,#1238);
#1237 = CARTESIAN_POINT('',(6.25,-0.95,4.7));
#1238 = VECTOR('',#1239,1.);
#1239 = DIRECTION('',(0.,1.,0.));
#1240 = ORIENTED_EDGE('',*,*,#570,.F.);
#1241 = ORIENTED_EDGE('',*,*,#1242,.T.);
#1242 = EDGE_CURVE('',#571,#451,#1243,.T.);
#1243 = LINE('',#1244,#1245);
#1244 = CARTESIAN_POINT('',(6.5,20.25,4.7));
#1245 = VECTOR('',#1246,1.);
#1246 = DIRECTION('',(0.,1.,0.));
#1247 = PLANE('',#1248);
#1248 = AXIS2_PLACEMENT_3D('',#1249,#1250,#1251);
#1249 = CARTESIAN_POINT('',(-10.5,-22.25,4.7));
#1250 = DIRECTION('',(0.,0.,1.));
#1251 = DIRECTION('',(1.,0.,0.));
#1252 = ADVANCED_FACE('',(#1253),#1264,.F.);
#1253 = FACE_BOUND('',#1254,.F.);
#1254 = EDGE_LOOP('',(#1255,#1256,#1262,#1263));
#1255 = ORIENTED_EDGE('',*,*,#562,.T.);
#1256 = ORIENTED_EDGE('',*,*,#1257,.T.);
#1257 = EDGE_CURVE('',#555,#435,#1258,.T.);
#1258 = LINE('',#1259,#1260);
#1259 = CARTESIAN_POINT('',(6.25,20.35,3.5));
#1260 = VECTOR('',#1261,1.);
#1261 = DIRECTION('',(0.,1.,0.));
#1262 = ORIENTED_EDGE('',*,*,#442,.F.);
#1263 = ORIENTED_EDGE('',*,*,#1235,.F.);
#1264 = PLANE('',#1265);
#1265 = AXIS2_PLACEMENT_3D('',#1266,#1267,#1268);
#1266 = CARTESIAN_POINT('',(6.25,20.35,3.5));
#1267 = DIRECTION('',(1.,0.,0.));
#1268 = DIRECTION('',(0.,0.,1.));
#1269 = ADVANCED_FACE('',(#1270),#1276,.T.);
#1270 = FACE_BOUND('',#1271,.T.);
#1271 = EDGE_LOOP('',(#1272,#1273,#1274,#1275));
#1272 = ORIENTED_EDGE('',*,*,#480,.F.);
#1273 = ORIENTED_EDGE('',*,*,#554,.T.);
#1274 = ORIENTED_EDGE('',*,*,#1257,.T.);
#1275 = ORIENTED_EDGE('',*,*,#434,.F.);
#1276 = PLANE('',#1277);
#1277 = AXIS2_PLACEMENT_3D('',#1278,#1279,#1280);
#1278 = CARTESIAN_POINT('',(-6.25,20.35,3.5));
#1279 = DIRECTION('',(0.,0.,1.));
#1280 = DIRECTION('',(1.,0.,0.));
#1281 = ADVANCED_FACE('',(#1282,#1355,#1389),#1423,.F.);
#1282 = FACE_BOUND('',#1283,.F.);
#1283 = EDGE_LOOP('',(#1284,#1294,#1302,#1310,#1318,#1326,#1332,#1333,
    #1341,#1349));
#1284 = ORIENTED_EDGE('',*,*,#1285,.F.);
#1285 = EDGE_CURVE('',#1286,#1288,#1290,.T.);
#1286 = VERTEX_POINT('',#1287);
#1287 = CARTESIAN_POINT('',(9.1,1.85,2.4));
#1288 = VERTEX_POINT('',#1289);
#1289 = CARTESIAN_POINT('',(9.1,1.85,4.7));
#1290 = LINE('',#1291,#1292);
#1291 = CARTESIAN_POINT('',(9.1,1.85,1.2));
#1292 = VECTOR('',#1293,1.);
#1293 = DIRECTION('',(0.,0.,1.));
#1294 = ORIENTED_EDGE('',*,*,#1295,.T.);
#1295 = EDGE_CURVE('',#1286,#1296,#1298,.T.);
#1296 = VERTEX_POINT('',#1297);
#1297 = CARTESIAN_POINT('',(9.1,4.05,2.4));
#1298 = LINE('',#1299,#1300);
#1299 = CARTESIAN_POINT('',(9.1,1.85,2.4));
#1300 = VECTOR('',#1301,1.);
#1301 = DIRECTION('',(0.,1.,0.));
#1302 = ORIENTED_EDGE('',*,*,#1303,.F.);
#1303 = EDGE_CURVE('',#1304,#1296,#1306,.T.);
#1304 = VERTEX_POINT('',#1305);
#1305 = CARTESIAN_POINT('',(9.1,4.05,1.2));
#1306 = LINE('',#1307,#1308);
#1307 = CARTESIAN_POINT('',(9.1,4.05,1.2));
#1308 = VECTOR('',#1309,1.);
#1309 = DIRECTION('',(0.,0.,1.));
#1310 = ORIENTED_EDGE('',*,*,#1311,.T.);
#1311 = EDGE_CURVE('',#1304,#1312,#1314,.T.);
#1312 = VERTEX_POINT('',#1313);
#1313 = CARTESIAN_POINT('',(9.1,18.65,1.2));
#1314 = LINE('',#1315,#1316);
#1315 = CARTESIAN_POINT('',(9.1,1.85,1.2));
#1316 = VECTOR('',#1317,1.);
#1317 = DIRECTION('',(0.,1.,0.));
#1318 = ORIENTED_EDGE('',*,*,#1319,.T.);
#1319 = EDGE_CURVE('',#1312,#1320,#1322,.T.);
#1320 = VERTEX_POINT('',#1321);
#1321 = CARTESIAN_POINT('',(9.1,18.65,2.4));
#1322 = LINE('',#1323,#1324);
#1323 = CARTESIAN_POINT('',(9.1,18.65,1.2));
#1324 = VECTOR('',#1325,1.);
#1325 = DIRECTION('',(0.,0.,1.));
#1326 = ORIENTED_EDGE('',*,*,#1327,.T.);
#1327 = EDGE_CURVE('',#1320,#497,#1328,.T.);
#1328 = LINE('',#1329,#1330);
#1329 = CARTESIAN_POINT('',(9.1,18.65,2.4));
#1330 = VECTOR('',#1331,1.);
#1331 = DIRECTION('',(0.,1.,0.));
#1332 = ORIENTED_EDGE('',*,*,#496,.T.);
#1333 = ORIENTED_EDGE('',*,*,#1334,.F.);
#1334 = EDGE_CURVE('',#1335,#499,#1337,.T.);
#1335 = VERTEX_POINT('',#1336);
#1336 = CARTESIAN_POINT('',(9.1,20.25,4.7));
#1337 = LINE('',#1338,#1339);
#1338 = CARTESIAN_POINT('',(9.1,-10.2,4.7));
#1339 = VECTOR('',#1340,1.);
#1340 = DIRECTION('',(0.,1.,0.));
#1341 = ORIENTED_EDGE('',*,*,#1342,.F.);
#1342 = EDGE_CURVE('',#1343,#1335,#1345,.T.);
#1343 = VERTEX_POINT('',#1344);
#1344 = CARTESIAN_POINT('',(9.1,20.003001200961,4.7));
#1345 = LINE('',#1346,#1347);
#1346 = CARTESIAN_POINT('',(9.1,-10.2,4.7));
#1347 = VECTOR('',#1348,1.);
#1348 = DIRECTION('',(0.,1.,0.));
#1349 = ORIENTED_EDGE('',*,*,#1350,.F.);
#1350 = EDGE_CURVE('',#1288,#1343,#1351,.T.);
#1351 = LINE('',#1352,#1353);
#1352 = CARTESIAN_POINT('',(9.1,-10.2,4.7));
#1353 = VECTOR('',#1354,1.);
#1354 = DIRECTION('',(0.,1.,0.));
#1355 = FACE_BOUND('',#1356,.F.);
#1356 = EDGE_LOOP('',(#1357,#1367,#1375,#1383));
#1357 = ORIENTED_EDGE('',*,*,#1358,.F.);
#1358 = EDGE_CURVE('',#1359,#1361,#1363,.T.);
#1359 = VERTEX_POINT('',#1360);
#1360 = CARTESIAN_POINT('',(9.1,14.,3.75));
#1361 = VERTEX_POINT('',#1362);
#1362 = CARTESIAN_POINT('',(9.1,18.,3.75));
#1363 = LINE('',#1364,#1365);
#1364 = CARTESIAN_POINT('',(9.1,14.,3.75));
#1365 = VECTOR('',#1366,1.);
#1366 = DIRECTION('',(0.,1.,0.));
#1367 = ORIENTED_EDGE('',*,*,#1368,.F.);
#1368 = EDGE_CURVE('',#1369,#1359,#1371,.T.);
#1369 = VERTEX_POINT('',#1370);
#1370 = CARTESIAN_POINT('',(9.1,14.,4.55));
#1371 = LINE('',#1372,#1373);
#1372 = CARTESIAN_POINT('',(9.1,14.,4.55));
#1373 = VECTOR('',#1374,1.);
#1374 = DIRECTION('',(0.,0.,-1.));
#1375 = ORIENTED_EDGE('',*,*,#1376,.T.);
#1376 = EDGE_CURVE('',#1369,#1377,#1379,.T.);
#1377 = VERTEX_POINT('',#1378);
#1378 = CARTESIAN_POINT('',(9.1,18.,4.55));
#1379 = LINE('',#1380,#1381);
#1380 = CARTESIAN_POINT('',(9.1,14.,4.55));
#1381 = VECTOR('',#1382,1.);
#1382 = DIRECTION('',(0.,1.,0.));
#1383 = ORIENTED_EDGE('',*,*,#1384,.T.);
#1384 = EDGE_CURVE('',#1377,#1361,#1385,.T.);
#1385 = LINE('',#1386,#1387);
#1386 = CARTESIAN_POINT('',(9.1,18.,4.55));
#1387 = VECTOR('',#1388,1.);
#1388 = DIRECTION('',(0.,0.,-1.));
#1389 = FACE_BOUND('',#1390,.F.);
#1390 = EDGE_LOOP('',(#1391,#1401,#1409,#1417));
#1391 = ORIENTED_EDGE('',*,*,#1392,.F.);
#1392 = EDGE_CURVE('',#1393,#1395,#1397,.T.);
#1393 = VERTEX_POINT('',#1394);
#1394 = CARTESIAN_POINT('',(9.1,5.,3.75));
#1395 = VERTEX_POINT('',#1396);
#1396 = CARTESIAN_POINT('',(9.1,9.,3.75));
#1397 = LINE('',#1398,#1399);
#1398 = CARTESIAN_POINT('',(9.1,5.,3.75));
#1399 = VECTOR('',#1400,1.);
#1400 = DIRECTION('',(0.,1.,0.));
#1401 = ORIENTED_EDGE('',*,*,#1402,.F.);
#1402 = EDGE_CURVE('',#1403,#1393,#1405,.T.);
#1403 = VERTEX_POINT('',#1404);
#1404 = CARTESIAN_POINT('',(9.1,5.,4.55));
#1405 = LINE('',#1406,#1407);
#1406 = CARTESIAN_POINT('',(9.1,5.,4.55));
#1407 = VECTOR('',#1408,1.);
#1408 = DIRECTION('',(0.,0.,-1.));
#1409 = ORIENTED_EDGE('',*,*,#1410,.T.);
#1410 = EDGE_CURVE('',#1403,#1411,#1413,.T.);
#1411 = VERTEX_POINT('',#1412);
#1412 = CARTESIAN_POINT('',(9.1,9.,4.55));
#1413 = LINE('',#1414,#1415);
#1414 = CARTESIAN_POINT('',(9.1,5.,4.55));
#1415 = VECTOR('',#1416,1.);
#1416 = DIRECTION('',(0.,1.,0.));
#1417 = ORIENTED_EDGE('',*,*,#1418,.T.);
#1418 = EDGE_CURVE('',#1411,#1395,#1419,.T.);
#1419 = LINE('',#1420,#1421);
#1420 = CARTESIAN_POINT('',(9.1,9.,4.55));
#1421 = VECTOR('',#1422,1.);
#1422 = DIRECTION('',(0.,0.,-1.));
#1423 = PLANE('',#1424);
#1424 = AXIS2_PLACEMENT_3D('',#1425,#1426,#1427);
#1425 = CARTESIAN_POINT('',(9.1,1.85,1.2));
#1426 = DIRECTION('',(1.,0.,0.));
#1427 = DIRECTION('',(0.,0.,1.));
#1428 = ADVANCED_FACE('',(#1429),#1465,.T.);
#1429 = FACE_BOUND('',#1430,.T.);
#1430 = EDGE_LOOP('',(#1431,#1441,#1448,#1449,#1450,#1458));
#1431 = ORIENTED_EDGE('',*,*,#1432,.F.);
#1432 = EDGE_CURVE('',#1433,#1435,#1437,.T.);
#1433 = VERTEX_POINT('',#1434);
#1434 = CARTESIAN_POINT('',(6.791900756452,22.25,4.7));
#1435 = VERTEX_POINT('',#1436);
#1436 = CARTESIAN_POINT('',(8.5,22.25,4.7));
#1437 = LINE('',#1438,#1439);
#1438 = CARTESIAN_POINT('',(-10.5,22.25,4.7));
#1439 = VECTOR('',#1440,1.);
#1440 = DIRECTION('',(1.,0.,0.));
#1441 = ORIENTED_EDGE('',*,*,#1442,.T.);
#1442 = EDGE_CURVE('',#1433,#579,#1443,.T.);
#1443 = CIRCLE('',#1444,4.);
#1444 = AXIS2_PLACEMENT_3D('',#1445,#1446,#1447);
#1445 = CARTESIAN_POINT('',(10.5,23.75,4.7));
#1446 = DIRECTION('',(0.,0.,1.));
#1447 = DIRECTION('',(1.,0.,0.));
#1448 = ORIENTED_EDGE('',*,*,#586,.F.);
#1449 = ORIENTED_EDGE('',*,*,#1334,.F.);
#1450 = ORIENTED_EDGE('',*,*,#1451,.T.);
#1451 = EDGE_CURVE('',#1335,#1452,#1454,.T.);
#1452 = VERTEX_POINT('',#1453);
#1453 = CARTESIAN_POINT('',(10.5,20.25,4.7));
#1454 = LINE('',#1455,#1456);
#1455 = CARTESIAN_POINT('',(6.5,20.25,4.7));
#1456 = VECTOR('',#1457,1.);
#1457 = DIRECTION('',(1.,0.,0.));
#1458 = ORIENTED_EDGE('',*,*,#1459,.T.);
#1459 = EDGE_CURVE('',#1452,#1435,#1460,.T.);
#1460 = CIRCLE('',#1461,2.);
#1461 = AXIS2_PLACEMENT_3D('',#1462,#1463,#1464);
#1462 = CARTESIAN_POINT('',(8.5,20.25,4.7));
#1463 = DIRECTION('',(-0.,0.,1.));
#1464 = DIRECTION('',(0.,-1.,0.));
#1465 = PLANE('',#1466);
#1466 = AXIS2_PLACEMENT_3D('',#1467,#1468,#1469);
#1467 = CARTESIAN_POINT('',(-10.5,-22.25,4.7));
#1468 = DIRECTION('',(0.,0.,1.));
#1469 = DIRECTION('',(1.,0.,0.));
#1470 = ADVANCED_FACE('',(#1471),#1482,.T.);
#1471 = FACE_BOUND('',#1472,.T.);
#1472 = EDGE_LOOP('',(#1473,#1479,#1480,#1481));
#1473 = ORIENTED_EDGE('',*,*,#1474,.F.);
#1474 = EDGE_CURVE('',#451,#1433,#1475,.T.);
#1475 = LINE('',#1476,#1477);
#1476 = CARTESIAN_POINT('',(-10.5,22.25,4.7));
#1477 = VECTOR('',#1478,1.);
#1478 = DIRECTION('',(1.,0.,0.));
#1479 = ORIENTED_EDGE('',*,*,#1242,.F.);
#1480 = ORIENTED_EDGE('',*,*,#578,.F.);
#1481 = ORIENTED_EDGE('',*,*,#1442,.F.);
#1482 = PLANE('',#1483);
#1483 = AXIS2_PLACEMENT_3D('',#1484,#1485,#1486);
#1484 = CARTESIAN_POINT('',(-10.5,-22.25,4.7));
#1485 = DIRECTION('',(0.,0.,1.));
#1486 = DIRECTION('',(1.,0.,0.));
#1487 = ADVANCED_FACE('',(#1488),#1506,.T.);
#1488 = FACE_BOUND('',#1489,.T.);
#1489 = EDGE_LOOP('',(#1490,#1491,#1499,#1505));
#1490 = ORIENTED_EDGE('',*,*,#640,.F.);
#1491 = ORIENTED_EDGE('',*,*,#1492,.T.);
#1492 = EDGE_CURVE('',#633,#1493,#1495,.T.);
#1493 = VERTEX_POINT('',#1494);
#1494 = CARTESIAN_POINT('',(-6.9,18.65,2.4));
#1495 = LINE('',#1496,#1497);
#1496 = CARTESIAN_POINT('',(-9.1,18.65,2.4));
#1497 = VECTOR('',#1498,1.);
#1498 = DIRECTION('',(1.,0.,0.));
#1499 = ORIENTED_EDGE('',*,*,#1500,.T.);
#1500 = EDGE_CURVE('',#1493,#531,#1501,.T.);
#1501 = LINE('',#1502,#1503);
#1502 = CARTESIAN_POINT('',(-6.9,18.65,2.4));
#1503 = VECTOR('',#1504,1.);
#1504 = DIRECTION('',(0.,1.,0.));
#1505 = ORIENTED_EDGE('',*,*,#538,.F.);
#1506 = PLANE('',#1507);
#1507 = AXIS2_PLACEMENT_3D('',#1508,#1509,#1510);
#1508 = CARTESIAN_POINT('',(-9.1,18.65,2.4));
#1509 = DIRECTION('',(0.,0.,1.));
#1510 = DIRECTION('',(1.,0.,0.));
#1511 = ADVANCED_FACE('',(#1512),#1530,.T.);
#1512 = FACE_BOUND('',#1513,.T.);
#1513 = EDGE_LOOP('',(#1514,#1522,#1528,#1529));
#1514 = ORIENTED_EDGE('',*,*,#1515,.F.);
#1515 = EDGE_CURVE('',#1516,#1493,#1518,.T.);
#1516 = VERTEX_POINT('',#1517);
#1517 = CARTESIAN_POINT('',(-6.9,18.65,1.2));
#1518 = LINE('',#1519,#1520);
#1519 = CARTESIAN_POINT('',(-6.9,18.65,1.2));
#1520 = VECTOR('',#1521,1.);
#1521 = DIRECTION('',(0.,0.,1.));
#1522 = ORIENTED_EDGE('',*,*,#1523,.T.);
#1523 = EDGE_CURVE('',#1516,#523,#1524,.T.);
#1524 = LINE('',#1525,#1526);
#1525 = CARTESIAN_POINT('',(-6.9,18.65,1.2));
#1526 = VECTOR('',#1527,1.);
#1527 = DIRECTION('',(0.,1.,0.));
#1528 = ORIENTED_EDGE('',*,*,#530,.T.);
#1529 = ORIENTED_EDGE('',*,*,#1500,.F.);
#1530 = PLANE('',#1531);
#1531 = AXIS2_PLACEMENT_3D('',#1532,#1533,#1534);
#1532 = CARTESIAN_POINT('',(-6.9,18.65,1.2));
#1533 = DIRECTION('',(1.,0.,0.));
#1534 = DIRECTION('',(0.,0.,1.));
#1535 = ADVANCED_FACE('',(#1536),#1623,.T.);
#1536 = FACE_BOUND('',#1537,.T.);
#1537 = EDGE_LOOP('',(#1538,#1548,#1554,#1555,#1563,#1569,#1570,#1571,
    #1577,#1578,#1586,#1592,#1593,#1601,#1609,#1617));
#1538 = ORIENTED_EDGE('',*,*,#1539,.T.);
#1539 = EDGE_CURVE('',#1540,#1542,#1544,.T.);
#1540 = VERTEX_POINT('',#1541);
#1541 = CARTESIAN_POINT('',(6.9,1.85,1.2));
#1542 = VERTEX_POINT('',#1543);
#1543 = CARTESIAN_POINT('',(6.9,4.05,1.2));
#1544 = LINE('',#1545,#1546);
#1545 = CARTESIAN_POINT('',(6.9,1.85,1.2));
#1546 = VECTOR('',#1547,1.);
#1547 = DIRECTION('',(0.,1.,0.));
#1548 = ORIENTED_EDGE('',*,*,#1549,.T.);
#1549 = EDGE_CURVE('',#1542,#1304,#1550,.T.);
#1550 = LINE('',#1551,#1552);
#1551 = CARTESIAN_POINT('',(6.9,4.05,1.2));
#1552 = VECTOR('',#1553,1.);
#1553 = DIRECTION('',(1.,0.,0.));
#1554 = ORIENTED_EDGE('',*,*,#1311,.T.);
#1555 = ORIENTED_EDGE('',*,*,#1556,.F.);
#1556 = EDGE_CURVE('',#1557,#1312,#1559,.T.);
#1557 = VERTEX_POINT('',#1558);
#1558 = CARTESIAN_POINT('',(6.9,18.65,1.2));
#1559 = LINE('',#1560,#1561);
#1560 = CARTESIAN_POINT('',(6.9,18.65,1.2));
#1561 = VECTOR('',#1562,1.);
#1562 = DIRECTION('',(1.,0.,0.));
#1563 = ORIENTED_EDGE('',*,*,#1564,.T.);
#1564 = EDGE_CURVE('',#1557,#515,#1565,.T.);
#1565 = LINE('',#1566,#1567);
#1566 = CARTESIAN_POINT('',(6.9,18.65,1.2));
#1567 = VECTOR('',#1568,1.);
#1568 = DIRECTION('',(0.,1.,0.));
#1569 = ORIENTED_EDGE('',*,*,#522,.F.);
#1570 = ORIENTED_EDGE('',*,*,#1523,.F.);
#1571 = ORIENTED_EDGE('',*,*,#1572,.F.);
#1572 = EDGE_CURVE('',#625,#1516,#1573,.T.);
#1573 = LINE('',#1574,#1575);
#1574 = CARTESIAN_POINT('',(-9.1,18.65,1.2));
#1575 = VECTOR('',#1576,1.);
#1576 = DIRECTION('',(1.,0.,0.));
#1577 = ORIENTED_EDGE('',*,*,#624,.F.);
#1578 = ORIENTED_EDGE('',*,*,#1579,.T.);
#1579 = EDGE_CURVE('',#617,#1580,#1582,.T.);
#1580 = VERTEX_POINT('',#1581);
#1581 = CARTESIAN_POINT('',(-6.9,4.05,1.2));
#1582 = LINE('',#1583,#1584);
#1583 = CARTESIAN_POINT('',(-9.1,4.05,1.2));
#1584 = VECTOR('',#1585,1.);
#1585 = DIRECTION('',(1.,0.,0.));
#1586 = ORIENTED_EDGE('',*,*,#1587,.F.);
#1587 = EDGE_CURVE('',#734,#1580,#1588,.T.);
#1588 = LINE('',#1589,#1590);
#1589 = CARTESIAN_POINT('',(-6.9,1.85,1.2));
#1590 = VECTOR('',#1591,1.);
#1591 = DIRECTION('',(0.,1.,0.));
#1592 = ORIENTED_EDGE('',*,*,#733,.T.);
#1593 = ORIENTED_EDGE('',*,*,#1594,.T.);
#1594 = EDGE_CURVE('',#726,#1595,#1597,.T.);
#1595 = VERTEX_POINT('',#1596);
#1596 = CARTESIAN_POINT('',(-5.,2.35,1.2));
#1597 = LINE('',#1598,#1599);
#1598 = CARTESIAN_POINT('',(-5.,0.15,1.2));
#1599 = VECTOR('',#1600,1.);
#1600 = DIRECTION('',(0.,1.,0.));
#1601 = ORIENTED_EDGE('',*,*,#1602,.T.);
#1602 = EDGE_CURVE('',#1595,#1603,#1605,.T.);
#1603 = VERTEX_POINT('',#1604);
#1604 = CARTESIAN_POINT('',(5.,2.35,1.2));
#1605 = LINE('',#1606,#1607);
#1606 = CARTESIAN_POINT('',(-5.,2.35,1.2));
#1607 = VECTOR('',#1608,1.);
#1608 = DIRECTION('',(1.,0.,0.));
#1609 = ORIENTED_EDGE('',*,*,#1610,.F.);
#1610 = EDGE_CURVE('',#1611,#1603,#1613,.T.);
#1611 = VERTEX_POINT('',#1612);
#1612 = CARTESIAN_POINT('',(5.,1.85,1.2));
#1613 = LINE('',#1614,#1615);
#1614 = CARTESIAN_POINT('',(5.,0.15,1.2));
#1615 = VECTOR('',#1616,1.);
#1616 = DIRECTION('',(0.,1.,0.));
#1617 = ORIENTED_EDGE('',*,*,#1618,.T.);
#1618 = EDGE_CURVE('',#1611,#1540,#1619,.T.);
#1619 = LINE('',#1620,#1621);
#1620 = CARTESIAN_POINT('',(-9.1,1.85,1.2));
#1621 = VECTOR('',#1622,1.);
#1622 = DIRECTION('',(1.,0.,0.));
#1623 = PLANE('',#1624);
#1624 = AXIS2_PLACEMENT_3D('',#1625,#1626,#1627);
#1625 = CARTESIAN_POINT('',(-9.1,1.85,1.2));
#1626 = DIRECTION('',(0.,0.,1.));
#1627 = DIRECTION('',(1.,0.,0.));
#1628 = ADVANCED_FACE('',(#1629),#1647,.F.);
#1629 = FACE_BOUND('',#1630,.F.);
#1630 = EDGE_LOOP('',(#1631,#1639,#1640,#1641));
#1631 = ORIENTED_EDGE('',*,*,#1632,.F.);
#1632 = EDGE_CURVE('',#1557,#1633,#1635,.T.);
#1633 = VERTEX_POINT('',#1634);
#1634 = CARTESIAN_POINT('',(6.9,18.65,2.4));
#1635 = LINE('',#1636,#1637);
#1636 = CARTESIAN_POINT('',(6.9,18.65,1.2));
#1637 = VECTOR('',#1638,1.);
#1638 = DIRECTION('',(0.,0.,1.));
#1639 = ORIENTED_EDGE('',*,*,#1564,.T.);
#1640 = ORIENTED_EDGE('',*,*,#514,.T.);
#1641 = ORIENTED_EDGE('',*,*,#1642,.F.);
#1642 = EDGE_CURVE('',#1633,#507,#1643,.T.);
#1643 = LINE('',#1644,#1645);
#1644 = CARTESIAN_POINT('',(6.9,18.65,2.4));
#1645 = VECTOR('',#1646,1.);
#1646 = DIRECTION('',(0.,1.,0.));
#1647 = PLANE('',#1648);
#1648 = AXIS2_PLACEMENT_3D('',#1649,#1650,#1651);
#1649 = CARTESIAN_POINT('',(6.9,18.65,1.2));
#1650 = DIRECTION('',(1.,0.,0.));
#1651 = DIRECTION('',(0.,0.,1.));
#1652 = ADVANCED_FACE('',(#1653),#1664,.T.);
#1653 = FACE_BOUND('',#1654,.T.);
#1654 = EDGE_LOOP('',(#1655,#1656,#1662,#1663));
#1655 = ORIENTED_EDGE('',*,*,#1642,.F.);
#1656 = ORIENTED_EDGE('',*,*,#1657,.T.);
#1657 = EDGE_CURVE('',#1633,#1320,#1658,.T.);
#1658 = LINE('',#1659,#1660);
#1659 = CARTESIAN_POINT('',(6.9,18.65,2.4));
#1660 = VECTOR('',#1661,1.);
#1661 = DIRECTION('',(1.,0.,0.));
#1662 = ORIENTED_EDGE('',*,*,#1327,.T.);
#1663 = ORIENTED_EDGE('',*,*,#506,.F.);
#1664 = PLANE('',#1665);
#1665 = AXIS2_PLACEMENT_3D('',#1666,#1667,#1668);
#1666 = CARTESIAN_POINT('',(6.9,18.65,2.4));
#1667 = DIRECTION('',(0.,0.,1.));
#1668 = DIRECTION('',(1.,0.,0.));
#1669 = ADVANCED_FACE('',(#1670),#1688,.T.);
#1670 = FACE_BOUND('',#1671,.T.);
#1671 = EDGE_LOOP('',(#1672,#1673,#1674,#1682));
#1672 = ORIENTED_EDGE('',*,*,#608,.F.);
#1673 = ORIENTED_EDGE('',*,*,#749,.T.);
#1674 = ORIENTED_EDGE('',*,*,#1675,.T.);
#1675 = EDGE_CURVE('',#742,#1676,#1678,.T.);
#1676 = VERTEX_POINT('',#1677);
#1677 = CARTESIAN_POINT('',(-6.9,4.05,2.4));
#1678 = LINE('',#1679,#1680);
#1679 = CARTESIAN_POINT('',(-6.9,1.85,2.4));
#1680 = VECTOR('',#1681,1.);
#1681 = DIRECTION('',(0.,1.,0.));
#1682 = ORIENTED_EDGE('',*,*,#1683,.F.);
#1683 = EDGE_CURVE('',#609,#1676,#1684,.T.);
#1684 = LINE('',#1685,#1686);
#1685 = CARTESIAN_POINT('',(-9.1,4.05,2.4));
#1686 = VECTOR('',#1687,1.);
#1687 = DIRECTION('',(1.,0.,0.));
#1688 = PLANE('',#1689);
#1689 = AXIS2_PLACEMENT_3D('',#1690,#1691,#1692);
#1690 = CARTESIAN_POINT('',(-9.1,1.85,2.4));
#1691 = DIRECTION('',(0.,0.,1.));
#1692 = DIRECTION('',(1.,0.,0.));
#1693 = ADVANCED_FACE('',(#1694),#1705,.T.);
#1694 = FACE_BOUND('',#1695,.T.);
#1695 = EDGE_LOOP('',(#1696,#1697,#1698,#1699));
#1696 = ORIENTED_EDGE('',*,*,#1579,.F.);
#1697 = ORIENTED_EDGE('',*,*,#616,.T.);
#1698 = ORIENTED_EDGE('',*,*,#1683,.T.);
#1699 = ORIENTED_EDGE('',*,*,#1700,.F.);
#1700 = EDGE_CURVE('',#1580,#1676,#1701,.T.);
#1701 = LINE('',#1702,#1703);
#1702 = CARTESIAN_POINT('',(-6.9,4.05,1.2));
#1703 = VECTOR('',#1704,1.);
#1704 = DIRECTION('',(0.,0.,1.));
#1705 = PLANE('',#1706);
#1706 = AXIS2_PLACEMENT_3D('',#1707,#1708,#1709);
#1707 = CARTESIAN_POINT('',(-9.1,4.05,1.2));
#1708 = DIRECTION('',(0.,1.,0.));
#1709 = DIRECTION('',(0.,0.,1.));
#1710 = ADVANCED_FACE('',(#1711),#1717,.F.);
#1711 = FACE_BOUND('',#1712,.F.);
#1712 = EDGE_LOOP('',(#1713,#1714,#1715,#1716));
#1713 = ORIENTED_EDGE('',*,*,#1572,.F.);
#1714 = ORIENTED_EDGE('',*,*,#632,.T.);
#1715 = ORIENTED_EDGE('',*,*,#1492,.T.);
#1716 = ORIENTED_EDGE('',*,*,#1515,.F.);
#1717 = PLANE('',#1718);
#1718 = AXIS2_PLACEMENT_3D('',#1719,#1720,#1721);
#1719 = CARTESIAN_POINT('',(-9.1,18.65,1.2));
#1720 = DIRECTION('',(0.,1.,0.));
#1721 = DIRECTION('',(0.,0.,1.));
#1722 = ADVANCED_FACE('',(#1723),#1748,.T.);
#1723 = FACE_BOUND('',#1724,.T.);
#1724 = EDGE_LOOP('',(#1725,#1726,#1734,#1742));
#1725 = ORIENTED_EDGE('',*,*,#650,.T.);
#1726 = ORIENTED_EDGE('',*,*,#1727,.T.);
#1727 = EDGE_CURVE('',#653,#1728,#1730,.T.);
#1728 = VERTEX_POINT('',#1729);
#1729 = CARTESIAN_POINT('',(-9.35,18.,4.15));
#1730 = LINE('',#1731,#1732);
#1731 = CARTESIAN_POINT('',(-9.1,18.,3.75));
#1732 = VECTOR('',#1733,1.);
#1733 = DIRECTION('',(-0.529998940003,0.,0.847998304005));
#1734 = ORIENTED_EDGE('',*,*,#1735,.F.);
#1735 = EDGE_CURVE('',#1736,#1728,#1738,.T.);
#1736 = VERTEX_POINT('',#1737);
#1737 = CARTESIAN_POINT('',(-9.35,14.,4.15));
#1738 = LINE('',#1739,#1740);
#1739 = CARTESIAN_POINT('',(-9.35,14.,4.15));
#1740 = VECTOR('',#1741,1.);
#1741 = DIRECTION('',(0.,1.,0.));
#1742 = ORIENTED_EDGE('',*,*,#1743,.F.);
#1743 = EDGE_CURVE('',#651,#1736,#1744,.T.);
#1744 = LINE('',#1745,#1746);
#1745 = CARTESIAN_POINT('',(-9.1,14.,3.75));
#1746 = VECTOR('',#1747,1.);
#1747 = DIRECTION('',(-0.529998940003,0.,0.847998304005));
#1748 = PLANE('',#1749);
#1749 = AXIS2_PLACEMENT_3D('',#1750,#1751,#1752);
#1750 = CARTESIAN_POINT('',(-9.1,14.,3.75));
#1751 = DIRECTION('',(0.847998304005,0.,0.529998940003));
#1752 = DIRECTION('',(-0.529998940003,0.,0.847998304005));
#1753 = ADVANCED_FACE('',(#1754),#1764,.F.);
#1754 = FACE_BOUND('',#1755,.F.);
#1755 = EDGE_LOOP('',(#1756,#1757,#1763));
#1756 = ORIENTED_EDGE('',*,*,#1727,.T.);
#1757 = ORIENTED_EDGE('',*,*,#1758,.T.);
#1758 = EDGE_CURVE('',#1728,#669,#1759,.T.);
#1759 = LINE('',#1760,#1761);
#1760 = CARTESIAN_POINT('',(-9.35,18.,4.15));
#1761 = VECTOR('',#1762,1.);
#1762 = DIRECTION('',(0.529998940003,0.,0.847998304005));
#1763 = ORIENTED_EDGE('',*,*,#676,.T.);
#1764 = PLANE('',#1765);
#1765 = AXIS2_PLACEMENT_3D('',#1766,#1767,#1768);
#1766 = CARTESIAN_POINT('',(-9.167640754718,18.,4.15));
#1767 = DIRECTION('',(0.,1.,0.));
#1768 = DIRECTION('',(0.,0.,1.));
#1769 = ADVANCED_FACE('',(#1770),#1781,.T.);
#1770 = FACE_BOUND('',#1771,.T.);
#1771 = EDGE_LOOP('',(#1772,#1773,#1774,#1775));
#1772 = ORIENTED_EDGE('',*,*,#1735,.T.);
#1773 = ORIENTED_EDGE('',*,*,#1758,.T.);
#1774 = ORIENTED_EDGE('',*,*,#668,.F.);
#1775 = ORIENTED_EDGE('',*,*,#1776,.F.);
#1776 = EDGE_CURVE('',#1736,#661,#1777,.T.);
#1777 = LINE('',#1778,#1779);
#1778 = CARTESIAN_POINT('',(-9.35,14.,4.15));
#1779 = VECTOR('',#1780,1.);
#1780 = DIRECTION('',(0.529998940003,0.,0.847998304005));
#1781 = PLANE('',#1782);
#1782 = AXIS2_PLACEMENT_3D('',#1783,#1784,#1785);
#1783 = CARTESIAN_POINT('',(-9.35,14.,4.15));
#1784 = DIRECTION('',(0.847998304005,0.,-0.529998940003));
#1785 = DIRECTION('',(0.529998940003,0.,0.847998304005));
#1786 = ADVANCED_FACE('',(#1787),#1792,.T.);
#1787 = FACE_BOUND('',#1788,.T.);
#1788 = EDGE_LOOP('',(#1789,#1790,#1791));
#1789 = ORIENTED_EDGE('',*,*,#1743,.T.);
#1790 = ORIENTED_EDGE('',*,*,#1776,.T.);
#1791 = ORIENTED_EDGE('',*,*,#660,.T.);
#1792 = PLANE('',#1793);
#1793 = AXIS2_PLACEMENT_3D('',#1794,#1795,#1796);
#1794 = CARTESIAN_POINT('',(-9.167640754718,14.,4.15));
#1795 = DIRECTION('',(0.,1.,0.));
#1796 = DIRECTION('',(0.,0.,1.));
#1797 = ADVANCED_FACE('',(#1798),#1823,.T.);
#1798 = FACE_BOUND('',#1799,.T.);
#1799 = EDGE_LOOP('',(#1800,#1801,#1809,#1817));
#1800 = ORIENTED_EDGE('',*,*,#684,.T.);
#1801 = ORIENTED_EDGE('',*,*,#1802,.T.);
#1802 = EDGE_CURVE('',#687,#1803,#1805,.T.);
#1803 = VERTEX_POINT('',#1804);
#1804 = CARTESIAN_POINT('',(-9.35,9.,4.15));
#1805 = LINE('',#1806,#1807);
#1806 = CARTESIAN_POINT('',(-9.1,9.,3.75));
#1807 = VECTOR('',#1808,1.);
#1808 = DIRECTION('',(-0.529998940003,0.,0.847998304005));
#1809 = ORIENTED_EDGE('',*,*,#1810,.F.);
#1810 = EDGE_CURVE('',#1811,#1803,#1813,.T.);
#1811 = VERTEX_POINT('',#1812);
#1812 = CARTESIAN_POINT('',(-9.35,5.,4.15));
#1813 = LINE('',#1814,#1815);
#1814 = CARTESIAN_POINT('',(-9.35,5.,4.15));
#1815 = VECTOR('',#1816,1.);
#1816 = DIRECTION('',(0.,1.,0.));
#1817 = ORIENTED_EDGE('',*,*,#1818,.F.);
#1818 = EDGE_CURVE('',#685,#1811,#1819,.T.);
#1819 = LINE('',#1820,#1821);
#1820 = CARTESIAN_POINT('',(-9.1,5.,3.75));
#1821 = VECTOR('',#1822,1.);
#1822 = DIRECTION('',(-0.529998940003,0.,0.847998304005));
#1823 = PLANE('',#1824);
#1824 = AXIS2_PLACEMENT_3D('',#1825,#1826,#1827);
#1825 = CARTESIAN_POINT('',(-9.1,5.,3.75));
#1826 = DIRECTION('',(0.847998304005,0.,0.529998940003));
#1827 = DIRECTION('',(-0.529998940003,0.,0.847998304005));
#1828 = ADVANCED_FACE('',(#1829),#1839,.T.);
#1829 = FACE_BOUND('',#1830,.T.);
#1830 = EDGE_LOOP('',(#1831,#1832,#1838));
#1831 = ORIENTED_EDGE('',*,*,#1818,.T.);
#1832 = ORIENTED_EDGE('',*,*,#1833,.T.);
#1833 = EDGE_CURVE('',#1811,#695,#1834,.T.);
#1834 = LINE('',#1835,#1836);
#1835 = CARTESIAN_POINT('',(-9.35,5.,4.15));
#1836 = VECTOR('',#1837,1.);
#1837 = DIRECTION('',(0.529998940003,0.,0.847998304005));
#1838 = ORIENTED_EDGE('',*,*,#694,.T.);
#1839 = PLANE('',#1840);
#1840 = AXIS2_PLACEMENT_3D('',#1841,#1842,#1843);
#1841 = CARTESIAN_POINT('',(-9.167640754718,5.,4.15));
#1842 = DIRECTION('',(0.,1.,0.));
#1843 = DIRECTION('',(0.,0.,1.));
#1844 = ADVANCED_FACE('',(#1845),#1855,.F.);
#1845 = FACE_BOUND('',#1846,.F.);
#1846 = EDGE_LOOP('',(#1847,#1848,#1854));
#1847 = ORIENTED_EDGE('',*,*,#1802,.T.);
#1848 = ORIENTED_EDGE('',*,*,#1849,.T.);
#1849 = EDGE_CURVE('',#1803,#703,#1850,.T.);
#1850 = LINE('',#1851,#1852);
#1851 = CARTESIAN_POINT('',(-9.35,9.,4.15));
#1852 = VECTOR('',#1853,1.);
#1853 = DIRECTION('',(0.529998940003,0.,0.847998304005));
#1854 = ORIENTED_EDGE('',*,*,#710,.T.);
#1855 = PLANE('',#1856);
#1856 = AXIS2_PLACEMENT_3D('',#1857,#1858,#1859);
#1857 = CARTESIAN_POINT('',(-9.167640754718,9.,4.15));
#1858 = DIRECTION('',(0.,1.,0.));
#1859 = DIRECTION('',(0.,0.,1.));
#1860 = ADVANCED_FACE('',(#1861),#1867,.T.);
#1861 = FACE_BOUND('',#1862,.T.);
#1862 = EDGE_LOOP('',(#1863,#1864,#1865,#1866));
#1863 = ORIENTED_EDGE('',*,*,#1810,.T.);
#1864 = ORIENTED_EDGE('',*,*,#1849,.T.);
#1865 = ORIENTED_EDGE('',*,*,#702,.F.);
#1866 = ORIENTED_EDGE('',*,*,#1833,.F.);
#1867 = PLANE('',#1868);
#1868 = AXIS2_PLACEMENT_3D('',#1869,#1870,#1871);
#1869 = CARTESIAN_POINT('',(-9.35,5.,4.15));
#1870 = DIRECTION('',(0.847998304005,0.,-0.529998940003));
#1871 = DIRECTION('',(0.529998940003,0.,0.847998304005));
#1872 = ADVANCED_FACE('',(#1873),#1879,.T.);
#1873 = FACE_BOUND('',#1874,.T.);
#1874 = EDGE_LOOP('',(#1875,#1876,#1877,#1878));
#1875 = ORIENTED_EDGE('',*,*,#741,.F.);
#1876 = ORIENTED_EDGE('',*,*,#1587,.T.);
#1877 = ORIENTED_EDGE('',*,*,#1700,.T.);
#1878 = ORIENTED_EDGE('',*,*,#1675,.F.);
#1879 = PLANE('',#1880);
#1880 = AXIS2_PLACEMENT_3D('',#1881,#1882,#1883);
#1881 = CARTESIAN_POINT('',(-6.9,1.85,1.2));
#1882 = DIRECTION('',(1.,0.,0.));
#1883 = DIRECTION('',(0.,0.,1.));
#1884 = ADVANCED_FACE('',(#1885),#1908,.T.);
#1885 = FACE_BOUND('',#1886,.T.);
#1886 = EDGE_LOOP('',(#1887,#1888,#1896,#1902));
#1887 = ORIENTED_EDGE('',*,*,#772,.F.);
#1888 = ORIENTED_EDGE('',*,*,#1889,.T.);
#1889 = EDGE_CURVE('',#765,#1890,#1892,.T.);
#1890 = VERTEX_POINT('',#1891);
#1891 = CARTESIAN_POINT('',(5.,0.65,1.2));
#1892 = LINE('',#1893,#1894);
#1893 = CARTESIAN_POINT('',(-9.1,0.65,1.2));
#1894 = VECTOR('',#1895,1.);
#1895 = DIRECTION('',(1.,0.,0.));
#1896 = ORIENTED_EDGE('',*,*,#1897,.T.);
#1897 = EDGE_CURVE('',#1890,#1611,#1898,.T.);
#1898 = LINE('',#1899,#1900);
#1899 = CARTESIAN_POINT('',(5.,0.15,1.2));
#1900 = VECTOR('',#1901,1.);
#1901 = DIRECTION('',(0.,1.,0.));
#1902 = ORIENTED_EDGE('',*,*,#1903,.F.);
#1903 = EDGE_CURVE('',#726,#1611,#1904,.T.);
#1904 = LINE('',#1905,#1906);
#1905 = CARTESIAN_POINT('',(-9.1,1.85,1.2));
#1906 = VECTOR('',#1907,1.);
#1907 = DIRECTION('',(1.,0.,0.));
#1908 = PLANE('',#1909);
#1909 = AXIS2_PLACEMENT_3D('',#1910,#1911,#1912);
#1910 = CARTESIAN_POINT('',(-5.,0.15,1.2));
#1911 = DIRECTION('',(0.,0.,1.));
#1912 = DIRECTION('',(1.,0.,0.));
#1913 = ADVANCED_FACE('',(#1914),#1932,.T.);
#1914 = FACE_BOUND('',#1915,.T.);
#1915 = EDGE_LOOP('',(#1916,#1917,#1925,#1931));
#1916 = ORIENTED_EDGE('',*,*,#868,.F.);
#1917 = ORIENTED_EDGE('',*,*,#1918,.T.);
#1918 = EDGE_CURVE('',#861,#1919,#1921,.T.);
#1919 = VERTEX_POINT('',#1920);
#1920 = CARTESIAN_POINT('',(-6.9,-1.55,2.4));
#1921 = LINE('',#1922,#1923);
#1922 = CARTESIAN_POINT('',(-9.1,-1.55,2.4));
#1923 = VECTOR('',#1924,1.);
#1924 = DIRECTION('',(1.,0.,0.));
#1925 = ORIENTED_EDGE('',*,*,#1926,.T.);
#1926 = EDGE_CURVE('',#1919,#799,#1927,.T.);
#1927 = LINE('',#1928,#1929);
#1928 = CARTESIAN_POINT('',(-6.9,-1.55,2.4));
#1929 = VECTOR('',#1930,1.);
#1930 = DIRECTION('',(0.,1.,0.));
#1931 = ORIENTED_EDGE('',*,*,#806,.F.);
#1932 = PLANE('',#1933);
#1933 = AXIS2_PLACEMENT_3D('',#1934,#1935,#1936);
#1934 = CARTESIAN_POINT('',(-9.1,-1.55,2.4));
#1935 = DIRECTION('',(0.,0.,1.));
#1936 = DIRECTION('',(1.,0.,0.));
#1937 = ADVANCED_FACE('',(#1938),#1956,.T.);
#1938 = FACE_BOUND('',#1939,.T.);
#1939 = EDGE_LOOP('',(#1940,#1948,#1954,#1955));
#1940 = ORIENTED_EDGE('',*,*,#1941,.F.);
#1941 = EDGE_CURVE('',#1942,#1919,#1944,.T.);
#1942 = VERTEX_POINT('',#1943);
#1943 = CARTESIAN_POINT('',(-6.9,-1.55,1.2));
#1944 = LINE('',#1945,#1946);
#1945 = CARTESIAN_POINT('',(-6.9,-1.55,1.2));
#1946 = VECTOR('',#1947,1.);
#1947 = DIRECTION('',(0.,0.,1.));
#1948 = ORIENTED_EDGE('',*,*,#1949,.T.);
#1949 = EDGE_CURVE('',#1942,#791,#1950,.T.);
#1950 = LINE('',#1951,#1952);
#1951 = CARTESIAN_POINT('',(-6.9,-1.55,1.2));
#1952 = VECTOR('',#1953,1.);
#1953 = DIRECTION('',(0.,1.,0.));
#1954 = ORIENTED_EDGE('',*,*,#798,.T.);
#1955 = ORIENTED_EDGE('',*,*,#1926,.F.);
#1956 = PLANE('',#1957);
#1957 = AXIS2_PLACEMENT_3D('',#1958,#1959,#1960);
#1958 = CARTESIAN_POINT('',(-6.9,-1.55,1.2));
#1959 = DIRECTION('',(1.,0.,0.));
#1960 = DIRECTION('',(0.,0.,1.));
#1961 = ADVANCED_FACE('',(#1962),#2056,.T.);
#1962 = FACE_BOUND('',#1963,.T.);
#1963 = EDGE_LOOP('',(#1964,#1965,#1966,#1972,#1973,#1981,#1987,#1988,
    #1996,#2004,#2012,#2020,#2028,#2034,#2042,#2050));
#1964 = ORIENTED_EDGE('',*,*,#790,.F.);
#1965 = ORIENTED_EDGE('',*,*,#1949,.F.);
#1966 = ORIENTED_EDGE('',*,*,#1967,.F.);
#1967 = EDGE_CURVE('',#853,#1942,#1968,.T.);
#1968 = LINE('',#1969,#1970);
#1969 = CARTESIAN_POINT('',(-9.1,-1.55,1.2));
#1970 = VECTOR('',#1971,1.);
#1971 = DIRECTION('',(1.,0.,0.));
#1972 = ORIENTED_EDGE('',*,*,#852,.F.);
#1973 = ORIENTED_EDGE('',*,*,#1974,.T.);
#1974 = EDGE_CURVE('',#845,#1975,#1977,.T.);
#1975 = VERTEX_POINT('',#1976);
#1976 = CARTESIAN_POINT('',(-6.9,-18.65,1.2));
#1977 = LINE('',#1978,#1979);
#1978 = CARTESIAN_POINT('',(-9.1,-18.65,1.2));
#1979 = VECTOR('',#1980,1.);
#1980 = DIRECTION('',(1.,0.,0.));
#1981 = ORIENTED_EDGE('',*,*,#1982,.F.);
#1982 = EDGE_CURVE('',#979,#1975,#1983,.T.);
#1983 = LINE('',#1984,#1985);
#1984 = CARTESIAN_POINT('',(-6.9,-20.85,1.2));
#1985 = VECTOR('',#1986,1.);
#1986 = DIRECTION('',(0.,1.,0.));
#1987 = ORIENTED_EDGE('',*,*,#978,.T.);
#1988 = ORIENTED_EDGE('',*,*,#1989,.T.);
#1989 = EDGE_CURVE('',#971,#1990,#1992,.T.);
#1990 = VERTEX_POINT('',#1991);
#1991 = CARTESIAN_POINT('',(6.9,-18.65,1.2));
#1992 = LINE('',#1993,#1994);
#1993 = CARTESIAN_POINT('',(6.9,-20.85,1.2));
#1994 = VECTOR('',#1995,1.);
#1995 = DIRECTION('',(0.,1.,0.));
#1996 = ORIENTED_EDGE('',*,*,#1997,.T.);
#1997 = EDGE_CURVE('',#1990,#1998,#2000,.T.);
#1998 = VERTEX_POINT('',#1999);
#1999 = CARTESIAN_POINT('',(9.1,-18.65,1.2));
#2000 = LINE('',#2001,#2002);
#2001 = CARTESIAN_POINT('',(6.9,-18.65,1.2));
#2002 = VECTOR('',#2003,1.);
#2003 = DIRECTION('',(1.,0.,0.));
#2004 = ORIENTED_EDGE('',*,*,#2005,.T.);
#2005 = EDGE_CURVE('',#1998,#2006,#2008,.T.);
#2006 = VERTEX_POINT('',#2007);
#2007 = CARTESIAN_POINT('',(9.1,-1.55,1.2));
#2008 = LINE('',#2009,#2010);
#2009 = CARTESIAN_POINT('',(9.1,-20.85,1.2));
#2010 = VECTOR('',#2011,1.);
#2011 = DIRECTION('',(0.,1.,0.));
#2012 = ORIENTED_EDGE('',*,*,#2013,.F.);
#2013 = EDGE_CURVE('',#2014,#2006,#2016,.T.);
#2014 = VERTEX_POINT('',#2015);
#2015 = CARTESIAN_POINT('',(6.9,-1.55,1.2));
#2016 = LINE('',#2017,#2018);
#2017 = CARTESIAN_POINT('',(6.9,-1.55,1.2));
#2018 = VECTOR('',#2019,1.);
#2019 = DIRECTION('',(1.,0.,0.));
#2020 = ORIENTED_EDGE('',*,*,#2021,.T.);
#2021 = EDGE_CURVE('',#2014,#2022,#2024,.T.);
#2022 = VERTEX_POINT('',#2023);
#2023 = CARTESIAN_POINT('',(6.9,0.65,1.2));
#2024 = LINE('',#2025,#2026);
#2025 = CARTESIAN_POINT('',(6.9,-1.55,1.2));
#2026 = VECTOR('',#2027,1.);
#2027 = DIRECTION('',(0.,1.,0.));
#2028 = ORIENTED_EDGE('',*,*,#2029,.F.);
#2029 = EDGE_CURVE('',#1890,#2022,#2030,.T.);
#2030 = LINE('',#2031,#2032);
#2031 = CARTESIAN_POINT('',(-9.1,0.65,1.2));
#2032 = VECTOR('',#2033,1.);
#2033 = DIRECTION('',(1.,0.,0.));
#2034 = ORIENTED_EDGE('',*,*,#2035,.F.);
#2035 = EDGE_CURVE('',#2036,#1890,#2038,.T.);
#2036 = VERTEX_POINT('',#2037);
#2037 = CARTESIAN_POINT('',(5.,0.15,1.2));
#2038 = LINE('',#2039,#2040);
#2039 = CARTESIAN_POINT('',(5.,0.15,1.2));
#2040 = VECTOR('',#2041,1.);
#2041 = DIRECTION('',(0.,1.,0.));
#2042 = ORIENTED_EDGE('',*,*,#2043,.F.);
#2043 = EDGE_CURVE('',#2044,#2036,#2046,.T.);
#2044 = VERTEX_POINT('',#2045);
#2045 = CARTESIAN_POINT('',(-5.,0.15,1.2));
#2046 = LINE('',#2047,#2048);
#2047 = CARTESIAN_POINT('',(-5.,0.15,1.2));
#2048 = VECTOR('',#2049,1.);
#2049 = DIRECTION('',(1.,0.,0.));
#2050 = ORIENTED_EDGE('',*,*,#2051,.T.);
#2051 = EDGE_CURVE('',#2044,#765,#2052,.T.);
#2052 = LINE('',#2053,#2054);
#2053 = CARTESIAN_POINT('',(-5.,0.15,1.2));
#2054 = VECTOR('',#2055,1.);
#2055 = DIRECTION('',(0.,1.,0.));
#2056 = PLANE('',#2057);
#2057 = AXIS2_PLACEMENT_3D('',#2058,#2059,#2060);
#2058 = CARTESIAN_POINT('',(-9.1,-20.85,1.2));
#2059 = DIRECTION('',(0.,0.,1.));
#2060 = DIRECTION('',(1.,0.,0.));
#2061 = ADVANCED_FACE('',(#2062),#2080,.T.);
#2062 = FACE_BOUND('',#2063,.T.);
#2063 = EDGE_LOOP('',(#2064,#2065,#2066,#2074));
#2064 = ORIENTED_EDGE('',*,*,#836,.F.);
#2065 = ORIENTED_EDGE('',*,*,#994,.T.);
#2066 = ORIENTED_EDGE('',*,*,#2067,.T.);
#2067 = EDGE_CURVE('',#987,#2068,#2070,.T.);
#2068 = VERTEX_POINT('',#2069);
#2069 = CARTESIAN_POINT('',(-6.9,-18.65,2.4));
#2070 = LINE('',#2071,#2072);
#2071 = CARTESIAN_POINT('',(-6.9,-20.85,2.4));
#2072 = VECTOR('',#2073,1.);
#2073 = DIRECTION('',(0.,1.,0.));
#2074 = ORIENTED_EDGE('',*,*,#2075,.F.);
#2075 = EDGE_CURVE('',#837,#2068,#2076,.T.);
#2076 = LINE('',#2077,#2078);
#2077 = CARTESIAN_POINT('',(-9.1,-18.65,2.4));
#2078 = VECTOR('',#2079,1.);
#2079 = DIRECTION('',(1.,0.,0.));
#2080 = PLANE('',#2081);
#2081 = AXIS2_PLACEMENT_3D('',#2082,#2083,#2084);
#2082 = CARTESIAN_POINT('',(-9.1,-20.85,2.4));
#2083 = DIRECTION('',(0.,0.,1.));
#2084 = DIRECTION('',(1.,0.,0.));
#2085 = ADVANCED_FACE('',(#2086),#2097,.T.);
#2086 = FACE_BOUND('',#2087,.T.);
#2087 = EDGE_LOOP('',(#2088,#2089,#2090,#2091));
#2088 = ORIENTED_EDGE('',*,*,#1974,.F.);
#2089 = ORIENTED_EDGE('',*,*,#844,.T.);
#2090 = ORIENTED_EDGE('',*,*,#2075,.T.);
#2091 = ORIENTED_EDGE('',*,*,#2092,.F.);
#2092 = EDGE_CURVE('',#1975,#2068,#2093,.T.);
#2093 = LINE('',#2094,#2095);
#2094 = CARTESIAN_POINT('',(-6.9,-18.65,1.2));
#2095 = VECTOR('',#2096,1.);
#2096 = DIRECTION('',(0.,0.,1.));
#2097 = PLANE('',#2098);
#2098 = AXIS2_PLACEMENT_3D('',#2099,#2100,#2101);
#2099 = CARTESIAN_POINT('',(-9.1,-18.65,1.2));
#2100 = DIRECTION('',(0.,1.,0.));
#2101 = DIRECTION('',(0.,0.,1.));
#2102 = ADVANCED_FACE('',(#2103),#2109,.F.);
#2103 = FACE_BOUND('',#2104,.F.);
#2104 = EDGE_LOOP('',(#2105,#2106,#2107,#2108));
#2105 = ORIENTED_EDGE('',*,*,#1967,.F.);
#2106 = ORIENTED_EDGE('',*,*,#860,.T.);
#2107 = ORIENTED_EDGE('',*,*,#1918,.T.);
#2108 = ORIENTED_EDGE('',*,*,#1941,.F.);
#2109 = PLANE('',#2110);
#2110 = AXIS2_PLACEMENT_3D('',#2111,#2112,#2113);
#2111 = CARTESIAN_POINT('',(-9.1,-1.55,1.2));
#2112 = DIRECTION('',(0.,1.,0.));
#2113 = DIRECTION('',(0.,0.,1.));
#2114 = ADVANCED_FACE('',(#2115),#2140,.T.);
#2115 = FACE_BOUND('',#2116,.T.);
#2116 = EDGE_LOOP('',(#2117,#2118,#2126,#2134));
#2117 = ORIENTED_EDGE('',*,*,#878,.T.);
#2118 = ORIENTED_EDGE('',*,*,#2119,.T.);
#2119 = EDGE_CURVE('',#881,#2120,#2122,.T.);
#2120 = VERTEX_POINT('',#2121);
#2121 = CARTESIAN_POINT('',(-9.35,-3.,4.15));
#2122 = LINE('',#2123,#2124);
#2123 = CARTESIAN_POINT('',(-9.1,-3.,3.75));
#2124 = VECTOR('',#2125,1.);
#2125 = DIRECTION('',(-0.529998940003,0.,0.847998304005));
#2126 = ORIENTED_EDGE('',*,*,#2127,.F.);
#2127 = EDGE_CURVE('',#2128,#2120,#2130,.T.);
#2128 = VERTEX_POINT('',#2129);
#2129 = CARTESIAN_POINT('',(-9.35,-7.,4.15));
#2130 = LINE('',#2131,#2132);
#2131 = CARTESIAN_POINT('',(-9.35,-7.,4.15));
#2132 = VECTOR('',#2133,1.);
#2133 = DIRECTION('',(0.,1.,0.));
#2134 = ORIENTED_EDGE('',*,*,#2135,.F.);
#2135 = EDGE_CURVE('',#879,#2128,#2136,.T.);
#2136 = LINE('',#2137,#2138);
#2137 = CARTESIAN_POINT('',(-9.1,-7.,3.75));
#2138 = VECTOR('',#2139,1.);
#2139 = DIRECTION('',(-0.529998940003,0.,0.847998304005));
#2140 = PLANE('',#2141);
#2141 = AXIS2_PLACEMENT_3D('',#2142,#2143,#2144);
#2142 = CARTESIAN_POINT('',(-9.1,-7.,3.75));
#2143 = DIRECTION('',(0.847998304005,0.,0.529998940003));
#2144 = DIRECTION('',(-0.529998940003,0.,0.847998304005));
#2145 = ADVANCED_FACE('',(#2146),#2156,.F.);
#2146 = FACE_BOUND('',#2147,.F.);
#2147 = EDGE_LOOP('',(#2148,#2149,#2155));
#2148 = ORIENTED_EDGE('',*,*,#2119,.T.);
#2149 = ORIENTED_EDGE('',*,*,#2150,.T.);
#2150 = EDGE_CURVE('',#2120,#897,#2151,.T.);
#2151 = LINE('',#2152,#2153);
#2152 = CARTESIAN_POINT('',(-9.35,-3.,4.15));
#2153 = VECTOR('',#2154,1.);
#2154 = DIRECTION('',(0.529998940003,0.,0.847998304005));
#2155 = ORIENTED_EDGE('',*,*,#904,.T.);
#2156 = PLANE('',#2157);
#2157 = AXIS2_PLACEMENT_3D('',#2158,#2159,#2160);
#2158 = CARTESIAN_POINT('',(-9.167640754718,-3.,4.15));
#2159 = DIRECTION('',(0.,1.,0.));
#2160 = DIRECTION('',(0.,0.,1.));
#2161 = ADVANCED_FACE('',(#2162),#2173,.T.);
#2162 = FACE_BOUND('',#2163,.T.);
#2163 = EDGE_LOOP('',(#2164,#2165,#2166,#2167));
#2164 = ORIENTED_EDGE('',*,*,#2127,.T.);
#2165 = ORIENTED_EDGE('',*,*,#2150,.T.);
#2166 = ORIENTED_EDGE('',*,*,#896,.F.);
#2167 = ORIENTED_EDGE('',*,*,#2168,.F.);
#2168 = EDGE_CURVE('',#2128,#889,#2169,.T.);
#2169 = LINE('',#2170,#2171);
#2170 = CARTESIAN_POINT('',(-9.35,-7.,4.15));
#2171 = VECTOR('',#2172,1.);
#2172 = DIRECTION('',(0.529998940003,0.,0.847998304005));
#2173 = PLANE('',#2174);
#2174 = AXIS2_PLACEMENT_3D('',#2175,#2176,#2177);
#2175 = CARTESIAN_POINT('',(-9.35,-7.,4.15));
#2176 = DIRECTION('',(0.847998304005,0.,-0.529998940003));
#2177 = DIRECTION('',(0.529998940003,0.,0.847998304005));
#2178 = ADVANCED_FACE('',(#2179),#2184,.T.);
#2179 = FACE_BOUND('',#2180,.T.);
#2180 = EDGE_LOOP('',(#2181,#2182,#2183));
#2181 = ORIENTED_EDGE('',*,*,#2135,.T.);
#2182 = ORIENTED_EDGE('',*,*,#2168,.T.);
#2183 = ORIENTED_EDGE('',*,*,#888,.T.);
#2184 = PLANE('',#2185);
#2185 = AXIS2_PLACEMENT_3D('',#2186,#2187,#2188);
#2186 = CARTESIAN_POINT('',(-9.167640754718,-7.,4.15));
#2187 = DIRECTION('',(0.,1.,0.));
#2188 = DIRECTION('',(0.,0.,1.));
#2189 = ADVANCED_FACE('',(#2190),#2215,.T.);
#2190 = FACE_BOUND('',#2191,.T.);
#2191 = EDGE_LOOP('',(#2192,#2193,#2201,#2209));
#2192 = ORIENTED_EDGE('',*,*,#912,.T.);
#2193 = ORIENTED_EDGE('',*,*,#2194,.T.);
#2194 = EDGE_CURVE('',#915,#2195,#2197,.T.);
#2195 = VERTEX_POINT('',#2196);
#2196 = CARTESIAN_POINT('',(-9.35,-13.,4.15));
#2197 = LINE('',#2198,#2199);
#2198 = CARTESIAN_POINT('',(-9.1,-13.,3.75));
#2199 = VECTOR('',#2200,1.);
#2200 = DIRECTION('',(-0.529998940003,0.,0.847998304005));
#2201 = ORIENTED_EDGE('',*,*,#2202,.F.);
#2202 = EDGE_CURVE('',#2203,#2195,#2205,.T.);
#2203 = VERTEX_POINT('',#2204);
#2204 = CARTESIAN_POINT('',(-9.35,-17.,4.15));
#2205 = LINE('',#2206,#2207);
#2206 = CARTESIAN_POINT('',(-9.35,-17.,4.15));
#2207 = VECTOR('',#2208,1.);
#2208 = DIRECTION('',(0.,1.,0.));
#2209 = ORIENTED_EDGE('',*,*,#2210,.F.);
#2210 = EDGE_CURVE('',#913,#2203,#2211,.T.);
#2211 = LINE('',#2212,#2213);
#2212 = CARTESIAN_POINT('',(-9.1,-17.,3.75));
#2213 = VECTOR('',#2214,1.);
#2214 = DIRECTION('',(-0.529998940003,0.,0.847998304005));
#2215 = PLANE('',#2216);
#2216 = AXIS2_PLACEMENT_3D('',#2217,#2218,#2219);
#2217 = CARTESIAN_POINT('',(-9.1,-17.,3.75));
#2218 = DIRECTION('',(0.847998304005,0.,0.529998940003));
#2219 = DIRECTION('',(-0.529998940003,0.,0.847998304005));
#2220 = ADVANCED_FACE('',(#2221),#2231,.T.);
#2221 = FACE_BOUND('',#2222,.T.);
#2222 = EDGE_LOOP('',(#2223,#2224,#2230));
#2223 = ORIENTED_EDGE('',*,*,#2210,.T.);
#2224 = ORIENTED_EDGE('',*,*,#2225,.T.);
#2225 = EDGE_CURVE('',#2203,#923,#2226,.T.);
#2226 = LINE('',#2227,#2228);
#2227 = CARTESIAN_POINT('',(-9.35,-17.,4.15));
#2228 = VECTOR('',#2229,1.);
#2229 = DIRECTION('',(0.529998940003,0.,0.847998304005));
#2230 = ORIENTED_EDGE('',*,*,#922,.T.);
#2231 = PLANE('',#2232);
#2232 = AXIS2_PLACEMENT_3D('',#2233,#2234,#2235);
#2233 = CARTESIAN_POINT('',(-9.167640754718,-17.,4.15));
#2234 = DIRECTION('',(0.,1.,0.));
#2235 = DIRECTION('',(0.,0.,1.));
#2236 = ADVANCED_FACE('',(#2237),#2247,.F.);
#2237 = FACE_BOUND('',#2238,.F.);
#2238 = EDGE_LOOP('',(#2239,#2240,#2246));
#2239 = ORIENTED_EDGE('',*,*,#2194,.T.);
#2240 = ORIENTED_EDGE('',*,*,#2241,.T.);
#2241 = EDGE_CURVE('',#2195,#931,#2242,.T.);
#2242 = LINE('',#2243,#2244);
#2243 = CARTESIAN_POINT('',(-9.35,-13.,4.15));
#2244 = VECTOR('',#2245,1.);
#2245 = DIRECTION('',(0.529998940003,0.,0.847998304005));
#2246 = ORIENTED_EDGE('',*,*,#938,.T.);
#2247 = PLANE('',#2248);
#2248 = AXIS2_PLACEMENT_3D('',#2249,#2250,#2251);
#2249 = CARTESIAN_POINT('',(-9.167640754718,-13.,4.15));
#2250 = DIRECTION('',(0.,1.,0.));
#2251 = DIRECTION('',(0.,0.,1.));
#2252 = ADVANCED_FACE('',(#2253),#2259,.T.);
#2253 = FACE_BOUND('',#2254,.T.);
#2254 = EDGE_LOOP('',(#2255,#2256,#2257,#2258));
#2255 = ORIENTED_EDGE('',*,*,#2202,.T.);
#2256 = ORIENTED_EDGE('',*,*,#2241,.T.);
#2257 = ORIENTED_EDGE('',*,*,#930,.F.);
#2258 = ORIENTED_EDGE('',*,*,#2225,.F.);
#2259 = PLANE('',#2260);
#2260 = AXIS2_PLACEMENT_3D('',#2261,#2262,#2263);
#2261 = CARTESIAN_POINT('',(-9.35,-17.,4.15));
#2262 = DIRECTION('',(0.847998304005,0.,-0.529998940003));
#2263 = DIRECTION('',(0.529998940003,0.,0.847998304005));
#2264 = ADVANCED_FACE('',(#2265,#2313,#2347),#2381,.F.);
#2265 = FACE_BOUND('',#2266,.F.);
#2266 = EDGE_LOOP('',(#2267,#2268,#2276,#2282,#2283,#2291,#2299,#2307));
#2267 = ORIENTED_EDGE('',*,*,#952,.F.);
#2268 = ORIENTED_EDGE('',*,*,#2269,.T.);
#2269 = EDGE_CURVE('',#953,#2270,#2272,.T.);
#2270 = VERTEX_POINT('',#2271);
#2271 = CARTESIAN_POINT('',(9.1,-18.65,2.4));
#2272 = LINE('',#2273,#2274);
#2273 = CARTESIAN_POINT('',(9.1,-20.85,2.4));
#2274 = VECTOR('',#2275,1.);
#2275 = DIRECTION('',(0.,1.,0.));
#2276 = ORIENTED_EDGE('',*,*,#2277,.F.);
#2277 = EDGE_CURVE('',#1998,#2270,#2278,.T.);
#2278 = LINE('',#2279,#2280);
#2279 = CARTESIAN_POINT('',(9.1,-18.65,1.2));
#2280 = VECTOR('',#2281,1.);
#2281 = DIRECTION('',(0.,0.,1.));
#2282 = ORIENTED_EDGE('',*,*,#2005,.T.);
#2283 = ORIENTED_EDGE('',*,*,#2284,.T.);
#2284 = EDGE_CURVE('',#2006,#2285,#2287,.T.);
#2285 = VERTEX_POINT('',#2286);
#2286 = CARTESIAN_POINT('',(9.1,-1.55,2.4));
#2287 = LINE('',#2288,#2289);
#2288 = CARTESIAN_POINT('',(9.1,-1.55,1.2));
#2289 = VECTOR('',#2290,1.);
#2290 = DIRECTION('',(0.,0.,1.));
#2291 = ORIENTED_EDGE('',*,*,#2292,.T.);
#2292 = EDGE_CURVE('',#2285,#2293,#2295,.T.);
#2293 = VERTEX_POINT('',#2294);
#2294 = CARTESIAN_POINT('',(9.1,0.65,2.4));
#2295 = LINE('',#2296,#2297);
#2296 = CARTESIAN_POINT('',(9.1,-1.55,2.4));
#2297 = VECTOR('',#2298,1.);
#2298 = DIRECTION('',(0.,1.,0.));
#2299 = ORIENTED_EDGE('',*,*,#2300,.T.);
#2300 = EDGE_CURVE('',#2293,#2301,#2303,.T.);
#2301 = VERTEX_POINT('',#2302);
#2302 = CARTESIAN_POINT('',(9.1,0.65,4.7));
#2303 = LINE('',#2304,#2305);
#2304 = CARTESIAN_POINT('',(9.1,0.65,1.2));
#2305 = VECTOR('',#2306,1.);
#2306 = DIRECTION('',(0.,0.,1.));
#2307 = ORIENTED_EDGE('',*,*,#2308,.F.);
#2308 = EDGE_CURVE('',#955,#2301,#2309,.T.);
#2309 = LINE('',#2310,#2311);
#2310 = CARTESIAN_POINT('',(9.1,-21.55,4.7));
#2311 = VECTOR('',#2312,1.);
#2312 = DIRECTION('',(0.,1.,0.));
#2313 = FACE_BOUND('',#2314,.F.);
#2314 = EDGE_LOOP('',(#2315,#2325,#2333,#2341));
#2315 = ORIENTED_EDGE('',*,*,#2316,.F.);
#2316 = EDGE_CURVE('',#2317,#2319,#2321,.T.);
#2317 = VERTEX_POINT('',#2318);
#2318 = CARTESIAN_POINT('',(9.1,-7.,3.75));
#2319 = VERTEX_POINT('',#2320);
#2320 = CARTESIAN_POINT('',(9.1,-3.,3.75));
#2321 = LINE('',#2322,#2323);
#2322 = CARTESIAN_POINT('',(9.1,-7.,3.75));
#2323 = VECTOR('',#2324,1.);
#2324 = DIRECTION('',(0.,1.,0.));
#2325 = ORIENTED_EDGE('',*,*,#2326,.F.);
#2326 = EDGE_CURVE('',#2327,#2317,#2329,.T.);
#2327 = VERTEX_POINT('',#2328);
#2328 = CARTESIAN_POINT('',(9.1,-7.,4.55));
#2329 = LINE('',#2330,#2331);
#2330 = CARTESIAN_POINT('',(9.1,-7.,4.55));
#2331 = VECTOR('',#2332,1.);
#2332 = DIRECTION('',(0.,0.,-1.));
#2333 = ORIENTED_EDGE('',*,*,#2334,.T.);
#2334 = EDGE_CURVE('',#2327,#2335,#2337,.T.);
#2335 = VERTEX_POINT('',#2336);
#2336 = CARTESIAN_POINT('',(9.1,-3.,4.55));
#2337 = LINE('',#2338,#2339);
#2338 = CARTESIAN_POINT('',(9.1,-7.,4.55));
#2339 = VECTOR('',#2340,1.);
#2340 = DIRECTION('',(0.,1.,0.));
#2341 = ORIENTED_EDGE('',*,*,#2342,.T.);
#2342 = EDGE_CURVE('',#2335,#2319,#2343,.T.);
#2343 = LINE('',#2344,#2345);
#2344 = CARTESIAN_POINT('',(9.1,-3.,4.55));
#2345 = VECTOR('',#2346,1.);
#2346 = DIRECTION('',(0.,0.,-1.));
#2347 = FACE_BOUND('',#2348,.F.);
#2348 = EDGE_LOOP('',(#2349,#2359,#2367,#2375));
#2349 = ORIENTED_EDGE('',*,*,#2350,.F.);
#2350 = EDGE_CURVE('',#2351,#2353,#2355,.T.);
#2351 = VERTEX_POINT('',#2352);
#2352 = CARTESIAN_POINT('',(9.1,-17.,3.75));
#2353 = VERTEX_POINT('',#2354);
#2354 = CARTESIAN_POINT('',(9.1,-13.,3.75));
#2355 = LINE('',#2356,#2357);
#2356 = CARTESIAN_POINT('',(9.1,-17.,3.75));
#2357 = VECTOR('',#2358,1.);
#2358 = DIRECTION('',(0.,1.,0.));
#2359 = ORIENTED_EDGE('',*,*,#2360,.F.);
#2360 = EDGE_CURVE('',#2361,#2351,#2363,.T.);
#2361 = VERTEX_POINT('',#2362);
#2362 = CARTESIAN_POINT('',(9.1,-17.,4.55));
#2363 = LINE('',#2364,#2365);
#2364 = CARTESIAN_POINT('',(9.1,-17.,4.55));
#2365 = VECTOR('',#2366,1.);
#2366 = DIRECTION('',(0.,0.,-1.));
#2367 = ORIENTED_EDGE('',*,*,#2368,.T.);
#2368 = EDGE_CURVE('',#2361,#2369,#2371,.T.);
#2369 = VERTEX_POINT('',#2370);
#2370 = CARTESIAN_POINT('',(9.1,-13.,4.55));
#2371 = LINE('',#2372,#2373);
#2372 = CARTESIAN_POINT('',(9.1,-17.,4.55));
#2373 = VECTOR('',#2374,1.);
#2374 = DIRECTION('',(0.,1.,0.));
#2375 = ORIENTED_EDGE('',*,*,#2376,.T.);
#2376 = EDGE_CURVE('',#2369,#2353,#2377,.T.);
#2377 = LINE('',#2378,#2379);
#2378 = CARTESIAN_POINT('',(9.1,-13.,4.55));
#2379 = VECTOR('',#2380,1.);
#2380 = DIRECTION('',(0.,0.,-1.));
#2381 = PLANE('',#2382);
#2382 = AXIS2_PLACEMENT_3D('',#2383,#2384,#2385);
#2383 = CARTESIAN_POINT('',(9.1,-20.85,1.2));
#2384 = DIRECTION('',(1.,0.,0.));
#2385 = DIRECTION('',(0.,0.,1.));
#2386 = ADVANCED_FACE('',(#2387),#2430,.T.);
#2387 = FACE_BOUND('',#2388,.T.);
#2388 = EDGE_LOOP('',(#2389,#2395,#2396,#2397,#2398,#2405,#2406,#2414,
    #2422,#2428,#2429));
#2389 = ORIENTED_EDGE('',*,*,#2390,.F.);
#2390 = EDGE_CURVE('',#1077,#1019,#2391,.T.);
#2391 = LINE('',#2392,#2393);
#2392 = CARTESIAN_POINT('',(4.9,-22.75,4.7));
#2393 = VECTOR('',#2394,1.);
#2394 = DIRECTION('',(0.,1.,0.));
#2395 = ORIENTED_EDGE('',*,*,#1084,.T.);
#2396 = ORIENTED_EDGE('',*,*,#1187,.F.);
#2397 = ORIENTED_EDGE('',*,*,#1154,.T.);
#2398 = ORIENTED_EDGE('',*,*,#2399,.F.);
#2399 = EDGE_CURVE('',#1343,#1157,#2400,.T.);
#2400 = CIRCLE('',#2401,4.);
#2401 = AXIS2_PLACEMENT_3D('',#2402,#2403,#2404);
#2402 = CARTESIAN_POINT('',(10.5,23.75,4.7));
#2403 = DIRECTION('',(0.,0.,1.));
#2404 = DIRECTION('',(1.,0.,0.));
#2405 = ORIENTED_EDGE('',*,*,#1350,.F.);
#2406 = ORIENTED_EDGE('',*,*,#2407,.T.);
#2407 = EDGE_CURVE('',#1288,#2408,#2410,.T.);
#2408 = VERTEX_POINT('',#2409);
#2409 = CARTESIAN_POINT('',(5.,1.85,4.7));
#2410 = LINE('',#2411,#2412);
#2411 = CARTESIAN_POINT('',(-9.8,1.85,4.7));
#2412 = VECTOR('',#2413,1.);
#2413 = DIRECTION('',(-1.,0.,0.));
#2414 = ORIENTED_EDGE('',*,*,#2415,.F.);
#2415 = EDGE_CURVE('',#2416,#2408,#2418,.T.);
#2416 = VERTEX_POINT('',#2417);
#2417 = CARTESIAN_POINT('',(5.,0.65,4.7));
#2418 = LINE('',#2419,#2420);
#2419 = CARTESIAN_POINT('',(5.,-11.05,4.7));
#2420 = VECTOR('',#2421,1.);
#2421 = DIRECTION('',(0.,1.,0.));
#2422 = ORIENTED_EDGE('',*,*,#2423,.F.);
#2423 = EDGE_CURVE('',#2301,#2416,#2424,.T.);
#2424 = LINE('',#2425,#2426);
#2425 = CARTESIAN_POINT('',(-9.8,0.65,4.7));
#2426 = VECTOR('',#2427,1.);
#2427 = DIRECTION('',(-1.,0.,0.));
#2428 = ORIENTED_EDGE('',*,*,#2308,.F.);
#2429 = ORIENTED_EDGE('',*,*,#1026,.T.);
#2430 = PLANE('',#2431);
#2431 = AXIS2_PLACEMENT_3D('',#2432,#2433,#2434);
#2432 = CARTESIAN_POINT('',(-10.5,-22.25,4.7));
#2433 = DIRECTION('',(0.,0.,1.));
#2434 = DIRECTION('',(1.,0.,0.));
#2435 = ADVANCED_FACE('',(#2436),#2447,.F.);
#2436 = FACE_BOUND('',#2437,.F.);
#2437 = EDGE_LOOP('',(#2438,#2439,#2445,#2446));
#2438 = ORIENTED_EDGE('',*,*,#1076,.T.);
#2439 = ORIENTED_EDGE('',*,*,#2440,.T.);
#2440 = EDGE_CURVE('',#1069,#1011,#2441,.T.);
#2441 = LINE('',#2442,#2443);
#2442 = CARTESIAN_POINT('',(4.9,-23.25,2.4));
#2443 = VECTOR('',#2444,1.);
#2444 = DIRECTION('',(0.,1.,0.));
#2445 = ORIENTED_EDGE('',*,*,#1018,.F.);
#2446 = ORIENTED_EDGE('',*,*,#2390,.F.);
#2447 = PLANE('',#2448);
#2448 = AXIS2_PLACEMENT_3D('',#2449,#2450,#2451);
#2449 = CARTESIAN_POINT('',(4.9,-23.25,2.4));
#2450 = DIRECTION('',(1.,0.,0.));
#2451 = DIRECTION('',(0.,0.,1.));
#2452 = ADVANCED_FACE('',(#2453),#2459,.T.);
#2453 = FACE_BOUND('',#2454,.T.);
#2454 = EDGE_LOOP('',(#2455,#2456,#2457,#2458));
#2455 = ORIENTED_EDGE('',*,*,#1048,.F.);
#2456 = ORIENTED_EDGE('',*,*,#1068,.T.);
#2457 = ORIENTED_EDGE('',*,*,#2440,.T.);
#2458 = ORIENTED_EDGE('',*,*,#1010,.F.);
#2459 = PLANE('',#2460);
#2460 = AXIS2_PLACEMENT_3D('',#2461,#2462,#2463);
#2461 = CARTESIAN_POINT('',(-4.9,-23.25,2.4));
#2462 = DIRECTION('',(0.,0.,1.));
#2463 = DIRECTION('',(1.,0.,0.));
#2464 = ADVANCED_FACE('',(#2465),#2471,.T.);
#2465 = FACE_BOUND('',#2466,.T.);
#2466 = EDGE_LOOP('',(#2467,#2468,#2469,#2470));
#2467 = ORIENTED_EDGE('',*,*,#986,.F.);
#2468 = ORIENTED_EDGE('',*,*,#1982,.T.);
#2469 = ORIENTED_EDGE('',*,*,#2092,.T.);
#2470 = ORIENTED_EDGE('',*,*,#2067,.F.);
#2471 = PLANE('',#2472);
#2472 = AXIS2_PLACEMENT_3D('',#2473,#2474,#2475);
#2473 = CARTESIAN_POINT('',(-6.9,-20.85,1.2));
#2474 = DIRECTION('',(1.,0.,0.));
#2475 = DIRECTION('',(0.,0.,1.));
#2476 = ADVANCED_FACE('',(#2477),#2495,.F.);
#2477 = FACE_BOUND('',#2478,.F.);
#2478 = EDGE_LOOP('',(#2479,#2480,#2481,#2489));
#2479 = ORIENTED_EDGE('',*,*,#970,.F.);
#2480 = ORIENTED_EDGE('',*,*,#1989,.T.);
#2481 = ORIENTED_EDGE('',*,*,#2482,.T.);
#2482 = EDGE_CURVE('',#1990,#2483,#2485,.T.);
#2483 = VERTEX_POINT('',#2484);
#2484 = CARTESIAN_POINT('',(6.9,-18.65,2.4));
#2485 = LINE('',#2486,#2487);
#2486 = CARTESIAN_POINT('',(6.9,-18.65,1.2));
#2487 = VECTOR('',#2488,1.);
#2488 = DIRECTION('',(0.,0.,1.));
#2489 = ORIENTED_EDGE('',*,*,#2490,.F.);
#2490 = EDGE_CURVE('',#963,#2483,#2491,.T.);
#2491 = LINE('',#2492,#2493);
#2492 = CARTESIAN_POINT('',(6.9,-20.85,2.4));
#2493 = VECTOR('',#2494,1.);
#2494 = DIRECTION('',(0.,1.,0.));
#2495 = PLANE('',#2496);
#2496 = AXIS2_PLACEMENT_3D('',#2497,#2498,#2499);
#2497 = CARTESIAN_POINT('',(6.9,-20.85,1.2));
#2498 = DIRECTION('',(1.,0.,0.));
#2499 = DIRECTION('',(0.,0.,1.));
#2500 = ADVANCED_FACE('',(#2501),#2512,.T.);
#2501 = FACE_BOUND('',#2502,.T.);
#2502 = EDGE_LOOP('',(#2503,#2504,#2505,#2506));
#2503 = ORIENTED_EDGE('',*,*,#2490,.F.);
#2504 = ORIENTED_EDGE('',*,*,#962,.T.);
#2505 = ORIENTED_EDGE('',*,*,#2269,.T.);
#2506 = ORIENTED_EDGE('',*,*,#2507,.F.);
#2507 = EDGE_CURVE('',#2483,#2270,#2508,.T.);
#2508 = LINE('',#2509,#2510);
#2509 = CARTESIAN_POINT('',(6.9,-18.65,2.4));
#2510 = VECTOR('',#2511,1.);
#2511 = DIRECTION('',(1.,0.,0.));
#2512 = PLANE('',#2513);
#2513 = AXIS2_PLACEMENT_3D('',#2514,#2515,#2516);
#2514 = CARTESIAN_POINT('',(6.9,-20.85,2.4));
#2515 = DIRECTION('',(0.,0.,1.));
#2516 = DIRECTION('',(1.,0.,0.));
#2517 = ADVANCED_FACE('',(#2518),#2529,.F.);
#2518 = FACE_BOUND('',#2519,.F.);
#2519 = EDGE_LOOP('',(#2520,#2521,#2522));
#2520 = ORIENTED_EDGE('',*,*,#1204,.F.);
#2521 = ORIENTED_EDGE('',*,*,#1106,.T.);
#2522 = ORIENTED_EDGE('',*,*,#2523,.F.);
#2523 = EDGE_CURVE('',#1205,#1107,#2524,.T.);
#2524 = CIRCLE('',#2525,4.);
#2525 = AXIS2_PLACEMENT_3D('',#2526,#2527,#2528);
#2526 = CARTESIAN_POINT('',(10.5,23.75,0.));
#2527 = DIRECTION('',(0.,0.,1.));
#2528 = DIRECTION('',(1.,0.,0.));
#2529 = PLANE('',#2530);
#2530 = AXIS2_PLACEMENT_3D('',#2531,#2532,#2533);
#2531 = CARTESIAN_POINT('',(6.5,20.25,0.));
#2532 = DIRECTION('',(0.,0.,1.));
#2533 = DIRECTION('',(1.,0.,0.));
#2534 = ADVANCED_FACE('',(#2535),#2554,.F.);
#2535 = FACE_BOUND('',#2536,.F.);
#2536 = EDGE_LOOP('',(#2537,#2545,#2546,#2547));
#2537 = ORIENTED_EDGE('',*,*,#2538,.F.);
#2538 = EDGE_CURVE('',#1107,#2539,#2541,.T.);
#2539 = VERTEX_POINT('',#2540);
#2540 = CARTESIAN_POINT('',(8.5,22.25,0.));
#2541 = LINE('',#2542,#2543);
#2542 = CARTESIAN_POINT('',(-10.5,22.25,0.));
#2543 = VECTOR('',#2544,1.);
#2544 = DIRECTION('',(1.,0.,0.));
#2545 = ORIENTED_EDGE('',*,*,#1116,.T.);
#2546 = ORIENTED_EDGE('',*,*,#1131,.T.);
#2547 = ORIENTED_EDGE('',*,*,#2548,.T.);
#2548 = EDGE_CURVE('',#1132,#2539,#2549,.T.);
#2549 = CIRCLE('',#2550,2.);
#2550 = AXIS2_PLACEMENT_3D('',#2551,#2552,#2553);
#2551 = CARTESIAN_POINT('',(8.5,20.25,0.));
#2552 = DIRECTION('',(-0.,0.,1.));
#2553 = DIRECTION('',(0.,-1.,0.));
#2554 = PLANE('',#2555);
#2555 = AXIS2_PLACEMENT_3D('',#2556,#2557,#2558);
#2556 = CARTESIAN_POINT('',(-10.5,-22.25,0.));
#2557 = DIRECTION('',(0.,0.,1.));
#2558 = DIRECTION('',(1.,0.,0.));
#2559 = ADVANCED_FACE('',(#2560),#2578,.F.);
#2560 = FACE_BOUND('',#2561,.F.);
#2561 = EDGE_LOOP('',(#2562,#2563,#2572));
#2562 = ORIENTED_EDGE('',*,*,#1140,.F.);
#2563 = ORIENTED_EDGE('',*,*,#2564,.T.);
#2564 = EDGE_CURVE('',#347,#2565,#2567,.T.);
#2565 = VERTEX_POINT('',#2566);
#2566 = CARTESIAN_POINT('',(12.436491673104,20.25,0.));
#2567 = CIRCLE('',#2568,4.);
#2568 = AXIS2_PLACEMENT_3D('',#2569,#2570,#2571);
#2569 = CARTESIAN_POINT('',(10.5,23.75,0.));
#2570 = DIRECTION('',(0.,0.,1.));
#2571 = DIRECTION('',(1.,0.,0.));
#2572 = ORIENTED_EDGE('',*,*,#2573,.F.);
#2573 = EDGE_CURVE('',#1132,#2565,#2574,.T.);
#2574 = LINE('',#2575,#2576);
#2575 = CARTESIAN_POINT('',(6.5,20.25,0.));
#2576 = VECTOR('',#2577,1.);
#2577 = DIRECTION('',(1.,0.,0.));
#2578 = PLANE('',#2579);
#2579 = AXIS2_PLACEMENT_3D('',#2580,#2581,#2582);
#2580 = CARTESIAN_POINT('',(10.5,23.75,0.));
#2581 = DIRECTION('',(0.,0.,1.));
#2582 = DIRECTION('',(1.,0.,0.));
#2583 = ADVANCED_FACE('',(#2584),#2603,.T.);
#2584 = FACE_BOUND('',#2585,.T.);
#2585 = EDGE_LOOP('',(#2586,#2587,#2595,#2602));
#2586 = ORIENTED_EDGE('',*,*,#2564,.T.);
#2587 = ORIENTED_EDGE('',*,*,#2588,.T.);
#2588 = EDGE_CURVE('',#2565,#2589,#2591,.T.);
#2589 = VERTEX_POINT('',#2590);
#2590 = CARTESIAN_POINT('',(12.436491673104,20.25,4.7));
#2591 = LINE('',#2592,#2593);
#2592 = CARTESIAN_POINT('',(12.436491673104,20.25,0.));
#2593 = VECTOR('',#2594,1.);
#2594 = DIRECTION('',(0.,0.,1.));
#2595 = ORIENTED_EDGE('',*,*,#2596,.F.);
#2596 = EDGE_CURVE('',#1157,#2589,#2597,.T.);
#2597 = CIRCLE('',#2598,4.);
#2598 = AXIS2_PLACEMENT_3D('',#2599,#2600,#2601);
#2599 = CARTESIAN_POINT('',(10.5,23.75,4.7));
#2600 = DIRECTION('',(0.,0.,1.));
#2601 = DIRECTION('',(1.,0.,0.));
#2602 = ORIENTED_EDGE('',*,*,#1171,.F.);
#2603 = CYLINDRICAL_SURFACE('',#2604,4.);
#2604 = AXIS2_PLACEMENT_3D('',#2605,#2606,#2607);
#2605 = CARTESIAN_POINT('',(10.5,23.75,0.));
#2606 = DIRECTION('',(0.,0.,1.));
#2607 = DIRECTION('',(1.,0.,0.));
#2608 = ADVANCED_FACE('',(#2609),#2620,.T.);
#2609 = FACE_BOUND('',#2610,.T.);
#2610 = EDGE_LOOP('',(#2611,#2612,#2613));
#2611 = ORIENTED_EDGE('',*,*,#1220,.F.);
#2612 = ORIENTED_EDGE('',*,*,#1474,.T.);
#2613 = ORIENTED_EDGE('',*,*,#2614,.F.);
#2614 = EDGE_CURVE('',#1213,#1433,#2615,.T.);
#2615 = CIRCLE('',#2616,4.);
#2616 = AXIS2_PLACEMENT_3D('',#2617,#2618,#2619);
#2617 = CARTESIAN_POINT('',(10.5,23.75,4.7));
#2618 = DIRECTION('',(0.,0.,1.));
#2619 = DIRECTION('',(1.,0.,0.));
#2620 = PLANE('',#2621);
#2621 = AXIS2_PLACEMENT_3D('',#2622,#2623,#2624);
#2622 = CARTESIAN_POINT('',(6.5,20.25,4.7));
#2623 = DIRECTION('',(0.,0.,1.));
#2624 = DIRECTION('',(1.,0.,0.));
#2625 = ADVANCED_FACE('',(#2626),#2651,.F.);
#2626 = FACE_BOUND('',#2627,.F.);
#2627 = EDGE_LOOP('',(#2628,#2629,#2637,#2645));
#2628 = ORIENTED_EDGE('',*,*,#1212,.F.);
#2629 = ORIENTED_EDGE('',*,*,#2630,.T.);
#2630 = EDGE_CURVE('',#1205,#2631,#2633,.T.);
#2631 = VERTEX_POINT('',#2632);
#2632 = CARTESIAN_POINT('',(6.5,24.25,0.));
#2633 = LINE('',#2634,#2635);
#2634 = CARTESIAN_POINT('',(6.5,20.25,0.));
#2635 = VECTOR('',#2636,1.);
#2636 = DIRECTION('',(0.,1.,0.));
#2637 = ORIENTED_EDGE('',*,*,#2638,.T.);
#2638 = EDGE_CURVE('',#2631,#2639,#2641,.T.);
#2639 = VERTEX_POINT('',#2640);
#2640 = CARTESIAN_POINT('',(6.5,24.25,4.7));
#2641 = LINE('',#2642,#2643);
#2642 = CARTESIAN_POINT('',(6.5,24.25,0.));
#2643 = VECTOR('',#2644,1.);
#2644 = DIRECTION('',(0.,0.,1.));
#2645 = ORIENTED_EDGE('',*,*,#2646,.F.);
#2646 = EDGE_CURVE('',#1213,#2639,#2647,.T.);
#2647 = LINE('',#2648,#2649);
#2648 = CARTESIAN_POINT('',(6.5,20.25,4.7));
#2649 = VECTOR('',#2650,1.);
#2650 = DIRECTION('',(0.,1.,0.));
#2651 = PLANE('',#2652);
#2652 = AXIS2_PLACEMENT_3D('',#2653,#2654,#2655);
#2653 = CARTESIAN_POINT('',(6.5,20.25,0.));
#2654 = DIRECTION('',(1.,0.,0.));
#2655 = DIRECTION('',(0.,0.,1.));
#2656 = ADVANCED_FACE('',(#2657),#2682,.T.);
#2657 = FACE_BOUND('',#2658,.T.);
#2658 = EDGE_LOOP('',(#2659,#2660,#2668,#2674,#2675,#2681));
#2659 = ORIENTED_EDGE('',*,*,#1285,.F.);
#2660 = ORIENTED_EDGE('',*,*,#2661,.F.);
#2661 = EDGE_CURVE('',#2662,#1286,#2664,.T.);
#2662 = VERTEX_POINT('',#2663);
#2663 = CARTESIAN_POINT('',(6.9,1.85,2.4));
#2664 = LINE('',#2665,#2666);
#2665 = CARTESIAN_POINT('',(6.9,1.85,2.4));
#2666 = VECTOR('',#2667,1.);
#2667 = DIRECTION('',(1.,0.,0.));
#2668 = ORIENTED_EDGE('',*,*,#2669,.F.);
#2669 = EDGE_CURVE('',#1540,#2662,#2670,.T.);
#2670 = LINE('',#2671,#2672);
#2671 = CARTESIAN_POINT('',(6.9,1.85,1.2));
#2672 = VECTOR('',#2673,1.);
#2673 = DIRECTION('',(0.,0.,1.));
#2674 = ORIENTED_EDGE('',*,*,#1618,.F.);
#2675 = ORIENTED_EDGE('',*,*,#2676,.F.);
#2676 = EDGE_CURVE('',#2408,#1611,#2677,.T.);
#2677 = LINE('',#2678,#2679);
#2678 = CARTESIAN_POINT('',(5.,1.85,1.2));
#2679 = VECTOR('',#2680,1.);
#2680 = DIRECTION('',(0.,0.,-1.));
#2681 = ORIENTED_EDGE('',*,*,#2407,.F.);
#2682 = PLANE('',#2683);
#2683 = AXIS2_PLACEMENT_3D('',#2684,#2685,#2686);
#2684 = CARTESIAN_POINT('',(-9.1,1.85,1.2));
#2685 = DIRECTION('',(0.,1.,0.));
#2686 = DIRECTION('',(0.,0.,1.));
#2687 = ADVANCED_FACE('',(#2688),#2706,.T.);
#2688 = FACE_BOUND('',#2689,.T.);
#2689 = EDGE_LOOP('',(#2690,#2698,#2699,#2700));
#2690 = ORIENTED_EDGE('',*,*,#2691,.F.);
#2691 = EDGE_CURVE('',#2662,#2692,#2694,.T.);
#2692 = VERTEX_POINT('',#2693);
#2693 = CARTESIAN_POINT('',(6.9,4.05,2.4));
#2694 = LINE('',#2695,#2696);
#2695 = CARTESIAN_POINT('',(6.9,1.85,2.4));
#2696 = VECTOR('',#2697,1.);
#2697 = DIRECTION('',(0.,1.,0.));
#2698 = ORIENTED_EDGE('',*,*,#2661,.T.);
#2699 = ORIENTED_EDGE('',*,*,#1295,.T.);
#2700 = ORIENTED_EDGE('',*,*,#2701,.F.);
#2701 = EDGE_CURVE('',#2692,#1296,#2702,.T.);
#2702 = LINE('',#2703,#2704);
#2703 = CARTESIAN_POINT('',(6.9,4.05,2.4));
#2704 = VECTOR('',#2705,1.);
#2705 = DIRECTION('',(1.,0.,0.));
#2706 = PLANE('',#2707);
#2707 = AXIS2_PLACEMENT_3D('',#2708,#2709,#2710);
#2708 = CARTESIAN_POINT('',(6.9,1.85,2.4));
#2709 = DIRECTION('',(0.,0.,1.));
#2710 = DIRECTION('',(1.,0.,0.));
#2711 = ADVANCED_FACE('',(#2712),#2723,.T.);
#2712 = FACE_BOUND('',#2713,.T.);
#2713 = EDGE_LOOP('',(#2714,#2715,#2721,#2722));
#2714 = ORIENTED_EDGE('',*,*,#1549,.F.);
#2715 = ORIENTED_EDGE('',*,*,#2716,.T.);
#2716 = EDGE_CURVE('',#1542,#2692,#2717,.T.);
#2717 = LINE('',#2718,#2719);
#2718 = CARTESIAN_POINT('',(6.9,4.05,1.2));
#2719 = VECTOR('',#2720,1.);
#2720 = DIRECTION('',(0.,0.,1.));
#2721 = ORIENTED_EDGE('',*,*,#2701,.T.);
#2722 = ORIENTED_EDGE('',*,*,#1303,.F.);
#2723 = PLANE('',#2724);
#2724 = AXIS2_PLACEMENT_3D('',#2725,#2726,#2727);
#2725 = CARTESIAN_POINT('',(6.9,4.05,1.2));
#2726 = DIRECTION('',(0.,1.,0.));
#2727 = DIRECTION('',(0.,0.,1.));
#2728 = ADVANCED_FACE('',(#2729),#2740,.T.);
#2729 = FACE_BOUND('',#2730,.T.);
#2730 = EDGE_LOOP('',(#2731,#2732,#2733,#2734));
#2731 = ORIENTED_EDGE('',*,*,#1451,.F.);
#2732 = ORIENTED_EDGE('',*,*,#1342,.F.);
#2733 = ORIENTED_EDGE('',*,*,#2399,.T.);
#2734 = ORIENTED_EDGE('',*,*,#2735,.T.);
#2735 = EDGE_CURVE('',#1157,#1452,#2736,.T.);
#2736 = LINE('',#2737,#2738);
#2737 = CARTESIAN_POINT('',(10.5,-22.25,4.7));
#2738 = VECTOR('',#2739,1.);
#2739 = DIRECTION('',(0.,1.,0.));
#2740 = PLANE('',#2741);
#2741 = AXIS2_PLACEMENT_3D('',#2742,#2743,#2744);
#2742 = CARTESIAN_POINT('',(-10.5,-22.25,4.7));
#2743 = DIRECTION('',(0.,0.,1.));
#2744 = DIRECTION('',(1.,0.,0.));
#2745 = ADVANCED_FACE('',(#2746),#2752,.F.);
#2746 = FACE_BOUND('',#2747,.F.);
#2747 = EDGE_LOOP('',(#2748,#2749,#2750,#2751));
#2748 = ORIENTED_EDGE('',*,*,#1556,.F.);
#2749 = ORIENTED_EDGE('',*,*,#1632,.T.);
#2750 = ORIENTED_EDGE('',*,*,#1657,.T.);
#2751 = ORIENTED_EDGE('',*,*,#1319,.F.);
#2752 = PLANE('',#2753);
#2753 = AXIS2_PLACEMENT_3D('',#2754,#2755,#2756);
#2754 = CARTESIAN_POINT('',(6.9,18.65,1.2));
#2755 = DIRECTION('',(0.,1.,0.));
#2756 = DIRECTION('',(0.,0.,1.));
#2757 = ADVANCED_FACE('',(#2758),#2783,.F.);
#2758 = FACE_BOUND('',#2759,.F.);
#2759 = EDGE_LOOP('',(#2760,#2761,#2769,#2777));
#2760 = ORIENTED_EDGE('',*,*,#1358,.T.);
#2761 = ORIENTED_EDGE('',*,*,#2762,.T.);
#2762 = EDGE_CURVE('',#1361,#2763,#2765,.T.);
#2763 = VERTEX_POINT('',#2764);
#2764 = CARTESIAN_POINT('',(9.35,18.,4.15));
#2765 = LINE('',#2766,#2767);
#2766 = CARTESIAN_POINT('',(9.1,18.,3.75));
#2767 = VECTOR('',#2768,1.);
#2768 = DIRECTION('',(0.529998940003,0.,0.847998304005));
#2769 = ORIENTED_EDGE('',*,*,#2770,.F.);
#2770 = EDGE_CURVE('',#2771,#2763,#2773,.T.);
#2771 = VERTEX_POINT('',#2772);
#2772 = CARTESIAN_POINT('',(9.35,14.,4.15));
#2773 = LINE('',#2774,#2775);
#2774 = CARTESIAN_POINT('',(9.35,14.,4.15));
#2775 = VECTOR('',#2776,1.);
#2776 = DIRECTION('',(0.,1.,0.));
#2777 = ORIENTED_EDGE('',*,*,#2778,.F.);
#2778 = EDGE_CURVE('',#1359,#2771,#2779,.T.);
#2779 = LINE('',#2780,#2781);
#2780 = CARTESIAN_POINT('',(9.1,14.,3.75));
#2781 = VECTOR('',#2782,1.);
#2782 = DIRECTION('',(0.529998940003,0.,0.847998304005));
#2783 = PLANE('',#2784);
#2784 = AXIS2_PLACEMENT_3D('',#2785,#2786,#2787);
#2785 = CARTESIAN_POINT('',(9.1,14.,3.75));
#2786 = DIRECTION('',(0.847998304005,0.,-0.529998940003));
#2787 = DIRECTION('',(0.529998940003,0.,0.847998304005));
#2788 = ADVANCED_FACE('',(#2789),#2799,.T.);
#2789 = FACE_BOUND('',#2790,.T.);
#2790 = EDGE_LOOP('',(#2791,#2792,#2798));
#2791 = ORIENTED_EDGE('',*,*,#2762,.T.);
#2792 = ORIENTED_EDGE('',*,*,#2793,.T.);
#2793 = EDGE_CURVE('',#2763,#1377,#2794,.T.);
#2794 = LINE('',#2795,#2796);
#2795 = CARTESIAN_POINT('',(9.35,18.,4.15));
#2796 = VECTOR('',#2797,1.);
#2797 = DIRECTION('',(-0.529998940003,0.,0.847998304005));
#2798 = ORIENTED_EDGE('',*,*,#1384,.T.);
#2799 = PLANE('',#2800);
#2800 = AXIS2_PLACEMENT_3D('',#2801,#2802,#2803);
#2801 = CARTESIAN_POINT('',(9.167640754718,18.,4.15));
#2802 = DIRECTION('',(-0.,-1.,-0.));
#2803 = DIRECTION('',(0.,0.,-1.));
#2804 = ADVANCED_FACE('',(#2805),#2816,.F.);
#2805 = FACE_BOUND('',#2806,.F.);
#2806 = EDGE_LOOP('',(#2807,#2808,#2809,#2810));
#2807 = ORIENTED_EDGE('',*,*,#2770,.T.);
#2808 = ORIENTED_EDGE('',*,*,#2793,.T.);
#2809 = ORIENTED_EDGE('',*,*,#1376,.F.);
#2810 = ORIENTED_EDGE('',*,*,#2811,.F.);
#2811 = EDGE_CURVE('',#2771,#1369,#2812,.T.);
#2812 = LINE('',#2813,#2814);
#2813 = CARTESIAN_POINT('',(9.35,14.,4.15));
#2814 = VECTOR('',#2815,1.);
#2815 = DIRECTION('',(-0.529998940003,0.,0.847998304005));
#2816 = PLANE('',#2817);
#2817 = AXIS2_PLACEMENT_3D('',#2818,#2819,#2820);
#2818 = CARTESIAN_POINT('',(9.35,14.,4.15));
#2819 = DIRECTION('',(0.847998304005,0.,0.529998940003));
#2820 = DIRECTION('',(-0.529998940003,0.,0.847998304005));
#2821 = ADVANCED_FACE('',(#2822),#2827,.F.);
#2822 = FACE_BOUND('',#2823,.F.);
#2823 = EDGE_LOOP('',(#2824,#2825,#2826));
#2824 = ORIENTED_EDGE('',*,*,#2778,.T.);
#2825 = ORIENTED_EDGE('',*,*,#2811,.T.);
#2826 = ORIENTED_EDGE('',*,*,#1368,.T.);
#2827 = PLANE('',#2828);
#2828 = AXIS2_PLACEMENT_3D('',#2829,#2830,#2831);
#2829 = CARTESIAN_POINT('',(9.167640754718,14.,4.15));
#2830 = DIRECTION('',(-0.,-1.,-0.));
#2831 = DIRECTION('',(0.,0.,-1.));
#2832 = ADVANCED_FACE('',(#2833),#2858,.F.);
#2833 = FACE_BOUND('',#2834,.F.);
#2834 = EDGE_LOOP('',(#2835,#2836,#2844,#2852));
#2835 = ORIENTED_EDGE('',*,*,#1392,.T.);
#2836 = ORIENTED_EDGE('',*,*,#2837,.T.);
#2837 = EDGE_CURVE('',#1395,#2838,#2840,.T.);
#2838 = VERTEX_POINT('',#2839);
#2839 = CARTESIAN_POINT('',(9.35,9.,4.15));
#2840 = LINE('',#2841,#2842);
#2841 = CARTESIAN_POINT('',(9.1,9.,3.75));
#2842 = VECTOR('',#2843,1.);
#2843 = DIRECTION('',(0.529998940003,0.,0.847998304005));
#2844 = ORIENTED_EDGE('',*,*,#2845,.F.);
#2845 = EDGE_CURVE('',#2846,#2838,#2848,.T.);
#2846 = VERTEX_POINT('',#2847);
#2847 = CARTESIAN_POINT('',(9.35,5.,4.15));
#2848 = LINE('',#2849,#2850);
#2849 = CARTESIAN_POINT('',(9.35,5.,4.15));
#2850 = VECTOR('',#2851,1.);
#2851 = DIRECTION('',(0.,1.,0.));
#2852 = ORIENTED_EDGE('',*,*,#2853,.F.);
#2853 = EDGE_CURVE('',#1393,#2846,#2854,.T.);
#2854 = LINE('',#2855,#2856);
#2855 = CARTESIAN_POINT('',(9.1,5.,3.75));
#2856 = VECTOR('',#2857,1.);
#2857 = DIRECTION('',(0.529998940003,0.,0.847998304005));
#2858 = PLANE('',#2859);
#2859 = AXIS2_PLACEMENT_3D('',#2860,#2861,#2862);
#2860 = CARTESIAN_POINT('',(9.1,5.,3.75));
#2861 = DIRECTION('',(0.847998304005,0.,-0.529998940003));
#2862 = DIRECTION('',(0.529998940003,0.,0.847998304005));
#2863 = ADVANCED_FACE('',(#2864),#2874,.F.);
#2864 = FACE_BOUND('',#2865,.F.);
#2865 = EDGE_LOOP('',(#2866,#2867,#2873));
#2866 = ORIENTED_EDGE('',*,*,#2853,.T.);
#2867 = ORIENTED_EDGE('',*,*,#2868,.T.);
#2868 = EDGE_CURVE('',#2846,#1403,#2869,.T.);
#2869 = LINE('',#2870,#2871);
#2870 = CARTESIAN_POINT('',(9.35,5.,4.15));
#2871 = VECTOR('',#2872,1.);
#2872 = DIRECTION('',(-0.529998940003,0.,0.847998304005));
#2873 = ORIENTED_EDGE('',*,*,#1402,.T.);
#2874 = PLANE('',#2875);
#2875 = AXIS2_PLACEMENT_3D('',#2876,#2877,#2878);
#2876 = CARTESIAN_POINT('',(9.167640754718,5.,4.15));
#2877 = DIRECTION('',(-0.,-1.,-0.));
#2878 = DIRECTION('',(0.,0.,-1.));
#2879 = ADVANCED_FACE('',(#2880),#2890,.T.);
#2880 = FACE_BOUND('',#2881,.T.);
#2881 = EDGE_LOOP('',(#2882,#2883,#2889));
#2882 = ORIENTED_EDGE('',*,*,#2837,.T.);
#2883 = ORIENTED_EDGE('',*,*,#2884,.T.);
#2884 = EDGE_CURVE('',#2838,#1411,#2885,.T.);
#2885 = LINE('',#2886,#2887);
#2886 = CARTESIAN_POINT('',(9.35,9.,4.15));
#2887 = VECTOR('',#2888,1.);
#2888 = DIRECTION('',(-0.529998940003,0.,0.847998304005));
#2889 = ORIENTED_EDGE('',*,*,#1418,.T.);
#2890 = PLANE('',#2891);
#2891 = AXIS2_PLACEMENT_3D('',#2892,#2893,#2894);
#2892 = CARTESIAN_POINT('',(9.167640754718,9.,4.15));
#2893 = DIRECTION('',(-0.,-1.,-0.));
#2894 = DIRECTION('',(0.,0.,-1.));
#2895 = ADVANCED_FACE('',(#2896),#2902,.F.);
#2896 = FACE_BOUND('',#2897,.F.);
#2897 = EDGE_LOOP('',(#2898,#2899,#2900,#2901));
#2898 = ORIENTED_EDGE('',*,*,#2845,.T.);
#2899 = ORIENTED_EDGE('',*,*,#2884,.T.);
#2900 = ORIENTED_EDGE('',*,*,#1410,.F.);
#2901 = ORIENTED_EDGE('',*,*,#2868,.F.);
#2902 = PLANE('',#2903);
#2903 = AXIS2_PLACEMENT_3D('',#2904,#2905,#2906);
#2904 = CARTESIAN_POINT('',(9.35,5.,4.15));
#2905 = DIRECTION('',(0.847998304005,0.,0.529998940003));
#2906 = DIRECTION('',(-0.529998940003,0.,0.847998304005));
#2907 = ADVANCED_FACE('',(#2908),#2978,.T.);
#2908 = FACE_BOUND('',#2909,.T.);
#2909 = EDGE_LOOP('',(#2910,#2911,#2917,#2926,#2935,#2943,#2952,#2961,
    #2969,#2976,#2977));
#2910 = ORIENTED_EDGE('',*,*,#1459,.F.);
#2911 = ORIENTED_EDGE('',*,*,#2912,.T.);
#2912 = EDGE_CURVE('',#1452,#2589,#2913,.T.);
#2913 = LINE('',#2914,#2915);
#2914 = CARTESIAN_POINT('',(6.5,20.25,4.7));
#2915 = VECTOR('',#2916,1.);
#2916 = DIRECTION('',(1.,0.,0.));
#2917 = ORIENTED_EDGE('',*,*,#2918,.T.);
#2918 = EDGE_CURVE('',#2589,#2919,#2921,.T.);
#2919 = VERTEX_POINT('',#2920);
#2920 = CARTESIAN_POINT('',(14.5,23.75,4.7));
#2921 = CIRCLE('',#2922,4.);
#2922 = AXIS2_PLACEMENT_3D('',#2923,#2924,#2925);
#2923 = CARTESIAN_POINT('',(10.5,23.75,4.7));
#2924 = DIRECTION('',(0.,0.,1.));
#2925 = DIRECTION('',(1.,0.,0.));
#2926 = ORIENTED_EDGE('',*,*,#2927,.T.);
#2927 = EDGE_CURVE('',#2919,#2928,#2930,.T.);
#2928 = VERTEX_POINT('',#2929);
#2929 = CARTESIAN_POINT('',(14.468626966597,24.25,4.7));
#2930 = CIRCLE('',#2931,4.);
#2931 = AXIS2_PLACEMENT_3D('',#2932,#2933,#2934);
#2932 = CARTESIAN_POINT('',(10.5,23.75,4.7));
#2933 = DIRECTION('',(0.,0.,1.));
#2934 = DIRECTION('',(1.,0.,0.));
#2935 = ORIENTED_EDGE('',*,*,#2936,.F.);
#2936 = EDGE_CURVE('',#2937,#2928,#2939,.T.);
#2937 = VERTEX_POINT('',#2938);
#2938 = CARTESIAN_POINT('',(12.436491673104,24.25,4.7));
#2939 = LINE('',#2940,#2941);
#2940 = CARTESIAN_POINT('',(6.5,24.25,4.7));
#2941 = VECTOR('',#2942,1.);
#2942 = DIRECTION('',(1.,0.,0.));
#2943 = ORIENTED_EDGE('',*,*,#2944,.F.);
#2944 = EDGE_CURVE('',#2945,#2937,#2947,.T.);
#2945 = VERTEX_POINT('',#2946);
#2946 = CARTESIAN_POINT('',(12.5,23.75,4.7));
#2947 = CIRCLE('',#2948,2.);
#2948 = AXIS2_PLACEMENT_3D('',#2949,#2950,#2951);
#2949 = CARTESIAN_POINT('',(10.5,23.75,4.7));
#2950 = DIRECTION('',(0.,0.,1.));
#2951 = DIRECTION('',(1.,0.,0.));
#2952 = ORIENTED_EDGE('',*,*,#2953,.F.);
#2953 = EDGE_CURVE('',#2954,#2945,#2956,.T.);
#2954 = VERTEX_POINT('',#2955);
#2955 = CARTESIAN_POINT('',(8.563508326896,24.25,4.7));
#2956 = CIRCLE('',#2957,2.);
#2957 = AXIS2_PLACEMENT_3D('',#2958,#2959,#2960);
#2958 = CARTESIAN_POINT('',(10.5,23.75,4.7));
#2959 = DIRECTION('',(0.,0.,1.));
#2960 = DIRECTION('',(1.,0.,0.));
#2961 = ORIENTED_EDGE('',*,*,#2962,.F.);
#2962 = EDGE_CURVE('',#2963,#2954,#2965,.T.);
#2963 = VERTEX_POINT('',#2964);
#2964 = CARTESIAN_POINT('',(6.531373033403,24.25,4.7));
#2965 = LINE('',#2966,#2967);
#2966 = CARTESIAN_POINT('',(6.5,24.25,4.7));
#2967 = VECTOR('',#2968,1.);
#2968 = DIRECTION('',(1.,0.,0.));
#2969 = ORIENTED_EDGE('',*,*,#2970,.T.);
#2970 = EDGE_CURVE('',#2963,#1213,#2971,.T.);
#2971 = CIRCLE('',#2972,4.);
#2972 = AXIS2_PLACEMENT_3D('',#2973,#2974,#2975);
#2973 = CARTESIAN_POINT('',(10.5,23.75,4.7));
#2974 = DIRECTION('',(0.,0.,1.));
#2975 = DIRECTION('',(1.,0.,0.));
#2976 = ORIENTED_EDGE('',*,*,#2614,.T.);
#2977 = ORIENTED_EDGE('',*,*,#1432,.T.);
#2978 = PLANE('',#2979);
#2979 = AXIS2_PLACEMENT_3D('',#2980,#2981,#2982);
#2980 = CARTESIAN_POINT('',(10.5,23.75,4.7));
#2981 = DIRECTION('',(0.,0.,1.));
#2982 = DIRECTION('',(1.,0.,0.));
#2983 = ADVANCED_FACE('',(#2984),#2990,.F.);
#2984 = FACE_BOUND('',#2985,.F.);
#2985 = EDGE_LOOP('',(#2986,#2987,#2988,#2989));
#2986 = ORIENTED_EDGE('',*,*,#2669,.F.);
#2987 = ORIENTED_EDGE('',*,*,#1539,.T.);
#2988 = ORIENTED_EDGE('',*,*,#2716,.T.);
#2989 = ORIENTED_EDGE('',*,*,#2691,.F.);
#2990 = PLANE('',#2991);
#2991 = AXIS2_PLACEMENT_3D('',#2992,#2993,#2994);
#2992 = CARTESIAN_POINT('',(6.9,1.85,1.2));
#2993 = DIRECTION('',(1.,0.,0.));
#2994 = DIRECTION('',(0.,0.,1.));
#2995 = ADVANCED_FACE('',(#2996),#3002,.T.);
#2996 = FACE_BOUND('',#2997,.T.);
#2997 = EDGE_LOOP('',(#2998,#2999,#3000,#3001));
#2998 = ORIENTED_EDGE('',*,*,#1594,.F.);
#2999 = ORIENTED_EDGE('',*,*,#1903,.T.);
#3000 = ORIENTED_EDGE('',*,*,#1610,.T.);
#3001 = ORIENTED_EDGE('',*,*,#1602,.F.);
#3002 = PLANE('',#3003);
#3003 = AXIS2_PLACEMENT_3D('',#3004,#3005,#3006);
#3004 = CARTESIAN_POINT('',(-9.1,1.85,1.2));
#3005 = DIRECTION('',(0.,0.,1.));
#3006 = DIRECTION('',(1.,0.,0.));
#3007 = ADVANCED_FACE('',(#3008),#3019,.F.);
#3008 = FACE_BOUND('',#3009,.F.);
#3009 = EDGE_LOOP('',(#3010,#3016,#3017,#3018));
#3010 = ORIENTED_EDGE('',*,*,#3011,.T.);
#3011 = EDGE_CURVE('',#2416,#1890,#3012,.T.);
#3012 = LINE('',#3013,#3014);
#3013 = CARTESIAN_POINT('',(5.,0.65,1.2));
#3014 = VECTOR('',#3015,1.);
#3015 = DIRECTION('',(0.,0.,-1.));
#3016 = ORIENTED_EDGE('',*,*,#1897,.T.);
#3017 = ORIENTED_EDGE('',*,*,#2676,.F.);
#3018 = ORIENTED_EDGE('',*,*,#2415,.F.);
#3019 = PLANE('',#3020);
#3020 = AXIS2_PLACEMENT_3D('',#3021,#3022,#3023);
#3021 = CARTESIAN_POINT('',(5.,0.15,1.2));
#3022 = DIRECTION('',(1.,0.,0.));
#3023 = DIRECTION('',(0.,0.,1.));
#3024 = ADVANCED_FACE('',(#3025),#3031,.T.);
#3025 = FACE_BOUND('',#3026,.T.);
#3026 = EDGE_LOOP('',(#3027,#3028,#3029,#3030));
#3027 = ORIENTED_EDGE('',*,*,#1889,.F.);
#3028 = ORIENTED_EDGE('',*,*,#2051,.F.);
#3029 = ORIENTED_EDGE('',*,*,#2043,.T.);
#3030 = ORIENTED_EDGE('',*,*,#2035,.T.);
#3031 = PLANE('',#3032);
#3032 = AXIS2_PLACEMENT_3D('',#3033,#3034,#3035);
#3033 = CARTESIAN_POINT('',(-9.1,-20.85,1.2));
#3034 = DIRECTION('',(0.,0.,1.));
#3035 = DIRECTION('',(1.,0.,0.));
#3036 = ADVANCED_FACE('',(#3037),#3057,.F.);
#3037 = FACE_BOUND('',#3038,.F.);
#3038 = EDGE_LOOP('',(#3039,#3040,#3048,#3054,#3055,#3056));
#3039 = ORIENTED_EDGE('',*,*,#2300,.F.);
#3040 = ORIENTED_EDGE('',*,*,#3041,.F.);
#3041 = EDGE_CURVE('',#3042,#2293,#3044,.T.);
#3042 = VERTEX_POINT('',#3043);
#3043 = CARTESIAN_POINT('',(6.9,0.65,2.4));
#3044 = LINE('',#3045,#3046);
#3045 = CARTESIAN_POINT('',(6.9,0.65,2.4));
#3046 = VECTOR('',#3047,1.);
#3047 = DIRECTION('',(1.,0.,0.));
#3048 = ORIENTED_EDGE('',*,*,#3049,.F.);
#3049 = EDGE_CURVE('',#2022,#3042,#3050,.T.);
#3050 = LINE('',#3051,#3052);
#3051 = CARTESIAN_POINT('',(6.9,0.65,1.2));
#3052 = VECTOR('',#3053,1.);
#3053 = DIRECTION('',(0.,0.,1.));
#3054 = ORIENTED_EDGE('',*,*,#2029,.F.);
#3055 = ORIENTED_EDGE('',*,*,#3011,.F.);
#3056 = ORIENTED_EDGE('',*,*,#2423,.F.);
#3057 = PLANE('',#3058);
#3058 = AXIS2_PLACEMENT_3D('',#3059,#3060,#3061);
#3059 = CARTESIAN_POINT('',(-9.1,0.65,1.2));
#3060 = DIRECTION('',(0.,1.,0.));
#3061 = DIRECTION('',(0.,0.,1.));
#3062 = ADVANCED_FACE('',(#3063),#3081,.F.);
#3063 = FACE_BOUND('',#3064,.F.);
#3064 = EDGE_LOOP('',(#3065,#3073,#3074,#3075));
#3065 = ORIENTED_EDGE('',*,*,#3066,.F.);
#3066 = EDGE_CURVE('',#2014,#3067,#3069,.T.);
#3067 = VERTEX_POINT('',#3068);
#3068 = CARTESIAN_POINT('',(6.9,-1.55,2.4));
#3069 = LINE('',#3070,#3071);
#3070 = CARTESIAN_POINT('',(6.9,-1.55,1.2));
#3071 = VECTOR('',#3072,1.);
#3072 = DIRECTION('',(0.,0.,1.));
#3073 = ORIENTED_EDGE('',*,*,#2021,.T.);
#3074 = ORIENTED_EDGE('',*,*,#3049,.T.);
#3075 = ORIENTED_EDGE('',*,*,#3076,.F.);
#3076 = EDGE_CURVE('',#3067,#3042,#3077,.T.);
#3077 = LINE('',#3078,#3079);
#3078 = CARTESIAN_POINT('',(6.9,-1.55,2.4));
#3079 = VECTOR('',#3080,1.);
#3080 = DIRECTION('',(0.,1.,0.));
#3081 = PLANE('',#3082);
#3082 = AXIS2_PLACEMENT_3D('',#3083,#3084,#3085);
#3083 = CARTESIAN_POINT('',(6.9,-1.55,1.2));
#3084 = DIRECTION('',(1.,0.,0.));
#3085 = DIRECTION('',(0.,0.,1.));
#3086 = ADVANCED_FACE('',(#3087),#3098,.F.);
#3087 = FACE_BOUND('',#3088,.F.);
#3088 = EDGE_LOOP('',(#3089,#3090,#3091,#3097));
#3089 = ORIENTED_EDGE('',*,*,#2013,.F.);
#3090 = ORIENTED_EDGE('',*,*,#3066,.T.);
#3091 = ORIENTED_EDGE('',*,*,#3092,.T.);
#3092 = EDGE_CURVE('',#3067,#2285,#3093,.T.);
#3093 = LINE('',#3094,#3095);
#3094 = CARTESIAN_POINT('',(6.9,-1.55,2.4));
#3095 = VECTOR('',#3096,1.);
#3096 = DIRECTION('',(1.,0.,0.));
#3097 = ORIENTED_EDGE('',*,*,#2284,.F.);
#3098 = PLANE('',#3099);
#3099 = AXIS2_PLACEMENT_3D('',#3100,#3101,#3102);
#3100 = CARTESIAN_POINT('',(6.9,-1.55,1.2));
#3101 = DIRECTION('',(0.,1.,0.));
#3102 = DIRECTION('',(0.,0.,1.));
#3103 = ADVANCED_FACE('',(#3104),#3110,.T.);
#3104 = FACE_BOUND('',#3105,.T.);
#3105 = EDGE_LOOP('',(#3106,#3107,#3108,#3109));
#3106 = ORIENTED_EDGE('',*,*,#1997,.F.);
#3107 = ORIENTED_EDGE('',*,*,#2482,.T.);
#3108 = ORIENTED_EDGE('',*,*,#2507,.T.);
#3109 = ORIENTED_EDGE('',*,*,#2277,.F.);
#3110 = PLANE('',#3111);
#3111 = AXIS2_PLACEMENT_3D('',#3112,#3113,#3114);
#3112 = CARTESIAN_POINT('',(6.9,-18.65,1.2));
#3113 = DIRECTION('',(0.,1.,0.));
#3114 = DIRECTION('',(0.,0.,1.));
#3115 = ADVANCED_FACE('',(#3116),#3122,.T.);
#3116 = FACE_BOUND('',#3117,.T.);
#3117 = EDGE_LOOP('',(#3118,#3119,#3120,#3121));
#3118 = ORIENTED_EDGE('',*,*,#3076,.F.);
#3119 = ORIENTED_EDGE('',*,*,#3092,.T.);
#3120 = ORIENTED_EDGE('',*,*,#2292,.T.);
#3121 = ORIENTED_EDGE('',*,*,#3041,.F.);
#3122 = PLANE('',#3123);
#3123 = AXIS2_PLACEMENT_3D('',#3124,#3125,#3126);
#3124 = CARTESIAN_POINT('',(6.9,-1.55,2.4));
#3125 = DIRECTION('',(0.,0.,1.));
#3126 = DIRECTION('',(1.,0.,0.));
#3127 = ADVANCED_FACE('',(#3128),#3153,.F.);
#3128 = FACE_BOUND('',#3129,.F.);
#3129 = EDGE_LOOP('',(#3130,#3131,#3139,#3147));
#3130 = ORIENTED_EDGE('',*,*,#2316,.T.);
#3131 = ORIENTED_EDGE('',*,*,#3132,.T.);
#3132 = EDGE_CURVE('',#2319,#3133,#3135,.T.);
#3133 = VERTEX_POINT('',#3134);
#3134 = CARTESIAN_POINT('',(9.35,-3.,4.15));
#3135 = LINE('',#3136,#3137);
#3136 = CARTESIAN_POINT('',(9.1,-3.,3.75));
#3137 = VECTOR('',#3138,1.);
#3138 = DIRECTION('',(0.529998940003,0.,0.847998304005));
#3139 = ORIENTED_EDGE('',*,*,#3140,.F.);
#3140 = EDGE_CURVE('',#3141,#3133,#3143,.T.);
#3141 = VERTEX_POINT('',#3142);
#3142 = CARTESIAN_POINT('',(9.35,-7.,4.15));
#3143 = LINE('',#3144,#3145);
#3144 = CARTESIAN_POINT('',(9.35,-7.,4.15));
#3145 = VECTOR('',#3146,1.);
#3146 = DIRECTION('',(0.,1.,0.));
#3147 = ORIENTED_EDGE('',*,*,#3148,.F.);
#3148 = EDGE_CURVE('',#2317,#3141,#3149,.T.);
#3149 = LINE('',#3150,#3151);
#3150 = CARTESIAN_POINT('',(9.1,-7.,3.75));
#3151 = VECTOR('',#3152,1.);
#3152 = DIRECTION('',(0.529998940003,0.,0.847998304005));
#3153 = PLANE('',#3154);
#3154 = AXIS2_PLACEMENT_3D('',#3155,#3156,#3157);
#3155 = CARTESIAN_POINT('',(9.1,-7.,3.75));
#3156 = DIRECTION('',(0.847998304005,0.,-0.529998940003));
#3157 = DIRECTION('',(0.529998940003,0.,0.847998304005));
#3158 = ADVANCED_FACE('',(#3159),#3169,.T.);
#3159 = FACE_BOUND('',#3160,.T.);
#3160 = EDGE_LOOP('',(#3161,#3162,#3168));
#3161 = ORIENTED_EDGE('',*,*,#3132,.T.);
#3162 = ORIENTED_EDGE('',*,*,#3163,.T.);
#3163 = EDGE_CURVE('',#3133,#2335,#3164,.T.);
#3164 = LINE('',#3165,#3166);
#3165 = CARTESIAN_POINT('',(9.35,-3.,4.15));
#3166 = VECTOR('',#3167,1.);
#3167 = DIRECTION('',(-0.529998940003,0.,0.847998304005));
#3168 = ORIENTED_EDGE('',*,*,#2342,.T.);
#3169 = PLANE('',#3170);
#3170 = AXIS2_PLACEMENT_3D('',#3171,#3172,#3173);
#3171 = CARTESIAN_POINT('',(9.167640754718,-3.,4.15));
#3172 = DIRECTION('',(-0.,-1.,-0.));
#3173 = DIRECTION('',(0.,0.,-1.));
#3174 = ADVANCED_FACE('',(#3175),#3186,.F.);
#3175 = FACE_BOUND('',#3176,.F.);
#3176 = EDGE_LOOP('',(#3177,#3178,#3179,#3180));
#3177 = ORIENTED_EDGE('',*,*,#3140,.T.);
#3178 = ORIENTED_EDGE('',*,*,#3163,.T.);
#3179 = ORIENTED_EDGE('',*,*,#2334,.F.);
#3180 = ORIENTED_EDGE('',*,*,#3181,.F.);
#3181 = EDGE_CURVE('',#3141,#2327,#3182,.T.);
#3182 = LINE('',#3183,#3184);
#3183 = CARTESIAN_POINT('',(9.35,-7.,4.15));
#3184 = VECTOR('',#3185,1.);
#3185 = DIRECTION('',(-0.529998940003,0.,0.847998304005));
#3186 = PLANE('',#3187);
#3187 = AXIS2_PLACEMENT_3D('',#3188,#3189,#3190);
#3188 = CARTESIAN_POINT('',(9.35,-7.,4.15));
#3189 = DIRECTION('',(0.847998304005,0.,0.529998940003));
#3190 = DIRECTION('',(-0.529998940003,0.,0.847998304005));
#3191 = ADVANCED_FACE('',(#3192),#3197,.F.);
#3192 = FACE_BOUND('',#3193,.F.);
#3193 = EDGE_LOOP('',(#3194,#3195,#3196));
#3194 = ORIENTED_EDGE('',*,*,#3148,.T.);
#3195 = ORIENTED_EDGE('',*,*,#3181,.T.);
#3196 = ORIENTED_EDGE('',*,*,#2326,.T.);
#3197 = PLANE('',#3198);
#3198 = AXIS2_PLACEMENT_3D('',#3199,#3200,#3201);
#3199 = CARTESIAN_POINT('',(9.167640754718,-7.,4.15));
#3200 = DIRECTION('',(-0.,-1.,-0.));
#3201 = DIRECTION('',(0.,0.,-1.));
#3202 = ADVANCED_FACE('',(#3203),#3228,.F.);
#3203 = FACE_BOUND('',#3204,.F.);
#3204 = EDGE_LOOP('',(#3205,#3206,#3214,#3222));
#3205 = ORIENTED_EDGE('',*,*,#2350,.T.);
#3206 = ORIENTED_EDGE('',*,*,#3207,.T.);
#3207 = EDGE_CURVE('',#2353,#3208,#3210,.T.);
#3208 = VERTEX_POINT('',#3209);
#3209 = CARTESIAN_POINT('',(9.35,-13.,4.15));
#3210 = LINE('',#3211,#3212);
#3211 = CARTESIAN_POINT('',(9.1,-13.,3.75));
#3212 = VECTOR('',#3213,1.);
#3213 = DIRECTION('',(0.529998940003,0.,0.847998304005));
#3214 = ORIENTED_EDGE('',*,*,#3215,.F.);
#3215 = EDGE_CURVE('',#3216,#3208,#3218,.T.);
#3216 = VERTEX_POINT('',#3217);
#3217 = CARTESIAN_POINT('',(9.35,-17.,4.15));
#3218 = LINE('',#3219,#3220);
#3219 = CARTESIAN_POINT('',(9.35,-17.,4.15));
#3220 = VECTOR('',#3221,1.);
#3221 = DIRECTION('',(0.,1.,0.));
#3222 = ORIENTED_EDGE('',*,*,#3223,.F.);
#3223 = EDGE_CURVE('',#2351,#3216,#3224,.T.);
#3224 = LINE('',#3225,#3226);
#3225 = CARTESIAN_POINT('',(9.1,-17.,3.75));
#3226 = VECTOR('',#3227,1.);
#3227 = DIRECTION('',(0.529998940003,0.,0.847998304005));
#3228 = PLANE('',#3229);
#3229 = AXIS2_PLACEMENT_3D('',#3230,#3231,#3232);
#3230 = CARTESIAN_POINT('',(9.1,-17.,3.75));
#3231 = DIRECTION('',(0.847998304005,0.,-0.529998940003));
#3232 = DIRECTION('',(0.529998940003,0.,0.847998304005));
#3233 = ADVANCED_FACE('',(#3234),#3244,.F.);
#3234 = FACE_BOUND('',#3235,.F.);
#3235 = EDGE_LOOP('',(#3236,#3237,#3243));
#3236 = ORIENTED_EDGE('',*,*,#3223,.T.);
#3237 = ORIENTED_EDGE('',*,*,#3238,.T.);
#3238 = EDGE_CURVE('',#3216,#2361,#3239,.T.);
#3239 = LINE('',#3240,#3241);
#3240 = CARTESIAN_POINT('',(9.35,-17.,4.15));
#3241 = VECTOR('',#3242,1.);
#3242 = DIRECTION('',(-0.529998940003,0.,0.847998304005));
#3243 = ORIENTED_EDGE('',*,*,#2360,.T.);
#3244 = PLANE('',#3245);
#3245 = AXIS2_PLACEMENT_3D('',#3246,#3247,#3248);
#3246 = CARTESIAN_POINT('',(9.167640754718,-17.,4.15));
#3247 = DIRECTION('',(-0.,-1.,-0.));
#3248 = DIRECTION('',(0.,0.,-1.));
#3249 = ADVANCED_FACE('',(#3250),#3260,.T.);
#3250 = FACE_BOUND('',#3251,.T.);
#3251 = EDGE_LOOP('',(#3252,#3253,#3259));
#3252 = ORIENTED_EDGE('',*,*,#3207,.T.);
#3253 = ORIENTED_EDGE('',*,*,#3254,.T.);
#3254 = EDGE_CURVE('',#3208,#2369,#3255,.T.);
#3255 = LINE('',#3256,#3257);
#3256 = CARTESIAN_POINT('',(9.35,-13.,4.15));
#3257 = VECTOR('',#3258,1.);
#3258 = DIRECTION('',(-0.529998940003,0.,0.847998304005));
#3259 = ORIENTED_EDGE('',*,*,#2376,.T.);
#3260 = PLANE('',#3261);
#3261 = AXIS2_PLACEMENT_3D('',#3262,#3263,#3264);
#3262 = CARTESIAN_POINT('',(9.167640754718,-13.,4.15));
#3263 = DIRECTION('',(-0.,-1.,-0.));
#3264 = DIRECTION('',(0.,0.,-1.));
#3265 = ADVANCED_FACE('',(#3266),#3272,.F.);
#3266 = FACE_BOUND('',#3267,.F.);
#3267 = EDGE_LOOP('',(#3268,#3269,#3270,#3271));
#3268 = ORIENTED_EDGE('',*,*,#3215,.T.);
#3269 = ORIENTED_EDGE('',*,*,#3254,.T.);
#3270 = ORIENTED_EDGE('',*,*,#2368,.F.);
#3271 = ORIENTED_EDGE('',*,*,#3238,.F.);
#3272 = PLANE('',#3273);
#3273 = AXIS2_PLACEMENT_3D('',#3274,#3275,#3276);
#3274 = CARTESIAN_POINT('',(9.35,-17.,4.15));
#3275 = DIRECTION('',(0.847998304005,0.,0.529998940003));
#3276 = DIRECTION('',(-0.529998940003,0.,0.847998304005));
#3277 = ADVANCED_FACE('',(#3278),#3343,.F.);
#3278 = FACE_BOUND('',#3279,.F.);
#3279 = EDGE_LOOP('',(#3280,#3281,#3282,#3291,#3300,#3308,#3317,#3326,
    #3334,#3341,#3342));
#3280 = ORIENTED_EDGE('',*,*,#2548,.F.);
#3281 = ORIENTED_EDGE('',*,*,#2573,.T.);
#3282 = ORIENTED_EDGE('',*,*,#3283,.T.);
#3283 = EDGE_CURVE('',#2565,#3284,#3286,.T.);
#3284 = VERTEX_POINT('',#3285);
#3285 = CARTESIAN_POINT('',(14.5,23.75,0.));
#3286 = CIRCLE('',#3287,4.);
#3287 = AXIS2_PLACEMENT_3D('',#3288,#3289,#3290);
#3288 = CARTESIAN_POINT('',(10.5,23.75,0.));
#3289 = DIRECTION('',(0.,0.,1.));
#3290 = DIRECTION('',(1.,0.,0.));
#3291 = ORIENTED_EDGE('',*,*,#3292,.T.);
#3292 = EDGE_CURVE('',#3284,#3293,#3295,.T.);
#3293 = VERTEX_POINT('',#3294);
#3294 = CARTESIAN_POINT('',(14.468626966597,24.25,0.));
#3295 = CIRCLE('',#3296,4.);
#3296 = AXIS2_PLACEMENT_3D('',#3297,#3298,#3299);
#3297 = CARTESIAN_POINT('',(10.5,23.75,0.));
#3298 = DIRECTION('',(0.,0.,1.));
#3299 = DIRECTION('',(1.,0.,0.));
#3300 = ORIENTED_EDGE('',*,*,#3301,.F.);
#3301 = EDGE_CURVE('',#3302,#3293,#3304,.T.);
#3302 = VERTEX_POINT('',#3303);
#3303 = CARTESIAN_POINT('',(12.436491673104,24.25,0.));
#3304 = LINE('',#3305,#3306);
#3305 = CARTESIAN_POINT('',(6.5,24.25,0.));
#3306 = VECTOR('',#3307,1.);
#3307 = DIRECTION('',(1.,0.,0.));
#3308 = ORIENTED_EDGE('',*,*,#3309,.F.);
#3309 = EDGE_CURVE('',#3310,#3302,#3312,.T.);
#3310 = VERTEX_POINT('',#3311);
#3311 = CARTESIAN_POINT('',(12.5,23.75,0.));
#3312 = CIRCLE('',#3313,2.);
#3313 = AXIS2_PLACEMENT_3D('',#3314,#3315,#3316);
#3314 = CARTESIAN_POINT('',(10.5,23.75,0.));
#3315 = DIRECTION('',(0.,0.,1.));
#3316 = DIRECTION('',(1.,0.,0.));
#3317 = ORIENTED_EDGE('',*,*,#3318,.F.);
#3318 = EDGE_CURVE('',#3319,#3310,#3321,.T.);
#3319 = VERTEX_POINT('',#3320);
#3320 = CARTESIAN_POINT('',(8.563508326896,24.25,0.));
#3321 = CIRCLE('',#3322,2.);
#3322 = AXIS2_PLACEMENT_3D('',#3323,#3324,#3325);
#3323 = CARTESIAN_POINT('',(10.5,23.75,0.));
#3324 = DIRECTION('',(0.,0.,1.));
#3325 = DIRECTION('',(1.,0.,0.));
#3326 = ORIENTED_EDGE('',*,*,#3327,.F.);
#3327 = EDGE_CURVE('',#3328,#3319,#3330,.T.);
#3328 = VERTEX_POINT('',#3329);
#3329 = CARTESIAN_POINT('',(6.531373033403,24.25,0.));
#3330 = LINE('',#3331,#3332);
#3331 = CARTESIAN_POINT('',(6.5,24.25,0.));
#3332 = VECTOR('',#3333,1.);
#3333 = DIRECTION('',(1.,0.,0.));
#3334 = ORIENTED_EDGE('',*,*,#3335,.T.);
#3335 = EDGE_CURVE('',#3328,#1205,#3336,.T.);
#3336 = CIRCLE('',#3337,4.);
#3337 = AXIS2_PLACEMENT_3D('',#3338,#3339,#3340);
#3338 = CARTESIAN_POINT('',(10.5,23.75,0.));
#3339 = DIRECTION('',(0.,0.,1.));
#3340 = DIRECTION('',(1.,0.,0.));
#3341 = ORIENTED_EDGE('',*,*,#2523,.T.);
#3342 = ORIENTED_EDGE('',*,*,#2538,.T.);
#3343 = PLANE('',#3344);
#3344 = AXIS2_PLACEMENT_3D('',#3345,#3346,#3347);
#3345 = CARTESIAN_POINT('',(10.5,23.75,0.));
#3346 = DIRECTION('',(0.,0.,1.));
#3347 = DIRECTION('',(1.,0.,0.));
#3348 = ADVANCED_FACE('',(#3349),#3354,.T.);
#3349 = FACE_BOUND('',#3350,.T.);
#3350 = EDGE_LOOP('',(#3351,#3352,#3353));
#3351 = ORIENTED_EDGE('',*,*,#2735,.F.);
#3352 = ORIENTED_EDGE('',*,*,#2596,.T.);
#3353 = ORIENTED_EDGE('',*,*,#2912,.F.);
#3354 = PLANE('',#3355);
#3355 = AXIS2_PLACEMENT_3D('',#3356,#3357,#3358);
#3356 = CARTESIAN_POINT('',(10.5,23.75,4.7));
#3357 = DIRECTION('',(0.,0.,1.));
#3358 = DIRECTION('',(1.,0.,0.));
#3359 = ADVANCED_FACE('',(#3360),#3385,.F.);
#3360 = FACE_BOUND('',#3361,.F.);
#3361 = EDGE_LOOP('',(#3362,#3370,#3371,#3379));
#3362 = ORIENTED_EDGE('',*,*,#3363,.F.);
#3363 = EDGE_CURVE('',#2565,#3364,#3366,.T.);
#3364 = VERTEX_POINT('',#3365);
#3365 = CARTESIAN_POINT('',(14.5,20.25,0.));
#3366 = LINE('',#3367,#3368);
#3367 = CARTESIAN_POINT('',(6.5,20.25,0.));
#3368 = VECTOR('',#3369,1.);
#3369 = DIRECTION('',(1.,0.,0.));
#3370 = ORIENTED_EDGE('',*,*,#2588,.T.);
#3371 = ORIENTED_EDGE('',*,*,#3372,.T.);
#3372 = EDGE_CURVE('',#2589,#3373,#3375,.T.);
#3373 = VERTEX_POINT('',#3374);
#3374 = CARTESIAN_POINT('',(14.5,20.25,4.7));
#3375 = LINE('',#3376,#3377);
#3376 = CARTESIAN_POINT('',(6.5,20.25,4.7));
#3377 = VECTOR('',#3378,1.);
#3378 = DIRECTION('',(1.,0.,0.));
#3379 = ORIENTED_EDGE('',*,*,#3380,.F.);
#3380 = EDGE_CURVE('',#3364,#3373,#3381,.T.);
#3381 = LINE('',#3382,#3383);
#3382 = CARTESIAN_POINT('',(14.5,20.25,0.));
#3383 = VECTOR('',#3384,1.);
#3384 = DIRECTION('',(0.,0.,1.));
#3385 = PLANE('',#3386);
#3386 = AXIS2_PLACEMENT_3D('',#3387,#3388,#3389);
#3387 = CARTESIAN_POINT('',(6.5,20.25,0.));
#3388 = DIRECTION('',(0.,1.,0.));
#3389 = DIRECTION('',(0.,0.,1.));
#3390 = ADVANCED_FACE('',(#3391),#3401,.T.);
#3391 = FACE_BOUND('',#3392,.T.);
#3392 = EDGE_LOOP('',(#3393,#3394,#3395));
#3393 = ORIENTED_EDGE('',*,*,#2646,.F.);
#3394 = ORIENTED_EDGE('',*,*,#2970,.F.);
#3395 = ORIENTED_EDGE('',*,*,#3396,.F.);
#3396 = EDGE_CURVE('',#2639,#2963,#3397,.T.);
#3397 = LINE('',#3398,#3399);
#3398 = CARTESIAN_POINT('',(6.5,24.25,4.7));
#3399 = VECTOR('',#3400,1.);
#3400 = DIRECTION('',(1.,0.,0.));
#3401 = PLANE('',#3402);
#3402 = AXIS2_PLACEMENT_3D('',#3403,#3404,#3405);
#3403 = CARTESIAN_POINT('',(6.5,20.25,4.7));
#3404 = DIRECTION('',(0.,0.,1.));
#3405 = DIRECTION('',(1.,0.,0.));
#3406 = ADVANCED_FACE('',(#3407),#3423,.T.);
#3407 = FACE_BOUND('',#3408,.T.);
#3408 = EDGE_LOOP('',(#3409,#3415,#3416,#3417));
#3409 = ORIENTED_EDGE('',*,*,#3410,.F.);
#3410 = EDGE_CURVE('',#2631,#3328,#3411,.T.);
#3411 = LINE('',#3412,#3413);
#3412 = CARTESIAN_POINT('',(6.5,24.25,0.));
#3413 = VECTOR('',#3414,1.);
#3414 = DIRECTION('',(1.,0.,0.));
#3415 = ORIENTED_EDGE('',*,*,#2638,.T.);
#3416 = ORIENTED_EDGE('',*,*,#3396,.T.);
#3417 = ORIENTED_EDGE('',*,*,#3418,.F.);
#3418 = EDGE_CURVE('',#3328,#2963,#3419,.T.);
#3419 = LINE('',#3420,#3421);
#3420 = CARTESIAN_POINT('',(6.531373033403,24.25,0.));
#3421 = VECTOR('',#3422,1.);
#3422 = DIRECTION('',(0.,0.,1.));
#3423 = PLANE('',#3424);
#3424 = AXIS2_PLACEMENT_3D('',#3425,#3426,#3427);
#3425 = CARTESIAN_POINT('',(6.5,24.25,0.));
#3426 = DIRECTION('',(0.,1.,0.));
#3427 = DIRECTION('',(0.,0.,1.));
#3428 = ADVANCED_FACE('',(#3429),#3434,.F.);
#3429 = FACE_BOUND('',#3430,.F.);
#3430 = EDGE_LOOP('',(#3431,#3432,#3433));
#3431 = ORIENTED_EDGE('',*,*,#2630,.F.);
#3432 = ORIENTED_EDGE('',*,*,#3335,.F.);
#3433 = ORIENTED_EDGE('',*,*,#3410,.F.);
#3434 = PLANE('',#3435);
#3435 = AXIS2_PLACEMENT_3D('',#3436,#3437,#3438);
#3436 = CARTESIAN_POINT('',(6.5,20.25,0.));
#3437 = DIRECTION('',(0.,0.,1.));
#3438 = DIRECTION('',(1.,0.,0.));
#3439 = ADVANCED_FACE('',(#3440),#3458,.T.);
#3440 = FACE_BOUND('',#3441,.T.);
#3441 = EDGE_LOOP('',(#3442,#3449,#3450,#3457));
#3442 = ORIENTED_EDGE('',*,*,#3443,.T.);
#3443 = EDGE_CURVE('',#2928,#2963,#3444,.T.);
#3444 = CIRCLE('',#3445,4.);
#3445 = AXIS2_PLACEMENT_3D('',#3446,#3447,#3448);
#3446 = CARTESIAN_POINT('',(10.5,23.75,4.7));
#3447 = DIRECTION('',(0.,0.,1.));
#3448 = DIRECTION('',(1.,0.,0.));
#3449 = ORIENTED_EDGE('',*,*,#2962,.T.);
#3450 = ORIENTED_EDGE('',*,*,#3451,.F.);
#3451 = EDGE_CURVE('',#2937,#2954,#3452,.T.);
#3452 = CIRCLE('',#3453,2.);
#3453 = AXIS2_PLACEMENT_3D('',#3454,#3455,#3456);
#3454 = CARTESIAN_POINT('',(10.5,23.75,4.7));
#3455 = DIRECTION('',(0.,0.,1.));
#3456 = DIRECTION('',(1.,0.,0.));
#3457 = ORIENTED_EDGE('',*,*,#2936,.T.);
#3458 = PLANE('',#3459);
#3459 = AXIS2_PLACEMENT_3D('',#3460,#3461,#3462);
#3460 = CARTESIAN_POINT('',(10.5,23.75,4.7));
#3461 = DIRECTION('',(0.,0.,1.));
#3462 = DIRECTION('',(1.,0.,0.));
#3463 = ADVANCED_FACE('',(#3464),#3485,.F.);
#3464 = FACE_BOUND('',#3465,.F.);
#3465 = EDGE_LOOP('',(#3466,#3467,#3473,#3474,#3481,#3482,#3483,#3484));
#3466 = ORIENTED_EDGE('',*,*,#2944,.F.);
#3467 = ORIENTED_EDGE('',*,*,#3468,.F.);
#3468 = EDGE_CURVE('',#3310,#2945,#3469,.T.);
#3469 = LINE('',#3470,#3471);
#3470 = CARTESIAN_POINT('',(12.5,23.75,-2.));
#3471 = VECTOR('',#3472,1.);
#3472 = DIRECTION('',(0.,0.,1.));
#3473 = ORIENTED_EDGE('',*,*,#3309,.T.);
#3474 = ORIENTED_EDGE('',*,*,#3475,.T.);
#3475 = EDGE_CURVE('',#3302,#3319,#3476,.T.);
#3476 = CIRCLE('',#3477,2.);
#3477 = AXIS2_PLACEMENT_3D('',#3478,#3479,#3480);
#3478 = CARTESIAN_POINT('',(10.5,23.75,0.));
#3479 = DIRECTION('',(0.,0.,1.));
#3480 = DIRECTION('',(1.,0.,0.));
#3481 = ORIENTED_EDGE('',*,*,#3318,.T.);
#3482 = ORIENTED_EDGE('',*,*,#3468,.T.);
#3483 = ORIENTED_EDGE('',*,*,#2953,.F.);
#3484 = ORIENTED_EDGE('',*,*,#3451,.F.);
#3485 = CYLINDRICAL_SURFACE('',#3486,2.);
#3486 = AXIS2_PLACEMENT_3D('',#3487,#3488,#3489);
#3487 = CARTESIAN_POINT('',(10.5,23.75,-2.));
#3488 = DIRECTION('',(0.,0.,1.));
#3489 = DIRECTION('',(1.,0.,0.));
#3490 = ADVANCED_FACE('',(#3491),#3508,.T.);
#3491 = FACE_BOUND('',#3492,.T.);
#3492 = EDGE_LOOP('',(#3493,#3501,#3502));
#3493 = ORIENTED_EDGE('',*,*,#3494,.F.);
#3494 = EDGE_CURVE('',#2928,#3495,#3497,.T.);
#3495 = VERTEX_POINT('',#3496);
#3496 = CARTESIAN_POINT('',(14.5,24.25,4.7));
#3497 = LINE('',#3498,#3499);
#3498 = CARTESIAN_POINT('',(6.5,24.25,4.7));
#3499 = VECTOR('',#3500,1.);
#3500 = DIRECTION('',(1.,0.,0.));
#3501 = ORIENTED_EDGE('',*,*,#2927,.F.);
#3502 = ORIENTED_EDGE('',*,*,#3503,.T.);
#3503 = EDGE_CURVE('',#2919,#3495,#3504,.T.);
#3504 = LINE('',#3505,#3506);
#3505 = CARTESIAN_POINT('',(14.5,20.25,4.7));
#3506 = VECTOR('',#3507,1.);
#3507 = DIRECTION('',(0.,1.,0.));
#3508 = PLANE('',#3509);
#3509 = AXIS2_PLACEMENT_3D('',#3510,#3511,#3512);
#3510 = CARTESIAN_POINT('',(6.5,20.25,4.7));
#3511 = DIRECTION('',(0.,0.,1.));
#3512 = DIRECTION('',(1.,0.,0.));
#3513 = ADVANCED_FACE('',(#3514),#3524,.T.);
#3514 = FACE_BOUND('',#3515,.T.);
#3515 = EDGE_LOOP('',(#3516,#3517,#3518));
#3516 = ORIENTED_EDGE('',*,*,#2918,.F.);
#3517 = ORIENTED_EDGE('',*,*,#3372,.T.);
#3518 = ORIENTED_EDGE('',*,*,#3519,.T.);
#3519 = EDGE_CURVE('',#3373,#2919,#3520,.T.);
#3520 = LINE('',#3521,#3522);
#3521 = CARTESIAN_POINT('',(14.5,20.25,4.7));
#3522 = VECTOR('',#3523,1.);
#3523 = DIRECTION('',(0.,1.,0.));
#3524 = PLANE('',#3525);
#3525 = AXIS2_PLACEMENT_3D('',#3526,#3527,#3528);
#3526 = CARTESIAN_POINT('',(6.5,20.25,4.7));
#3527 = DIRECTION('',(0.,0.,1.));
#3528 = DIRECTION('',(1.,0.,0.));
#3529 = ADVANCED_FACE('',(#3530),#3542,.F.);
#3530 = FACE_BOUND('',#3531,.F.);
#3531 = EDGE_LOOP('',(#3532,#3539,#3540,#3541));
#3532 = ORIENTED_EDGE('',*,*,#3533,.T.);
#3533 = EDGE_CURVE('',#3293,#3328,#3534,.T.);
#3534 = CIRCLE('',#3535,4.);
#3535 = AXIS2_PLACEMENT_3D('',#3536,#3537,#3538);
#3536 = CARTESIAN_POINT('',(10.5,23.75,0.));
#3537 = DIRECTION('',(0.,0.,1.));
#3538 = DIRECTION('',(1.,0.,0.));
#3539 = ORIENTED_EDGE('',*,*,#3327,.T.);
#3540 = ORIENTED_EDGE('',*,*,#3475,.F.);
#3541 = ORIENTED_EDGE('',*,*,#3301,.T.);
#3542 = PLANE('',#3543);
#3543 = AXIS2_PLACEMENT_3D('',#3544,#3545,#3546);
#3544 = CARTESIAN_POINT('',(10.5,23.75,0.));
#3545 = DIRECTION('',(0.,0.,1.));
#3546 = DIRECTION('',(1.,0.,0.));
#3547 = ADVANCED_FACE('',(#3548),#3565,.F.);
#3548 = FACE_BOUND('',#3549,.F.);
#3549 = EDGE_LOOP('',(#3550,#3558,#3559));
#3550 = ORIENTED_EDGE('',*,*,#3551,.F.);
#3551 = EDGE_CURVE('',#3293,#3552,#3554,.T.);
#3552 = VERTEX_POINT('',#3553);
#3553 = CARTESIAN_POINT('',(14.5,24.25,0.));
#3554 = LINE('',#3555,#3556);
#3555 = CARTESIAN_POINT('',(6.5,24.25,0.));
#3556 = VECTOR('',#3557,1.);
#3557 = DIRECTION('',(1.,0.,0.));
#3558 = ORIENTED_EDGE('',*,*,#3292,.F.);
#3559 = ORIENTED_EDGE('',*,*,#3560,.T.);
#3560 = EDGE_CURVE('',#3284,#3552,#3561,.T.);
#3561 = LINE('',#3562,#3563);
#3562 = CARTESIAN_POINT('',(14.5,20.25,0.));
#3563 = VECTOR('',#3564,1.);
#3564 = DIRECTION('',(0.,1.,0.));
#3565 = PLANE('',#3566);
#3566 = AXIS2_PLACEMENT_3D('',#3567,#3568,#3569);
#3567 = CARTESIAN_POINT('',(6.5,20.25,0.));
#3568 = DIRECTION('',(0.,0.,1.));
#3569 = DIRECTION('',(1.,0.,0.));
#3570 = ADVANCED_FACE('',(#3571),#3581,.F.);
#3571 = FACE_BOUND('',#3572,.F.);
#3572 = EDGE_LOOP('',(#3573,#3574,#3575));
#3573 = ORIENTED_EDGE('',*,*,#3283,.F.);
#3574 = ORIENTED_EDGE('',*,*,#3363,.T.);
#3575 = ORIENTED_EDGE('',*,*,#3576,.T.);
#3576 = EDGE_CURVE('',#3364,#3284,#3577,.T.);
#3577 = LINE('',#3578,#3579);
#3578 = CARTESIAN_POINT('',(14.5,20.25,0.));
#3579 = VECTOR('',#3580,1.);
#3580 = DIRECTION('',(0.,1.,0.));
#3581 = PLANE('',#3582);
#3582 = AXIS2_PLACEMENT_3D('',#3583,#3584,#3585);
#3583 = CARTESIAN_POINT('',(6.5,20.25,0.));
#3584 = DIRECTION('',(0.,0.,1.));
#3585 = DIRECTION('',(1.,0.,0.));
#3586 = ADVANCED_FACE('',(#3587),#3598,.T.);
#3587 = FACE_BOUND('',#3588,.T.);
#3588 = EDGE_LOOP('',(#3589,#3590,#3591,#3592));
#3589 = ORIENTED_EDGE('',*,*,#3519,.F.);
#3590 = ORIENTED_EDGE('',*,*,#3380,.F.);
#3591 = ORIENTED_EDGE('',*,*,#3576,.T.);
#3592 = ORIENTED_EDGE('',*,*,#3593,.T.);
#3593 = EDGE_CURVE('',#3284,#2919,#3594,.T.);
#3594 = LINE('',#3595,#3596);
#3595 = CARTESIAN_POINT('',(14.5,23.75,0.));
#3596 = VECTOR('',#3597,1.);
#3597 = DIRECTION('',(0.,0.,1.));
#3598 = PLANE('',#3599);
#3599 = AXIS2_PLACEMENT_3D('',#3600,#3601,#3602);
#3600 = CARTESIAN_POINT('',(14.5,20.25,0.));
#3601 = DIRECTION('',(1.,0.,0.));
#3602 = DIRECTION('',(0.,0.,1.));
#3603 = ADVANCED_FACE('',(#3604),#3615,.T.);
#3604 = FACE_BOUND('',#3605,.T.);
#3605 = EDGE_LOOP('',(#3606,#3607,#3613,#3614));
#3606 = ORIENTED_EDGE('',*,*,#3443,.F.);
#3607 = ORIENTED_EDGE('',*,*,#3608,.F.);
#3608 = EDGE_CURVE('',#3293,#2928,#3609,.T.);
#3609 = LINE('',#3610,#3611);
#3610 = CARTESIAN_POINT('',(14.468626966597,24.25,0.));
#3611 = VECTOR('',#3612,1.);
#3612 = DIRECTION('',(0.,0.,1.));
#3613 = ORIENTED_EDGE('',*,*,#3533,.T.);
#3614 = ORIENTED_EDGE('',*,*,#3418,.T.);
#3615 = CYLINDRICAL_SURFACE('',#3616,4.);
#3616 = AXIS2_PLACEMENT_3D('',#3617,#3618,#3619);
#3617 = CARTESIAN_POINT('',(10.5,23.75,0.));
#3618 = DIRECTION('',(0.,0.,1.));
#3619 = DIRECTION('',(1.,0.,0.));
#3620 = ADVANCED_FACE('',(#3621),#3632,.T.);
#3621 = FACE_BOUND('',#3622,.T.);
#3622 = EDGE_LOOP('',(#3623,#3624,#3625,#3626));
#3623 = ORIENTED_EDGE('',*,*,#3551,.F.);
#3624 = ORIENTED_EDGE('',*,*,#3608,.T.);
#3625 = ORIENTED_EDGE('',*,*,#3494,.T.);
#3626 = ORIENTED_EDGE('',*,*,#3627,.F.);
#3627 = EDGE_CURVE('',#3552,#3495,#3628,.T.);
#3628 = LINE('',#3629,#3630);
#3629 = CARTESIAN_POINT('',(14.5,24.25,0.));
#3630 = VECTOR('',#3631,1.);
#3631 = DIRECTION('',(0.,0.,1.));
#3632 = PLANE('',#3633);
#3633 = AXIS2_PLACEMENT_3D('',#3634,#3635,#3636);
#3634 = CARTESIAN_POINT('',(6.5,24.25,0.));
#3635 = DIRECTION('',(0.,1.,0.));
#3636 = DIRECTION('',(0.,0.,1.));
#3637 = ADVANCED_FACE('',(#3638),#3644,.T.);
#3638 = FACE_BOUND('',#3639,.T.);
#3639 = EDGE_LOOP('',(#3640,#3641,#3642,#3643));
#3640 = ORIENTED_EDGE('',*,*,#3503,.F.);
#3641 = ORIENTED_EDGE('',*,*,#3593,.F.);
#3642 = ORIENTED_EDGE('',*,*,#3560,.T.);
#3643 = ORIENTED_EDGE('',*,*,#3627,.T.);
#3644 = PLANE('',#3645);
#3645 = AXIS2_PLACEMENT_3D('',#3646,#3647,#3648);
#3646 = CARTESIAN_POINT('',(14.5,20.25,0.));
#3647 = DIRECTION('',(1.,0.,0.));
#3648 = DIRECTION('',(0.,0.,1.));
#3649 = MANIFOLD_SOLID_BREP('',#3650);
#3650 = CLOSED_SHELL('',(#3651,#3723,#4119,#4144,#4240,#4264,#4288,#4305
    ,#4322,#4371,#4436,#4461,#4486,#4510,#4533,#4582,#4606,#4630,#4672,
    #4697,#4721,#4745,#4763,#4788,#4813,#4845,#4869,#4893,#4918,#4960,
    #4984,#5008,#5043,#5068,#5100,#5124,#5148,#5173,#5198,#5222,#5246,
    #5264,#5296,#5320,#5345,#5369,#5394,#5418,#5443,#5460,#5472,#5512,
    #5536,#5696,#5720,#5753,#5777,#5817,#5852,#5876,#5900,#5924,#5948,
    #5988,#6028,#6045,#6070,#6103,#6119,#6214,#6238,#6275,#6292,#6316,
    #6381,#6398,#6423,#6454,#6470,#6487,#6498,#6529,#6545,#6561,#6573,
    #6604,#6620,#6636,#6648,#6679,#6695,#6711,#6723,#6739,#6756,#6925,
    #6949,#6981,#7023,#7054,#7071,#7142,#7158,#7189,#7214,#7248,#7279,
    #7295,#7312,#7323,#7354,#7370,#7386,#7398,#7429,#7445,#7461,#7473,
    #7504,#7520,#7536,#7548,#7621,#7632,#7648,#7670,#7681,#7705,#7732,
    #7755,#7771,#7787,#7804,#7822,#7845,#7862,#7879));
#3651 = ADVANCED_FACE('',(#3652),#3718,.F.);
#3652 = FACE_BOUND('',#3653,.F.);
#3653 = EDGE_LOOP('',(#3654,#3664,#3672,#3680,#3688,#3696,#3704,#3712));
#3654 = ORIENTED_EDGE('',*,*,#3655,.F.);
#3655 = EDGE_CURVE('',#3656,#3658,#3660,.T.);
#3656 = VERTEX_POINT('',#3657);
#3657 = CARTESIAN_POINT('',(-10.5,-20.25,9.4));
#3658 = VERTEX_POINT('',#3659);
#3659 = CARTESIAN_POINT('',(-10.5,20.25,9.4));
#3660 = LINE('',#3661,#3662);
#3661 = CARTESIAN_POINT('',(-10.5,-22.25,9.4));
#3662 = VECTOR('',#3663,1.);
#3663 = DIRECTION('',(0.,1.,0.));
#3664 = ORIENTED_EDGE('',*,*,#3665,.F.);
#3665 = EDGE_CURVE('',#3666,#3656,#3668,.T.);
#3666 = VERTEX_POINT('',#3667);
#3667 = CARTESIAN_POINT('',(-10.5,-20.25,4.7));
#3668 = LINE('',#3669,#3670);
#3669 = CARTESIAN_POINT('',(-10.5,-20.25,4.7));
#3670 = VECTOR('',#3671,1.);
#3671 = DIRECTION('',(0.,0.,1.));
#3672 = ORIENTED_EDGE('',*,*,#3673,.T.);
#3673 = EDGE_CURVE('',#3666,#3674,#3676,.T.);
#3674 = VERTEX_POINT('',#3675);
#3675 = CARTESIAN_POINT('',(-10.5,-0.75,4.7));
#3676 = LINE('',#3677,#3678);
#3677 = CARTESIAN_POINT('',(-10.5,-22.25,4.7));
#3678 = VECTOR('',#3679,1.);
#3679 = DIRECTION('',(0.,1.,0.));
#3680 = ORIENTED_EDGE('',*,*,#3681,.T.);
#3681 = EDGE_CURVE('',#3674,#3682,#3684,.T.);
#3682 = VERTEX_POINT('',#3683);
#3683 = CARTESIAN_POINT('',(-10.5,-0.75,5.5));
#3684 = LINE('',#3685,#3686);
#3685 = CARTESIAN_POINT('',(-10.5,-0.75,4.7));
#3686 = VECTOR('',#3687,1.);
#3687 = DIRECTION('',(0.,0.,1.));
#3688 = ORIENTED_EDGE('',*,*,#3689,.F.);
#3689 = EDGE_CURVE('',#3690,#3682,#3692,.T.);
#3690 = VERTEX_POINT('',#3691);
#3691 = CARTESIAN_POINT('',(-10.5,3.25,5.5));
#3692 = LINE('',#3693,#3694);
#3693 = CARTESIAN_POINT('',(-10.5,-11.5,5.5));
#3694 = VECTOR('',#3695,1.);
#3695 = DIRECTION('',(0.,-1.,0.));
#3696 = ORIENTED_EDGE('',*,*,#3697,.F.);
#3697 = EDGE_CURVE('',#3698,#3690,#3700,.T.);
#3698 = VERTEX_POINT('',#3699);
#3699 = CARTESIAN_POINT('',(-10.5,3.25,4.7));
#3700 = LINE('',#3701,#3702);
#3701 = CARTESIAN_POINT('',(-10.5,3.25,4.7));
#3702 = VECTOR('',#3703,1.);
#3703 = DIRECTION('',(0.,0.,1.));
#3704 = ORIENTED_EDGE('',*,*,#3705,.T.);
#3705 = EDGE_CURVE('',#3698,#3706,#3708,.T.);
#3706 = VERTEX_POINT('',#3707);
#3707 = CARTESIAN_POINT('',(-10.5,20.25,4.7));
#3708 = LINE('',#3709,#3710);
#3709 = CARTESIAN_POINT('',(-10.5,-22.25,4.7));
#3710 = VECTOR('',#3711,1.);
#3711 = DIRECTION('',(0.,1.,0.));
#3712 = ORIENTED_EDGE('',*,*,#3713,.T.);
#3713 = EDGE_CURVE('',#3706,#3658,#3714,.T.);
#3714 = LINE('',#3715,#3716);
#3715 = CARTESIAN_POINT('',(-10.5,20.25,4.7));
#3716 = VECTOR('',#3717,1.);
#3717 = DIRECTION('',(0.,0.,1.));
#3718 = PLANE('',#3719);
#3719 = AXIS2_PLACEMENT_3D('',#3720,#3721,#3722);
#3720 = CARTESIAN_POINT('',(-10.5,-22.25,4.7));
#3721 = DIRECTION('',(1.,0.,0.));
#3722 = DIRECTION('',(0.,0.,1.));
#3723 = ADVANCED_FACE('',(#3724,#3801,#3871,#3882,#3893,#3963,#3974,
    #4044),#4114,.T.);
#3724 = FACE_BOUND('',#3725,.T.);
#3725 = EDGE_LOOP('',(#3726,#3727,#3736,#3744,#3753,#3761,#3770,#3778,
    #3786,#3794));
#3726 = ORIENTED_EDGE('',*,*,#3655,.F.);
#3727 = ORIENTED_EDGE('',*,*,#3728,.T.);
#3728 = EDGE_CURVE('',#3656,#3729,#3731,.T.);
#3729 = VERTEX_POINT('',#3730);
#3730 = CARTESIAN_POINT('',(-8.5,-22.25,9.4));
#3731 = CIRCLE('',#3732,2.);
#3732 = AXIS2_PLACEMENT_3D('',#3733,#3734,#3735);
#3733 = CARTESIAN_POINT('',(-8.5,-20.25,9.4));
#3734 = DIRECTION('',(-0.,0.,1.));
#3735 = DIRECTION('',(0.,-1.,0.));
#3736 = ORIENTED_EDGE('',*,*,#3737,.T.);
#3737 = EDGE_CURVE('',#3729,#3738,#3740,.T.);
#3738 = VERTEX_POINT('',#3739);
#3739 = CARTESIAN_POINT('',(8.5,-22.25,9.4));
#3740 = LINE('',#3741,#3742);
#3741 = CARTESIAN_POINT('',(-10.5,-22.25,9.4));
#3742 = VECTOR('',#3743,1.);
#3743 = DIRECTION('',(1.,0.,0.));
#3744 = ORIENTED_EDGE('',*,*,#3745,.F.);
#3745 = EDGE_CURVE('',#3746,#3738,#3748,.T.);
#3746 = VERTEX_POINT('',#3747);
#3747 = CARTESIAN_POINT('',(10.5,-20.25,9.4));
#3748 = CIRCLE('',#3749,2.);
#3749 = AXIS2_PLACEMENT_3D('',#3750,#3751,#3752);
#3750 = CARTESIAN_POINT('',(8.5,-20.25,9.4));
#3751 = DIRECTION('',(-0.,-0.,-1.));
#3752 = DIRECTION('',(0.,-1.,0.));
#3753 = ORIENTED_EDGE('',*,*,#3754,.T.);
#3754 = EDGE_CURVE('',#3746,#3755,#3757,.T.);
#3755 = VERTEX_POINT('',#3756);
#3756 = CARTESIAN_POINT('',(10.5,19.75,9.4));
#3757 = LINE('',#3758,#3759);
#3758 = CARTESIAN_POINT('',(10.5,-22.25,9.4));
#3759 = VECTOR('',#3760,1.);
#3760 = DIRECTION('',(0.,1.,0.));
#3761 = ORIENTED_EDGE('',*,*,#3762,.F.);
#3762 = EDGE_CURVE('',#3763,#3755,#3765,.T.);
#3763 = VERTEX_POINT('',#3764);
#3764 = CARTESIAN_POINT('',(8.563508326896,20.25,9.4));
#3765 = CIRCLE('',#3766,4.);
#3766 = AXIS2_PLACEMENT_3D('',#3767,#3768,#3769);
#3767 = CARTESIAN_POINT('',(10.5,23.75,9.4));
#3768 = DIRECTION('',(0.,0.,1.));
#3769 = DIRECTION('',(1.,0.,0.));
#3770 = ORIENTED_EDGE('',*,*,#3771,.F.);
#3771 = EDGE_CURVE('',#3772,#3763,#3774,.T.);
#3772 = VERTEX_POINT('',#3773);
#3773 = CARTESIAN_POINT('',(6.5,20.25,9.4));
#3774 = LINE('',#3775,#3776);
#3775 = CARTESIAN_POINT('',(6.5,20.25,9.4));
#3776 = VECTOR('',#3777,1.);
#3777 = DIRECTION('',(1.,0.,0.));
#3778 = ORIENTED_EDGE('',*,*,#3779,.T.);
#3779 = EDGE_CURVE('',#3772,#3780,#3782,.T.);
#3780 = VERTEX_POINT('',#3781);
#3781 = CARTESIAN_POINT('',(6.5,22.25,9.4));
#3782 = LINE('',#3783,#3784);
#3783 = CARTESIAN_POINT('',(6.5,20.25,9.4));
#3784 = VECTOR('',#3785,1.);
#3785 = DIRECTION('',(0.,1.,0.));
#3786 = ORIENTED_EDGE('',*,*,#3787,.F.);
#3787 = EDGE_CURVE('',#3788,#3780,#3790,.T.);
#3788 = VERTEX_POINT('',#3789);
#3789 = CARTESIAN_POINT('',(-8.5,22.25,9.4));
#3790 = LINE('',#3791,#3792);
#3791 = CARTESIAN_POINT('',(-10.5,22.25,9.4));
#3792 = VECTOR('',#3793,1.);
#3793 = DIRECTION('',(1.,0.,0.));
#3794 = ORIENTED_EDGE('',*,*,#3795,.F.);
#3795 = EDGE_CURVE('',#3658,#3788,#3796,.T.);
#3796 = CIRCLE('',#3797,2.);
#3797 = AXIS2_PLACEMENT_3D('',#3798,#3799,#3800);
#3798 = CARTESIAN_POINT('',(-8.5,20.25,9.4));
#3799 = DIRECTION('',(-0.,-0.,-1.));
#3800 = DIRECTION('',(0.,-1.,0.));
#3801 = FACE_BOUND('',#3802,.T.);
#3802 = EDGE_LOOP('',(#3803,#3814,#3822,#3831,#3839,#3848,#3856,#3865));
#3803 = ORIENTED_EDGE('',*,*,#3804,.F.);
#3804 = EDGE_CURVE('',#3805,#3807,#3809,.T.);
#3805 = VERTEX_POINT('',#3806);
#3806 = CARTESIAN_POINT('',(-8.92,-17.6,9.4));
#3807 = VERTEX_POINT('',#3808);
#3808 = CARTESIAN_POINT('',(-7.72,-18.8,9.4));
#3809 = CIRCLE('',#3810,1.2);
#3810 = AXIS2_PLACEMENT_3D('',#3811,#3812,#3813);
#3811 = CARTESIAN_POINT('',(-7.72,-17.6,9.4));
#3812 = DIRECTION('',(0.,0.,1.));
#3813 = DIRECTION('',(-1.,0.,0.));
#3814 = ORIENTED_EDGE('',*,*,#3815,.T.);
#3815 = EDGE_CURVE('',#3805,#3816,#3818,.T.);
#3816 = VERTEX_POINT('',#3817);
#3817 = CARTESIAN_POINT('',(-8.92,-2.6,9.4));
#3818 = LINE('',#3819,#3820);
#3819 = CARTESIAN_POINT('',(-8.92,-20.525,9.4));
#3820 = VECTOR('',#3821,1.);
#3821 = DIRECTION('',(0.,1.,0.));
#3822 = ORIENTED_EDGE('',*,*,#3823,.F.);
#3823 = EDGE_CURVE('',#3824,#3816,#3826,.T.);
#3824 = VERTEX_POINT('',#3825);
#3825 = CARTESIAN_POINT('',(-7.72,-1.4,9.4));
#3826 = CIRCLE('',#3827,1.2);
#3827 = AXIS2_PLACEMENT_3D('',#3828,#3829,#3830);
#3828 = CARTESIAN_POINT('',(-7.72,-2.6,9.4));
#3829 = DIRECTION('',(0.,0.,1.));
#3830 = DIRECTION('',(-1.,0.,0.));
#3831 = ORIENTED_EDGE('',*,*,#3832,.F.);
#3832 = EDGE_CURVE('',#3833,#3824,#3835,.T.);
#3833 = VERTEX_POINT('',#3834);
#3834 = CARTESIAN_POINT('',(-7.52,-1.4,9.4));
#3835 = LINE('',#3836,#3837);
#3836 = CARTESIAN_POINT('',(-9.71,-1.4,9.4));
#3837 = VECTOR('',#3838,1.);
#3838 = DIRECTION('',(-1.,0.,0.));
#3839 = ORIENTED_EDGE('',*,*,#3840,.F.);
#3840 = EDGE_CURVE('',#3841,#3833,#3843,.T.);
#3841 = VERTEX_POINT('',#3842);
#3842 = CARTESIAN_POINT('',(-6.32,-2.6,9.4));
#3843 = CIRCLE('',#3844,1.2);
#3844 = AXIS2_PLACEMENT_3D('',#3845,#3846,#3847);
#3845 = CARTESIAN_POINT('',(-7.52,-2.6,9.4));
#3846 = DIRECTION('',(0.,0.,1.));
#3847 = DIRECTION('',(1.,0.,0.));
#3848 = ORIENTED_EDGE('',*,*,#3849,.F.);
#3849 = EDGE_CURVE('',#3850,#3841,#3852,.T.);
#3850 = VERTEX_POINT('',#3851);
#3851 = CARTESIAN_POINT('',(-6.32,-17.6,9.4));
#3852 = LINE('',#3853,#3854);
#3853 = CARTESIAN_POINT('',(-6.32,-20.525,9.4));
#3854 = VECTOR('',#3855,1.);
#3855 = DIRECTION('',(0.,1.,0.));
#3856 = ORIENTED_EDGE('',*,*,#3857,.F.);
#3857 = EDGE_CURVE('',#3858,#3850,#3860,.T.);
#3858 = VERTEX_POINT('',#3859);
#3859 = CARTESIAN_POINT('',(-7.52,-18.8,9.4));
#3860 = CIRCLE('',#3861,1.2);
#3861 = AXIS2_PLACEMENT_3D('',#3862,#3863,#3864);
#3862 = CARTESIAN_POINT('',(-7.52,-17.6,9.4));
#3863 = DIRECTION('',(0.,0.,1.));
#3864 = DIRECTION('',(1.,0.,0.));
#3865 = ORIENTED_EDGE('',*,*,#3866,.T.);
#3866 = EDGE_CURVE('',#3858,#3807,#3867,.T.);
#3867 = LINE('',#3868,#3869);
#3868 = CARTESIAN_POINT('',(-9.71,-18.8,9.4));
#3869 = VECTOR('',#3870,1.);
#3870 = DIRECTION('',(-1.,0.,0.));
#3871 = FACE_BOUND('',#3872,.T.);
#3872 = EDGE_LOOP('',(#3873));
#3873 = ORIENTED_EDGE('',*,*,#3874,.F.);
#3874 = EDGE_CURVE('',#3875,#3875,#3877,.T.);
#3875 = VERTEX_POINT('',#3876);
#3876 = CARTESIAN_POINT('',(0.9,-12.1,9.4));
#3877 = CIRCLE('',#3878,0.9);
#3878 = AXIS2_PLACEMENT_3D('',#3879,#3880,#3881);
#3879 = CARTESIAN_POINT('',(0.,-12.1,9.4));
#3880 = DIRECTION('',(0.,0.,1.));
#3881 = DIRECTION('',(1.,0.,0.));
#3882 = FACE_BOUND('',#3883,.T.);
#3883 = EDGE_LOOP('',(#3884));
#3884 = ORIENTED_EDGE('',*,*,#3885,.F.);
#3885 = EDGE_CURVE('',#3886,#3886,#3888,.T.);
#3886 = VERTEX_POINT('',#3887);
#3887 = CARTESIAN_POINT('',(-3.,-5.6,9.4));
#3888 = CIRCLE('',#3889,1.);
#3889 = AXIS2_PLACEMENT_3D('',#3890,#3891,#3892);
#3890 = CARTESIAN_POINT('',(-4.,-5.6,9.4));
#3891 = DIRECTION('',(0.,0.,1.));
#3892 = DIRECTION('',(1.,0.,0.));
#3893 = FACE_BOUND('',#3894,.T.);
#3894 = EDGE_LOOP('',(#3895,#3906,#3914,#3923,#3931,#3940,#3948,#3957));
#3895 = ORIENTED_EDGE('',*,*,#3896,.F.);
#3896 = EDGE_CURVE('',#3897,#3899,#3901,.T.);
#3897 = VERTEX_POINT('',#3898);
#3898 = CARTESIAN_POINT('',(6.32,-17.6,9.4));
#3899 = VERTEX_POINT('',#3900);
#3900 = CARTESIAN_POINT('',(7.52,-18.8,9.4));
#3901 = CIRCLE('',#3902,1.2);
#3902 = AXIS2_PLACEMENT_3D('',#3903,#3904,#3905);
#3903 = CARTESIAN_POINT('',(7.52,-17.6,9.4));
#3904 = DIRECTION('',(0.,0.,1.));
#3905 = DIRECTION('',(-1.,0.,0.));
#3906 = ORIENTED_EDGE('',*,*,#3907,.T.);
#3907 = EDGE_CURVE('',#3897,#3908,#3910,.T.);
#3908 = VERTEX_POINT('',#3909);
#3909 = CARTESIAN_POINT('',(6.32,-2.6,9.4));
#3910 = LINE('',#3911,#3912);
#3911 = CARTESIAN_POINT('',(6.32,-20.525,9.4));
#3912 = VECTOR('',#3913,1.);
#3913 = DIRECTION('',(0.,1.,0.));
#3914 = ORIENTED_EDGE('',*,*,#3915,.F.);
#3915 = EDGE_CURVE('',#3916,#3908,#3918,.T.);
#3916 = VERTEX_POINT('',#3917);
#3917 = CARTESIAN_POINT('',(7.52,-1.4,9.4));
#3918 = CIRCLE('',#3919,1.2);
#3919 = AXIS2_PLACEMENT_3D('',#3920,#3921,#3922);
#3920 = CARTESIAN_POINT('',(7.52,-2.6,9.4));
#3921 = DIRECTION('',(0.,0.,1.));
#3922 = DIRECTION('',(-1.,0.,0.));
#3923 = ORIENTED_EDGE('',*,*,#3924,.F.);
#3924 = EDGE_CURVE('',#3925,#3916,#3927,.T.);
#3925 = VERTEX_POINT('',#3926);
#3926 = CARTESIAN_POINT('',(7.72,-1.4,9.4));
#3927 = LINE('',#3928,#3929);
#3928 = CARTESIAN_POINT('',(-2.09,-1.4,9.4));
#3929 = VECTOR('',#3930,1.);
#3930 = DIRECTION('',(-1.,0.,0.));
#3931 = ORIENTED_EDGE('',*,*,#3932,.F.);
#3932 = EDGE_CURVE('',#3933,#3925,#3935,.T.);
#3933 = VERTEX_POINT('',#3934);
#3934 = CARTESIAN_POINT('',(8.92,-2.6,9.4));
#3935 = CIRCLE('',#3936,1.2);
#3936 = AXIS2_PLACEMENT_3D('',#3937,#3938,#3939);
#3937 = CARTESIAN_POINT('',(7.72,-2.6,9.4));
#3938 = DIRECTION('',(0.,0.,1.));
#3939 = DIRECTION('',(1.,0.,0.));
#3940 = ORIENTED_EDGE('',*,*,#3941,.F.);
#3941 = EDGE_CURVE('',#3942,#3933,#3944,.T.);
#3942 = VERTEX_POINT('',#3943);
#3943 = CARTESIAN_POINT('',(8.92,-17.6,9.4));
#3944 = LINE('',#3945,#3946);
#3945 = CARTESIAN_POINT('',(8.92,-20.525,9.4));
#3946 = VECTOR('',#3947,1.);
#3947 = DIRECTION('',(0.,1.,0.));
#3948 = ORIENTED_EDGE('',*,*,#3949,.F.);
#3949 = EDGE_CURVE('',#3950,#3942,#3952,.T.);
#3950 = VERTEX_POINT('',#3951);
#3951 = CARTESIAN_POINT('',(7.72,-18.8,9.4));
#3952 = CIRCLE('',#3953,1.2);
#3953 = AXIS2_PLACEMENT_3D('',#3954,#3955,#3956);
#3954 = CARTESIAN_POINT('',(7.72,-17.6,9.4));
#3955 = DIRECTION('',(0.,0.,1.));
#3956 = DIRECTION('',(1.,0.,0.));
#3957 = ORIENTED_EDGE('',*,*,#3958,.T.);
#3958 = EDGE_CURVE('',#3950,#3899,#3959,.T.);
#3959 = LINE('',#3960,#3961);
#3960 = CARTESIAN_POINT('',(-2.09,-18.8,9.4));
#3961 = VECTOR('',#3962,1.);
#3962 = DIRECTION('',(-1.,0.,0.));
#3963 = FACE_BOUND('',#3964,.T.);
#3964 = EDGE_LOOP('',(#3965));
#3965 = ORIENTED_EDGE('',*,*,#3966,.F.);
#3966 = EDGE_CURVE('',#3967,#3967,#3969,.T.);
#3967 = VERTEX_POINT('',#3968);
#3968 = CARTESIAN_POINT('',(5.,-5.6,9.4));
#3969 = CIRCLE('',#3970,1.);
#3970 = AXIS2_PLACEMENT_3D('',#3971,#3972,#3973);
#3971 = CARTESIAN_POINT('',(4.,-5.6,9.4));
#3972 = DIRECTION('',(0.,0.,1.));
#3973 = DIRECTION('',(1.,0.,0.));
#3974 = FACE_BOUND('',#3975,.T.);
#3975 = EDGE_LOOP('',(#3976,#3987,#3995,#4004,#4012,#4021,#4029,#4038));
#3976 = ORIENTED_EDGE('',*,*,#3977,.F.);
#3977 = EDGE_CURVE('',#3978,#3980,#3982,.T.);
#3978 = VERTEX_POINT('',#3979);
#3979 = CARTESIAN_POINT('',(-5.,6.25,9.4));
#3980 = VERTEX_POINT('',#3981);
#3981 = CARTESIAN_POINT('',(-4.1,5.35,9.4));
#3982 = CIRCLE('',#3983,0.9);
#3983 = AXIS2_PLACEMENT_3D('',#3984,#3985,#3986);
#3984 = CARTESIAN_POINT('',(-4.1,6.25,9.4));
#3985 = DIRECTION('',(0.,0.,1.));
#3986 = DIRECTION('',(-1.,0.,0.));
#3987 = ORIENTED_EDGE('',*,*,#3988,.T.);
#3988 = EDGE_CURVE('',#3978,#3989,#3991,.T.);
#3989 = VERTEX_POINT('',#3990);
#3990 = CARTESIAN_POINT('',(-5.,16.45,9.4));
#3991 = LINE('',#3992,#3993);
#3992 = CARTESIAN_POINT('',(-5.,-8.45,9.4));
#3993 = VECTOR('',#3994,1.);
#3994 = DIRECTION('',(0.,1.,0.));
#3995 = ORIENTED_EDGE('',*,*,#3996,.F.);
#3996 = EDGE_CURVE('',#3997,#3989,#3999,.T.);
#3997 = VERTEX_POINT('',#3998);
#3998 = CARTESIAN_POINT('',(-4.1,17.35,9.4));
#3999 = CIRCLE('',#4000,0.9);
#4000 = AXIS2_PLACEMENT_3D('',#4001,#4002,#4003);
#4001 = CARTESIAN_POINT('',(-4.1,16.45,9.4));
#4002 = DIRECTION('',(0.,0.,1.));
#4003 = DIRECTION('',(-1.,0.,0.));
#4004 = ORIENTED_EDGE('',*,*,#4005,.F.);
#4005 = EDGE_CURVE('',#4006,#3997,#4008,.T.);
#4006 = VERTEX_POINT('',#4007);
#4007 = CARTESIAN_POINT('',(-3.9,17.35,9.4));
#4008 = LINE('',#4009,#4010);
#4009 = CARTESIAN_POINT('',(-7.75,17.35,9.4));
#4010 = VECTOR('',#4011,1.);
#4011 = DIRECTION('',(-1.,0.,0.));
#4012 = ORIENTED_EDGE('',*,*,#4013,.F.);
#4013 = EDGE_CURVE('',#4014,#4006,#4016,.T.);
#4014 = VERTEX_POINT('',#4015);
#4015 = CARTESIAN_POINT('',(-3.,16.45,9.4));
#4016 = CIRCLE('',#4017,0.9);
#4017 = AXIS2_PLACEMENT_3D('',#4018,#4019,#4020);
#4018 = CARTESIAN_POINT('',(-3.9,16.45,9.4));
#4019 = DIRECTION('',(0.,0.,1.));
#4020 = DIRECTION('',(1.,0.,0.));
#4021 = ORIENTED_EDGE('',*,*,#4022,.F.);
#4022 = EDGE_CURVE('',#4023,#4014,#4025,.T.);
#4023 = VERTEX_POINT('',#4024);
#4024 = CARTESIAN_POINT('',(-3.,6.25,9.4));
#4025 = LINE('',#4026,#4027);
#4026 = CARTESIAN_POINT('',(-3.,-8.45,9.4));
#4027 = VECTOR('',#4028,1.);
#4028 = DIRECTION('',(0.,1.,0.));
#4029 = ORIENTED_EDGE('',*,*,#4030,.F.);
#4030 = EDGE_CURVE('',#4031,#4023,#4033,.T.);
#4031 = VERTEX_POINT('',#4032);
#4032 = CARTESIAN_POINT('',(-3.9,5.35,9.4));
#4033 = CIRCLE('',#4034,0.9);
#4034 = AXIS2_PLACEMENT_3D('',#4035,#4036,#4037);
#4035 = CARTESIAN_POINT('',(-3.9,6.25,9.4));
#4036 = DIRECTION('',(0.,0.,1.));
#4037 = DIRECTION('',(1.,0.,0.));
#4038 = ORIENTED_EDGE('',*,*,#4039,.T.);
#4039 = EDGE_CURVE('',#4031,#3980,#4040,.T.);
#4040 = LINE('',#4041,#4042);
#4041 = CARTESIAN_POINT('',(-7.75,5.35,9.4));
#4042 = VECTOR('',#4043,1.);
#4043 = DIRECTION('',(-1.,0.,0.));
#4044 = FACE_BOUND('',#4045,.T.);
#4045 = EDGE_LOOP('',(#4046,#4057,#4065,#4074,#4082,#4091,#4099,#4108));
#4046 = ORIENTED_EDGE('',*,*,#4047,.F.);
#4047 = EDGE_CURVE('',#4048,#4050,#4052,.T.);
#4048 = VERTEX_POINT('',#4049);
#4049 = CARTESIAN_POINT('',(3.,6.25,9.4));
#4050 = VERTEX_POINT('',#4051);
#4051 = CARTESIAN_POINT('',(3.9,5.35,9.4));
#4052 = CIRCLE('',#4053,0.9);
#4053 = AXIS2_PLACEMENT_3D('',#4054,#4055,#4056);
#4054 = CARTESIAN_POINT('',(3.9,6.25,9.4));
#4055 = DIRECTION('',(0.,0.,1.));
#4056 = DIRECTION('',(-1.,0.,0.));
#4057 = ORIENTED_EDGE('',*,*,#4058,.T.);
#4058 = EDGE_CURVE('',#4048,#4059,#4061,.T.);
#4059 = VERTEX_POINT('',#4060);
#4060 = CARTESIAN_POINT('',(3.,16.45,9.4));
#4061 = LINE('',#4062,#4063);
#4062 = CARTESIAN_POINT('',(3.,-8.45,9.4));
#4063 = VECTOR('',#4064,1.);
#4064 = DIRECTION('',(0.,1.,0.));
#4065 = ORIENTED_EDGE('',*,*,#4066,.F.);
#4066 = EDGE_CURVE('',#4067,#4059,#4069,.T.);
#4067 = VERTEX_POINT('',#4068);
#4068 = CARTESIAN_POINT('',(3.9,17.35,9.4));
#4069 = CIRCLE('',#4070,0.9);
#4070 = AXIS2_PLACEMENT_3D('',#4071,#4072,#4073);
#4071 = CARTESIAN_POINT('',(3.9,16.45,9.4));
#4072 = DIRECTION('',(0.,0.,1.));
#4073 = DIRECTION('',(-1.,0.,0.));
#4074 = ORIENTED_EDGE('',*,*,#4075,.F.);
#4075 = EDGE_CURVE('',#4076,#4067,#4078,.T.);
#4076 = VERTEX_POINT('',#4077);
#4077 = CARTESIAN_POINT('',(4.1,17.35,9.4));
#4078 = LINE('',#4079,#4080);
#4079 = CARTESIAN_POINT('',(-3.75,17.35,9.4));
#4080 = VECTOR('',#4081,1.);
#4081 = DIRECTION('',(-1.,0.,0.));
#4082 = ORIENTED_EDGE('',*,*,#4083,.F.);
#4083 = EDGE_CURVE('',#4084,#4076,#4086,.T.);
#4084 = VERTEX_POINT('',#4085);
#4085 = CARTESIAN_POINT('',(5.,16.45,9.4));
#4086 = CIRCLE('',#4087,0.9);
#4087 = AXIS2_PLACEMENT_3D('',#4088,#4089,#4090);
#4088 = CARTESIAN_POINT('',(4.1,16.45,9.4));
#4089 = DIRECTION('',(0.,0.,1.));
#4090 = DIRECTION('',(1.,0.,0.));
#4091 = ORIENTED_EDGE('',*,*,#4092,.F.);
#4092 = EDGE_CURVE('',#4093,#4084,#4095,.T.);
#4093 = VERTEX_POINT('',#4094);
#4094 = CARTESIAN_POINT('',(5.,6.25,9.4));
#4095 = LINE('',#4096,#4097);
#4096 = CARTESIAN_POINT('',(5.,-8.45,9.4));
#4097 = VECTOR('',#4098,1.);
#4098 = DIRECTION('',(0.,1.,0.));
#4099 = ORIENTED_EDGE('',*,*,#4100,.F.);
#4100 = EDGE_CURVE('',#4101,#4093,#4103,.T.);
#4101 = VERTEX_POINT('',#4102);
#4102 = CARTESIAN_POINT('',(4.1,5.35,9.4));
#4103 = CIRCLE('',#4104,0.9);
#4104 = AXIS2_PLACEMENT_3D('',#4105,#4106,#4107);
#4105 = CARTESIAN_POINT('',(4.1,6.25,9.4));
#4106 = DIRECTION('',(0.,0.,1.));
#4107 = DIRECTION('',(1.,0.,0.));
#4108 = ORIENTED_EDGE('',*,*,#4109,.T.);
#4109 = EDGE_CURVE('',#4101,#4050,#4110,.T.);
#4110 = LINE('',#4111,#4112);
#4111 = CARTESIAN_POINT('',(-3.75,5.35,9.4));
#4112 = VECTOR('',#4113,1.);
#4113 = DIRECTION('',(-1.,0.,0.));
#4114 = PLANE('',#4115);
#4115 = AXIS2_PLACEMENT_3D('',#4116,#4117,#4118);
#4116 = CARTESIAN_POINT('',(-10.5,-22.25,9.4));
#4117 = DIRECTION('',(0.,0.,1.));
#4118 = DIRECTION('',(1.,0.,0.));
#4119 = ADVANCED_FACE('',(#4120),#4139,.T.);
#4120 = FACE_BOUND('',#4121,.F.);
#4121 = EDGE_LOOP('',(#4122,#4131,#4137,#4138));
#4122 = ORIENTED_EDGE('',*,*,#4123,.T.);
#4123 = EDGE_CURVE('',#3706,#4124,#4126,.T.);
#4124 = VERTEX_POINT('',#4125);
#4125 = CARTESIAN_POINT('',(-8.5,22.25,4.7));
#4126 = CIRCLE('',#4127,2.);
#4127 = AXIS2_PLACEMENT_3D('',#4128,#4129,#4130);
#4128 = CARTESIAN_POINT('',(-8.5,20.25,4.7));
#4129 = DIRECTION('',(-0.,-0.,-1.));
#4130 = DIRECTION('',(0.,-1.,0.));
#4131 = ORIENTED_EDGE('',*,*,#4132,.T.);
#4132 = EDGE_CURVE('',#4124,#3788,#4133,.T.);
#4133 = LINE('',#4134,#4135);
#4134 = CARTESIAN_POINT('',(-8.5,22.25,4.7));
#4135 = VECTOR('',#4136,1.);
#4136 = DIRECTION('',(0.,0.,1.));
#4137 = ORIENTED_EDGE('',*,*,#3795,.F.);
#4138 = ORIENTED_EDGE('',*,*,#3713,.F.);
#4139 = CYLINDRICAL_SURFACE('',#4140,2.);
#4140 = AXIS2_PLACEMENT_3D('',#4141,#4142,#4143);
#4141 = CARTESIAN_POINT('',(-8.5,20.25,4.7));
#4142 = DIRECTION('',(0.,0.,1.));
#4143 = DIRECTION('',(-1.,0.,0.));
#4144 = ADVANCED_FACE('',(#4145),#4235,.F.);
#4145 = FACE_BOUND('',#4146,.F.);
#4146 = EDGE_LOOP('',(#4147,#4148,#4157,#4165,#4173,#4181,#4189,#4197,
    #4205,#4211,#4212,#4213,#4221,#4229));
#4147 = ORIENTED_EDGE('',*,*,#3673,.F.);
#4148 = ORIENTED_EDGE('',*,*,#4149,.T.);
#4149 = EDGE_CURVE('',#3666,#4150,#4152,.T.);
#4150 = VERTEX_POINT('',#4151);
#4151 = CARTESIAN_POINT('',(-8.5,-22.25,4.7));
#4152 = CIRCLE('',#4153,2.);
#4153 = AXIS2_PLACEMENT_3D('',#4154,#4155,#4156);
#4154 = CARTESIAN_POINT('',(-8.5,-20.25,4.7));
#4155 = DIRECTION('',(-0.,0.,1.));
#4156 = DIRECTION('',(0.,-1.,0.));
#4157 = ORIENTED_EDGE('',*,*,#4158,.T.);
#4158 = EDGE_CURVE('',#4150,#4159,#4161,.T.);
#4159 = VERTEX_POINT('',#4160);
#4160 = CARTESIAN_POINT('',(-4.9,-22.25,4.7));
#4161 = LINE('',#4162,#4163);
#4162 = CARTESIAN_POINT('',(-10.5,-22.25,4.7));
#4163 = VECTOR('',#4164,1.);
#4164 = DIRECTION('',(1.,0.,0.));
#4165 = ORIENTED_EDGE('',*,*,#4166,.T.);
#4166 = EDGE_CURVE('',#4159,#4167,#4169,.T.);
#4167 = VERTEX_POINT('',#4168);
#4168 = CARTESIAN_POINT('',(-4.9,-20.73,4.7));
#4169 = LINE('',#4170,#4171);
#4170 = CARTESIAN_POINT('',(-4.9,-22.75,4.7));
#4171 = VECTOR('',#4172,1.);
#4172 = DIRECTION('',(0.,1.,0.));
#4173 = ORIENTED_EDGE('',*,*,#4174,.F.);
#4174 = EDGE_CURVE('',#4175,#4167,#4177,.T.);
#4175 = VERTEX_POINT('',#4176);
#4176 = CARTESIAN_POINT('',(-8.98,-20.73,4.7));
#4177 = LINE('',#4178,#4179);
#4178 = CARTESIAN_POINT('',(-8.98,-20.73,4.7));
#4179 = VECTOR('',#4180,1.);
#4180 = DIRECTION('',(1.,0.,0.));
#4181 = ORIENTED_EDGE('',*,*,#4182,.T.);
#4182 = EDGE_CURVE('',#4175,#4183,#4185,.T.);
#4183 = VERTEX_POINT('',#4184);
#4184 = CARTESIAN_POINT('',(-8.98,20.73,4.7));
#4185 = LINE('',#4186,#4187);
#4186 = CARTESIAN_POINT('',(-8.98,-20.73,4.7));
#4187 = VECTOR('',#4188,1.);
#4188 = DIRECTION('',(0.,1.,0.));
#4189 = ORIENTED_EDGE('',*,*,#4190,.T.);
#4190 = EDGE_CURVE('',#4183,#4191,#4193,.T.);
#4191 = VERTEX_POINT('',#4192);
#4192 = CARTESIAN_POINT('',(-7.6,20.73,4.7));
#4193 = LINE('',#4194,#4195);
#4194 = CARTESIAN_POINT('',(-8.98,20.73,4.7));
#4195 = VECTOR('',#4196,1.);
#4196 = DIRECTION('',(1.,0.,0.));
#4197 = ORIENTED_EDGE('',*,*,#4198,.T.);
#4198 = EDGE_CURVE('',#4191,#4199,#4201,.T.);
#4199 = VERTEX_POINT('',#4200);
#4200 = CARTESIAN_POINT('',(-7.6,22.25,4.7));
#4201 = LINE('',#4202,#4203);
#4202 = CARTESIAN_POINT('',(-7.6,-3.125,4.7));
#4203 = VECTOR('',#4204,1.);
#4204 = DIRECTION('',(0.,1.,0.));
#4205 = ORIENTED_EDGE('',*,*,#4206,.F.);
#4206 = EDGE_CURVE('',#4124,#4199,#4207,.T.);
#4207 = LINE('',#4208,#4209);
#4208 = CARTESIAN_POINT('',(-10.5,22.25,4.7));
#4209 = VECTOR('',#4210,1.);
#4210 = DIRECTION('',(1.,0.,0.));
#4211 = ORIENTED_EDGE('',*,*,#4123,.F.);
#4212 = ORIENTED_EDGE('',*,*,#3705,.F.);
#4213 = ORIENTED_EDGE('',*,*,#4214,.T.);
#4214 = EDGE_CURVE('',#3698,#4215,#4217,.T.);
#4215 = VERTEX_POINT('',#4216);
#4216 = CARTESIAN_POINT('',(-9.5,3.25,4.7));
#4217 = LINE('',#4218,#4219);
#4218 = CARTESIAN_POINT('',(-11.,3.25,4.7));
#4219 = VECTOR('',#4220,1.);
#4220 = DIRECTION('',(1.,0.,0.));
#4221 = ORIENTED_EDGE('',*,*,#4222,.F.);
#4222 = EDGE_CURVE('',#4223,#4215,#4225,.T.);
#4223 = VERTEX_POINT('',#4224);
#4224 = CARTESIAN_POINT('',(-9.5,-0.75,4.7));
#4225 = LINE('',#4226,#4227);
#4226 = CARTESIAN_POINT('',(-9.5,-0.75,4.7));
#4227 = VECTOR('',#4228,1.);
#4228 = DIRECTION('',(0.,1.,0.));
#4229 = ORIENTED_EDGE('',*,*,#4230,.F.);
#4230 = EDGE_CURVE('',#3674,#4223,#4231,.T.);
#4231 = LINE('',#4232,#4233);
#4232 = CARTESIAN_POINT('',(-11.,-0.75,4.7));
#4233 = VECTOR('',#4234,1.);
#4234 = DIRECTION('',(1.,0.,0.));
#4235 = PLANE('',#4236);
#4236 = AXIS2_PLACEMENT_3D('',#4237,#4238,#4239);
#4237 = CARTESIAN_POINT('',(-10.5,-22.25,4.7));
#4238 = DIRECTION('',(0.,0.,1.));
#4239 = DIRECTION('',(1.,0.,0.));
#4240 = ADVANCED_FACE('',(#4241),#4259,.F.);
#4241 = FACE_BOUND('',#4242,.F.);
#4242 = EDGE_LOOP('',(#4243,#4244,#4245,#4253));
#4243 = ORIENTED_EDGE('',*,*,#4214,.F.);
#4244 = ORIENTED_EDGE('',*,*,#3697,.T.);
#4245 = ORIENTED_EDGE('',*,*,#4246,.T.);
#4246 = EDGE_CURVE('',#3690,#4247,#4249,.T.);
#4247 = VERTEX_POINT('',#4248);
#4248 = CARTESIAN_POINT('',(-9.5,3.25,5.5));
#4249 = LINE('',#4250,#4251);
#4250 = CARTESIAN_POINT('',(-11.,3.25,5.5));
#4251 = VECTOR('',#4252,1.);
#4252 = DIRECTION('',(1.,0.,0.));
#4253 = ORIENTED_EDGE('',*,*,#4254,.F.);
#4254 = EDGE_CURVE('',#4215,#4247,#4255,.T.);
#4255 = LINE('',#4256,#4257);
#4256 = CARTESIAN_POINT('',(-9.5,3.25,4.7));
#4257 = VECTOR('',#4258,1.);
#4258 = DIRECTION('',(0.,0.,1.));
#4259 = PLANE('',#4260);
#4260 = AXIS2_PLACEMENT_3D('',#4261,#4262,#4263);
#4261 = CARTESIAN_POINT('',(-11.,3.25,4.7));
#4262 = DIRECTION('',(0.,1.,0.));
#4263 = DIRECTION('',(0.,0.,1.));
#4264 = ADVANCED_FACE('',(#4265),#4283,.F.);
#4265 = FACE_BOUND('',#4266,.F.);
#4266 = EDGE_LOOP('',(#4267,#4268,#4269,#4277));
#4267 = ORIENTED_EDGE('',*,*,#4246,.F.);
#4268 = ORIENTED_EDGE('',*,*,#3689,.T.);
#4269 = ORIENTED_EDGE('',*,*,#4270,.T.);
#4270 = EDGE_CURVE('',#3682,#4271,#4273,.T.);
#4271 = VERTEX_POINT('',#4272);
#4272 = CARTESIAN_POINT('',(-9.5,-0.75,5.5));
#4273 = LINE('',#4274,#4275);
#4274 = CARTESIAN_POINT('',(-11.,-0.75,5.5));
#4275 = VECTOR('',#4276,1.);
#4276 = DIRECTION('',(1.,0.,0.));
#4277 = ORIENTED_EDGE('',*,*,#4278,.T.);
#4278 = EDGE_CURVE('',#4271,#4247,#4279,.T.);
#4279 = LINE('',#4280,#4281);
#4280 = CARTESIAN_POINT('',(-9.5,-0.75,5.5));
#4281 = VECTOR('',#4282,1.);
#4282 = DIRECTION('',(0.,1.,0.));
#4283 = PLANE('',#4284);
#4284 = AXIS2_PLACEMENT_3D('',#4285,#4286,#4287);
#4285 = CARTESIAN_POINT('',(-11.,-0.75,5.5));
#4286 = DIRECTION('',(0.,0.,1.));
#4287 = DIRECTION('',(1.,0.,0.));
#4288 = ADVANCED_FACE('',(#4289),#4300,.T.);
#4289 = FACE_BOUND('',#4290,.T.);
#4290 = EDGE_LOOP('',(#4291,#4292,#4293,#4294));
#4291 = ORIENTED_EDGE('',*,*,#4230,.F.);
#4292 = ORIENTED_EDGE('',*,*,#3681,.T.);
#4293 = ORIENTED_EDGE('',*,*,#4270,.T.);
#4294 = ORIENTED_EDGE('',*,*,#4295,.F.);
#4295 = EDGE_CURVE('',#4223,#4271,#4296,.T.);
#4296 = LINE('',#4297,#4298);
#4297 = CARTESIAN_POINT('',(-9.5,-0.75,4.7));
#4298 = VECTOR('',#4299,1.);
#4299 = DIRECTION('',(0.,0.,1.));
#4300 = PLANE('',#4301);
#4301 = AXIS2_PLACEMENT_3D('',#4302,#4303,#4304);
#4302 = CARTESIAN_POINT('',(-11.,-0.75,4.7));
#4303 = DIRECTION('',(0.,1.,0.));
#4304 = DIRECTION('',(0.,0.,1.));
#4305 = ADVANCED_FACE('',(#4306),#4317,.T.);
#4306 = FACE_BOUND('',#4307,.T.);
#4307 = EDGE_LOOP('',(#4308,#4309,#4315,#4316));
#4308 = ORIENTED_EDGE('',*,*,#4149,.T.);
#4309 = ORIENTED_EDGE('',*,*,#4310,.T.);
#4310 = EDGE_CURVE('',#4150,#3729,#4311,.T.);
#4311 = LINE('',#4312,#4313);
#4312 = CARTESIAN_POINT('',(-8.5,-22.25,4.7));
#4313 = VECTOR('',#4314,1.);
#4314 = DIRECTION('',(0.,0.,1.));
#4315 = ORIENTED_EDGE('',*,*,#3728,.F.);
#4316 = ORIENTED_EDGE('',*,*,#3665,.F.);
#4317 = CYLINDRICAL_SURFACE('',#4318,2.);
#4318 = AXIS2_PLACEMENT_3D('',#4319,#4320,#4321);
#4319 = CARTESIAN_POINT('',(-8.5,-20.25,4.7));
#4320 = DIRECTION('',(0.,0.,1.));
#4321 = DIRECTION('',(-1.,0.,0.));
#4322 = ADVANCED_FACE('',(#4323),#4366,.F.);
#4323 = FACE_BOUND('',#4324,.F.);
#4324 = EDGE_LOOP('',(#4325,#4326,#4327,#4328,#4336,#4344,#4352,#4360));
#4325 = ORIENTED_EDGE('',*,*,#4158,.F.);
#4326 = ORIENTED_EDGE('',*,*,#4310,.T.);
#4327 = ORIENTED_EDGE('',*,*,#3737,.T.);
#4328 = ORIENTED_EDGE('',*,*,#4329,.F.);
#4329 = EDGE_CURVE('',#4330,#3738,#4332,.T.);
#4330 = VERTEX_POINT('',#4331);
#4331 = CARTESIAN_POINT('',(8.5,-22.25,4.7));
#4332 = LINE('',#4333,#4334);
#4333 = CARTESIAN_POINT('',(8.5,-22.25,4.7));
#4334 = VECTOR('',#4335,1.);
#4335 = DIRECTION('',(0.,0.,1.));
#4336 = ORIENTED_EDGE('',*,*,#4337,.F.);
#4337 = EDGE_CURVE('',#4338,#4330,#4340,.T.);
#4338 = VERTEX_POINT('',#4339);
#4339 = CARTESIAN_POINT('',(4.9,-22.25,4.7));
#4340 = LINE('',#4341,#4342);
#4341 = CARTESIAN_POINT('',(-10.5,-22.25,4.7));
#4342 = VECTOR('',#4343,1.);
#4343 = DIRECTION('',(1.,0.,0.));
#4344 = ORIENTED_EDGE('',*,*,#4345,.F.);
#4345 = EDGE_CURVE('',#4346,#4338,#4348,.T.);
#4346 = VERTEX_POINT('',#4347);
#4347 = CARTESIAN_POINT('',(4.9,-22.25,7.2));
#4348 = LINE('',#4349,#4350);
#4349 = CARTESIAN_POINT('',(4.9,-22.25,1.85));
#4350 = VECTOR('',#4351,1.);
#4351 = DIRECTION('',(0.,0.,-1.));
#4352 = ORIENTED_EDGE('',*,*,#4353,.F.);
#4353 = EDGE_CURVE('',#4354,#4346,#4356,.T.);
#4354 = VERTEX_POINT('',#4355);
#4355 = CARTESIAN_POINT('',(-4.9,-22.25,7.2));
#4356 = LINE('',#4357,#4358);
#4357 = CARTESIAN_POINT('',(-7.7,-22.25,7.2));
#4358 = VECTOR('',#4359,1.);
#4359 = DIRECTION('',(1.,0.,0.));
#4360 = ORIENTED_EDGE('',*,*,#4361,.T.);
#4361 = EDGE_CURVE('',#4354,#4159,#4362,.T.);
#4362 = LINE('',#4363,#4364);
#4363 = CARTESIAN_POINT('',(-4.9,-22.25,1.85));
#4364 = VECTOR('',#4365,1.);
#4365 = DIRECTION('',(0.,0.,-1.));
#4366 = PLANE('',#4367);
#4367 = AXIS2_PLACEMENT_3D('',#4368,#4369,#4370);
#4368 = CARTESIAN_POINT('',(-10.5,-22.25,4.7));
#4369 = DIRECTION('',(0.,1.,0.));
#4370 = DIRECTION('',(0.,0.,1.));
#4371 = ADVANCED_FACE('',(#4372),#4431,.T.);
#4372 = FACE_BOUND('',#4373,.T.);
#4373 = EDGE_LOOP('',(#4374,#4375,#4376,#4377,#4385,#4393,#4401,#4409,
    #4417,#4425));
#4374 = ORIENTED_EDGE('',*,*,#4206,.F.);
#4375 = ORIENTED_EDGE('',*,*,#4132,.T.);
#4376 = ORIENTED_EDGE('',*,*,#3787,.T.);
#4377 = ORIENTED_EDGE('',*,*,#4378,.T.);
#4378 = EDGE_CURVE('',#3780,#4379,#4381,.T.);
#4379 = VERTEX_POINT('',#4380);
#4380 = CARTESIAN_POINT('',(6.5,22.25,5.6));
#4381 = LINE('',#4382,#4383);
#4382 = CARTESIAN_POINT('',(6.5,22.25,4.7));
#4383 = VECTOR('',#4384,1.);
#4384 = DIRECTION('',(0.,0.,-1.));
#4385 = ORIENTED_EDGE('',*,*,#4386,.F.);
#4386 = EDGE_CURVE('',#4387,#4379,#4389,.T.);
#4387 = VERTEX_POINT('',#4388);
#4388 = CARTESIAN_POINT('',(6.25,22.25,5.6));
#4389 = LINE('',#4390,#4391);
#4390 = CARTESIAN_POINT('',(-9.05,22.25,5.6));
#4391 = VECTOR('',#4392,1.);
#4392 = DIRECTION('',(1.,0.,0.));
#4393 = ORIENTED_EDGE('',*,*,#4394,.F.);
#4394 = EDGE_CURVE('',#4395,#4387,#4397,.T.);
#4395 = VERTEX_POINT('',#4396);
#4396 = CARTESIAN_POINT('',(6.25,22.25,5.9));
#4397 = LINE('',#4398,#4399);
#4398 = CARTESIAN_POINT('',(6.25,22.25,1.85));
#4399 = VECTOR('',#4400,1.);
#4400 = DIRECTION('',(0.,0.,-1.));
#4401 = ORIENTED_EDGE('',*,*,#4402,.F.);
#4402 = EDGE_CURVE('',#4403,#4395,#4405,.T.);
#4403 = VERTEX_POINT('',#4404);
#4404 = CARTESIAN_POINT('',(-6.25,22.25,5.9));
#4405 = LINE('',#4406,#4407);
#4406 = CARTESIAN_POINT('',(-8.375,22.25,5.9));
#4407 = VECTOR('',#4408,1.);
#4408 = DIRECTION('',(1.,0.,0.));
#4409 = ORIENTED_EDGE('',*,*,#4410,.T.);
#4410 = EDGE_CURVE('',#4403,#4411,#4413,.T.);
#4411 = VERTEX_POINT('',#4412);
#4412 = CARTESIAN_POINT('',(-6.25,22.25,5.6));
#4413 = LINE('',#4414,#4415);
#4414 = CARTESIAN_POINT('',(-6.25,22.25,1.85));
#4415 = VECTOR('',#4416,1.);
#4416 = DIRECTION('',(0.,0.,-1.));
#4417 = ORIENTED_EDGE('',*,*,#4418,.F.);
#4418 = EDGE_CURVE('',#4419,#4411,#4421,.T.);
#4419 = VERTEX_POINT('',#4420);
#4420 = CARTESIAN_POINT('',(-7.6,22.25,5.6));
#4421 = LINE('',#4422,#4423);
#4422 = CARTESIAN_POINT('',(-9.05,22.25,5.6));
#4423 = VECTOR('',#4424,1.);
#4424 = DIRECTION('',(1.,0.,0.));
#4425 = ORIENTED_EDGE('',*,*,#4426,.T.);
#4426 = EDGE_CURVE('',#4419,#4199,#4427,.T.);
#4427 = LINE('',#4428,#4429);
#4428 = CARTESIAN_POINT('',(-7.6,22.25,1.85));
#4429 = VECTOR('',#4430,1.);
#4430 = DIRECTION('',(0.,0.,-1.));
#4431 = PLANE('',#4432);
#4432 = AXIS2_PLACEMENT_3D('',#4433,#4434,#4435);
#4433 = CARTESIAN_POINT('',(-10.5,22.25,4.7));
#4434 = DIRECTION('',(0.,1.,0.));
#4435 = DIRECTION('',(0.,0.,1.));
#4436 = ADVANCED_FACE('',(#4437),#4456,.T.);
#4437 = FACE_BOUND('',#4438,.F.);
#4438 = EDGE_LOOP('',(#4439,#4448,#4449,#4450));
#4439 = ORIENTED_EDGE('',*,*,#4440,.T.);
#4440 = EDGE_CURVE('',#4441,#4330,#4443,.T.);
#4441 = VERTEX_POINT('',#4442);
#4442 = CARTESIAN_POINT('',(10.5,-20.25,4.7));
#4443 = CIRCLE('',#4444,2.);
#4444 = AXIS2_PLACEMENT_3D('',#4445,#4446,#4447);
#4445 = CARTESIAN_POINT('',(8.5,-20.25,4.7));
#4446 = DIRECTION('',(-0.,-0.,-1.));
#4447 = DIRECTION('',(0.,-1.,0.));
#4448 = ORIENTED_EDGE('',*,*,#4329,.T.);
#4449 = ORIENTED_EDGE('',*,*,#3745,.F.);
#4450 = ORIENTED_EDGE('',*,*,#4451,.F.);
#4451 = EDGE_CURVE('',#4441,#3746,#4452,.T.);
#4452 = LINE('',#4453,#4454);
#4453 = CARTESIAN_POINT('',(10.5,-20.25,4.7));
#4454 = VECTOR('',#4455,1.);
#4455 = DIRECTION('',(0.,0.,1.));
#4456 = CYLINDRICAL_SURFACE('',#4457,2.);
#4457 = AXIS2_PLACEMENT_3D('',#4458,#4459,#4460);
#4458 = CARTESIAN_POINT('',(8.5,-20.25,4.7));
#4459 = DIRECTION('',(0.,0.,1.));
#4460 = DIRECTION('',(1.,0.,0.));
#4461 = ADVANCED_FACE('',(#4462),#4481,.T.);
#4462 = FACE_BOUND('',#4463,.T.);
#4463 = EDGE_LOOP('',(#4464,#4472,#4473,#4474));
#4464 = ORIENTED_EDGE('',*,*,#4465,.F.);
#4465 = EDGE_CURVE('',#3780,#4466,#4468,.T.);
#4466 = VERTEX_POINT('',#4467);
#4467 = CARTESIAN_POINT('',(6.791900756452,22.25,9.4));
#4468 = LINE('',#4469,#4470);
#4469 = CARTESIAN_POINT('',(-10.5,22.25,9.4));
#4470 = VECTOR('',#4471,1.);
#4471 = DIRECTION('',(1.,0.,0.));
#4472 = ORIENTED_EDGE('',*,*,#3779,.F.);
#4473 = ORIENTED_EDGE('',*,*,#3771,.T.);
#4474 = ORIENTED_EDGE('',*,*,#4475,.F.);
#4475 = EDGE_CURVE('',#4466,#3763,#4476,.T.);
#4476 = CIRCLE('',#4477,4.);
#4477 = AXIS2_PLACEMENT_3D('',#4478,#4479,#4480);
#4478 = CARTESIAN_POINT('',(10.5,23.75,9.4));
#4479 = DIRECTION('',(0.,0.,1.));
#4480 = DIRECTION('',(1.,0.,0.));
#4481 = PLANE('',#4482);
#4482 = AXIS2_PLACEMENT_3D('',#4483,#4484,#4485);
#4483 = CARTESIAN_POINT('',(-10.5,-22.25,9.4));
#4484 = DIRECTION('',(0.,0.,1.));
#4485 = DIRECTION('',(1.,0.,0.));
#4486 = ADVANCED_FACE('',(#4487),#4505,.T.);
#4487 = FACE_BOUND('',#4488,.T.);
#4488 = EDGE_LOOP('',(#4489,#4490,#4491,#4499));
#4489 = ORIENTED_EDGE('',*,*,#3754,.F.);
#4490 = ORIENTED_EDGE('',*,*,#4451,.F.);
#4491 = ORIENTED_EDGE('',*,*,#4492,.T.);
#4492 = EDGE_CURVE('',#4441,#4493,#4495,.T.);
#4493 = VERTEX_POINT('',#4494);
#4494 = CARTESIAN_POINT('',(10.5,19.75,4.7));
#4495 = LINE('',#4496,#4497);
#4496 = CARTESIAN_POINT('',(10.5,-22.25,4.7));
#4497 = VECTOR('',#4498,1.);
#4498 = DIRECTION('',(0.,1.,0.));
#4499 = ORIENTED_EDGE('',*,*,#4500,.T.);
#4500 = EDGE_CURVE('',#4493,#3755,#4501,.T.);
#4501 = LINE('',#4502,#4503);
#4502 = CARTESIAN_POINT('',(10.5,19.75,4.7));
#4503 = VECTOR('',#4504,1.);
#4504 = DIRECTION('',(0.,0.,1.));
#4505 = PLANE('',#4506);
#4506 = AXIS2_PLACEMENT_3D('',#4507,#4508,#4509);
#4507 = CARTESIAN_POINT('',(10.5,-22.25,4.7));
#4508 = DIRECTION('',(1.,0.,0.));
#4509 = DIRECTION('',(0.,0.,1.));
#4510 = ADVANCED_FACE('',(#4511),#4528,.T.);
#4511 = FACE_BOUND('',#4512,.T.);
#4512 = EDGE_LOOP('',(#4513,#4521,#4522));
#4513 = ORIENTED_EDGE('',*,*,#4514,.F.);
#4514 = EDGE_CURVE('',#3763,#4515,#4517,.T.);
#4515 = VERTEX_POINT('',#4516);
#4516 = CARTESIAN_POINT('',(10.5,20.25,9.4));
#4517 = LINE('',#4518,#4519);
#4518 = CARTESIAN_POINT('',(6.5,20.25,9.4));
#4519 = VECTOR('',#4520,1.);
#4520 = DIRECTION('',(1.,0.,0.));
#4521 = ORIENTED_EDGE('',*,*,#3762,.T.);
#4522 = ORIENTED_EDGE('',*,*,#4523,.T.);
#4523 = EDGE_CURVE('',#3755,#4515,#4524,.T.);
#4524 = LINE('',#4525,#4526);
#4525 = CARTESIAN_POINT('',(10.5,-22.25,9.4));
#4526 = VECTOR('',#4527,1.);
#4527 = DIRECTION('',(0.,1.,0.));
#4528 = PLANE('',#4529);
#4529 = AXIS2_PLACEMENT_3D('',#4530,#4531,#4532);
#4530 = CARTESIAN_POINT('',(-10.5,-22.25,9.4));
#4531 = DIRECTION('',(0.,0.,1.));
#4532 = DIRECTION('',(1.,0.,0.));
#4533 = ADVANCED_FACE('',(#4534),#4577,.F.);
#4534 = FACE_BOUND('',#4535,.F.);
#4535 = EDGE_LOOP('',(#4536,#4544,#4553,#4561,#4570,#4576));
#4536 = ORIENTED_EDGE('',*,*,#4537,.F.);
#4537 = EDGE_CURVE('',#4538,#3805,#4540,.T.);
#4538 = VERTEX_POINT('',#4539);
#4539 = CARTESIAN_POINT('',(-8.92,-17.6,3.65));
#4540 = LINE('',#4541,#4542);
#4541 = CARTESIAN_POINT('',(-8.92,-17.6,0.));
#4542 = VECTOR('',#4543,1.);
#4543 = DIRECTION('',(0.,0.,1.));
#4544 = ORIENTED_EDGE('',*,*,#4545,.T.);
#4545 = EDGE_CURVE('',#4538,#4546,#4548,.T.);
#4546 = VERTEX_POINT('',#4547);
#4547 = CARTESIAN_POINT('',(-8.08,-18.7447270417,3.65));
#4548 = CIRCLE('',#4549,1.2);
#4549 = AXIS2_PLACEMENT_3D('',#4550,#4551,#4552);
#4550 = CARTESIAN_POINT('',(-7.72,-17.6,3.65));
#4551 = DIRECTION('',(0.,0.,1.));
#4552 = DIRECTION('',(-1.,0.,0.));
#4553 = ORIENTED_EDGE('',*,*,#4554,.T.);
#4554 = EDGE_CURVE('',#4546,#4555,#4557,.T.);
#4555 = VERTEX_POINT('',#4556);
#4556 = CARTESIAN_POINT('',(-8.08,-18.7447270417,8.2));
#4557 = LINE('',#4558,#4559);
#4558 = CARTESIAN_POINT('',(-8.08,-18.7447270417,0.));
#4559 = VECTOR('',#4560,1.);
#4560 = DIRECTION('',(0.,0.,1.));
#4561 = ORIENTED_EDGE('',*,*,#4562,.T.);
#4562 = EDGE_CURVE('',#4555,#4563,#4565,.T.);
#4563 = VERTEX_POINT('',#4564);
#4564 = CARTESIAN_POINT('',(-7.72,-18.8,8.2));
#4565 = CIRCLE('',#4566,1.2);
#4566 = AXIS2_PLACEMENT_3D('',#4567,#4568,#4569);
#4567 = CARTESIAN_POINT('',(-7.72,-17.6,8.2));
#4568 = DIRECTION('',(0.,0.,1.));
#4569 = DIRECTION('',(-1.,0.,0.));
#4570 = ORIENTED_EDGE('',*,*,#4571,.T.);
#4571 = EDGE_CURVE('',#4563,#3807,#4572,.T.);
#4572 = LINE('',#4573,#4574);
#4573 = CARTESIAN_POINT('',(-7.72,-18.8,0.));
#4574 = VECTOR('',#4575,1.);
#4575 = DIRECTION('',(0.,0.,1.));
#4576 = ORIENTED_EDGE('',*,*,#3804,.F.);
#4577 = CYLINDRICAL_SURFACE('',#4578,1.2);
#4578 = AXIS2_PLACEMENT_3D('',#4579,#4580,#4581);
#4579 = CARTESIAN_POINT('',(-7.72,-17.6,0.));
#4580 = DIRECTION('',(0.,0.,1.));
#4581 = DIRECTION('',(-1.,0.,0.));
#4582 = ADVANCED_FACE('',(#4583),#4601,.T.);
#4583 = FACE_BOUND('',#4584,.T.);
#4584 = EDGE_LOOP('',(#4585,#4586,#4587,#4595));
#4585 = ORIENTED_EDGE('',*,*,#3815,.F.);
#4586 = ORIENTED_EDGE('',*,*,#4537,.F.);
#4587 = ORIENTED_EDGE('',*,*,#4588,.T.);
#4588 = EDGE_CURVE('',#4538,#4589,#4591,.T.);
#4589 = VERTEX_POINT('',#4590);
#4590 = CARTESIAN_POINT('',(-8.92,-2.6,3.65));
#4591 = LINE('',#4592,#4593);
#4592 = CARTESIAN_POINT('',(-8.92,-19.765,3.65));
#4593 = VECTOR('',#4594,1.);
#4594 = DIRECTION('',(0.,1.,0.));
#4595 = ORIENTED_EDGE('',*,*,#4596,.T.);
#4596 = EDGE_CURVE('',#4589,#3816,#4597,.T.);
#4597 = LINE('',#4598,#4599);
#4598 = CARTESIAN_POINT('',(-8.92,-2.6,0.));
#4599 = VECTOR('',#4600,1.);
#4600 = DIRECTION('',(0.,0.,1.));
#4601 = PLANE('',#4602);
#4602 = AXIS2_PLACEMENT_3D('',#4603,#4604,#4605);
#4603 = CARTESIAN_POINT('',(-8.92,-18.8,0.));
#4604 = DIRECTION('',(1.,0.,0.));
#4605 = DIRECTION('',(0.,0.,1.));
#4606 = ADVANCED_FACE('',(#4607),#4625,.T.);
#4607 = FACE_BOUND('',#4608,.T.);
#4608 = EDGE_LOOP('',(#4609,#4617,#4618,#4619));
#4609 = ORIENTED_EDGE('',*,*,#4610,.T.);
#4610 = EDGE_CURVE('',#4611,#4563,#4613,.T.);
#4611 = VERTEX_POINT('',#4612);
#4612 = CARTESIAN_POINT('',(-7.52,-18.8,8.2));
#4613 = LINE('',#4614,#4615);
#4614 = CARTESIAN_POINT('',(-8.5,-18.8,8.2));
#4615 = VECTOR('',#4616,1.);
#4616 = DIRECTION('',(-1.,0.,0.));
#4617 = ORIENTED_EDGE('',*,*,#4571,.T.);
#4618 = ORIENTED_EDGE('',*,*,#3866,.F.);
#4619 = ORIENTED_EDGE('',*,*,#4620,.F.);
#4620 = EDGE_CURVE('',#4611,#3858,#4621,.T.);
#4621 = LINE('',#4622,#4623);
#4622 = CARTESIAN_POINT('',(-7.52,-18.8,0.));
#4623 = VECTOR('',#4624,1.);
#4624 = DIRECTION('',(0.,0.,1.));
#4625 = PLANE('',#4626);
#4626 = AXIS2_PLACEMENT_3D('',#4627,#4628,#4629);
#4627 = CARTESIAN_POINT('',(-8.92,-18.8,0.));
#4628 = DIRECTION('',(0.,1.,0.));
#4629 = DIRECTION('',(0.,0.,1.));
#4630 = ADVANCED_FACE('',(#4631),#4667,.F.);
#4631 = FACE_BOUND('',#4632,.T.);
#4632 = EDGE_LOOP('',(#4633,#4634,#4643,#4651,#4660,#4666));
#4633 = ORIENTED_EDGE('',*,*,#4596,.F.);
#4634 = ORIENTED_EDGE('',*,*,#4635,.F.);
#4635 = EDGE_CURVE('',#4636,#4589,#4638,.T.);
#4636 = VERTEX_POINT('',#4637);
#4637 = CARTESIAN_POINT('',(-8.08,-1.4552729583,3.65));
#4638 = CIRCLE('',#4639,1.2);
#4639 = AXIS2_PLACEMENT_3D('',#4640,#4641,#4642);
#4640 = CARTESIAN_POINT('',(-7.72,-2.6,3.65));
#4641 = DIRECTION('',(0.,0.,1.));
#4642 = DIRECTION('',(-1.,0.,0.));
#4643 = ORIENTED_EDGE('',*,*,#4644,.T.);
#4644 = EDGE_CURVE('',#4636,#4645,#4647,.T.);
#4645 = VERTEX_POINT('',#4646);
#4646 = CARTESIAN_POINT('',(-8.08,-1.4552729583,8.2));
#4647 = LINE('',#4648,#4649);
#4648 = CARTESIAN_POINT('',(-8.08,-1.4552729583,0.));
#4649 = VECTOR('',#4650,1.);
#4650 = DIRECTION('',(0.,0.,1.));
#4651 = ORIENTED_EDGE('',*,*,#4652,.F.);
#4652 = EDGE_CURVE('',#4653,#4645,#4655,.T.);
#4653 = VERTEX_POINT('',#4654);
#4654 = CARTESIAN_POINT('',(-7.72,-1.4,8.2));
#4655 = CIRCLE('',#4656,1.2);
#4656 = AXIS2_PLACEMENT_3D('',#4657,#4658,#4659);
#4657 = CARTESIAN_POINT('',(-7.72,-2.6,8.2));
#4658 = DIRECTION('',(0.,0.,1.));
#4659 = DIRECTION('',(-1.,0.,0.));
#4660 = ORIENTED_EDGE('',*,*,#4661,.T.);
#4661 = EDGE_CURVE('',#4653,#3824,#4662,.T.);
#4662 = LINE('',#4663,#4664);
#4663 = CARTESIAN_POINT('',(-7.72,-1.4,0.));
#4664 = VECTOR('',#4665,1.);
#4665 = DIRECTION('',(0.,0.,1.));
#4666 = ORIENTED_EDGE('',*,*,#3823,.T.);
#4667 = CYLINDRICAL_SURFACE('',#4668,1.2);
#4668 = AXIS2_PLACEMENT_3D('',#4669,#4670,#4671);
#4669 = CARTESIAN_POINT('',(-7.72,-2.6,0.));
#4670 = DIRECTION('',(0.,0.,1.));
#4671 = DIRECTION('',(-1.,0.,0.));
#4672 = ADVANCED_FACE('',(#4673),#4692,.F.);
#4673 = FACE_BOUND('',#4674,.T.);
#4674 = EDGE_LOOP('',(#4675,#4683,#4690,#4691));
#4675 = ORIENTED_EDGE('',*,*,#4676,.F.);
#4676 = EDGE_CURVE('',#4677,#3850,#4679,.T.);
#4677 = VERTEX_POINT('',#4678);
#4678 = CARTESIAN_POINT('',(-6.32,-17.6,8.2));
#4679 = LINE('',#4680,#4681);
#4680 = CARTESIAN_POINT('',(-6.32,-17.6,0.));
#4681 = VECTOR('',#4682,1.);
#4682 = DIRECTION('',(0.,0.,1.));
#4683 = ORIENTED_EDGE('',*,*,#4684,.F.);
#4684 = EDGE_CURVE('',#4611,#4677,#4685,.T.);
#4685 = CIRCLE('',#4686,1.2);
#4686 = AXIS2_PLACEMENT_3D('',#4687,#4688,#4689);
#4687 = CARTESIAN_POINT('',(-7.52,-17.6,8.2));
#4688 = DIRECTION('',(0.,0.,1.));
#4689 = DIRECTION('',(1.,0.,0.));
#4690 = ORIENTED_EDGE('',*,*,#4620,.T.);
#4691 = ORIENTED_EDGE('',*,*,#3857,.T.);
#4692 = CYLINDRICAL_SURFACE('',#4693,1.2);
#4693 = AXIS2_PLACEMENT_3D('',#4694,#4695,#4696);
#4694 = CARTESIAN_POINT('',(-7.52,-17.6,0.));
#4695 = DIRECTION('',(0.,0.,1.));
#4696 = DIRECTION('',(1.,0.,0.));
#4697 = ADVANCED_FACE('',(#4698),#4716,.F.);
#4698 = FACE_BOUND('',#4699,.F.);
#4699 = EDGE_LOOP('',(#4700,#4708,#4709,#4710));
#4700 = ORIENTED_EDGE('',*,*,#4701,.T.);
#4701 = EDGE_CURVE('',#4702,#4653,#4704,.T.);
#4702 = VERTEX_POINT('',#4703);
#4703 = CARTESIAN_POINT('',(-7.52,-1.4,8.2));
#4704 = LINE('',#4705,#4706);
#4705 = CARTESIAN_POINT('',(-8.5,-1.4,8.2));
#4706 = VECTOR('',#4707,1.);
#4707 = DIRECTION('',(-1.,0.,0.));
#4708 = ORIENTED_EDGE('',*,*,#4661,.T.);
#4709 = ORIENTED_EDGE('',*,*,#3832,.F.);
#4710 = ORIENTED_EDGE('',*,*,#4711,.F.);
#4711 = EDGE_CURVE('',#4702,#3833,#4712,.T.);
#4712 = LINE('',#4713,#4714);
#4713 = CARTESIAN_POINT('',(-7.52,-1.4,0.));
#4714 = VECTOR('',#4715,1.);
#4715 = DIRECTION('',(0.,0.,1.));
#4716 = PLANE('',#4717);
#4717 = AXIS2_PLACEMENT_3D('',#4718,#4719,#4720);
#4718 = CARTESIAN_POINT('',(-8.92,-1.4,0.));
#4719 = DIRECTION('',(0.,1.,0.));
#4720 = DIRECTION('',(0.,0.,1.));
#4721 = ADVANCED_FACE('',(#4722),#4740,.F.);
#4722 = FACE_BOUND('',#4723,.F.);
#4723 = EDGE_LOOP('',(#4724,#4725,#4726,#4734));
#4724 = ORIENTED_EDGE('',*,*,#3849,.F.);
#4725 = ORIENTED_EDGE('',*,*,#4676,.F.);
#4726 = ORIENTED_EDGE('',*,*,#4727,.T.);
#4727 = EDGE_CURVE('',#4677,#4728,#4730,.T.);
#4728 = VERTEX_POINT('',#4729);
#4729 = CARTESIAN_POINT('',(-6.32,-2.6,8.2));
#4730 = LINE('',#4731,#4732);
#4731 = CARTESIAN_POINT('',(-6.32,-19.315,8.2));
#4732 = VECTOR('',#4733,1.);
#4733 = DIRECTION('',(0.,1.,0.));
#4734 = ORIENTED_EDGE('',*,*,#4735,.T.);
#4735 = EDGE_CURVE('',#4728,#3841,#4736,.T.);
#4736 = LINE('',#4737,#4738);
#4737 = CARTESIAN_POINT('',(-6.32,-2.6,0.));
#4738 = VECTOR('',#4739,1.);
#4739 = DIRECTION('',(0.,0.,1.));
#4740 = PLANE('',#4741);
#4741 = AXIS2_PLACEMENT_3D('',#4742,#4743,#4744);
#4742 = CARTESIAN_POINT('',(-6.32,-18.8,0.));
#4743 = DIRECTION('',(1.,0.,0.));
#4744 = DIRECTION('',(0.,0.,1.));
#4745 = ADVANCED_FACE('',(#4746),#4758,.F.);
#4746 = FACE_BOUND('',#4747,.F.);
#4747 = EDGE_LOOP('',(#4748,#4749,#4756,#4757));
#4748 = ORIENTED_EDGE('',*,*,#4735,.F.);
#4749 = ORIENTED_EDGE('',*,*,#4750,.T.);
#4750 = EDGE_CURVE('',#4728,#4702,#4751,.T.);
#4751 = CIRCLE('',#4752,1.2);
#4752 = AXIS2_PLACEMENT_3D('',#4753,#4754,#4755);
#4753 = CARTESIAN_POINT('',(-7.52,-2.6,8.2));
#4754 = DIRECTION('',(0.,0.,1.));
#4755 = DIRECTION('',(1.,0.,0.));
#4756 = ORIENTED_EDGE('',*,*,#4711,.T.);
#4757 = ORIENTED_EDGE('',*,*,#3840,.F.);
#4758 = CYLINDRICAL_SURFACE('',#4759,1.2);
#4759 = AXIS2_PLACEMENT_3D('',#4760,#4761,#4762);
#4760 = CARTESIAN_POINT('',(-7.52,-2.6,0.));
#4761 = DIRECTION('',(0.,0.,1.));
#4762 = DIRECTION('',(1.,0.,0.));
#4763 = ADVANCED_FACE('',(#4764),#4783,.F.);
#4764 = FACE_BOUND('',#4765,.F.);
#4765 = EDGE_LOOP('',(#4766,#4767,#4775,#4782));
#4766 = ORIENTED_EDGE('',*,*,#3874,.F.);
#4767 = ORIENTED_EDGE('',*,*,#4768,.F.);
#4768 = EDGE_CURVE('',#4769,#3875,#4771,.T.);
#4769 = VERTEX_POINT('',#4770);
#4770 = CARTESIAN_POINT('',(0.9,-12.1,8.2));
#4771 = LINE('',#4772,#4773);
#4772 = CARTESIAN_POINT('',(0.9,-12.1,0.));
#4773 = VECTOR('',#4774,1.);
#4774 = DIRECTION('',(0.,0.,1.));
#4775 = ORIENTED_EDGE('',*,*,#4776,.T.);
#4776 = EDGE_CURVE('',#4769,#4769,#4777,.T.);
#4777 = CIRCLE('',#4778,0.9);
#4778 = AXIS2_PLACEMENT_3D('',#4779,#4780,#4781);
#4779 = CARTESIAN_POINT('',(0.,-12.1,8.2));
#4780 = DIRECTION('',(0.,0.,1.));
#4781 = DIRECTION('',(1.,0.,0.));
#4782 = ORIENTED_EDGE('',*,*,#4768,.T.);
#4783 = CYLINDRICAL_SURFACE('',#4784,0.9);
#4784 = AXIS2_PLACEMENT_3D('',#4785,#4786,#4787);
#4785 = CARTESIAN_POINT('',(0.,-12.1,0.));
#4786 = DIRECTION('',(0.,0.,1.));
#4787 = DIRECTION('',(1.,0.,0.));
#4788 = ADVANCED_FACE('',(#4789),#4808,.F.);
#4789 = FACE_BOUND('',#4790,.F.);
#4790 = EDGE_LOOP('',(#4791,#4792,#4800,#4807));
#4791 = ORIENTED_EDGE('',*,*,#3885,.F.);
#4792 = ORIENTED_EDGE('',*,*,#4793,.F.);
#4793 = EDGE_CURVE('',#4794,#3886,#4796,.T.);
#4794 = VERTEX_POINT('',#4795);
#4795 = CARTESIAN_POINT('',(-3.,-5.6,8.2));
#4796 = LINE('',#4797,#4798);
#4797 = CARTESIAN_POINT('',(-3.,-5.6,0.));
#4798 = VECTOR('',#4799,1.);
#4799 = DIRECTION('',(0.,0.,1.));
#4800 = ORIENTED_EDGE('',*,*,#4801,.T.);
#4801 = EDGE_CURVE('',#4794,#4794,#4802,.T.);
#4802 = CIRCLE('',#4803,1.);
#4803 = AXIS2_PLACEMENT_3D('',#4804,#4805,#4806);
#4804 = CARTESIAN_POINT('',(-4.,-5.6,8.2));
#4805 = DIRECTION('',(0.,0.,1.));
#4806 = DIRECTION('',(1.,0.,0.));
#4807 = ORIENTED_EDGE('',*,*,#4793,.T.);
#4808 = CYLINDRICAL_SURFACE('',#4809,1.);
#4809 = AXIS2_PLACEMENT_3D('',#4810,#4811,#4812);
#4810 = CARTESIAN_POINT('',(-4.,-5.6,0.));
#4811 = DIRECTION('',(0.,0.,1.));
#4812 = DIRECTION('',(1.,0.,0.));
#4813 = ADVANCED_FACE('',(#4814),#4840,.F.);
#4814 = FACE_BOUND('',#4815,.F.);
#4815 = EDGE_LOOP('',(#4816,#4824,#4833,#4839));
#4816 = ORIENTED_EDGE('',*,*,#4817,.F.);
#4817 = EDGE_CURVE('',#4818,#3897,#4820,.T.);
#4818 = VERTEX_POINT('',#4819);
#4819 = CARTESIAN_POINT('',(6.32,-17.6,8.2));
#4820 = LINE('',#4821,#4822);
#4821 = CARTESIAN_POINT('',(6.32,-17.6,0.));
#4822 = VECTOR('',#4823,1.);
#4823 = DIRECTION('',(0.,0.,1.));
#4824 = ORIENTED_EDGE('',*,*,#4825,.T.);
#4825 = EDGE_CURVE('',#4818,#4826,#4828,.T.);
#4826 = VERTEX_POINT('',#4827);
#4827 = CARTESIAN_POINT('',(7.52,-18.8,8.2));
#4828 = CIRCLE('',#4829,1.2);
#4829 = AXIS2_PLACEMENT_3D('',#4830,#4831,#4832);
#4830 = CARTESIAN_POINT('',(7.52,-17.6,8.2));
#4831 = DIRECTION('',(0.,0.,1.));
#4832 = DIRECTION('',(-1.,0.,0.));
#4833 = ORIENTED_EDGE('',*,*,#4834,.T.);
#4834 = EDGE_CURVE('',#4826,#3899,#4835,.T.);
#4835 = LINE('',#4836,#4837);
#4836 = CARTESIAN_POINT('',(7.52,-18.8,0.));
#4837 = VECTOR('',#4838,1.);
#4838 = DIRECTION('',(0.,0.,1.));
#4839 = ORIENTED_EDGE('',*,*,#3896,.F.);
#4840 = CYLINDRICAL_SURFACE('',#4841,1.2);
#4841 = AXIS2_PLACEMENT_3D('',#4842,#4843,#4844);
#4842 = CARTESIAN_POINT('',(7.52,-17.6,0.));
#4843 = DIRECTION('',(0.,0.,1.));
#4844 = DIRECTION('',(-1.,0.,0.));
#4845 = ADVANCED_FACE('',(#4846),#4864,.T.);
#4846 = FACE_BOUND('',#4847,.T.);
#4847 = EDGE_LOOP('',(#4848,#4849,#4850,#4858));
#4848 = ORIENTED_EDGE('',*,*,#3907,.F.);
#4849 = ORIENTED_EDGE('',*,*,#4817,.F.);
#4850 = ORIENTED_EDGE('',*,*,#4851,.T.);
#4851 = EDGE_CURVE('',#4818,#4852,#4854,.T.);
#4852 = VERTEX_POINT('',#4853);
#4853 = CARTESIAN_POINT('',(6.32,-2.6,8.2));
#4854 = LINE('',#4855,#4856);
#4855 = CARTESIAN_POINT('',(6.32,-19.315,8.2));
#4856 = VECTOR('',#4857,1.);
#4857 = DIRECTION('',(0.,1.,0.));
#4858 = ORIENTED_EDGE('',*,*,#4859,.T.);
#4859 = EDGE_CURVE('',#4852,#3908,#4860,.T.);
#4860 = LINE('',#4861,#4862);
#4861 = CARTESIAN_POINT('',(6.32,-2.6,0.));
#4862 = VECTOR('',#4863,1.);
#4863 = DIRECTION('',(0.,0.,1.));
#4864 = PLANE('',#4865);
#4865 = AXIS2_PLACEMENT_3D('',#4866,#4867,#4868);
#4866 = CARTESIAN_POINT('',(6.32,-18.8,0.));
#4867 = DIRECTION('',(1.,0.,0.));
#4868 = DIRECTION('',(0.,0.,1.));
#4869 = ADVANCED_FACE('',(#4870),#4888,.T.);
#4870 = FACE_BOUND('',#4871,.T.);
#4871 = EDGE_LOOP('',(#4872,#4880,#4881,#4882));
#4872 = ORIENTED_EDGE('',*,*,#4873,.T.);
#4873 = EDGE_CURVE('',#4874,#4826,#4876,.T.);
#4874 = VERTEX_POINT('',#4875);
#4875 = CARTESIAN_POINT('',(7.72,-18.8,8.2));
#4876 = LINE('',#4877,#4878);
#4877 = CARTESIAN_POINT('',(-0.88,-18.8,8.2));
#4878 = VECTOR('',#4879,1.);
#4879 = DIRECTION('',(-1.,0.,0.));
#4880 = ORIENTED_EDGE('',*,*,#4834,.T.);
#4881 = ORIENTED_EDGE('',*,*,#3958,.F.);
#4882 = ORIENTED_EDGE('',*,*,#4883,.F.);
#4883 = EDGE_CURVE('',#4874,#3950,#4884,.T.);
#4884 = LINE('',#4885,#4886);
#4885 = CARTESIAN_POINT('',(7.72,-18.8,0.));
#4886 = VECTOR('',#4887,1.);
#4887 = DIRECTION('',(0.,0.,1.));
#4888 = PLANE('',#4889);
#4889 = AXIS2_PLACEMENT_3D('',#4890,#4891,#4892);
#4890 = CARTESIAN_POINT('',(6.32,-18.8,0.));
#4891 = DIRECTION('',(0.,1.,0.));
#4892 = DIRECTION('',(0.,0.,1.));
#4893 = ADVANCED_FACE('',(#4894),#4913,.F.);
#4894 = FACE_BOUND('',#4895,.T.);
#4895 = EDGE_LOOP('',(#4896,#4897,#4906,#4912));
#4896 = ORIENTED_EDGE('',*,*,#4859,.F.);
#4897 = ORIENTED_EDGE('',*,*,#4898,.F.);
#4898 = EDGE_CURVE('',#4899,#4852,#4901,.T.);
#4899 = VERTEX_POINT('',#4900);
#4900 = CARTESIAN_POINT('',(7.52,-1.4,8.2));
#4901 = CIRCLE('',#4902,1.2);
#4902 = AXIS2_PLACEMENT_3D('',#4903,#4904,#4905);
#4903 = CARTESIAN_POINT('',(7.52,-2.6,8.2));
#4904 = DIRECTION('',(0.,0.,1.));
#4905 = DIRECTION('',(-1.,0.,0.));
#4906 = ORIENTED_EDGE('',*,*,#4907,.T.);
#4907 = EDGE_CURVE('',#4899,#3916,#4908,.T.);
#4908 = LINE('',#4909,#4910);
#4909 = CARTESIAN_POINT('',(7.52,-1.4,0.));
#4910 = VECTOR('',#4911,1.);
#4911 = DIRECTION('',(0.,0.,1.));
#4912 = ORIENTED_EDGE('',*,*,#3915,.T.);
#4913 = CYLINDRICAL_SURFACE('',#4914,1.2);
#4914 = AXIS2_PLACEMENT_3D('',#4915,#4916,#4917);
#4915 = CARTESIAN_POINT('',(7.52,-2.6,0.));
#4916 = DIRECTION('',(0.,0.,1.));
#4917 = DIRECTION('',(-1.,0.,0.));
#4918 = ADVANCED_FACE('',(#4919),#4955,.F.);
#4919 = FACE_BOUND('',#4920,.T.);
#4920 = EDGE_LOOP('',(#4921,#4929,#4938,#4946,#4953,#4954));
#4921 = ORIENTED_EDGE('',*,*,#4922,.F.);
#4922 = EDGE_CURVE('',#4923,#3942,#4925,.T.);
#4923 = VERTEX_POINT('',#4924);
#4924 = CARTESIAN_POINT('',(8.92,-17.6,3.65));
#4925 = LINE('',#4926,#4927);
#4926 = CARTESIAN_POINT('',(8.92,-17.6,0.));
#4927 = VECTOR('',#4928,1.);
#4928 = DIRECTION('',(0.,0.,1.));
#4929 = ORIENTED_EDGE('',*,*,#4930,.F.);
#4930 = EDGE_CURVE('',#4931,#4923,#4933,.T.);
#4931 = VERTEX_POINT('',#4932);
#4932 = CARTESIAN_POINT('',(8.08,-18.7447270417,3.65));
#4933 = CIRCLE('',#4934,1.2);
#4934 = AXIS2_PLACEMENT_3D('',#4935,#4936,#4937);
#4935 = CARTESIAN_POINT('',(7.72,-17.6,3.65));
#4936 = DIRECTION('',(0.,0.,1.));
#4937 = DIRECTION('',(1.,0.,0.));
#4938 = ORIENTED_EDGE('',*,*,#4939,.T.);
#4939 = EDGE_CURVE('',#4931,#4940,#4942,.T.);
#4940 = VERTEX_POINT('',#4941);
#4941 = CARTESIAN_POINT('',(8.08,-18.7447270417,8.2));
#4942 = LINE('',#4943,#4944);
#4943 = CARTESIAN_POINT('',(8.08,-18.7447270417,0.));
#4944 = VECTOR('',#4945,1.);
#4945 = DIRECTION('',(0.,0.,1.));
#4946 = ORIENTED_EDGE('',*,*,#4947,.F.);
#4947 = EDGE_CURVE('',#4874,#4940,#4948,.T.);
#4948 = CIRCLE('',#4949,1.2);
#4949 = AXIS2_PLACEMENT_3D('',#4950,#4951,#4952);
#4950 = CARTESIAN_POINT('',(7.72,-17.6,8.2));
#4951 = DIRECTION('',(0.,0.,1.));
#4952 = DIRECTION('',(1.,0.,0.));
#4953 = ORIENTED_EDGE('',*,*,#4883,.T.);
#4954 = ORIENTED_EDGE('',*,*,#3949,.T.);
#4955 = CYLINDRICAL_SURFACE('',#4956,1.2);
#4956 = AXIS2_PLACEMENT_3D('',#4957,#4958,#4959);
#4957 = CARTESIAN_POINT('',(7.72,-17.6,0.));
#4958 = DIRECTION('',(0.,0.,1.));
#4959 = DIRECTION('',(1.,0.,0.));
#4960 = ADVANCED_FACE('',(#4961),#4979,.F.);
#4961 = FACE_BOUND('',#4962,.F.);
#4962 = EDGE_LOOP('',(#4963,#4971,#4972,#4973));
#4963 = ORIENTED_EDGE('',*,*,#4964,.T.);
#4964 = EDGE_CURVE('',#4965,#4899,#4967,.T.);
#4965 = VERTEX_POINT('',#4966);
#4966 = CARTESIAN_POINT('',(7.72,-1.4,8.2));
#4967 = LINE('',#4968,#4969);
#4968 = CARTESIAN_POINT('',(-0.88,-1.4,8.2));
#4969 = VECTOR('',#4970,1.);
#4970 = DIRECTION('',(-1.,0.,0.));
#4971 = ORIENTED_EDGE('',*,*,#4907,.T.);
#4972 = ORIENTED_EDGE('',*,*,#3924,.F.);
#4973 = ORIENTED_EDGE('',*,*,#4974,.F.);
#4974 = EDGE_CURVE('',#4965,#3925,#4975,.T.);
#4975 = LINE('',#4976,#4977);
#4976 = CARTESIAN_POINT('',(7.72,-1.4,0.));
#4977 = VECTOR('',#4978,1.);
#4978 = DIRECTION('',(0.,0.,1.));
#4979 = PLANE('',#4980);
#4980 = AXIS2_PLACEMENT_3D('',#4981,#4982,#4983);
#4981 = CARTESIAN_POINT('',(6.32,-1.4,0.));
#4982 = DIRECTION('',(0.,1.,0.));
#4983 = DIRECTION('',(0.,0.,1.));
#4984 = ADVANCED_FACE('',(#4985),#5003,.F.);
#4985 = FACE_BOUND('',#4986,.F.);
#4986 = EDGE_LOOP('',(#4987,#4988,#4989,#4997));
#4987 = ORIENTED_EDGE('',*,*,#3941,.F.);
#4988 = ORIENTED_EDGE('',*,*,#4922,.F.);
#4989 = ORIENTED_EDGE('',*,*,#4990,.T.);
#4990 = EDGE_CURVE('',#4923,#4991,#4993,.T.);
#4991 = VERTEX_POINT('',#4992);
#4992 = CARTESIAN_POINT('',(8.92,-2.6,3.65));
#4993 = LINE('',#4994,#4995);
#4994 = CARTESIAN_POINT('',(8.92,-19.765,3.65));
#4995 = VECTOR('',#4996,1.);
#4996 = DIRECTION('',(0.,1.,0.));
#4997 = ORIENTED_EDGE('',*,*,#4998,.T.);
#4998 = EDGE_CURVE('',#4991,#3933,#4999,.T.);
#4999 = LINE('',#5000,#5001);
#5000 = CARTESIAN_POINT('',(8.92,-2.6,0.));
#5001 = VECTOR('',#5002,1.);
#5002 = DIRECTION('',(0.,0.,1.));
#5003 = PLANE('',#5004);
#5004 = AXIS2_PLACEMENT_3D('',#5005,#5006,#5007);
#5005 = CARTESIAN_POINT('',(8.92,-18.8,0.));
#5006 = DIRECTION('',(1.,0.,0.));
#5007 = DIRECTION('',(0.,0.,1.));
#5008 = ADVANCED_FACE('',(#5009),#5038,.F.);
#5009 = FACE_BOUND('',#5010,.F.);
#5010 = EDGE_LOOP('',(#5011,#5012,#5021,#5029,#5036,#5037));
#5011 = ORIENTED_EDGE('',*,*,#4998,.F.);
#5012 = ORIENTED_EDGE('',*,*,#5013,.T.);
#5013 = EDGE_CURVE('',#4991,#5014,#5016,.T.);
#5014 = VERTEX_POINT('',#5015);
#5015 = CARTESIAN_POINT('',(8.08,-1.4552729583,3.65));
#5016 = CIRCLE('',#5017,1.2);
#5017 = AXIS2_PLACEMENT_3D('',#5018,#5019,#5020);
#5018 = CARTESIAN_POINT('',(7.72,-2.6,3.65));
#5019 = DIRECTION('',(0.,0.,1.));
#5020 = DIRECTION('',(1.,0.,0.));
#5021 = ORIENTED_EDGE('',*,*,#5022,.T.);
#5022 = EDGE_CURVE('',#5014,#5023,#5025,.T.);
#5023 = VERTEX_POINT('',#5024);
#5024 = CARTESIAN_POINT('',(8.08,-1.4552729583,8.2));
#5025 = LINE('',#5026,#5027);
#5026 = CARTESIAN_POINT('',(8.08,-1.4552729583,0.));
#5027 = VECTOR('',#5028,1.);
#5028 = DIRECTION('',(0.,0.,1.));
#5029 = ORIENTED_EDGE('',*,*,#5030,.T.);
#5030 = EDGE_CURVE('',#5023,#4965,#5031,.T.);
#5031 = CIRCLE('',#5032,1.2);
#5032 = AXIS2_PLACEMENT_3D('',#5033,#5034,#5035);
#5033 = CARTESIAN_POINT('',(7.72,-2.6,8.2));
#5034 = DIRECTION('',(0.,0.,1.));
#5035 = DIRECTION('',(1.,0.,0.));
#5036 = ORIENTED_EDGE('',*,*,#4974,.T.);
#5037 = ORIENTED_EDGE('',*,*,#3932,.F.);
#5038 = CYLINDRICAL_SURFACE('',#5039,1.2);
#5039 = AXIS2_PLACEMENT_3D('',#5040,#5041,#5042);
#5040 = CARTESIAN_POINT('',(7.72,-2.6,0.));
#5041 = DIRECTION('',(0.,0.,1.));
#5042 = DIRECTION('',(1.,0.,0.));
#5043 = ADVANCED_FACE('',(#5044),#5063,.F.);
#5044 = FACE_BOUND('',#5045,.F.);
#5045 = EDGE_LOOP('',(#5046,#5047,#5055,#5062));
#5046 = ORIENTED_EDGE('',*,*,#3966,.F.);
#5047 = ORIENTED_EDGE('',*,*,#5048,.F.);
#5048 = EDGE_CURVE('',#5049,#3967,#5051,.T.);
#5049 = VERTEX_POINT('',#5050);
#5050 = CARTESIAN_POINT('',(5.,-5.6,8.2));
#5051 = LINE('',#5052,#5053);
#5052 = CARTESIAN_POINT('',(5.,-5.6,0.));
#5053 = VECTOR('',#5054,1.);
#5054 = DIRECTION('',(0.,0.,1.));
#5055 = ORIENTED_EDGE('',*,*,#5056,.T.);
#5056 = EDGE_CURVE('',#5049,#5049,#5057,.T.);
#5057 = CIRCLE('',#5058,1.);
#5058 = AXIS2_PLACEMENT_3D('',#5059,#5060,#5061);
#5059 = CARTESIAN_POINT('',(4.,-5.6,8.2));
#5060 = DIRECTION('',(0.,0.,1.));
#5061 = DIRECTION('',(1.,0.,0.));
#5062 = ORIENTED_EDGE('',*,*,#5048,.T.);
#5063 = CYLINDRICAL_SURFACE('',#5064,1.);
#5064 = AXIS2_PLACEMENT_3D('',#5065,#5066,#5067);
#5065 = CARTESIAN_POINT('',(4.,-5.6,0.));
#5066 = DIRECTION('',(0.,0.,1.));
#5067 = DIRECTION('',(1.,0.,0.));
#5068 = ADVANCED_FACE('',(#5069),#5095,.F.);
#5069 = FACE_BOUND('',#5070,.F.);
#5070 = EDGE_LOOP('',(#5071,#5079,#5088,#5094));
#5071 = ORIENTED_EDGE('',*,*,#5072,.F.);
#5072 = EDGE_CURVE('',#5073,#3978,#5075,.T.);
#5073 = VERTEX_POINT('',#5074);
#5074 = CARTESIAN_POINT('',(-5.,6.25,8.2));
#5075 = LINE('',#5076,#5077);
#5076 = CARTESIAN_POINT('',(-5.,6.25,0.));
#5077 = VECTOR('',#5078,1.);
#5078 = DIRECTION('',(0.,0.,1.));
#5079 = ORIENTED_EDGE('',*,*,#5080,.T.);
#5080 = EDGE_CURVE('',#5073,#5081,#5083,.T.);
#5081 = VERTEX_POINT('',#5082);
#5082 = CARTESIAN_POINT('',(-4.1,5.35,8.2));
#5083 = CIRCLE('',#5084,0.9);
#5084 = AXIS2_PLACEMENT_3D('',#5085,#5086,#5087);
#5085 = CARTESIAN_POINT('',(-4.1,6.25,8.2));
#5086 = DIRECTION('',(0.,0.,1.));
#5087 = DIRECTION('',(-1.,0.,0.));
#5088 = ORIENTED_EDGE('',*,*,#5089,.T.);
#5089 = EDGE_CURVE('',#5081,#3980,#5090,.T.);
#5090 = LINE('',#5091,#5092);
#5091 = CARTESIAN_POINT('',(-4.1,5.35,0.));
#5092 = VECTOR('',#5093,1.);
#5093 = DIRECTION('',(0.,0.,1.));
#5094 = ORIENTED_EDGE('',*,*,#3977,.F.);
#5095 = CYLINDRICAL_SURFACE('',#5096,0.9);
#5096 = AXIS2_PLACEMENT_3D('',#5097,#5098,#5099);
#5097 = CARTESIAN_POINT('',(-4.1,6.25,0.));
#5098 = DIRECTION('',(0.,0.,1.));
#5099 = DIRECTION('',(-1.,0.,0.));
#5100 = ADVANCED_FACE('',(#5101),#5119,.T.);
#5101 = FACE_BOUND('',#5102,.T.);
#5102 = EDGE_LOOP('',(#5103,#5104,#5105,#5113));
#5103 = ORIENTED_EDGE('',*,*,#3988,.F.);
#5104 = ORIENTED_EDGE('',*,*,#5072,.F.);
#5105 = ORIENTED_EDGE('',*,*,#5106,.T.);
#5106 = EDGE_CURVE('',#5073,#5107,#5109,.T.);
#5107 = VERTEX_POINT('',#5108);
#5108 = CARTESIAN_POINT('',(-5.,16.45,8.2));
#5109 = LINE('',#5110,#5111);
#5110 = CARTESIAN_POINT('',(-5.,-7.24,8.2));
#5111 = VECTOR('',#5112,1.);
#5112 = DIRECTION('',(0.,1.,0.));
#5113 = ORIENTED_EDGE('',*,*,#5114,.T.);
#5114 = EDGE_CURVE('',#5107,#3989,#5115,.T.);
#5115 = LINE('',#5116,#5117);
#5116 = CARTESIAN_POINT('',(-5.,16.45,0.));
#5117 = VECTOR('',#5118,1.);
#5118 = DIRECTION('',(0.,0.,1.));
#5119 = PLANE('',#5120);
#5120 = AXIS2_PLACEMENT_3D('',#5121,#5122,#5123);
#5121 = CARTESIAN_POINT('',(-5.,5.35,0.));
#5122 = DIRECTION('',(1.,0.,0.));
#5123 = DIRECTION('',(0.,0.,1.));
#5124 = ADVANCED_FACE('',(#5125),#5143,.T.);
#5125 = FACE_BOUND('',#5126,.T.);
#5126 = EDGE_LOOP('',(#5127,#5135,#5136,#5137));
#5127 = ORIENTED_EDGE('',*,*,#5128,.T.);
#5128 = EDGE_CURVE('',#5129,#5081,#5131,.T.);
#5129 = VERTEX_POINT('',#5130);
#5130 = CARTESIAN_POINT('',(-3.9,5.35,8.2));
#5131 = LINE('',#5132,#5133);
#5132 = CARTESIAN_POINT('',(-6.54,5.35,8.2));
#5133 = VECTOR('',#5134,1.);
#5134 = DIRECTION('',(-1.,0.,0.));
#5135 = ORIENTED_EDGE('',*,*,#5089,.T.);
#5136 = ORIENTED_EDGE('',*,*,#4039,.F.);
#5137 = ORIENTED_EDGE('',*,*,#5138,.F.);
#5138 = EDGE_CURVE('',#5129,#4031,#5139,.T.);
#5139 = LINE('',#5140,#5141);
#5140 = CARTESIAN_POINT('',(-3.9,5.35,0.));
#5141 = VECTOR('',#5142,1.);
#5142 = DIRECTION('',(0.,0.,1.));
#5143 = PLANE('',#5144);
#5144 = AXIS2_PLACEMENT_3D('',#5145,#5146,#5147);
#5145 = CARTESIAN_POINT('',(-5.,5.35,0.));
#5146 = DIRECTION('',(0.,1.,0.));
#5147 = DIRECTION('',(0.,0.,1.));
#5148 = ADVANCED_FACE('',(#5149),#5168,.F.);
#5149 = FACE_BOUND('',#5150,.T.);
#5150 = EDGE_LOOP('',(#5151,#5152,#5161,#5167));
#5151 = ORIENTED_EDGE('',*,*,#5114,.F.);
#5152 = ORIENTED_EDGE('',*,*,#5153,.F.);
#5153 = EDGE_CURVE('',#5154,#5107,#5156,.T.);
#5154 = VERTEX_POINT('',#5155);
#5155 = CARTESIAN_POINT('',(-4.1,17.35,8.2));
#5156 = CIRCLE('',#5157,0.9);
#5157 = AXIS2_PLACEMENT_3D('',#5158,#5159,#5160);
#5158 = CARTESIAN_POINT('',(-4.1,16.45,8.2));
#5159 = DIRECTION('',(0.,0.,1.));
#5160 = DIRECTION('',(-1.,0.,0.));
#5161 = ORIENTED_EDGE('',*,*,#5162,.T.);
#5162 = EDGE_CURVE('',#5154,#3997,#5163,.T.);
#5163 = LINE('',#5164,#5165);
#5164 = CARTESIAN_POINT('',(-4.1,17.35,0.));
#5165 = VECTOR('',#5166,1.);
#5166 = DIRECTION('',(0.,0.,1.));
#5167 = ORIENTED_EDGE('',*,*,#3996,.T.);
#5168 = CYLINDRICAL_SURFACE('',#5169,0.9);
#5169 = AXIS2_PLACEMENT_3D('',#5170,#5171,#5172);
#5170 = CARTESIAN_POINT('',(-4.1,16.45,0.));
#5171 = DIRECTION('',(0.,0.,1.));
#5172 = DIRECTION('',(-1.,0.,0.));
#5173 = ADVANCED_FACE('',(#5174),#5193,.F.);
#5174 = FACE_BOUND('',#5175,.T.);
#5175 = EDGE_LOOP('',(#5176,#5184,#5191,#5192));
#5176 = ORIENTED_EDGE('',*,*,#5177,.F.);
#5177 = EDGE_CURVE('',#5178,#4023,#5180,.T.);
#5178 = VERTEX_POINT('',#5179);
#5179 = CARTESIAN_POINT('',(-3.,6.25,8.2));
#5180 = LINE('',#5181,#5182);
#5181 = CARTESIAN_POINT('',(-3.,6.25,0.));
#5182 = VECTOR('',#5183,1.);
#5183 = DIRECTION('',(0.,0.,1.));
#5184 = ORIENTED_EDGE('',*,*,#5185,.F.);
#5185 = EDGE_CURVE('',#5129,#5178,#5186,.T.);
#5186 = CIRCLE('',#5187,0.9);
#5187 = AXIS2_PLACEMENT_3D('',#5188,#5189,#5190);
#5188 = CARTESIAN_POINT('',(-3.9,6.25,8.2));
#5189 = DIRECTION('',(0.,0.,1.));
#5190 = DIRECTION('',(1.,0.,0.));
#5191 = ORIENTED_EDGE('',*,*,#5138,.T.);
#5192 = ORIENTED_EDGE('',*,*,#4030,.T.);
#5193 = CYLINDRICAL_SURFACE('',#5194,0.9);
#5194 = AXIS2_PLACEMENT_3D('',#5195,#5196,#5197);
#5195 = CARTESIAN_POINT('',(-3.9,6.25,0.));
#5196 = DIRECTION('',(0.,0.,1.));
#5197 = DIRECTION('',(1.,0.,0.));
#5198 = ADVANCED_FACE('',(#5199),#5217,.F.);
#5199 = FACE_BOUND('',#5200,.F.);
#5200 = EDGE_LOOP('',(#5201,#5209,#5210,#5211));
#5201 = ORIENTED_EDGE('',*,*,#5202,.T.);
#5202 = EDGE_CURVE('',#5203,#5154,#5205,.T.);
#5203 = VERTEX_POINT('',#5204);
#5204 = CARTESIAN_POINT('',(-3.9,17.35,8.2));
#5205 = LINE('',#5206,#5207);
#5206 = CARTESIAN_POINT('',(-6.54,17.35,8.2));
#5207 = VECTOR('',#5208,1.);
#5208 = DIRECTION('',(-1.,0.,0.));
#5209 = ORIENTED_EDGE('',*,*,#5162,.T.);
#5210 = ORIENTED_EDGE('',*,*,#4005,.F.);
#5211 = ORIENTED_EDGE('',*,*,#5212,.F.);
#5212 = EDGE_CURVE('',#5203,#4006,#5213,.T.);
#5213 = LINE('',#5214,#5215);
#5214 = CARTESIAN_POINT('',(-3.9,17.35,0.));
#5215 = VECTOR('',#5216,1.);
#5216 = DIRECTION('',(0.,0.,1.));
#5217 = PLANE('',#5218);
#5218 = AXIS2_PLACEMENT_3D('',#5219,#5220,#5221);
#5219 = CARTESIAN_POINT('',(-5.,17.35,0.));
#5220 = DIRECTION('',(0.,1.,0.));
#5221 = DIRECTION('',(0.,0.,1.));
#5222 = ADVANCED_FACE('',(#5223),#5241,.F.);
#5223 = FACE_BOUND('',#5224,.F.);
#5224 = EDGE_LOOP('',(#5225,#5226,#5227,#5235));
#5225 = ORIENTED_EDGE('',*,*,#4022,.F.);
#5226 = ORIENTED_EDGE('',*,*,#5177,.F.);
#5227 = ORIENTED_EDGE('',*,*,#5228,.T.);
#5228 = EDGE_CURVE('',#5178,#5229,#5231,.T.);
#5229 = VERTEX_POINT('',#5230);
#5230 = CARTESIAN_POINT('',(-3.,16.45,8.2));
#5231 = LINE('',#5232,#5233);
#5232 = CARTESIAN_POINT('',(-3.,-7.24,8.2));
#5233 = VECTOR('',#5234,1.);
#5234 = DIRECTION('',(0.,1.,0.));
#5235 = ORIENTED_EDGE('',*,*,#5236,.T.);
#5236 = EDGE_CURVE('',#5229,#4014,#5237,.T.);
#5237 = LINE('',#5238,#5239);
#5238 = CARTESIAN_POINT('',(-3.,16.45,0.));
#5239 = VECTOR('',#5240,1.);
#5240 = DIRECTION('',(0.,0.,1.));
#5241 = PLANE('',#5242);
#5242 = AXIS2_PLACEMENT_3D('',#5243,#5244,#5245);
#5243 = CARTESIAN_POINT('',(-3.,5.35,0.));
#5244 = DIRECTION('',(1.,0.,0.));
#5245 = DIRECTION('',(0.,0.,1.));
#5246 = ADVANCED_FACE('',(#5247),#5259,.F.);
#5247 = FACE_BOUND('',#5248,.F.);
#5248 = EDGE_LOOP('',(#5249,#5250,#5257,#5258));
#5249 = ORIENTED_EDGE('',*,*,#5236,.F.);
#5250 = ORIENTED_EDGE('',*,*,#5251,.T.);
#5251 = EDGE_CURVE('',#5229,#5203,#5252,.T.);
#5252 = CIRCLE('',#5253,0.9);
#5253 = AXIS2_PLACEMENT_3D('',#5254,#5255,#5256);
#5254 = CARTESIAN_POINT('',(-3.9,16.45,8.2));
#5255 = DIRECTION('',(0.,0.,1.));
#5256 = DIRECTION('',(1.,0.,0.));
#5257 = ORIENTED_EDGE('',*,*,#5212,.T.);
#5258 = ORIENTED_EDGE('',*,*,#4013,.F.);
#5259 = CYLINDRICAL_SURFACE('',#5260,0.9);
#5260 = AXIS2_PLACEMENT_3D('',#5261,#5262,#5263);
#5261 = CARTESIAN_POINT('',(-3.9,16.45,0.));
#5262 = DIRECTION('',(0.,0.,1.));
#5263 = DIRECTION('',(1.,0.,0.));
#5264 = ADVANCED_FACE('',(#5265),#5291,.F.);
#5265 = FACE_BOUND('',#5266,.F.);
#5266 = EDGE_LOOP('',(#5267,#5275,#5284,#5290));
#5267 = ORIENTED_EDGE('',*,*,#5268,.F.);
#5268 = EDGE_CURVE('',#5269,#4048,#5271,.T.);
#5269 = VERTEX_POINT('',#5270);
#5270 = CARTESIAN_POINT('',(3.,6.25,8.2));
#5271 = LINE('',#5272,#5273);
#5272 = CARTESIAN_POINT('',(3.,6.25,0.));
#5273 = VECTOR('',#5274,1.);
#5274 = DIRECTION('',(0.,0.,1.));
#5275 = ORIENTED_EDGE('',*,*,#5276,.T.);
#5276 = EDGE_CURVE('',#5269,#5277,#5279,.T.);
#5277 = VERTEX_POINT('',#5278);
#5278 = CARTESIAN_POINT('',(3.9,5.35,8.2));
#5279 = CIRCLE('',#5280,0.9);
#5280 = AXIS2_PLACEMENT_3D('',#5281,#5282,#5283);
#5281 = CARTESIAN_POINT('',(3.9,6.25,8.2));
#5282 = DIRECTION('',(0.,0.,1.));
#5283 = DIRECTION('',(-1.,0.,0.));
#5284 = ORIENTED_EDGE('',*,*,#5285,.T.);
#5285 = EDGE_CURVE('',#5277,#4050,#5286,.T.);
#5286 = LINE('',#5287,#5288);
#5287 = CARTESIAN_POINT('',(3.9,5.35,0.));
#5288 = VECTOR('',#5289,1.);
#5289 = DIRECTION('',(0.,0.,1.));
#5290 = ORIENTED_EDGE('',*,*,#4047,.F.);
#5291 = CYLINDRICAL_SURFACE('',#5292,0.9);
#5292 = AXIS2_PLACEMENT_3D('',#5293,#5294,#5295);
#5293 = CARTESIAN_POINT('',(3.9,6.25,0.));
#5294 = DIRECTION('',(0.,0.,1.));
#5295 = DIRECTION('',(-1.,0.,0.));
#5296 = ADVANCED_FACE('',(#5297),#5315,.T.);
#5297 = FACE_BOUND('',#5298,.T.);
#5298 = EDGE_LOOP('',(#5299,#5307,#5308,#5309));
#5299 = ORIENTED_EDGE('',*,*,#5300,.T.);
#5300 = EDGE_CURVE('',#5301,#5277,#5303,.T.);
#5301 = VERTEX_POINT('',#5302);
#5302 = CARTESIAN_POINT('',(4.1,5.35,8.2));
#5303 = LINE('',#5304,#5305);
#5304 = CARTESIAN_POINT('',(-2.54,5.35,8.2));
#5305 = VECTOR('',#5306,1.);
#5306 = DIRECTION('',(-1.,0.,0.));
#5307 = ORIENTED_EDGE('',*,*,#5285,.T.);
#5308 = ORIENTED_EDGE('',*,*,#4109,.F.);
#5309 = ORIENTED_EDGE('',*,*,#5310,.F.);
#5310 = EDGE_CURVE('',#5301,#4101,#5311,.T.);
#5311 = LINE('',#5312,#5313);
#5312 = CARTESIAN_POINT('',(4.1,5.35,0.));
#5313 = VECTOR('',#5314,1.);
#5314 = DIRECTION('',(0.,0.,1.));
#5315 = PLANE('',#5316);
#5316 = AXIS2_PLACEMENT_3D('',#5317,#5318,#5319);
#5317 = CARTESIAN_POINT('',(3.,5.35,0.));
#5318 = DIRECTION('',(0.,1.,0.));
#5319 = DIRECTION('',(0.,0.,1.));
#5320 = ADVANCED_FACE('',(#5321),#5340,.F.);
#5321 = FACE_BOUND('',#5322,.T.);
#5322 = EDGE_LOOP('',(#5323,#5331,#5338,#5339));
#5323 = ORIENTED_EDGE('',*,*,#5324,.F.);
#5324 = EDGE_CURVE('',#5325,#4093,#5327,.T.);
#5325 = VERTEX_POINT('',#5326);
#5326 = CARTESIAN_POINT('',(5.,6.25,8.2));
#5327 = LINE('',#5328,#5329);
#5328 = CARTESIAN_POINT('',(5.,6.25,0.));
#5329 = VECTOR('',#5330,1.);
#5330 = DIRECTION('',(0.,0.,1.));
#5331 = ORIENTED_EDGE('',*,*,#5332,.F.);
#5332 = EDGE_CURVE('',#5301,#5325,#5333,.T.);
#5333 = CIRCLE('',#5334,0.9);
#5334 = AXIS2_PLACEMENT_3D('',#5335,#5336,#5337);
#5335 = CARTESIAN_POINT('',(4.1,6.25,8.2));
#5336 = DIRECTION('',(0.,0.,1.));
#5337 = DIRECTION('',(1.,0.,0.));
#5338 = ORIENTED_EDGE('',*,*,#5310,.T.);
#5339 = ORIENTED_EDGE('',*,*,#4100,.T.);
#5340 = CYLINDRICAL_SURFACE('',#5341,0.9);
#5341 = AXIS2_PLACEMENT_3D('',#5342,#5343,#5344);
#5342 = CARTESIAN_POINT('',(4.1,6.25,0.));
#5343 = DIRECTION('',(0.,0.,1.));
#5344 = DIRECTION('',(1.,0.,0.));
#5345 = ADVANCED_FACE('',(#5346),#5364,.F.);
#5346 = FACE_BOUND('',#5347,.F.);
#5347 = EDGE_LOOP('',(#5348,#5349,#5350,#5358));
#5348 = ORIENTED_EDGE('',*,*,#4092,.F.);
#5349 = ORIENTED_EDGE('',*,*,#5324,.F.);
#5350 = ORIENTED_EDGE('',*,*,#5351,.T.);
#5351 = EDGE_CURVE('',#5325,#5352,#5354,.T.);
#5352 = VERTEX_POINT('',#5353);
#5353 = CARTESIAN_POINT('',(5.,16.45,8.2));
#5354 = LINE('',#5355,#5356);
#5355 = CARTESIAN_POINT('',(5.,-7.24,8.2));
#5356 = VECTOR('',#5357,1.);
#5357 = DIRECTION('',(0.,1.,0.));
#5358 = ORIENTED_EDGE('',*,*,#5359,.T.);
#5359 = EDGE_CURVE('',#5352,#4084,#5360,.T.);
#5360 = LINE('',#5361,#5362);
#5361 = CARTESIAN_POINT('',(5.,16.45,0.));
#5362 = VECTOR('',#5363,1.);
#5363 = DIRECTION('',(0.,0.,1.));
#5364 = PLANE('',#5365);
#5365 = AXIS2_PLACEMENT_3D('',#5366,#5367,#5368);
#5366 = CARTESIAN_POINT('',(5.,5.35,0.));
#5367 = DIRECTION('',(1.,0.,0.));
#5368 = DIRECTION('',(0.,0.,1.));
#5369 = ADVANCED_FACE('',(#5370),#5389,.F.);
#5370 = FACE_BOUND('',#5371,.F.);
#5371 = EDGE_LOOP('',(#5372,#5373,#5382,#5388));
#5372 = ORIENTED_EDGE('',*,*,#5359,.F.);
#5373 = ORIENTED_EDGE('',*,*,#5374,.T.);
#5374 = EDGE_CURVE('',#5352,#5375,#5377,.T.);
#5375 = VERTEX_POINT('',#5376);
#5376 = CARTESIAN_POINT('',(4.1,17.35,8.2));
#5377 = CIRCLE('',#5378,0.9);
#5378 = AXIS2_PLACEMENT_3D('',#5379,#5380,#5381);
#5379 = CARTESIAN_POINT('',(4.1,16.45,8.2));
#5380 = DIRECTION('',(0.,0.,1.));
#5381 = DIRECTION('',(1.,0.,0.));
#5382 = ORIENTED_EDGE('',*,*,#5383,.T.);
#5383 = EDGE_CURVE('',#5375,#4076,#5384,.T.);
#5384 = LINE('',#5385,#5386);
#5385 = CARTESIAN_POINT('',(4.1,17.35,0.));
#5386 = VECTOR('',#5387,1.);
#5387 = DIRECTION('',(0.,0.,1.));
#5388 = ORIENTED_EDGE('',*,*,#4083,.F.);
#5389 = CYLINDRICAL_SURFACE('',#5390,0.9);
#5390 = AXIS2_PLACEMENT_3D('',#5391,#5392,#5393);
#5391 = CARTESIAN_POINT('',(4.1,16.45,0.));
#5392 = DIRECTION('',(0.,0.,1.));
#5393 = DIRECTION('',(1.,0.,0.));
#5394 = ADVANCED_FACE('',(#5395),#5413,.F.);
#5395 = FACE_BOUND('',#5396,.F.);
#5396 = EDGE_LOOP('',(#5397,#5405,#5411,#5412));
#5397 = ORIENTED_EDGE('',*,*,#5398,.T.);
#5398 = EDGE_CURVE('',#5375,#5399,#5401,.T.);
#5399 = VERTEX_POINT('',#5400);
#5400 = CARTESIAN_POINT('',(3.9,17.35,8.2));
#5401 = LINE('',#5402,#5403);
#5402 = CARTESIAN_POINT('',(-2.54,17.35,8.2));
#5403 = VECTOR('',#5404,1.);
#5404 = DIRECTION('',(-1.,0.,0.));
#5405 = ORIENTED_EDGE('',*,*,#5406,.T.);
#5406 = EDGE_CURVE('',#5399,#4067,#5407,.T.);
#5407 = LINE('',#5408,#5409);
#5408 = CARTESIAN_POINT('',(3.9,17.35,0.));
#5409 = VECTOR('',#5410,1.);
#5410 = DIRECTION('',(0.,0.,1.));
#5411 = ORIENTED_EDGE('',*,*,#4075,.F.);
#5412 = ORIENTED_EDGE('',*,*,#5383,.F.);
#5413 = PLANE('',#5414);
#5414 = AXIS2_PLACEMENT_3D('',#5415,#5416,#5417);
#5415 = CARTESIAN_POINT('',(3.,17.35,0.));
#5416 = DIRECTION('',(0.,1.,0.));
#5417 = DIRECTION('',(0.,0.,1.));
#5418 = ADVANCED_FACE('',(#5419),#5438,.F.);
#5419 = FACE_BOUND('',#5420,.T.);
#5420 = EDGE_LOOP('',(#5421,#5429,#5436,#5437));
#5421 = ORIENTED_EDGE('',*,*,#5422,.F.);
#5422 = EDGE_CURVE('',#5423,#4059,#5425,.T.);
#5423 = VERTEX_POINT('',#5424);
#5424 = CARTESIAN_POINT('',(3.,16.45,8.2));
#5425 = LINE('',#5426,#5427);
#5426 = CARTESIAN_POINT('',(3.,16.45,0.));
#5427 = VECTOR('',#5428,1.);
#5428 = DIRECTION('',(0.,0.,1.));
#5429 = ORIENTED_EDGE('',*,*,#5430,.F.);
#5430 = EDGE_CURVE('',#5399,#5423,#5431,.T.);
#5431 = CIRCLE('',#5432,0.9);
#5432 = AXIS2_PLACEMENT_3D('',#5433,#5434,#5435);
#5433 = CARTESIAN_POINT('',(3.9,16.45,8.2));
#5434 = DIRECTION('',(0.,0.,1.));
#5435 = DIRECTION('',(-1.,0.,0.));
#5436 = ORIENTED_EDGE('',*,*,#5406,.T.);
#5437 = ORIENTED_EDGE('',*,*,#4066,.T.);
#5438 = CYLINDRICAL_SURFACE('',#5439,0.9);
#5439 = AXIS2_PLACEMENT_3D('',#5440,#5441,#5442);
#5440 = CARTESIAN_POINT('',(3.9,16.45,0.));
#5441 = DIRECTION('',(0.,0.,1.));
#5442 = DIRECTION('',(-1.,0.,0.));
#5443 = ADVANCED_FACE('',(#5444),#5455,.T.);
#5444 = FACE_BOUND('',#5445,.T.);
#5445 = EDGE_LOOP('',(#5446,#5447,#5448,#5454));
#5446 = ORIENTED_EDGE('',*,*,#4058,.F.);
#5447 = ORIENTED_EDGE('',*,*,#5268,.F.);
#5448 = ORIENTED_EDGE('',*,*,#5449,.T.);
#5449 = EDGE_CURVE('',#5269,#5423,#5450,.T.);
#5450 = LINE('',#5451,#5452);
#5451 = CARTESIAN_POINT('',(3.,-7.24,8.2));
#5452 = VECTOR('',#5453,1.);
#5453 = DIRECTION('',(0.,1.,0.));
#5454 = ORIENTED_EDGE('',*,*,#5422,.T.);
#5455 = PLANE('',#5456);
#5456 = AXIS2_PLACEMENT_3D('',#5457,#5458,#5459);
#5457 = CARTESIAN_POINT('',(3.,5.35,0.));
#5458 = DIRECTION('',(1.,0.,0.));
#5459 = DIRECTION('',(0.,0.,1.));
#5460 = ADVANCED_FACE('',(#5461),#5467,.F.);
#5461 = FACE_BOUND('',#5462,.F.);
#5462 = EDGE_LOOP('',(#5463,#5464,#5465,#5466));
#5463 = ORIENTED_EDGE('',*,*,#4295,.F.);
#5464 = ORIENTED_EDGE('',*,*,#4222,.T.);
#5465 = ORIENTED_EDGE('',*,*,#4254,.T.);
#5466 = ORIENTED_EDGE('',*,*,#4278,.F.);
#5467 = PLANE('',#5468);
#5468 = AXIS2_PLACEMENT_3D('',#5469,#5470,#5471);
#5469 = CARTESIAN_POINT('',(-9.5,-0.75,4.7));
#5470 = DIRECTION('',(1.,0.,0.));
#5471 = DIRECTION('',(0.,0.,1.));
#5472 = ADVANCED_FACE('',(#5473),#5507,.T.);
#5473 = FACE_BOUND('',#5474,.T.);
#5474 = EDGE_LOOP('',(#5475,#5483,#5491,#5499,#5505,#5506));
#5475 = ORIENTED_EDGE('',*,*,#5476,.F.);
#5476 = EDGE_CURVE('',#5477,#4419,#5479,.T.);
#5477 = VERTEX_POINT('',#5478);
#5478 = CARTESIAN_POINT('',(-7.6,19.83,5.6));
#5479 = LINE('',#5480,#5481);
#5480 = CARTESIAN_POINT('',(-7.6,16.,5.6));
#5481 = VECTOR('',#5482,1.);
#5482 = DIRECTION('',(0.,1.,0.));
#5483 = ORIENTED_EDGE('',*,*,#5484,.T.);
#5484 = EDGE_CURVE('',#5477,#5485,#5487,.T.);
#5485 = VERTEX_POINT('',#5486);
#5486 = CARTESIAN_POINT('',(-7.6,19.83,3.65));
#5487 = LINE('',#5488,#5489);
#5488 = CARTESIAN_POINT('',(-7.6,19.83,-1.));
#5489 = VECTOR('',#5490,1.);
#5490 = DIRECTION('',(0.,0.,-1.));
#5491 = ORIENTED_EDGE('',*,*,#5492,.T.);
#5492 = EDGE_CURVE('',#5485,#5493,#5495,.T.);
#5493 = VERTEX_POINT('',#5494);
#5494 = CARTESIAN_POINT('',(-7.6,20.73,3.65));
#5495 = LINE('',#5496,#5497);
#5496 = CARTESIAN_POINT('',(-7.6,-2.365,3.65));
#5497 = VECTOR('',#5498,1.);
#5498 = DIRECTION('',(0.,1.,0.));
#5499 = ORIENTED_EDGE('',*,*,#5500,.F.);
#5500 = EDGE_CURVE('',#4191,#5493,#5501,.T.);
#5501 = LINE('',#5502,#5503);
#5502 = CARTESIAN_POINT('',(-7.6,20.73,1.325));
#5503 = VECTOR('',#5504,1.);
#5504 = DIRECTION('',(0.,0.,-1.));
#5505 = ORIENTED_EDGE('',*,*,#4198,.T.);
#5506 = ORIENTED_EDGE('',*,*,#4426,.F.);
#5507 = PLANE('',#5508);
#5508 = AXIS2_PLACEMENT_3D('',#5509,#5510,#5511);
#5509 = CARTESIAN_POINT('',(-7.6,16.,-1.));
#5510 = DIRECTION('',(1.,0.,0.));
#5511 = DIRECTION('',(0.,0.,1.));
#5512 = ADVANCED_FACE('',(#5513),#5531,.T.);
#5513 = FACE_BOUND('',#5514,.T.);
#5514 = EDGE_LOOP('',(#5515,#5523,#5529,#5530));
#5515 = ORIENTED_EDGE('',*,*,#5516,.F.);
#5516 = EDGE_CURVE('',#5517,#5493,#5519,.T.);
#5517 = VERTEX_POINT('',#5518);
#5518 = CARTESIAN_POINT('',(-8.98,20.73,3.65));
#5519 = LINE('',#5520,#5521);
#5520 = CARTESIAN_POINT('',(-8.98,20.73,3.65));
#5521 = VECTOR('',#5522,1.);
#5522 = DIRECTION('',(1.,0.,0.));
#5523 = ORIENTED_EDGE('',*,*,#5524,.T.);
#5524 = EDGE_CURVE('',#5517,#4183,#5525,.T.);
#5525 = LINE('',#5526,#5527);
#5526 = CARTESIAN_POINT('',(-8.98,20.73,3.65));
#5527 = VECTOR('',#5528,1.);
#5528 = DIRECTION('',(0.,0.,1.));
#5529 = ORIENTED_EDGE('',*,*,#4190,.T.);
#5530 = ORIENTED_EDGE('',*,*,#5500,.T.);
#5531 = PLANE('',#5532);
#5532 = AXIS2_PLACEMENT_3D('',#5533,#5534,#5535);
#5533 = CARTESIAN_POINT('',(-8.98,20.73,3.65));
#5534 = DIRECTION('',(0.,1.,0.));
#5535 = DIRECTION('',(0.,0.,1.));
#5536 = ADVANCED_FACE('',(#5537,#5555,#5589,#5623,#5657),#5691,.F.);
#5537 = FACE_BOUND('',#5538,.F.);
#5538 = EDGE_LOOP('',(#5539,#5547,#5553,#5554));
#5539 = ORIENTED_EDGE('',*,*,#5540,.F.);
#5540 = EDGE_CURVE('',#5541,#4175,#5543,.T.);
#5541 = VERTEX_POINT('',#5542);
#5542 = CARTESIAN_POINT('',(-8.98,-20.73,3.65));
#5543 = LINE('',#5544,#5545);
#5544 = CARTESIAN_POINT('',(-8.98,-20.73,3.65));
#5545 = VECTOR('',#5546,1.);
#5546 = DIRECTION('',(0.,0.,1.));
#5547 = ORIENTED_EDGE('',*,*,#5548,.T.);
#5548 = EDGE_CURVE('',#5541,#5517,#5549,.T.);
#5549 = LINE('',#5550,#5551);
#5550 = CARTESIAN_POINT('',(-8.98,-20.73,3.65));
#5551 = VECTOR('',#5552,1.);
#5552 = DIRECTION('',(0.,1.,0.));
#5553 = ORIENTED_EDGE('',*,*,#5524,.T.);
#5554 = ORIENTED_EDGE('',*,*,#4182,.F.);
#5555 = FACE_BOUND('',#5556,.F.);
#5556 = EDGE_LOOP('',(#5557,#5567,#5575,#5583));
#5557 = ORIENTED_EDGE('',*,*,#5558,.F.);
#5558 = EDGE_CURVE('',#5559,#5561,#5563,.T.);
#5559 = VERTEX_POINT('',#5560);
#5560 = CARTESIAN_POINT('',(-8.98,14.,3.77));
#5561 = VERTEX_POINT('',#5562);
#5562 = CARTESIAN_POINT('',(-8.98,18.,3.77));
#5563 = LINE('',#5564,#5565);
#5564 = CARTESIAN_POINT('',(-8.98,14.,3.77));
#5565 = VECTOR('',#5566,1.);
#5566 = DIRECTION('',(0.,1.,0.));
#5567 = ORIENTED_EDGE('',*,*,#5568,.F.);
#5568 = EDGE_CURVE('',#5569,#5559,#5571,.T.);
#5569 = VERTEX_POINT('',#5570);
#5570 = CARTESIAN_POINT('',(-8.98,14.,4.53));
#5571 = LINE('',#5572,#5573);
#5572 = CARTESIAN_POINT('',(-8.98,14.,4.53));
#5573 = VECTOR('',#5574,1.);
#5574 = DIRECTION('',(0.,0.,-1.));
#5575 = ORIENTED_EDGE('',*,*,#5576,.T.);
#5576 = EDGE_CURVE('',#5569,#5577,#5579,.T.);
#5577 = VERTEX_POINT('',#5578);
#5578 = CARTESIAN_POINT('',(-8.98,18.,4.53));
#5579 = LINE('',#5580,#5581);
#5580 = CARTESIAN_POINT('',(-8.98,14.,4.53));
#5581 = VECTOR('',#5582,1.);
#5582 = DIRECTION('',(0.,1.,0.));
#5583 = ORIENTED_EDGE('',*,*,#5584,.T.);
#5584 = EDGE_CURVE('',#5577,#5561,#5585,.T.);
#5585 = LINE('',#5586,#5587);
#5586 = CARTESIAN_POINT('',(-8.98,18.,4.53));
#5587 = VECTOR('',#5588,1.);
#5588 = DIRECTION('',(0.,0.,-1.));
#5589 = FACE_BOUND('',#5590,.F.);
#5590 = EDGE_LOOP('',(#5591,#5601,#5609,#5617));
#5591 = ORIENTED_EDGE('',*,*,#5592,.F.);
#5592 = EDGE_CURVE('',#5593,#5595,#5597,.T.);
#5593 = VERTEX_POINT('',#5594);
#5594 = CARTESIAN_POINT('',(-8.98,5.,3.77));
#5595 = VERTEX_POINT('',#5596);
#5596 = CARTESIAN_POINT('',(-8.98,9.,3.77));
#5597 = LINE('',#5598,#5599);
#5598 = CARTESIAN_POINT('',(-8.98,5.,3.77));
#5599 = VECTOR('',#5600,1.);
#5600 = DIRECTION('',(0.,1.,0.));
#5601 = ORIENTED_EDGE('',*,*,#5602,.F.);
#5602 = EDGE_CURVE('',#5603,#5593,#5605,.T.);
#5603 = VERTEX_POINT('',#5604);
#5604 = CARTESIAN_POINT('',(-8.98,5.,4.53));
#5605 = LINE('',#5606,#5607);
#5606 = CARTESIAN_POINT('',(-8.98,5.,4.53));
#5607 = VECTOR('',#5608,1.);
#5608 = DIRECTION('',(0.,0.,-1.));
#5609 = ORIENTED_EDGE('',*,*,#5610,.T.);
#5610 = EDGE_CURVE('',#5603,#5611,#5613,.T.);
#5611 = VERTEX_POINT('',#5612);
#5612 = CARTESIAN_POINT('',(-8.98,9.,4.53));
#5613 = LINE('',#5614,#5615);
#5614 = CARTESIAN_POINT('',(-8.98,5.,4.53));
#5615 = VECTOR('',#5616,1.);
#5616 = DIRECTION('',(0.,1.,0.));
#5617 = ORIENTED_EDGE('',*,*,#5618,.T.);
#5618 = EDGE_CURVE('',#5611,#5595,#5619,.T.);
#5619 = LINE('',#5620,#5621);
#5620 = CARTESIAN_POINT('',(-8.98,9.,4.53));
#5621 = VECTOR('',#5622,1.);
#5622 = DIRECTION('',(0.,0.,-1.));
#5623 = FACE_BOUND('',#5624,.F.);
#5624 = EDGE_LOOP('',(#5625,#5635,#5643,#5651));
#5625 = ORIENTED_EDGE('',*,*,#5626,.F.);
#5626 = EDGE_CURVE('',#5627,#5629,#5631,.T.);
#5627 = VERTEX_POINT('',#5628);
#5628 = CARTESIAN_POINT('',(-8.98,-7.,3.77));
#5629 = VERTEX_POINT('',#5630);
#5630 = CARTESIAN_POINT('',(-8.98,-3.,3.77));
#5631 = LINE('',#5632,#5633);
#5632 = CARTESIAN_POINT('',(-8.98,-7.,3.77));
#5633 = VECTOR('',#5634,1.);
#5634 = DIRECTION('',(0.,1.,0.));
#5635 = ORIENTED_EDGE('',*,*,#5636,.F.);
#5636 = EDGE_CURVE('',#5637,#5627,#5639,.T.);
#5637 = VERTEX_POINT('',#5638);
#5638 = CARTESIAN_POINT('',(-8.98,-7.,4.53));
#5639 = LINE('',#5640,#5641);
#5640 = CARTESIAN_POINT('',(-8.98,-7.,4.53));
#5641 = VECTOR('',#5642,1.);
#5642 = DIRECTION('',(0.,0.,-1.));
#5643 = ORIENTED_EDGE('',*,*,#5644,.T.);
#5644 = EDGE_CURVE('',#5637,#5645,#5647,.T.);
#5645 = VERTEX_POINT('',#5646);
#5646 = CARTESIAN_POINT('',(-8.98,-3.,4.53));
#5647 = LINE('',#5648,#5649);
#5648 = CARTESIAN_POINT('',(-8.98,-7.,4.53));
#5649 = VECTOR('',#5650,1.);
#5650 = DIRECTION('',(0.,1.,0.));
#5651 = ORIENTED_EDGE('',*,*,#5652,.T.);
#5652 = EDGE_CURVE('',#5645,#5629,#5653,.T.);
#5653 = LINE('',#5654,#5655);
#5654 = CARTESIAN_POINT('',(-8.98,-3.,4.53));
#5655 = VECTOR('',#5656,1.);
#5656 = DIRECTION('',(0.,0.,-1.));
#5657 = FACE_BOUND('',#5658,.F.);
#5658 = EDGE_LOOP('',(#5659,#5669,#5677,#5685));
#5659 = ORIENTED_EDGE('',*,*,#5660,.F.);
#5660 = EDGE_CURVE('',#5661,#5663,#5665,.T.);
#5661 = VERTEX_POINT('',#5662);
#5662 = CARTESIAN_POINT('',(-8.98,-17.,3.77));
#5663 = VERTEX_POINT('',#5664);
#5664 = CARTESIAN_POINT('',(-8.98,-13.,3.77));
#5665 = LINE('',#5666,#5667);
#5666 = CARTESIAN_POINT('',(-8.98,-17.,3.77));
#5667 = VECTOR('',#5668,1.);
#5668 = DIRECTION('',(0.,1.,0.));
#5669 = ORIENTED_EDGE('',*,*,#5670,.F.);
#5670 = EDGE_CURVE('',#5671,#5661,#5673,.T.);
#5671 = VERTEX_POINT('',#5672);
#5672 = CARTESIAN_POINT('',(-8.98,-17.,4.53));
#5673 = LINE('',#5674,#5675);
#5674 = CARTESIAN_POINT('',(-8.98,-17.,4.53));
#5675 = VECTOR('',#5676,1.);
#5676 = DIRECTION('',(0.,0.,-1.));
#5677 = ORIENTED_EDGE('',*,*,#5678,.T.);
#5678 = EDGE_CURVE('',#5671,#5679,#5681,.T.);
#5679 = VERTEX_POINT('',#5680);
#5680 = CARTESIAN_POINT('',(-8.98,-13.,4.53));
#5681 = LINE('',#5682,#5683);
#5682 = CARTESIAN_POINT('',(-8.98,-17.,4.53));
#5683 = VECTOR('',#5684,1.);
#5684 = DIRECTION('',(0.,1.,0.));
#5685 = ORIENTED_EDGE('',*,*,#5686,.T.);
#5686 = EDGE_CURVE('',#5679,#5663,#5687,.T.);
#5687 = LINE('',#5688,#5689);
#5688 = CARTESIAN_POINT('',(-8.98,-13.,4.53));
#5689 = VECTOR('',#5690,1.);
#5690 = DIRECTION('',(0.,0.,-1.));
#5691 = PLANE('',#5692);
#5692 = AXIS2_PLACEMENT_3D('',#5693,#5694,#5695);
#5693 = CARTESIAN_POINT('',(-8.98,-20.73,3.65));
#5694 = DIRECTION('',(1.,0.,0.));
#5695 = DIRECTION('',(0.,0.,1.));
#5696 = ADVANCED_FACE('',(#5697),#5715,.F.);
#5697 = FACE_BOUND('',#5698,.F.);
#5698 = EDGE_LOOP('',(#5699,#5707,#5708,#5709));
#5699 = ORIENTED_EDGE('',*,*,#5700,.F.);
#5700 = EDGE_CURVE('',#5541,#5701,#5703,.T.);
#5701 = VERTEX_POINT('',#5702);
#5702 = CARTESIAN_POINT('',(-4.9,-20.73,3.65));
#5703 = LINE('',#5704,#5705);
#5704 = CARTESIAN_POINT('',(-8.98,-20.73,3.65));
#5705 = VECTOR('',#5706,1.);
#5706 = DIRECTION('',(1.,0.,0.));
#5707 = ORIENTED_EDGE('',*,*,#5540,.T.);
#5708 = ORIENTED_EDGE('',*,*,#4174,.T.);
#5709 = ORIENTED_EDGE('',*,*,#5710,.T.);
#5710 = EDGE_CURVE('',#4167,#5701,#5711,.T.);
#5711 = LINE('',#5712,#5713);
#5712 = CARTESIAN_POINT('',(-4.9,-20.73,1.325));
#5713 = VECTOR('',#5714,1.);
#5714 = DIRECTION('',(0.,0.,-1.));
#5715 = PLANE('',#5716);
#5716 = AXIS2_PLACEMENT_3D('',#5717,#5718,#5719);
#5717 = CARTESIAN_POINT('',(-8.98,-20.73,3.65));
#5718 = DIRECTION('',(0.,1.,0.));
#5719 = DIRECTION('',(0.,0.,1.));
#5720 = ADVANCED_FACE('',(#5721),#5748,.T.);
#5721 = FACE_BOUND('',#5722,.T.);
#5722 = EDGE_LOOP('',(#5723,#5731,#5732,#5733,#5734,#5742));
#5723 = ORIENTED_EDGE('',*,*,#5724,.F.);
#5724 = EDGE_CURVE('',#4354,#5725,#5727,.T.);
#5725 = VERTEX_POINT('',#5726);
#5726 = CARTESIAN_POINT('',(-4.9,-19.83,7.2));
#5727 = LINE('',#5728,#5729);
#5728 = CARTESIAN_POINT('',(-4.9,-23.25,7.2));
#5729 = VECTOR('',#5730,1.);
#5730 = DIRECTION('',(0.,1.,0.));
#5731 = ORIENTED_EDGE('',*,*,#4361,.T.);
#5732 = ORIENTED_EDGE('',*,*,#4166,.T.);
#5733 = ORIENTED_EDGE('',*,*,#5710,.T.);
#5734 = ORIENTED_EDGE('',*,*,#5735,.T.);
#5735 = EDGE_CURVE('',#5701,#5736,#5738,.T.);
#5736 = VERTEX_POINT('',#5737);
#5737 = CARTESIAN_POINT('',(-4.9,-19.83,3.65));
#5738 = LINE('',#5739,#5740);
#5739 = CARTESIAN_POINT('',(-4.9,-21.99,3.65));
#5740 = VECTOR('',#5741,1.);
#5741 = DIRECTION('',(0.,1.,0.));
#5742 = ORIENTED_EDGE('',*,*,#5743,.F.);
#5743 = EDGE_CURVE('',#5725,#5736,#5744,.T.);
#5744 = LINE('',#5745,#5746);
#5745 = CARTESIAN_POINT('',(-4.9,-19.83,-1.));
#5746 = VECTOR('',#5747,1.);
#5747 = DIRECTION('',(0.,0.,-1.));
#5748 = PLANE('',#5749);
#5749 = AXIS2_PLACEMENT_3D('',#5750,#5751,#5752);
#5750 = CARTESIAN_POINT('',(-4.9,-23.25,-1.));
#5751 = DIRECTION('',(1.,0.,0.));
#5752 = DIRECTION('',(0.,0.,1.));
#5753 = ADVANCED_FACE('',(#5754),#5772,.F.);
#5754 = FACE_BOUND('',#5755,.F.);
#5755 = EDGE_LOOP('',(#5756,#5757,#5758,#5766));
#5756 = ORIENTED_EDGE('',*,*,#5724,.F.);
#5757 = ORIENTED_EDGE('',*,*,#4353,.T.);
#5758 = ORIENTED_EDGE('',*,*,#5759,.T.);
#5759 = EDGE_CURVE('',#4346,#5760,#5762,.T.);
#5760 = VERTEX_POINT('',#5761);
#5761 = CARTESIAN_POINT('',(4.9,-19.83,7.2));
#5762 = LINE('',#5763,#5764);
#5763 = CARTESIAN_POINT('',(4.9,-23.25,7.2));
#5764 = VECTOR('',#5765,1.);
#5765 = DIRECTION('',(0.,1.,0.));
#5766 = ORIENTED_EDGE('',*,*,#5767,.F.);
#5767 = EDGE_CURVE('',#5725,#5760,#5768,.T.);
#5768 = LINE('',#5769,#5770);
#5769 = CARTESIAN_POINT('',(-6.49,-19.83,7.2));
#5770 = VECTOR('',#5771,1.);
#5771 = DIRECTION('',(1.,0.,0.));
#5772 = PLANE('',#5773);
#5773 = AXIS2_PLACEMENT_3D('',#5774,#5775,#5776);
#5774 = CARTESIAN_POINT('',(-4.9,-23.25,7.2));
#5775 = DIRECTION('',(0.,0.,1.));
#5776 = DIRECTION('',(1.,0.,0.));
#5777 = ADVANCED_FACE('',(#5778),#5812,.F.);
#5778 = FACE_BOUND('',#5779,.F.);
#5779 = EDGE_LOOP('',(#5780,#5781,#5782,#5790,#5798,#5806));
#5780 = ORIENTED_EDGE('',*,*,#5759,.F.);
#5781 = ORIENTED_EDGE('',*,*,#4345,.T.);
#5782 = ORIENTED_EDGE('',*,*,#5783,.T.);
#5783 = EDGE_CURVE('',#4338,#5784,#5786,.T.);
#5784 = VERTEX_POINT('',#5785);
#5785 = CARTESIAN_POINT('',(4.9,-20.73,4.7));
#5786 = LINE('',#5787,#5788);
#5787 = CARTESIAN_POINT('',(4.9,-22.75,4.7));
#5788 = VECTOR('',#5789,1.);
#5789 = DIRECTION('',(0.,1.,0.));
#5790 = ORIENTED_EDGE('',*,*,#5791,.T.);
#5791 = EDGE_CURVE('',#5784,#5792,#5794,.T.);
#5792 = VERTEX_POINT('',#5793);
#5793 = CARTESIAN_POINT('',(4.9,-20.73,3.65));
#5794 = LINE('',#5795,#5796);
#5795 = CARTESIAN_POINT('',(4.9,-20.73,1.325));
#5796 = VECTOR('',#5797,1.);
#5797 = DIRECTION('',(0.,0.,-1.));
#5798 = ORIENTED_EDGE('',*,*,#5799,.T.);
#5799 = EDGE_CURVE('',#5792,#5800,#5802,.T.);
#5800 = VERTEX_POINT('',#5801);
#5801 = CARTESIAN_POINT('',(4.9,-19.83,3.65));
#5802 = LINE('',#5803,#5804);
#5803 = CARTESIAN_POINT('',(4.9,-21.99,3.65));
#5804 = VECTOR('',#5805,1.);
#5805 = DIRECTION('',(0.,1.,0.));
#5806 = ORIENTED_EDGE('',*,*,#5807,.F.);
#5807 = EDGE_CURVE('',#5760,#5800,#5808,.T.);
#5808 = LINE('',#5809,#5810);
#5809 = CARTESIAN_POINT('',(4.9,-19.83,-1.));
#5810 = VECTOR('',#5811,1.);
#5811 = DIRECTION('',(0.,0.,-1.));
#5812 = PLANE('',#5813);
#5813 = AXIS2_PLACEMENT_3D('',#5814,#5815,#5816);
#5814 = CARTESIAN_POINT('',(4.9,-23.25,-1.));
#5815 = DIRECTION('',(1.,0.,0.));
#5816 = DIRECTION('',(0.,0.,1.));
#5817 = ADVANCED_FACE('',(#5818),#5847,.F.);
#5818 = FACE_BOUND('',#5819,.F.);
#5819 = EDGE_LOOP('',(#5820,#5821,#5822,#5823,#5824,#5833,#5841));
#5820 = ORIENTED_EDGE('',*,*,#5783,.F.);
#5821 = ORIENTED_EDGE('',*,*,#4337,.T.);
#5822 = ORIENTED_EDGE('',*,*,#4440,.F.);
#5823 = ORIENTED_EDGE('',*,*,#4492,.T.);
#5824 = ORIENTED_EDGE('',*,*,#5825,.F.);
#5825 = EDGE_CURVE('',#5826,#4493,#5828,.T.);
#5826 = VERTEX_POINT('',#5827);
#5827 = CARTESIAN_POINT('',(8.98,20.050054054449,4.7));
#5828 = CIRCLE('',#5829,4.);
#5829 = AXIS2_PLACEMENT_3D('',#5830,#5831,#5832);
#5830 = CARTESIAN_POINT('',(10.5,23.75,4.7));
#5831 = DIRECTION('',(0.,0.,1.));
#5832 = DIRECTION('',(1.,0.,0.));
#5833 = ORIENTED_EDGE('',*,*,#5834,.F.);
#5834 = EDGE_CURVE('',#5835,#5826,#5837,.T.);
#5835 = VERTEX_POINT('',#5836);
#5836 = CARTESIAN_POINT('',(8.98,-20.73,4.7));
#5837 = LINE('',#5838,#5839);
#5838 = CARTESIAN_POINT('',(8.98,-20.73,4.7));
#5839 = VECTOR('',#5840,1.);
#5840 = DIRECTION('',(0.,1.,0.));
#5841 = ORIENTED_EDGE('',*,*,#5842,.F.);
#5842 = EDGE_CURVE('',#5784,#5835,#5843,.T.);
#5843 = LINE('',#5844,#5845);
#5844 = CARTESIAN_POINT('',(-8.98,-20.73,4.7));
#5845 = VECTOR('',#5846,1.);
#5846 = DIRECTION('',(1.,0.,0.));
#5847 = PLANE('',#5848);
#5848 = AXIS2_PLACEMENT_3D('',#5849,#5850,#5851);
#5849 = CARTESIAN_POINT('',(-10.5,-22.25,4.7));
#5850 = DIRECTION('',(0.,0.,1.));
#5851 = DIRECTION('',(1.,0.,0.));
#5852 = ADVANCED_FACE('',(#5853),#5871,.F.);
#5853 = FACE_BOUND('',#5854,.F.);
#5854 = EDGE_LOOP('',(#5855,#5856,#5864,#5870));
#5855 = ORIENTED_EDGE('',*,*,#5476,.F.);
#5856 = ORIENTED_EDGE('',*,*,#5857,.T.);
#5857 = EDGE_CURVE('',#5477,#5858,#5860,.T.);
#5858 = VERTEX_POINT('',#5859);
#5859 = CARTESIAN_POINT('',(-6.25,19.83,5.6));
#5860 = LINE('',#5861,#5862);
#5861 = CARTESIAN_POINT('',(-7.84,19.83,5.6));
#5862 = VECTOR('',#5863,1.);
#5863 = DIRECTION('',(1.,0.,0.));
#5864 = ORIENTED_EDGE('',*,*,#5865,.F.);
#5865 = EDGE_CURVE('',#4411,#5858,#5866,.T.);
#5866 = LINE('',#5867,#5868);
#5867 = CARTESIAN_POINT('',(-6.25,16.625,5.6));
#5868 = VECTOR('',#5869,1.);
#5869 = DIRECTION('',(0.,-1.,0.));
#5870 = ORIENTED_EDGE('',*,*,#4418,.F.);
#5871 = PLANE('',#5872);
#5872 = AXIS2_PLACEMENT_3D('',#5873,#5874,#5875);
#5873 = CARTESIAN_POINT('',(-7.6,16.,5.6));
#5874 = DIRECTION('',(0.,0.,1.));
#5875 = DIRECTION('',(1.,0.,0.));
#5876 = ADVANCED_FACE('',(#5877),#5895,.T.);
#5877 = FACE_BOUND('',#5878,.T.);
#5878 = EDGE_LOOP('',(#5879,#5887,#5893,#5894));
#5879 = ORIENTED_EDGE('',*,*,#5880,.F.);
#5880 = EDGE_CURVE('',#5881,#4403,#5883,.T.);
#5881 = VERTEX_POINT('',#5882);
#5882 = CARTESIAN_POINT('',(-6.25,19.83,5.9));
#5883 = LINE('',#5884,#5885);
#5884 = CARTESIAN_POINT('',(-6.25,17.25,5.9));
#5885 = VECTOR('',#5886,1.);
#5886 = DIRECTION('',(0.,1.,0.));
#5887 = ORIENTED_EDGE('',*,*,#5888,.T.);
#5888 = EDGE_CURVE('',#5881,#5858,#5889,.T.);
#5889 = LINE('',#5890,#5891);
#5890 = CARTESIAN_POINT('',(-6.25,19.83,-1.));
#5891 = VECTOR('',#5892,1.);
#5892 = DIRECTION('',(0.,0.,-1.));
#5893 = ORIENTED_EDGE('',*,*,#5865,.F.);
#5894 = ORIENTED_EDGE('',*,*,#4410,.F.);
#5895 = PLANE('',#5896);
#5896 = AXIS2_PLACEMENT_3D('',#5897,#5898,#5899);
#5897 = CARTESIAN_POINT('',(-6.25,17.25,-1.));
#5898 = DIRECTION('',(1.,0.,0.));
#5899 = DIRECTION('',(0.,0.,1.));
#5900 = ADVANCED_FACE('',(#5901),#5919,.F.);
#5901 = FACE_BOUND('',#5902,.F.);
#5902 = EDGE_LOOP('',(#5903,#5904,#5912,#5918));
#5903 = ORIENTED_EDGE('',*,*,#5880,.F.);
#5904 = ORIENTED_EDGE('',*,*,#5905,.T.);
#5905 = EDGE_CURVE('',#5881,#5906,#5908,.T.);
#5906 = VERTEX_POINT('',#5907);
#5907 = CARTESIAN_POINT('',(6.25,19.83,5.9));
#5908 = LINE('',#5909,#5910);
#5909 = CARTESIAN_POINT('',(-7.165,19.83,5.9));
#5910 = VECTOR('',#5911,1.);
#5911 = DIRECTION('',(1.,0.,0.));
#5912 = ORIENTED_EDGE('',*,*,#5913,.T.);
#5913 = EDGE_CURVE('',#5906,#4395,#5914,.T.);
#5914 = LINE('',#5915,#5916);
#5915 = CARTESIAN_POINT('',(6.25,17.25,5.9));
#5916 = VECTOR('',#5917,1.);
#5917 = DIRECTION('',(0.,1.,0.));
#5918 = ORIENTED_EDGE('',*,*,#4402,.F.);
#5919 = PLANE('',#5920);
#5920 = AXIS2_PLACEMENT_3D('',#5921,#5922,#5923);
#5921 = CARTESIAN_POINT('',(-6.25,17.25,5.9));
#5922 = DIRECTION('',(0.,0.,1.));
#5923 = DIRECTION('',(1.,0.,0.));
#5924 = ADVANCED_FACE('',(#5925),#5943,.F.);
#5925 = FACE_BOUND('',#5926,.F.);
#5926 = EDGE_LOOP('',(#5927,#5928,#5936,#5942));
#5927 = ORIENTED_EDGE('',*,*,#5913,.F.);
#5928 = ORIENTED_EDGE('',*,*,#5929,.T.);
#5929 = EDGE_CURVE('',#5906,#5930,#5932,.T.);
#5930 = VERTEX_POINT('',#5931);
#5931 = CARTESIAN_POINT('',(6.25,19.83,5.6));
#5932 = LINE('',#5933,#5934);
#5933 = CARTESIAN_POINT('',(6.25,19.83,-1.));
#5934 = VECTOR('',#5935,1.);
#5935 = DIRECTION('',(0.,0.,-1.));
#5936 = ORIENTED_EDGE('',*,*,#5937,.F.);
#5937 = EDGE_CURVE('',#4387,#5930,#5938,.T.);
#5938 = LINE('',#5939,#5940);
#5939 = CARTESIAN_POINT('',(6.25,16.625,5.6));
#5940 = VECTOR('',#5941,1.);
#5941 = DIRECTION('',(0.,-1.,0.));
#5942 = ORIENTED_EDGE('',*,*,#4394,.F.);
#5943 = PLANE('',#5944);
#5944 = AXIS2_PLACEMENT_3D('',#5945,#5946,#5947);
#5945 = CARTESIAN_POINT('',(6.25,17.25,-1.));
#5946 = DIRECTION('',(1.,0.,0.));
#5947 = DIRECTION('',(0.,0.,1.));
#5948 = ADVANCED_FACE('',(#5949),#5983,.F.);
#5949 = FACE_BOUND('',#5950,.F.);
#5950 = EDGE_LOOP('',(#5951,#5959,#5967,#5975,#5981,#5982));
#5951 = ORIENTED_EDGE('',*,*,#5952,.T.);
#5952 = EDGE_CURVE('',#5930,#5953,#5955,.T.);
#5953 = VERTEX_POINT('',#5954);
#5954 = CARTESIAN_POINT('',(7.6,19.83,5.6));
#5955 = LINE('',#5956,#5957);
#5956 = CARTESIAN_POINT('',(-7.84,19.83,5.6));
#5957 = VECTOR('',#5958,1.);
#5958 = DIRECTION('',(1.,0.,0.));
#5959 = ORIENTED_EDGE('',*,*,#5960,.T.);
#5960 = EDGE_CURVE('',#5953,#5961,#5963,.T.);
#5961 = VERTEX_POINT('',#5962);
#5962 = CARTESIAN_POINT('',(7.6,23.,5.6));
#5963 = LINE('',#5964,#5965);
#5964 = CARTESIAN_POINT('',(7.6,16.,5.6));
#5965 = VECTOR('',#5966,1.);
#5966 = DIRECTION('',(0.,1.,0.));
#5967 = ORIENTED_EDGE('',*,*,#5968,.F.);
#5968 = EDGE_CURVE('',#5969,#5961,#5971,.T.);
#5969 = VERTEX_POINT('',#5970);
#5970 = CARTESIAN_POINT('',(6.5,23.,5.6));
#5971 = LINE('',#5972,#5973);
#5972 = CARTESIAN_POINT('',(-7.6,23.,5.6));
#5973 = VECTOR('',#5974,1.);
#5974 = DIRECTION('',(1.,0.,0.));
#5975 = ORIENTED_EDGE('',*,*,#5976,.T.);
#5976 = EDGE_CURVE('',#5969,#4379,#5977,.T.);
#5977 = LINE('',#5978,#5979);
#5978 = CARTESIAN_POINT('',(6.5,18.125,5.6));
#5979 = VECTOR('',#5980,1.);
#5980 = DIRECTION('',(0.,-1.,0.));
#5981 = ORIENTED_EDGE('',*,*,#4386,.F.);
#5982 = ORIENTED_EDGE('',*,*,#5937,.T.);
#5983 = PLANE('',#5984);
#5984 = AXIS2_PLACEMENT_3D('',#5985,#5986,#5987);
#5985 = CARTESIAN_POINT('',(-7.6,16.,5.6));
#5986 = DIRECTION('',(0.,0.,1.));
#5987 = DIRECTION('',(1.,0.,0.));
#5988 = ADVANCED_FACE('',(#5989),#6023,.F.);
#5989 = FACE_BOUND('',#5990,.F.);
#5990 = EDGE_LOOP('',(#5991,#5999,#6000,#6001,#6009,#6017));
#5991 = ORIENTED_EDGE('',*,*,#5992,.F.);
#5992 = EDGE_CURVE('',#3780,#5993,#5995,.T.);
#5993 = VERTEX_POINT('',#5994);
#5994 = CARTESIAN_POINT('',(6.5,23.75,9.4));
#5995 = LINE('',#5996,#5997);
#5996 = CARTESIAN_POINT('',(6.5,20.25,9.4));
#5997 = VECTOR('',#5998,1.);
#5998 = DIRECTION('',(0.,1.,0.));
#5999 = ORIENTED_EDGE('',*,*,#4378,.T.);
#6000 = ORIENTED_EDGE('',*,*,#5976,.F.);
#6001 = ORIENTED_EDGE('',*,*,#6002,.F.);
#6002 = EDGE_CURVE('',#6003,#5969,#6005,.T.);
#6003 = VERTEX_POINT('',#6004);
#6004 = CARTESIAN_POINT('',(6.5,23.,4.7));
#6005 = LINE('',#6006,#6007);
#6006 = CARTESIAN_POINT('',(6.5,23.,1.85));
#6007 = VECTOR('',#6008,1.);
#6008 = DIRECTION('',(0.,0.,1.));
#6009 = ORIENTED_EDGE('',*,*,#6010,.T.);
#6010 = EDGE_CURVE('',#6003,#6011,#6013,.T.);
#6011 = VERTEX_POINT('',#6012);
#6012 = CARTESIAN_POINT('',(6.5,23.75,4.7));
#6013 = LINE('',#6014,#6015);
#6014 = CARTESIAN_POINT('',(6.5,20.25,4.7));
#6015 = VECTOR('',#6016,1.);
#6016 = DIRECTION('',(0.,1.,0.));
#6017 = ORIENTED_EDGE('',*,*,#6018,.T.);
#6018 = EDGE_CURVE('',#6011,#5993,#6019,.T.);
#6019 = LINE('',#6020,#6021);
#6020 = CARTESIAN_POINT('',(6.5,23.75,4.7));
#6021 = VECTOR('',#6022,1.);
#6022 = DIRECTION('',(0.,0.,1.));
#6023 = PLANE('',#6024);
#6024 = AXIS2_PLACEMENT_3D('',#6025,#6026,#6027);
#6025 = CARTESIAN_POINT('',(6.5,20.25,4.7));
#6026 = DIRECTION('',(1.,0.,0.));
#6027 = DIRECTION('',(0.,0.,1.));
#6028 = ADVANCED_FACE('',(#6029),#6040,.T.);
#6029 = FACE_BOUND('',#6030,.T.);
#6030 = EDGE_LOOP('',(#6031,#6032,#6033));
#6031 = ORIENTED_EDGE('',*,*,#5992,.F.);
#6032 = ORIENTED_EDGE('',*,*,#4465,.T.);
#6033 = ORIENTED_EDGE('',*,*,#6034,.F.);
#6034 = EDGE_CURVE('',#5993,#4466,#6035,.T.);
#6035 = CIRCLE('',#6036,4.);
#6036 = AXIS2_PLACEMENT_3D('',#6037,#6038,#6039);
#6037 = CARTESIAN_POINT('',(10.5,23.75,9.4));
#6038 = DIRECTION('',(0.,0.,1.));
#6039 = DIRECTION('',(1.,0.,0.));
#6040 = PLANE('',#6041);
#6041 = AXIS2_PLACEMENT_3D('',#6042,#6043,#6044);
#6042 = CARTESIAN_POINT('',(6.5,20.25,9.4));
#6043 = DIRECTION('',(0.,0.,1.));
#6044 = DIRECTION('',(1.,0.,0.));
#6045 = ADVANCED_FACE('',(#6046),#6065,.T.);
#6046 = FACE_BOUND('',#6047,.T.);
#6047 = EDGE_LOOP('',(#6048,#6056,#6057,#6058));
#6048 = ORIENTED_EDGE('',*,*,#6049,.F.);
#6049 = EDGE_CURVE('',#4466,#6050,#6052,.T.);
#6050 = VERTEX_POINT('',#6051);
#6051 = CARTESIAN_POINT('',(8.5,22.25,9.4));
#6052 = LINE('',#6053,#6054);
#6053 = CARTESIAN_POINT('',(-10.5,22.25,9.4));
#6054 = VECTOR('',#6055,1.);
#6055 = DIRECTION('',(1.,0.,0.));
#6056 = ORIENTED_EDGE('',*,*,#4475,.T.);
#6057 = ORIENTED_EDGE('',*,*,#4514,.T.);
#6058 = ORIENTED_EDGE('',*,*,#6059,.T.);
#6059 = EDGE_CURVE('',#4515,#6050,#6060,.T.);
#6060 = CIRCLE('',#6061,2.);
#6061 = AXIS2_PLACEMENT_3D('',#6062,#6063,#6064);
#6062 = CARTESIAN_POINT('',(8.5,20.25,9.4));
#6063 = DIRECTION('',(-0.,0.,1.));
#6064 = DIRECTION('',(0.,-1.,0.));
#6065 = PLANE('',#6066);
#6066 = AXIS2_PLACEMENT_3D('',#6067,#6068,#6069);
#6067 = CARTESIAN_POINT('',(-10.5,-22.25,9.4));
#6068 = DIRECTION('',(0.,0.,1.));
#6069 = DIRECTION('',(1.,0.,0.));
#6070 = ADVANCED_FACE('',(#6071),#6098,.T.);
#6071 = FACE_BOUND('',#6072,.T.);
#6072 = EDGE_LOOP('',(#6073,#6082,#6090,#6097));
#6073 = ORIENTED_EDGE('',*,*,#6074,.T.);
#6074 = EDGE_CURVE('',#4493,#6075,#6077,.T.);
#6075 = VERTEX_POINT('',#6076);
#6076 = CARTESIAN_POINT('',(12.436491673104,20.25,4.7));
#6077 = CIRCLE('',#6078,4.);
#6078 = AXIS2_PLACEMENT_3D('',#6079,#6080,#6081);
#6079 = CARTESIAN_POINT('',(10.5,23.75,4.7));
#6080 = DIRECTION('',(0.,0.,1.));
#6081 = DIRECTION('',(1.,0.,0.));
#6082 = ORIENTED_EDGE('',*,*,#6083,.T.);
#6083 = EDGE_CURVE('',#6075,#6084,#6086,.T.);
#6084 = VERTEX_POINT('',#6085);
#6085 = CARTESIAN_POINT('',(12.436491673104,20.25,9.4));
#6086 = LINE('',#6087,#6088);
#6087 = CARTESIAN_POINT('',(12.436491673104,20.25,4.7));
#6088 = VECTOR('',#6089,1.);
#6089 = DIRECTION('',(0.,0.,1.));
#6090 = ORIENTED_EDGE('',*,*,#6091,.F.);
#6091 = EDGE_CURVE('',#3755,#6084,#6092,.T.);
#6092 = CIRCLE('',#6093,4.);
#6093 = AXIS2_PLACEMENT_3D('',#6094,#6095,#6096);
#6094 = CARTESIAN_POINT('',(10.5,23.75,9.4));
#6095 = DIRECTION('',(0.,0.,1.));
#6096 = DIRECTION('',(1.,0.,0.));
#6097 = ORIENTED_EDGE('',*,*,#4500,.F.);
#6098 = CYLINDRICAL_SURFACE('',#6099,4.);
#6099 = AXIS2_PLACEMENT_3D('',#6100,#6101,#6102);
#6100 = CARTESIAN_POINT('',(10.5,23.75,4.7));
#6101 = DIRECTION('',(0.,0.,1.));
#6102 = DIRECTION('',(1.,0.,0.));
#6103 = ADVANCED_FACE('',(#6104),#6114,.T.);
#6104 = FACE_BOUND('',#6105,.T.);
#6105 = EDGE_LOOP('',(#6106,#6107,#6108));
#6106 = ORIENTED_EDGE('',*,*,#4523,.F.);
#6107 = ORIENTED_EDGE('',*,*,#6091,.T.);
#6108 = ORIENTED_EDGE('',*,*,#6109,.F.);
#6109 = EDGE_CURVE('',#4515,#6084,#6110,.T.);
#6110 = LINE('',#6111,#6112);
#6111 = CARTESIAN_POINT('',(6.5,20.25,9.4));
#6112 = VECTOR('',#6113,1.);
#6113 = DIRECTION('',(1.,0.,0.));
#6114 = PLANE('',#6115);
#6115 = AXIS2_PLACEMENT_3D('',#6116,#6117,#6118);
#6116 = CARTESIAN_POINT('',(10.5,23.75,9.4));
#6117 = DIRECTION('',(0.,0.,1.));
#6118 = DIRECTION('',(1.,0.,0.));
#6119 = ADVANCED_FACE('',(#6120,#6180,#6183,#6186,#6189,#6199),#6209,.F.
  );
#6120 = FACE_BOUND('',#6121,.F.);
#6121 = EDGE_LOOP('',(#6122,#6130,#6138,#6144,#6145,#6146,#6147,#6148,
    #6149,#6150,#6151,#6159,#6167,#6173,#6174,#6175,#6176,#6177,#6178,
    #6179));
#6122 = ORIENTED_EDGE('',*,*,#6123,.F.);
#6123 = EDGE_CURVE('',#6124,#4555,#6126,.T.);
#6124 = VERTEX_POINT('',#6125);
#6125 = CARTESIAN_POINT('',(-8.08,-19.83,8.2));
#6126 = LINE('',#6127,#6128);
#6127 = CARTESIAN_POINT('',(-8.08,-19.83,8.2));
#6128 = VECTOR('',#6129,1.);
#6129 = DIRECTION('',(0.,1.,0.));
#6130 = ORIENTED_EDGE('',*,*,#6131,.T.);
#6131 = EDGE_CURVE('',#6124,#6132,#6134,.T.);
#6132 = VERTEX_POINT('',#6133);
#6133 = CARTESIAN_POINT('',(8.08,-19.83,8.2));
#6134 = LINE('',#6135,#6136);
#6135 = CARTESIAN_POINT('',(-8.08,-19.83,8.2));
#6136 = VECTOR('',#6137,1.);
#6137 = DIRECTION('',(1.,0.,0.));
#6138 = ORIENTED_EDGE('',*,*,#6139,.T.);
#6139 = EDGE_CURVE('',#6132,#4940,#6140,.T.);
#6140 = LINE('',#6141,#6142);
#6141 = CARTESIAN_POINT('',(8.08,-19.83,8.2));
#6142 = VECTOR('',#6143,1.);
#6143 = DIRECTION('',(0.,1.,0.));
#6144 = ORIENTED_EDGE('',*,*,#4947,.F.);
#6145 = ORIENTED_EDGE('',*,*,#4873,.T.);
#6146 = ORIENTED_EDGE('',*,*,#4825,.F.);
#6147 = ORIENTED_EDGE('',*,*,#4851,.T.);
#6148 = ORIENTED_EDGE('',*,*,#4898,.F.);
#6149 = ORIENTED_EDGE('',*,*,#4964,.F.);
#6150 = ORIENTED_EDGE('',*,*,#5030,.F.);
#6151 = ORIENTED_EDGE('',*,*,#6152,.T.);
#6152 = EDGE_CURVE('',#5023,#6153,#6155,.T.);
#6153 = VERTEX_POINT('',#6154);
#6154 = CARTESIAN_POINT('',(8.08,19.83,8.2));
#6155 = LINE('',#6156,#6157);
#6156 = CARTESIAN_POINT('',(8.08,-19.83,8.2));
#6157 = VECTOR('',#6158,1.);
#6158 = DIRECTION('',(0.,1.,0.));
#6159 = ORIENTED_EDGE('',*,*,#6160,.F.);
#6160 = EDGE_CURVE('',#6161,#6153,#6163,.T.);
#6161 = VERTEX_POINT('',#6162);
#6162 = CARTESIAN_POINT('',(-8.08,19.83,8.2));
#6163 = LINE('',#6164,#6165);
#6164 = CARTESIAN_POINT('',(-8.08,19.83,8.2));
#6165 = VECTOR('',#6166,1.);
#6166 = DIRECTION('',(1.,0.,0.));
#6167 = ORIENTED_EDGE('',*,*,#6168,.F.);
#6168 = EDGE_CURVE('',#4645,#6161,#6169,.T.);
#6169 = LINE('',#6170,#6171);
#6170 = CARTESIAN_POINT('',(-8.08,-19.83,8.2));
#6171 = VECTOR('',#6172,1.);
#6172 = DIRECTION('',(0.,1.,0.));
#6173 = ORIENTED_EDGE('',*,*,#4652,.F.);
#6174 = ORIENTED_EDGE('',*,*,#4701,.F.);
#6175 = ORIENTED_EDGE('',*,*,#4750,.F.);
#6176 = ORIENTED_EDGE('',*,*,#4727,.F.);
#6177 = ORIENTED_EDGE('',*,*,#4684,.F.);
#6178 = ORIENTED_EDGE('',*,*,#4610,.T.);
#6179 = ORIENTED_EDGE('',*,*,#4562,.F.);
#6180 = FACE_BOUND('',#6181,.F.);
#6181 = EDGE_LOOP('',(#6182));
#6182 = ORIENTED_EDGE('',*,*,#4801,.F.);
#6183 = FACE_BOUND('',#6184,.F.);
#6184 = EDGE_LOOP('',(#6185));
#6185 = ORIENTED_EDGE('',*,*,#4776,.F.);
#6186 = FACE_BOUND('',#6187,.F.);
#6187 = EDGE_LOOP('',(#6188));
#6188 = ORIENTED_EDGE('',*,*,#5056,.F.);
#6189 = FACE_BOUND('',#6190,.F.);
#6190 = EDGE_LOOP('',(#6191,#6192,#6193,#6194,#6195,#6196,#6197,#6198));
#6191 = ORIENTED_EDGE('',*,*,#5080,.F.);
#6192 = ORIENTED_EDGE('',*,*,#5106,.T.);
#6193 = ORIENTED_EDGE('',*,*,#5153,.F.);
#6194 = ORIENTED_EDGE('',*,*,#5202,.F.);
#6195 = ORIENTED_EDGE('',*,*,#5251,.F.);
#6196 = ORIENTED_EDGE('',*,*,#5228,.F.);
#6197 = ORIENTED_EDGE('',*,*,#5185,.F.);
#6198 = ORIENTED_EDGE('',*,*,#5128,.T.);
#6199 = FACE_BOUND('',#6200,.F.);
#6200 = EDGE_LOOP('',(#6201,#6202,#6203,#6204,#6205,#6206,#6207,#6208));
#6201 = ORIENTED_EDGE('',*,*,#5276,.F.);
#6202 = ORIENTED_EDGE('',*,*,#5449,.T.);
#6203 = ORIENTED_EDGE('',*,*,#5430,.F.);
#6204 = ORIENTED_EDGE('',*,*,#5398,.F.);
#6205 = ORIENTED_EDGE('',*,*,#5374,.F.);
#6206 = ORIENTED_EDGE('',*,*,#5351,.F.);
#6207 = ORIENTED_EDGE('',*,*,#5332,.F.);
#6208 = ORIENTED_EDGE('',*,*,#5300,.T.);
#6209 = PLANE('',#6210);
#6210 = AXIS2_PLACEMENT_3D('',#6211,#6212,#6213);
#6211 = CARTESIAN_POINT('',(-8.08,-19.83,8.2));
#6212 = DIRECTION('',(0.,0.,1.));
#6213 = DIRECTION('',(1.,0.,0.));
#6214 = ADVANCED_FACE('',(#6215),#6233,.T.);
#6215 = FACE_BOUND('',#6216,.T.);
#6216 = EDGE_LOOP('',(#6217,#6225,#6231,#6232));
#6217 = ORIENTED_EDGE('',*,*,#6218,.F.);
#6218 = EDGE_CURVE('',#6219,#6124,#6221,.T.);
#6219 = VERTEX_POINT('',#6220);
#6220 = CARTESIAN_POINT('',(-8.08,-19.83,3.65));
#6221 = LINE('',#6222,#6223);
#6222 = CARTESIAN_POINT('',(-8.08,-19.83,-1.));
#6223 = VECTOR('',#6224,1.);
#6224 = DIRECTION('',(0.,0.,1.));
#6225 = ORIENTED_EDGE('',*,*,#6226,.T.);
#6226 = EDGE_CURVE('',#6219,#4546,#6227,.T.);
#6227 = LINE('',#6228,#6229);
#6228 = CARTESIAN_POINT('',(-8.08,-20.28,3.65));
#6229 = VECTOR('',#6230,1.);
#6230 = DIRECTION('',(0.,1.,0.));
#6231 = ORIENTED_EDGE('',*,*,#4554,.T.);
#6232 = ORIENTED_EDGE('',*,*,#6123,.F.);
#6233 = PLANE('',#6234);
#6234 = AXIS2_PLACEMENT_3D('',#6235,#6236,#6237);
#6235 = CARTESIAN_POINT('',(-8.08,-19.83,-1.));
#6236 = DIRECTION('',(1.,0.,0.));
#6237 = DIRECTION('',(0.,0.,1.));
#6238 = ADVANCED_FACE('',(#6239),#6270,.F.);
#6239 = FACE_BOUND('',#6240,.F.);
#6240 = EDGE_LOOP('',(#6241,#6242,#6243,#6244,#6245,#6251,#6252,#6253,
    #6254,#6255,#6263,#6269));
#6241 = ORIENTED_EDGE('',*,*,#5516,.F.);
#6242 = ORIENTED_EDGE('',*,*,#5548,.F.);
#6243 = ORIENTED_EDGE('',*,*,#5700,.T.);
#6244 = ORIENTED_EDGE('',*,*,#5735,.T.);
#6245 = ORIENTED_EDGE('',*,*,#6246,.T.);
#6246 = EDGE_CURVE('',#5736,#6219,#6247,.T.);
#6247 = LINE('',#6248,#6249);
#6248 = CARTESIAN_POINT('',(-8.53,-19.83,3.65));
#6249 = VECTOR('',#6250,1.);
#6250 = DIRECTION('',(-1.,0.,0.));
#6251 = ORIENTED_EDGE('',*,*,#6226,.T.);
#6252 = ORIENTED_EDGE('',*,*,#4545,.F.);
#6253 = ORIENTED_EDGE('',*,*,#4588,.T.);
#6254 = ORIENTED_EDGE('',*,*,#4635,.F.);
#6255 = ORIENTED_EDGE('',*,*,#6256,.T.);
#6256 = EDGE_CURVE('',#4636,#6257,#6259,.T.);
#6257 = VERTEX_POINT('',#6258);
#6258 = CARTESIAN_POINT('',(-8.08,19.83,3.65));
#6259 = LINE('',#6260,#6261);
#6260 = CARTESIAN_POINT('',(-8.08,-20.28,3.65));
#6261 = VECTOR('',#6262,1.);
#6262 = DIRECTION('',(0.,1.,0.));
#6263 = ORIENTED_EDGE('',*,*,#6264,.F.);
#6264 = EDGE_CURVE('',#5485,#6257,#6265,.T.);
#6265 = LINE('',#6266,#6267);
#6266 = CARTESIAN_POINT('',(-8.53,19.83,3.65));
#6267 = VECTOR('',#6268,1.);
#6268 = DIRECTION('',(-1.,0.,0.));
#6269 = ORIENTED_EDGE('',*,*,#5492,.T.);
#6270 = PLANE('',#6271);
#6271 = AXIS2_PLACEMENT_3D('',#6272,#6273,#6274);
#6272 = CARTESIAN_POINT('',(-8.98,-20.73,3.65));
#6273 = DIRECTION('',(0.,0.,1.));
#6274 = DIRECTION('',(1.,0.,0.));
#6275 = ADVANCED_FACE('',(#6276),#6287,.T.);
#6276 = FACE_BOUND('',#6277,.T.);
#6277 = EDGE_LOOP('',(#6278,#6279,#6280,#6286));
#6278 = ORIENTED_EDGE('',*,*,#4644,.F.);
#6279 = ORIENTED_EDGE('',*,*,#6256,.T.);
#6280 = ORIENTED_EDGE('',*,*,#6281,.T.);
#6281 = EDGE_CURVE('',#6257,#6161,#6282,.T.);
#6282 = LINE('',#6283,#6284);
#6283 = CARTESIAN_POINT('',(-8.08,19.83,-1.));
#6284 = VECTOR('',#6285,1.);
#6285 = DIRECTION('',(0.,0.,1.));
#6286 = ORIENTED_EDGE('',*,*,#6168,.F.);
#6287 = PLANE('',#6288);
#6288 = AXIS2_PLACEMENT_3D('',#6289,#6290,#6291);
#6289 = CARTESIAN_POINT('',(-8.08,-19.83,-1.));
#6290 = DIRECTION('',(1.,0.,0.));
#6291 = DIRECTION('',(0.,0.,1.));
#6292 = ADVANCED_FACE('',(#6293),#6311,.F.);
#6293 = FACE_BOUND('',#6294,.F.);
#6294 = EDGE_LOOP('',(#6295,#6303,#6309,#6310));
#6295 = ORIENTED_EDGE('',*,*,#6296,.F.);
#6296 = EDGE_CURVE('',#6297,#6132,#6299,.T.);
#6297 = VERTEX_POINT('',#6298);
#6298 = CARTESIAN_POINT('',(8.08,-19.83,3.65));
#6299 = LINE('',#6300,#6301);
#6300 = CARTESIAN_POINT('',(8.08,-19.83,-1.));
#6301 = VECTOR('',#6302,1.);
#6302 = DIRECTION('',(0.,0.,1.));
#6303 = ORIENTED_EDGE('',*,*,#6304,.T.);
#6304 = EDGE_CURVE('',#6297,#4931,#6305,.T.);
#6305 = LINE('',#6306,#6307);
#6306 = CARTESIAN_POINT('',(8.08,-20.28,3.65));
#6307 = VECTOR('',#6308,1.);
#6308 = DIRECTION('',(0.,1.,0.));
#6309 = ORIENTED_EDGE('',*,*,#4939,.T.);
#6310 = ORIENTED_EDGE('',*,*,#6139,.F.);
#6311 = PLANE('',#6312);
#6312 = AXIS2_PLACEMENT_3D('',#6313,#6314,#6315);
#6313 = CARTESIAN_POINT('',(8.08,-19.83,-1.));
#6314 = DIRECTION('',(1.,0.,0.));
#6315 = DIRECTION('',(0.,0.,1.));
#6316 = ADVANCED_FACE('',(#6317),#6376,.F.);
#6317 = FACE_BOUND('',#6318,.F.);
#6318 = EDGE_LOOP('',(#6319,#6329,#6337,#6345,#6351,#6352,#6353,#6354,
    #6355,#6361,#6362,#6370));
#6319 = ORIENTED_EDGE('',*,*,#6320,.F.);
#6320 = EDGE_CURVE('',#6321,#6323,#6325,.T.);
#6321 = VERTEX_POINT('',#6322);
#6322 = CARTESIAN_POINT('',(7.6,20.73,3.65));
#6323 = VERTEX_POINT('',#6324);
#6324 = CARTESIAN_POINT('',(8.98,20.73,3.65));
#6325 = LINE('',#6326,#6327);
#6326 = CARTESIAN_POINT('',(-8.98,20.73,3.65));
#6327 = VECTOR('',#6328,1.);
#6328 = DIRECTION('',(1.,0.,0.));
#6329 = ORIENTED_EDGE('',*,*,#6330,.F.);
#6330 = EDGE_CURVE('',#6331,#6321,#6333,.T.);
#6331 = VERTEX_POINT('',#6332);
#6332 = CARTESIAN_POINT('',(7.6,19.83,3.65));
#6333 = LINE('',#6334,#6335);
#6334 = CARTESIAN_POINT('',(7.6,-2.365,3.65));
#6335 = VECTOR('',#6336,1.);
#6336 = DIRECTION('',(0.,1.,0.));
#6337 = ORIENTED_EDGE('',*,*,#6338,.F.);
#6338 = EDGE_CURVE('',#6339,#6331,#6341,.T.);
#6339 = VERTEX_POINT('',#6340);
#6340 = CARTESIAN_POINT('',(8.08,19.83,3.65));
#6341 = LINE('',#6342,#6343);
#6342 = CARTESIAN_POINT('',(-8.53,19.83,3.65));
#6343 = VECTOR('',#6344,1.);
#6344 = DIRECTION('',(-1.,0.,0.));
#6345 = ORIENTED_EDGE('',*,*,#6346,.F.);
#6346 = EDGE_CURVE('',#5014,#6339,#6347,.T.);
#6347 = LINE('',#6348,#6349);
#6348 = CARTESIAN_POINT('',(8.08,-20.28,3.65));
#6349 = VECTOR('',#6350,1.);
#6350 = DIRECTION('',(0.,1.,0.));
#6351 = ORIENTED_EDGE('',*,*,#5013,.F.);
#6352 = ORIENTED_EDGE('',*,*,#4990,.F.);
#6353 = ORIENTED_EDGE('',*,*,#4930,.F.);
#6354 = ORIENTED_EDGE('',*,*,#6304,.F.);
#6355 = ORIENTED_EDGE('',*,*,#6356,.T.);
#6356 = EDGE_CURVE('',#6297,#5800,#6357,.T.);
#6357 = LINE('',#6358,#6359);
#6358 = CARTESIAN_POINT('',(-8.53,-19.83,3.65));
#6359 = VECTOR('',#6360,1.);
#6360 = DIRECTION('',(-1.,0.,0.));
#6361 = ORIENTED_EDGE('',*,*,#5799,.F.);
#6362 = ORIENTED_EDGE('',*,*,#6363,.T.);
#6363 = EDGE_CURVE('',#5792,#6364,#6366,.T.);
#6364 = VERTEX_POINT('',#6365);
#6365 = CARTESIAN_POINT('',(8.98,-20.73,3.65));
#6366 = LINE('',#6367,#6368);
#6367 = CARTESIAN_POINT('',(-8.98,-20.73,3.65));
#6368 = VECTOR('',#6369,1.);
#6369 = DIRECTION('',(1.,0.,0.));
#6370 = ORIENTED_EDGE('',*,*,#6371,.T.);
#6371 = EDGE_CURVE('',#6364,#6323,#6372,.T.);
#6372 = LINE('',#6373,#6374);
#6373 = CARTESIAN_POINT('',(8.98,-20.73,3.65));
#6374 = VECTOR('',#6375,1.);
#6375 = DIRECTION('',(0.,1.,0.));
#6376 = PLANE('',#6377);
#6377 = AXIS2_PLACEMENT_3D('',#6378,#6379,#6380);
#6378 = CARTESIAN_POINT('',(-8.98,-20.73,3.65));
#6379 = DIRECTION('',(0.,0.,1.));
#6380 = DIRECTION('',(1.,0.,0.));
#6381 = ADVANCED_FACE('',(#6382),#6393,.F.);
#6382 = FACE_BOUND('',#6383,.F.);
#6383 = EDGE_LOOP('',(#6384,#6385,#6386,#6392));
#6384 = ORIENTED_EDGE('',*,*,#5022,.F.);
#6385 = ORIENTED_EDGE('',*,*,#6346,.T.);
#6386 = ORIENTED_EDGE('',*,*,#6387,.T.);
#6387 = EDGE_CURVE('',#6339,#6153,#6388,.T.);
#6388 = LINE('',#6389,#6390);
#6389 = CARTESIAN_POINT('',(8.08,19.83,-1.));
#6390 = VECTOR('',#6391,1.);
#6391 = DIRECTION('',(0.,0.,1.));
#6392 = ORIENTED_EDGE('',*,*,#6152,.F.);
#6393 = PLANE('',#6394);
#6394 = AXIS2_PLACEMENT_3D('',#6395,#6396,#6397);
#6395 = CARTESIAN_POINT('',(8.08,-19.83,-1.));
#6396 = DIRECTION('',(1.,0.,0.));
#6397 = DIRECTION('',(0.,0.,1.));
#6398 = ADVANCED_FACE('',(#6399),#6418,.F.);
#6399 = FACE_BOUND('',#6400,.F.);
#6400 = EDGE_LOOP('',(#6401,#6402,#6403,#6409,#6410,#6411,#6412,#6413,
    #6414,#6415,#6416,#6417));
#6401 = ORIENTED_EDGE('',*,*,#6387,.F.);
#6402 = ORIENTED_EDGE('',*,*,#6338,.T.);
#6403 = ORIENTED_EDGE('',*,*,#6404,.F.);
#6404 = EDGE_CURVE('',#5953,#6331,#6405,.T.);
#6405 = LINE('',#6406,#6407);
#6406 = CARTESIAN_POINT('',(7.6,19.83,-1.));
#6407 = VECTOR('',#6408,1.);
#6408 = DIRECTION('',(0.,0.,-1.));
#6409 = ORIENTED_EDGE('',*,*,#5952,.F.);
#6410 = ORIENTED_EDGE('',*,*,#5929,.F.);
#6411 = ORIENTED_EDGE('',*,*,#5905,.F.);
#6412 = ORIENTED_EDGE('',*,*,#5888,.T.);
#6413 = ORIENTED_EDGE('',*,*,#5857,.F.);
#6414 = ORIENTED_EDGE('',*,*,#5484,.T.);
#6415 = ORIENTED_EDGE('',*,*,#6264,.T.);
#6416 = ORIENTED_EDGE('',*,*,#6281,.T.);
#6417 = ORIENTED_EDGE('',*,*,#6160,.T.);
#6418 = PLANE('',#6419);
#6419 = AXIS2_PLACEMENT_3D('',#6420,#6421,#6422);
#6420 = CARTESIAN_POINT('',(-8.08,19.83,-1.));
#6421 = DIRECTION('',(0.,1.,0.));
#6422 = DIRECTION('',(0.,0.,1.));
#6423 = ADVANCED_FACE('',(#6424),#6449,.F.);
#6424 = FACE_BOUND('',#6425,.F.);
#6425 = EDGE_LOOP('',(#6426,#6427,#6435,#6443));
#6426 = ORIENTED_EDGE('',*,*,#5558,.T.);
#6427 = ORIENTED_EDGE('',*,*,#6428,.T.);
#6428 = EDGE_CURVE('',#5561,#6429,#6431,.T.);
#6429 = VERTEX_POINT('',#6430);
#6430 = CARTESIAN_POINT('',(-9.2,18.,4.15));
#6431 = LINE('',#6432,#6433);
#6432 = CARTESIAN_POINT('',(-8.98,18.,3.77));
#6433 = VECTOR('',#6434,1.);
#6434 = DIRECTION('',(-0.501036270542,0.,0.865426285481));
#6435 = ORIENTED_EDGE('',*,*,#6436,.F.);
#6436 = EDGE_CURVE('',#6437,#6429,#6439,.T.);
#6437 = VERTEX_POINT('',#6438);
#6438 = CARTESIAN_POINT('',(-9.2,14.,4.15));
#6439 = LINE('',#6440,#6441);
#6440 = CARTESIAN_POINT('',(-9.2,14.,4.15));
#6441 = VECTOR('',#6442,1.);
#6442 = DIRECTION('',(0.,1.,0.));
#6443 = ORIENTED_EDGE('',*,*,#6444,.F.);
#6444 = EDGE_CURVE('',#5559,#6437,#6445,.T.);
#6445 = LINE('',#6446,#6447);
#6446 = CARTESIAN_POINT('',(-8.98,14.,3.77));
#6447 = VECTOR('',#6448,1.);
#6448 = DIRECTION('',(-0.501036270542,0.,0.865426285481));
#6449 = PLANE('',#6450);
#6450 = AXIS2_PLACEMENT_3D('',#6451,#6452,#6453);
#6451 = CARTESIAN_POINT('',(-8.98,14.,3.77));
#6452 = DIRECTION('',(0.865426285481,0.,0.501036270542));
#6453 = DIRECTION('',(-0.501036270542,0.,0.865426285481));
#6454 = ADVANCED_FACE('',(#6455),#6465,.T.);
#6455 = FACE_BOUND('',#6456,.T.);
#6456 = EDGE_LOOP('',(#6457,#6458,#6464));
#6457 = ORIENTED_EDGE('',*,*,#6428,.T.);
#6458 = ORIENTED_EDGE('',*,*,#6459,.T.);
#6459 = EDGE_CURVE('',#6429,#5577,#6460,.T.);
#6460 = LINE('',#6461,#6462);
#6461 = CARTESIAN_POINT('',(-9.2,18.,4.15));
#6462 = VECTOR('',#6463,1.);
#6463 = DIRECTION('',(0.501036270542,0.,0.865426285481));
#6464 = ORIENTED_EDGE('',*,*,#5584,.T.);
#6465 = PLANE('',#6466);
#6466 = AXIS2_PLACEMENT_3D('',#6467,#6468,#6469);
#6467 = CARTESIAN_POINT('',(-9.038967754907,18.,4.15));
#6468 = DIRECTION('',(0.,1.,0.));
#6469 = DIRECTION('',(0.,0.,1.));
#6470 = ADVANCED_FACE('',(#6471),#6482,.F.);
#6471 = FACE_BOUND('',#6472,.F.);
#6472 = EDGE_LOOP('',(#6473,#6474,#6475,#6476));
#6473 = ORIENTED_EDGE('',*,*,#6436,.T.);
#6474 = ORIENTED_EDGE('',*,*,#6459,.T.);
#6475 = ORIENTED_EDGE('',*,*,#5576,.F.);
#6476 = ORIENTED_EDGE('',*,*,#6477,.F.);
#6477 = EDGE_CURVE('',#6437,#5569,#6478,.T.);
#6478 = LINE('',#6479,#6480);
#6479 = CARTESIAN_POINT('',(-9.2,14.,4.15));
#6480 = VECTOR('',#6481,1.);
#6481 = DIRECTION('',(0.501036270542,0.,0.865426285481));
#6482 = PLANE('',#6483);
#6483 = AXIS2_PLACEMENT_3D('',#6484,#6485,#6486);
#6484 = CARTESIAN_POINT('',(-9.2,14.,4.15));
#6485 = DIRECTION('',(0.865426285481,0.,-0.501036270542));
#6486 = DIRECTION('',(0.501036270542,0.,0.865426285481));
#6487 = ADVANCED_FACE('',(#6488),#6493,.F.);
#6488 = FACE_BOUND('',#6489,.F.);
#6489 = EDGE_LOOP('',(#6490,#6491,#6492));
#6490 = ORIENTED_EDGE('',*,*,#6444,.T.);
#6491 = ORIENTED_EDGE('',*,*,#6477,.T.);
#6492 = ORIENTED_EDGE('',*,*,#5568,.T.);
#6493 = PLANE('',#6494);
#6494 = AXIS2_PLACEMENT_3D('',#6495,#6496,#6497);
#6495 = CARTESIAN_POINT('',(-9.038967754907,14.,4.15));
#6496 = DIRECTION('',(0.,1.,0.));
#6497 = DIRECTION('',(0.,0.,1.));
#6498 = ADVANCED_FACE('',(#6499),#6524,.F.);
#6499 = FACE_BOUND('',#6500,.F.);
#6500 = EDGE_LOOP('',(#6501,#6502,#6510,#6518));
#6501 = ORIENTED_EDGE('',*,*,#5592,.T.);
#6502 = ORIENTED_EDGE('',*,*,#6503,.T.);
#6503 = EDGE_CURVE('',#5595,#6504,#6506,.T.);
#6504 = VERTEX_POINT('',#6505);
#6505 = CARTESIAN_POINT('',(-9.2,9.,4.15));
#6506 = LINE('',#6507,#6508);
#6507 = CARTESIAN_POINT('',(-8.98,9.,3.77));
#6508 = VECTOR('',#6509,1.);
#6509 = DIRECTION('',(-0.501036270542,0.,0.865426285481));
#6510 = ORIENTED_EDGE('',*,*,#6511,.F.);
#6511 = EDGE_CURVE('',#6512,#6504,#6514,.T.);
#6512 = VERTEX_POINT('',#6513);
#6513 = CARTESIAN_POINT('',(-9.2,5.,4.15));
#6514 = LINE('',#6515,#6516);
#6515 = CARTESIAN_POINT('',(-9.2,5.,4.15));
#6516 = VECTOR('',#6517,1.);
#6517 = DIRECTION('',(0.,1.,0.));
#6518 = ORIENTED_EDGE('',*,*,#6519,.F.);
#6519 = EDGE_CURVE('',#5593,#6512,#6520,.T.);
#6520 = LINE('',#6521,#6522);
#6521 = CARTESIAN_POINT('',(-8.98,5.,3.77));
#6522 = VECTOR('',#6523,1.);
#6523 = DIRECTION('',(-0.501036270542,0.,0.865426285481));
#6524 = PLANE('',#6525);
#6525 = AXIS2_PLACEMENT_3D('',#6526,#6527,#6528);
#6526 = CARTESIAN_POINT('',(-8.98,5.,3.77));
#6527 = DIRECTION('',(0.865426285481,0.,0.501036270542));
#6528 = DIRECTION('',(-0.501036270542,0.,0.865426285481));
#6529 = ADVANCED_FACE('',(#6530),#6540,.F.);
#6530 = FACE_BOUND('',#6531,.F.);
#6531 = EDGE_LOOP('',(#6532,#6533,#6539));
#6532 = ORIENTED_EDGE('',*,*,#6519,.T.);
#6533 = ORIENTED_EDGE('',*,*,#6534,.T.);
#6534 = EDGE_CURVE('',#6512,#5603,#6535,.T.);
#6535 = LINE('',#6536,#6537);
#6536 = CARTESIAN_POINT('',(-9.2,5.,4.15));
#6537 = VECTOR('',#6538,1.);
#6538 = DIRECTION('',(0.501036270542,0.,0.865426285481));
#6539 = ORIENTED_EDGE('',*,*,#5602,.T.);
#6540 = PLANE('',#6541);
#6541 = AXIS2_PLACEMENT_3D('',#6542,#6543,#6544);
#6542 = CARTESIAN_POINT('',(-9.038967754907,5.,4.15));
#6543 = DIRECTION('',(0.,1.,0.));
#6544 = DIRECTION('',(0.,0.,1.));
#6545 = ADVANCED_FACE('',(#6546),#6556,.T.);
#6546 = FACE_BOUND('',#6547,.T.);
#6547 = EDGE_LOOP('',(#6548,#6549,#6555));
#6548 = ORIENTED_EDGE('',*,*,#6503,.T.);
#6549 = ORIENTED_EDGE('',*,*,#6550,.T.);
#6550 = EDGE_CURVE('',#6504,#5611,#6551,.T.);
#6551 = LINE('',#6552,#6553);
#6552 = CARTESIAN_POINT('',(-9.2,9.,4.15));
#6553 = VECTOR('',#6554,1.);
#6554 = DIRECTION('',(0.501036270542,0.,0.865426285481));
#6555 = ORIENTED_EDGE('',*,*,#5618,.T.);
#6556 = PLANE('',#6557);
#6557 = AXIS2_PLACEMENT_3D('',#6558,#6559,#6560);
#6558 = CARTESIAN_POINT('',(-9.038967754907,9.,4.15));
#6559 = DIRECTION('',(0.,1.,0.));
#6560 = DIRECTION('',(0.,0.,1.));
#6561 = ADVANCED_FACE('',(#6562),#6568,.F.);
#6562 = FACE_BOUND('',#6563,.F.);
#6563 = EDGE_LOOP('',(#6564,#6565,#6566,#6567));
#6564 = ORIENTED_EDGE('',*,*,#6511,.T.);
#6565 = ORIENTED_EDGE('',*,*,#6550,.T.);
#6566 = ORIENTED_EDGE('',*,*,#5610,.F.);
#6567 = ORIENTED_EDGE('',*,*,#6534,.F.);
#6568 = PLANE('',#6569);
#6569 = AXIS2_PLACEMENT_3D('',#6570,#6571,#6572);
#6570 = CARTESIAN_POINT('',(-9.2,5.,4.15));
#6571 = DIRECTION('',(0.865426285481,0.,-0.501036270542));
#6572 = DIRECTION('',(0.501036270542,0.,0.865426285481));
#6573 = ADVANCED_FACE('',(#6574),#6599,.F.);
#6574 = FACE_BOUND('',#6575,.F.);
#6575 = EDGE_LOOP('',(#6576,#6577,#6585,#6593));
#6576 = ORIENTED_EDGE('',*,*,#5626,.T.);
#6577 = ORIENTED_EDGE('',*,*,#6578,.T.);
#6578 = EDGE_CURVE('',#5629,#6579,#6581,.T.);
#6579 = VERTEX_POINT('',#6580);
#6580 = CARTESIAN_POINT('',(-9.2,-3.,4.15));
#6581 = LINE('',#6582,#6583);
#6582 = CARTESIAN_POINT('',(-8.98,-3.,3.77));
#6583 = VECTOR('',#6584,1.);
#6584 = DIRECTION('',(-0.501036270542,0.,0.865426285481));
#6585 = ORIENTED_EDGE('',*,*,#6586,.F.);
#6586 = EDGE_CURVE('',#6587,#6579,#6589,.T.);
#6587 = VERTEX_POINT('',#6588);
#6588 = CARTESIAN_POINT('',(-9.2,-7.,4.15));
#6589 = LINE('',#6590,#6591);
#6590 = CARTESIAN_POINT('',(-9.2,-7.,4.15));
#6591 = VECTOR('',#6592,1.);
#6592 = DIRECTION('',(0.,1.,0.));
#6593 = ORIENTED_EDGE('',*,*,#6594,.F.);
#6594 = EDGE_CURVE('',#5627,#6587,#6595,.T.);
#6595 = LINE('',#6596,#6597);
#6596 = CARTESIAN_POINT('',(-8.98,-7.,3.77));
#6597 = VECTOR('',#6598,1.);
#6598 = DIRECTION('',(-0.501036270542,0.,0.865426285481));
#6599 = PLANE('',#6600);
#6600 = AXIS2_PLACEMENT_3D('',#6601,#6602,#6603);
#6601 = CARTESIAN_POINT('',(-8.98,-7.,3.77));
#6602 = DIRECTION('',(0.865426285481,0.,0.501036270542));
#6603 = DIRECTION('',(-0.501036270542,0.,0.865426285481));
#6604 = ADVANCED_FACE('',(#6605),#6615,.F.);
#6605 = FACE_BOUND('',#6606,.F.);
#6606 = EDGE_LOOP('',(#6607,#6608,#6614));
#6607 = ORIENTED_EDGE('',*,*,#6594,.T.);
#6608 = ORIENTED_EDGE('',*,*,#6609,.T.);
#6609 = EDGE_CURVE('',#6587,#5637,#6610,.T.);
#6610 = LINE('',#6611,#6612);
#6611 = CARTESIAN_POINT('',(-9.2,-7.,4.15));
#6612 = VECTOR('',#6613,1.);
#6613 = DIRECTION('',(0.501036270542,0.,0.865426285481));
#6614 = ORIENTED_EDGE('',*,*,#5636,.T.);
#6615 = PLANE('',#6616);
#6616 = AXIS2_PLACEMENT_3D('',#6617,#6618,#6619);
#6617 = CARTESIAN_POINT('',(-9.038967754907,-7.,4.15));
#6618 = DIRECTION('',(0.,1.,0.));
#6619 = DIRECTION('',(0.,0.,1.));
#6620 = ADVANCED_FACE('',(#6621),#6631,.T.);
#6621 = FACE_BOUND('',#6622,.T.);
#6622 = EDGE_LOOP('',(#6623,#6624,#6630));
#6623 = ORIENTED_EDGE('',*,*,#6578,.T.);
#6624 = ORIENTED_EDGE('',*,*,#6625,.T.);
#6625 = EDGE_CURVE('',#6579,#5645,#6626,.T.);
#6626 = LINE('',#6627,#6628);
#6627 = CARTESIAN_POINT('',(-9.2,-3.,4.15));
#6628 = VECTOR('',#6629,1.);
#6629 = DIRECTION('',(0.501036270542,0.,0.865426285481));
#6630 = ORIENTED_EDGE('',*,*,#5652,.T.);
#6631 = PLANE('',#6632);
#6632 = AXIS2_PLACEMENT_3D('',#6633,#6634,#6635);
#6633 = CARTESIAN_POINT('',(-9.038967754907,-3.,4.15));
#6634 = DIRECTION('',(0.,1.,0.));
#6635 = DIRECTION('',(0.,0.,1.));
#6636 = ADVANCED_FACE('',(#6637),#6643,.F.);
#6637 = FACE_BOUND('',#6638,.F.);
#6638 = EDGE_LOOP('',(#6639,#6640,#6641,#6642));
#6639 = ORIENTED_EDGE('',*,*,#6586,.T.);
#6640 = ORIENTED_EDGE('',*,*,#6625,.T.);
#6641 = ORIENTED_EDGE('',*,*,#5644,.F.);
#6642 = ORIENTED_EDGE('',*,*,#6609,.F.);
#6643 = PLANE('',#6644);
#6644 = AXIS2_PLACEMENT_3D('',#6645,#6646,#6647);
#6645 = CARTESIAN_POINT('',(-9.2,-7.,4.15));
#6646 = DIRECTION('',(0.865426285481,0.,-0.501036270542));
#6647 = DIRECTION('',(0.501036270542,0.,0.865426285481));
#6648 = ADVANCED_FACE('',(#6649),#6674,.F.);
#6649 = FACE_BOUND('',#6650,.F.);
#6650 = EDGE_LOOP('',(#6651,#6652,#6660,#6668));
#6651 = ORIENTED_EDGE('',*,*,#5660,.T.);
#6652 = ORIENTED_EDGE('',*,*,#6653,.T.);
#6653 = EDGE_CURVE('',#5663,#6654,#6656,.T.);
#6654 = VERTEX_POINT('',#6655);
#6655 = CARTESIAN_POINT('',(-9.2,-13.,4.15));
#6656 = LINE('',#6657,#6658);
#6657 = CARTESIAN_POINT('',(-8.98,-13.,3.77));
#6658 = VECTOR('',#6659,1.);
#6659 = DIRECTION('',(-0.501036270542,0.,0.865426285481));
#6660 = ORIENTED_EDGE('',*,*,#6661,.F.);
#6661 = EDGE_CURVE('',#6662,#6654,#6664,.T.);
#6662 = VERTEX_POINT('',#6663);
#6663 = CARTESIAN_POINT('',(-9.2,-17.,4.15));
#6664 = LINE('',#6665,#6666);
#6665 = CARTESIAN_POINT('',(-9.2,-17.,4.15));
#6666 = VECTOR('',#6667,1.);
#6667 = DIRECTION('',(0.,1.,0.));
#6668 = ORIENTED_EDGE('',*,*,#6669,.F.);
#6669 = EDGE_CURVE('',#5661,#6662,#6670,.T.);
#6670 = LINE('',#6671,#6672);
#6671 = CARTESIAN_POINT('',(-8.98,-17.,3.77));
#6672 = VECTOR('',#6673,1.);
#6673 = DIRECTION('',(-0.501036270542,0.,0.865426285481));
#6674 = PLANE('',#6675);
#6675 = AXIS2_PLACEMENT_3D('',#6676,#6677,#6678);
#6676 = CARTESIAN_POINT('',(-8.98,-17.,3.77));
#6677 = DIRECTION('',(0.865426285481,0.,0.501036270542));
#6678 = DIRECTION('',(-0.501036270542,0.,0.865426285481));
#6679 = ADVANCED_FACE('',(#6680),#6690,.F.);
#6680 = FACE_BOUND('',#6681,.F.);
#6681 = EDGE_LOOP('',(#6682,#6683,#6689));
#6682 = ORIENTED_EDGE('',*,*,#6669,.T.);
#6683 = ORIENTED_EDGE('',*,*,#6684,.T.);
#6684 = EDGE_CURVE('',#6662,#5671,#6685,.T.);
#6685 = LINE('',#6686,#6687);
#6686 = CARTESIAN_POINT('',(-9.2,-17.,4.15));
#6687 = VECTOR('',#6688,1.);
#6688 = DIRECTION('',(0.501036270542,0.,0.865426285481));
#6689 = ORIENTED_EDGE('',*,*,#5670,.T.);
#6690 = PLANE('',#6691);
#6691 = AXIS2_PLACEMENT_3D('',#6692,#6693,#6694);
#6692 = CARTESIAN_POINT('',(-9.038967754907,-17.,4.15));
#6693 = DIRECTION('',(0.,1.,0.));
#6694 = DIRECTION('',(0.,0.,1.));
#6695 = ADVANCED_FACE('',(#6696),#6706,.T.);
#6696 = FACE_BOUND('',#6697,.T.);
#6697 = EDGE_LOOP('',(#6698,#6699,#6705));
#6698 = ORIENTED_EDGE('',*,*,#6653,.T.);
#6699 = ORIENTED_EDGE('',*,*,#6700,.T.);
#6700 = EDGE_CURVE('',#6654,#5679,#6701,.T.);
#6701 = LINE('',#6702,#6703);
#6702 = CARTESIAN_POINT('',(-9.2,-13.,4.15));
#6703 = VECTOR('',#6704,1.);
#6704 = DIRECTION('',(0.501036270542,0.,0.865426285481));
#6705 = ORIENTED_EDGE('',*,*,#5686,.T.);
#6706 = PLANE('',#6707);
#6707 = AXIS2_PLACEMENT_3D('',#6708,#6709,#6710);
#6708 = CARTESIAN_POINT('',(-9.038967754907,-13.,4.15));
#6709 = DIRECTION('',(0.,1.,0.));
#6710 = DIRECTION('',(0.,0.,1.));
#6711 = ADVANCED_FACE('',(#6712),#6718,.F.);
#6712 = FACE_BOUND('',#6713,.F.);
#6713 = EDGE_LOOP('',(#6714,#6715,#6716,#6717));
#6714 = ORIENTED_EDGE('',*,*,#6661,.T.);
#6715 = ORIENTED_EDGE('',*,*,#6700,.T.);
#6716 = ORIENTED_EDGE('',*,*,#5678,.F.);
#6717 = ORIENTED_EDGE('',*,*,#6684,.F.);
#6718 = PLANE('',#6719);
#6719 = AXIS2_PLACEMENT_3D('',#6720,#6721,#6722);
#6720 = CARTESIAN_POINT('',(-9.2,-17.,4.15));
#6721 = DIRECTION('',(0.865426285481,0.,-0.501036270542));
#6722 = DIRECTION('',(0.501036270542,0.,0.865426285481));
#6723 = ADVANCED_FACE('',(#6724),#6734,.T.);
#6724 = FACE_BOUND('',#6725,.T.);
#6725 = EDGE_LOOP('',(#6726,#6727,#6728,#6729,#6730,#6731,#6732,#6733));
#6726 = ORIENTED_EDGE('',*,*,#6296,.F.);
#6727 = ORIENTED_EDGE('',*,*,#6356,.T.);
#6728 = ORIENTED_EDGE('',*,*,#5807,.F.);
#6729 = ORIENTED_EDGE('',*,*,#5767,.F.);
#6730 = ORIENTED_EDGE('',*,*,#5743,.T.);
#6731 = ORIENTED_EDGE('',*,*,#6246,.T.);
#6732 = ORIENTED_EDGE('',*,*,#6218,.T.);
#6733 = ORIENTED_EDGE('',*,*,#6131,.T.);
#6734 = PLANE('',#6735);
#6735 = AXIS2_PLACEMENT_3D('',#6736,#6737,#6738);
#6736 = CARTESIAN_POINT('',(-8.08,-19.83,-1.));
#6737 = DIRECTION('',(0.,1.,0.));
#6738 = DIRECTION('',(0.,0.,1.));
#6739 = ADVANCED_FACE('',(#6740),#6751,.F.);
#6740 = FACE_BOUND('',#6741,.F.);
#6741 = EDGE_LOOP('',(#6742,#6743,#6744,#6745));
#6742 = ORIENTED_EDGE('',*,*,#6363,.F.);
#6743 = ORIENTED_EDGE('',*,*,#5791,.F.);
#6744 = ORIENTED_EDGE('',*,*,#5842,.T.);
#6745 = ORIENTED_EDGE('',*,*,#6746,.F.);
#6746 = EDGE_CURVE('',#6364,#5835,#6747,.T.);
#6747 = LINE('',#6748,#6749);
#6748 = CARTESIAN_POINT('',(8.98,-20.73,3.65));
#6749 = VECTOR('',#6750,1.);
#6750 = DIRECTION('',(0.,0.,1.));
#6751 = PLANE('',#6752);
#6752 = AXIS2_PLACEMENT_3D('',#6753,#6754,#6755);
#6753 = CARTESIAN_POINT('',(-8.98,-20.73,3.65));
#6754 = DIRECTION('',(0.,1.,0.));
#6755 = DIRECTION('',(0.,0.,1.));
#6756 = ADVANCED_FACE('',(#6757,#6784,#6818,#6852,#6886),#6920,.T.);
#6757 = FACE_BOUND('',#6758,.T.);
#6758 = EDGE_LOOP('',(#6759,#6760,#6761,#6769,#6777,#6783));
#6759 = ORIENTED_EDGE('',*,*,#6746,.F.);
#6760 = ORIENTED_EDGE('',*,*,#6371,.T.);
#6761 = ORIENTED_EDGE('',*,*,#6762,.T.);
#6762 = EDGE_CURVE('',#6323,#6763,#6765,.T.);
#6763 = VERTEX_POINT('',#6764);
#6764 = CARTESIAN_POINT('',(8.98,20.73,4.7));
#6765 = LINE('',#6766,#6767);
#6766 = CARTESIAN_POINT('',(8.98,20.73,3.65));
#6767 = VECTOR('',#6768,1.);
#6768 = DIRECTION('',(0.,0.,1.));
#6769 = ORIENTED_EDGE('',*,*,#6770,.F.);
#6770 = EDGE_CURVE('',#6771,#6763,#6773,.T.);
#6771 = VERTEX_POINT('',#6772);
#6772 = CARTESIAN_POINT('',(8.98,20.25,4.7));
#6773 = LINE('',#6774,#6775);
#6774 = CARTESIAN_POINT('',(8.98,-20.73,4.7));
#6775 = VECTOR('',#6776,1.);
#6776 = DIRECTION('',(0.,1.,0.));
#6777 = ORIENTED_EDGE('',*,*,#6778,.F.);
#6778 = EDGE_CURVE('',#5826,#6771,#6779,.T.);
#6779 = LINE('',#6780,#6781);
#6780 = CARTESIAN_POINT('',(8.98,-20.73,4.7));
#6781 = VECTOR('',#6782,1.);
#6782 = DIRECTION('',(0.,1.,0.));
#6783 = ORIENTED_EDGE('',*,*,#5834,.F.);
#6784 = FACE_BOUND('',#6785,.T.);
#6785 = EDGE_LOOP('',(#6786,#6796,#6804,#6812));
#6786 = ORIENTED_EDGE('',*,*,#6787,.F.);
#6787 = EDGE_CURVE('',#6788,#6790,#6792,.T.);
#6788 = VERTEX_POINT('',#6789);
#6789 = CARTESIAN_POINT('',(8.98,14.,3.77));
#6790 = VERTEX_POINT('',#6791);
#6791 = CARTESIAN_POINT('',(8.98,18.,3.77));
#6792 = LINE('',#6793,#6794);
#6793 = CARTESIAN_POINT('',(8.98,14.,3.77));
#6794 = VECTOR('',#6795,1.);
#6795 = DIRECTION('',(0.,1.,0.));
#6796 = ORIENTED_EDGE('',*,*,#6797,.F.);
#6797 = EDGE_CURVE('',#6798,#6788,#6800,.T.);
#6798 = VERTEX_POINT('',#6799);
#6799 = CARTESIAN_POINT('',(8.98,14.,4.53));
#6800 = LINE('',#6801,#6802);
#6801 = CARTESIAN_POINT('',(8.98,14.,4.53));
#6802 = VECTOR('',#6803,1.);
#6803 = DIRECTION('',(0.,0.,-1.));
#6804 = ORIENTED_EDGE('',*,*,#6805,.T.);
#6805 = EDGE_CURVE('',#6798,#6806,#6808,.T.);
#6806 = VERTEX_POINT('',#6807);
#6807 = CARTESIAN_POINT('',(8.98,18.,4.53));
#6808 = LINE('',#6809,#6810);
#6809 = CARTESIAN_POINT('',(8.98,14.,4.53));
#6810 = VECTOR('',#6811,1.);
#6811 = DIRECTION('',(0.,1.,0.));
#6812 = ORIENTED_EDGE('',*,*,#6813,.T.);
#6813 = EDGE_CURVE('',#6806,#6790,#6814,.T.);
#6814 = LINE('',#6815,#6816);
#6815 = CARTESIAN_POINT('',(8.98,18.,4.53));
#6816 = VECTOR('',#6817,1.);
#6817 = DIRECTION('',(0.,0.,-1.));
#6818 = FACE_BOUND('',#6819,.T.);
#6819 = EDGE_LOOP('',(#6820,#6830,#6838,#6846));
#6820 = ORIENTED_EDGE('',*,*,#6821,.F.);
#6821 = EDGE_CURVE('',#6822,#6824,#6826,.T.);
#6822 = VERTEX_POINT('',#6823);
#6823 = CARTESIAN_POINT('',(8.98,5.,3.77));
#6824 = VERTEX_POINT('',#6825);
#6825 = CARTESIAN_POINT('',(8.98,9.,3.77));
#6826 = LINE('',#6827,#6828);
#6827 = CARTESIAN_POINT('',(8.98,5.,3.77));
#6828 = VECTOR('',#6829,1.);
#6829 = DIRECTION('',(0.,1.,0.));
#6830 = ORIENTED_EDGE('',*,*,#6831,.F.);
#6831 = EDGE_CURVE('',#6832,#6822,#6834,.T.);
#6832 = VERTEX_POINT('',#6833);
#6833 = CARTESIAN_POINT('',(8.98,5.,4.53));
#6834 = LINE('',#6835,#6836);
#6835 = CARTESIAN_POINT('',(8.98,5.,4.53));
#6836 = VECTOR('',#6837,1.);
#6837 = DIRECTION('',(0.,0.,-1.));
#6838 = ORIENTED_EDGE('',*,*,#6839,.T.);
#6839 = EDGE_CURVE('',#6832,#6840,#6842,.T.);
#6840 = VERTEX_POINT('',#6841);
#6841 = CARTESIAN_POINT('',(8.98,9.,4.53));
#6842 = LINE('',#6843,#6844);
#6843 = CARTESIAN_POINT('',(8.98,5.,4.53));
#6844 = VECTOR('',#6845,1.);
#6845 = DIRECTION('',(0.,1.,0.));
#6846 = ORIENTED_EDGE('',*,*,#6847,.T.);
#6847 = EDGE_CURVE('',#6840,#6824,#6848,.T.);
#6848 = LINE('',#6849,#6850);
#6849 = CARTESIAN_POINT('',(8.98,9.,4.53));
#6850 = VECTOR('',#6851,1.);
#6851 = DIRECTION('',(0.,0.,-1.));
#6852 = FACE_BOUND('',#6853,.T.);
#6853 = EDGE_LOOP('',(#6854,#6864,#6872,#6880));
#6854 = ORIENTED_EDGE('',*,*,#6855,.F.);
#6855 = EDGE_CURVE('',#6856,#6858,#6860,.T.);
#6856 = VERTEX_POINT('',#6857);
#6857 = CARTESIAN_POINT('',(8.98,-7.,3.77));
#6858 = VERTEX_POINT('',#6859);
#6859 = CARTESIAN_POINT('',(8.98,-3.,3.77));
#6860 = LINE('',#6861,#6862);
#6861 = CARTESIAN_POINT('',(8.98,-7.,3.77));
#6862 = VECTOR('',#6863,1.);
#6863 = DIRECTION('',(0.,1.,0.));
#6864 = ORIENTED_EDGE('',*,*,#6865,.F.);
#6865 = EDGE_CURVE('',#6866,#6856,#6868,.T.);
#6866 = VERTEX_POINT('',#6867);
#6867 = CARTESIAN_POINT('',(8.98,-7.,4.53));
#6868 = LINE('',#6869,#6870);
#6869 = CARTESIAN_POINT('',(8.98,-7.,4.53));
#6870 = VECTOR('',#6871,1.);
#6871 = DIRECTION('',(0.,0.,-1.));
#6872 = ORIENTED_EDGE('',*,*,#6873,.T.);
#6873 = EDGE_CURVE('',#6866,#6874,#6876,.T.);
#6874 = VERTEX_POINT('',#6875);
#6875 = CARTESIAN_POINT('',(8.98,-3.,4.53));
#6876 = LINE('',#6877,#6878);
#6877 = CARTESIAN_POINT('',(8.98,-7.,4.53));
#6878 = VECTOR('',#6879,1.);
#6879 = DIRECTION('',(0.,1.,0.));
#6880 = ORIENTED_EDGE('',*,*,#6881,.T.);
#6881 = EDGE_CURVE('',#6874,#6858,#6882,.T.);
#6882 = LINE('',#6883,#6884);
#6883 = CARTESIAN_POINT('',(8.98,-3.,4.53));
#6884 = VECTOR('',#6885,1.);
#6885 = DIRECTION('',(0.,0.,-1.));
#6886 = FACE_BOUND('',#6887,.T.);
#6887 = EDGE_LOOP('',(#6888,#6898,#6906,#6914));
#6888 = ORIENTED_EDGE('',*,*,#6889,.F.);
#6889 = EDGE_CURVE('',#6890,#6892,#6894,.T.);
#6890 = VERTEX_POINT('',#6891);
#6891 = CARTESIAN_POINT('',(8.98,-17.,3.77));
#6892 = VERTEX_POINT('',#6893);
#6893 = CARTESIAN_POINT('',(8.98,-13.,3.77));
#6894 = LINE('',#6895,#6896);
#6895 = CARTESIAN_POINT('',(8.98,-17.,3.77));
#6896 = VECTOR('',#6897,1.);
#6897 = DIRECTION('',(0.,1.,0.));
#6898 = ORIENTED_EDGE('',*,*,#6899,.F.);
#6899 = EDGE_CURVE('',#6900,#6890,#6902,.T.);
#6900 = VERTEX_POINT('',#6901);
#6901 = CARTESIAN_POINT('',(8.98,-17.,4.53));
#6902 = LINE('',#6903,#6904);
#6903 = CARTESIAN_POINT('',(8.98,-17.,4.53));
#6904 = VECTOR('',#6905,1.);
#6905 = DIRECTION('',(0.,0.,-1.));
#6906 = ORIENTED_EDGE('',*,*,#6907,.T.);
#6907 = EDGE_CURVE('',#6900,#6908,#6910,.T.);
#6908 = VERTEX_POINT('',#6909);
#6909 = CARTESIAN_POINT('',(8.98,-13.,4.53));
#6910 = LINE('',#6911,#6912);
#6911 = CARTESIAN_POINT('',(8.98,-17.,4.53));
#6912 = VECTOR('',#6913,1.);
#6913 = DIRECTION('',(0.,1.,0.));
#6914 = ORIENTED_EDGE('',*,*,#6915,.T.);
#6915 = EDGE_CURVE('',#6908,#6892,#6916,.T.);
#6916 = LINE('',#6917,#6918);
#6917 = CARTESIAN_POINT('',(8.98,-13.,4.53));
#6918 = VECTOR('',#6919,1.);
#6919 = DIRECTION('',(0.,0.,-1.));
#6920 = PLANE('',#6921);
#6921 = AXIS2_PLACEMENT_3D('',#6922,#6923,#6924);
#6922 = CARTESIAN_POINT('',(8.98,-20.73,3.65));
#6923 = DIRECTION('',(1.,0.,0.));
#6924 = DIRECTION('',(0.,0.,1.));
#6925 = ADVANCED_FACE('',(#6926),#6944,.F.);
#6926 = FACE_BOUND('',#6927,.F.);
#6927 = EDGE_LOOP('',(#6928,#6936,#6937,#6938));
#6928 = ORIENTED_EDGE('',*,*,#6929,.F.);
#6929 = EDGE_CURVE('',#6771,#6930,#6932,.T.);
#6930 = VERTEX_POINT('',#6931);
#6931 = CARTESIAN_POINT('',(10.5,20.25,4.7));
#6932 = LINE('',#6933,#6934);
#6933 = CARTESIAN_POINT('',(6.5,20.25,4.7));
#6934 = VECTOR('',#6935,1.);
#6935 = DIRECTION('',(1.,0.,0.));
#6936 = ORIENTED_EDGE('',*,*,#6778,.F.);
#6937 = ORIENTED_EDGE('',*,*,#5825,.T.);
#6938 = ORIENTED_EDGE('',*,*,#6939,.T.);
#6939 = EDGE_CURVE('',#4493,#6930,#6940,.T.);
#6940 = LINE('',#6941,#6942);
#6941 = CARTESIAN_POINT('',(10.5,-22.25,4.7));
#6942 = VECTOR('',#6943,1.);
#6943 = DIRECTION('',(0.,1.,0.));
#6944 = PLANE('',#6945);
#6945 = AXIS2_PLACEMENT_3D('',#6946,#6947,#6948);
#6946 = CARTESIAN_POINT('',(-10.5,-22.25,4.7));
#6947 = DIRECTION('',(0.,0.,1.));
#6948 = DIRECTION('',(1.,0.,0.));
#6949 = ADVANCED_FACE('',(#6950),#6976,.F.);
#6950 = FACE_BOUND('',#6951,.F.);
#6951 = EDGE_LOOP('',(#6952,#6960,#6968,#6974,#6975));
#6952 = ORIENTED_EDGE('',*,*,#6953,.F.);
#6953 = EDGE_CURVE('',#6954,#5961,#6956,.T.);
#6954 = VERTEX_POINT('',#6955);
#6955 = CARTESIAN_POINT('',(7.6,23.,4.7));
#6956 = LINE('',#6957,#6958);
#6957 = CARTESIAN_POINT('',(7.6,23.,-1.));
#6958 = VECTOR('',#6959,1.);
#6959 = DIRECTION('',(0.,0.,1.));
#6960 = ORIENTED_EDGE('',*,*,#6961,.T.);
#6961 = EDGE_CURVE('',#6954,#6962,#6964,.T.);
#6962 = VERTEX_POINT('',#6963);
#6963 = CARTESIAN_POINT('',(6.570941588625,23.,4.7));
#6964 = LINE('',#6965,#6966);
#6965 = CARTESIAN_POINT('',(1.45,23.,4.7));
#6966 = VECTOR('',#6967,1.);
#6967 = DIRECTION('',(-1.,0.,0.));
#6968 = ORIENTED_EDGE('',*,*,#6969,.T.);
#6969 = EDGE_CURVE('',#6962,#6003,#6970,.T.);
#6970 = LINE('',#6971,#6972);
#6971 = CARTESIAN_POINT('',(-0.55,23.,4.7));
#6972 = VECTOR('',#6973,1.);
#6973 = DIRECTION('',(-1.,0.,0.));
#6974 = ORIENTED_EDGE('',*,*,#6002,.T.);
#6975 = ORIENTED_EDGE('',*,*,#5968,.T.);
#6976 = PLANE('',#6977);
#6977 = AXIS2_PLACEMENT_3D('',#6978,#6979,#6980);
#6978 = CARTESIAN_POINT('',(-7.6,23.,-1.));
#6979 = DIRECTION('',(0.,1.,0.));
#6980 = DIRECTION('',(0.,0.,1.));
#6981 = ADVANCED_FACE('',(#6982),#7018,.F.);
#6982 = FACE_BOUND('',#6983,.F.);
#6983 = EDGE_LOOP('',(#6984,#6985,#6986,#6987,#6995,#7003,#7011,#7017));
#6984 = ORIENTED_EDGE('',*,*,#5960,.F.);
#6985 = ORIENTED_EDGE('',*,*,#6404,.T.);
#6986 = ORIENTED_EDGE('',*,*,#6330,.T.);
#6987 = ORIENTED_EDGE('',*,*,#6988,.F.);
#6988 = EDGE_CURVE('',#6989,#6321,#6991,.T.);
#6989 = VERTEX_POINT('',#6990);
#6990 = CARTESIAN_POINT('',(7.6,20.73,4.7));
#6991 = LINE('',#6992,#6993);
#6992 = CARTESIAN_POINT('',(7.6,20.73,1.325));
#6993 = VECTOR('',#6994,1.);
#6994 = DIRECTION('',(0.,0.,-1.));
#6995 = ORIENTED_EDGE('',*,*,#6996,.T.);
#6996 = EDGE_CURVE('',#6989,#6997,#6999,.T.);
#6997 = VERTEX_POINT('',#6998);
#6998 = CARTESIAN_POINT('',(7.6,20.995004537209,4.7));
#6999 = LINE('',#7000,#7001);
#7000 = CARTESIAN_POINT('',(7.6,-3.125,4.7));
#7001 = VECTOR('',#7002,1.);
#7002 = DIRECTION('',(0.,1.,0.));
#7003 = ORIENTED_EDGE('',*,*,#7004,.T.);
#7004 = EDGE_CURVE('',#6997,#7005,#7007,.T.);
#7005 = VERTEX_POINT('',#7006);
#7006 = CARTESIAN_POINT('',(7.6,22.25,4.7));
#7007 = LINE('',#7008,#7009);
#7008 = CARTESIAN_POINT('',(7.6,-3.125,4.7));
#7009 = VECTOR('',#7010,1.);
#7010 = DIRECTION('',(0.,1.,0.));
#7011 = ORIENTED_EDGE('',*,*,#7012,.T.);
#7012 = EDGE_CURVE('',#7005,#6954,#7013,.T.);
#7013 = LINE('',#7014,#7015);
#7014 = CARTESIAN_POINT('',(7.6,19.875,4.7));
#7015 = VECTOR('',#7016,1.);
#7016 = DIRECTION('',(0.,1.,0.));
#7017 = ORIENTED_EDGE('',*,*,#6953,.T.);
#7018 = PLANE('',#7019);
#7019 = AXIS2_PLACEMENT_3D('',#7020,#7021,#7022);
#7020 = CARTESIAN_POINT('',(7.6,16.,-1.));
#7021 = DIRECTION('',(1.,0.,0.));
#7022 = DIRECTION('',(0.,0.,1.));
#7023 = ADVANCED_FACE('',(#7024),#7049,.F.);
#7024 = FACE_BOUND('',#7025,.F.);
#7025 = EDGE_LOOP('',(#7026,#7027,#7035,#7043));
#7026 = ORIENTED_EDGE('',*,*,#6018,.F.);
#7027 = ORIENTED_EDGE('',*,*,#7028,.T.);
#7028 = EDGE_CURVE('',#6011,#7029,#7031,.T.);
#7029 = VERTEX_POINT('',#7030);
#7030 = CARTESIAN_POINT('',(6.5,24.25,4.7));
#7031 = LINE('',#7032,#7033);
#7032 = CARTESIAN_POINT('',(6.5,20.25,4.7));
#7033 = VECTOR('',#7034,1.);
#7034 = DIRECTION('',(0.,1.,0.));
#7035 = ORIENTED_EDGE('',*,*,#7036,.T.);
#7036 = EDGE_CURVE('',#7029,#7037,#7039,.T.);
#7037 = VERTEX_POINT('',#7038);
#7038 = CARTESIAN_POINT('',(6.5,24.25,9.4));
#7039 = LINE('',#7040,#7041);
#7040 = CARTESIAN_POINT('',(6.5,24.25,4.7));
#7041 = VECTOR('',#7042,1.);
#7042 = DIRECTION('',(0.,0.,1.));
#7043 = ORIENTED_EDGE('',*,*,#7044,.F.);
#7044 = EDGE_CURVE('',#5993,#7037,#7045,.T.);
#7045 = LINE('',#7046,#7047);
#7046 = CARTESIAN_POINT('',(6.5,20.25,9.4));
#7047 = VECTOR('',#7048,1.);
#7048 = DIRECTION('',(0.,1.,0.));
#7049 = PLANE('',#7050);
#7050 = AXIS2_PLACEMENT_3D('',#7051,#7052,#7053);
#7051 = CARTESIAN_POINT('',(6.5,20.25,4.7));
#7052 = DIRECTION('',(1.,0.,0.));
#7053 = DIRECTION('',(0.,0.,1.));
#7054 = ADVANCED_FACE('',(#7055),#7066,.F.);
#7055 = FACE_BOUND('',#7056,.F.);
#7056 = EDGE_LOOP('',(#7057,#7058,#7059));
#7057 = ORIENTED_EDGE('',*,*,#6010,.F.);
#7058 = ORIENTED_EDGE('',*,*,#6969,.F.);
#7059 = ORIENTED_EDGE('',*,*,#7060,.F.);
#7060 = EDGE_CURVE('',#6011,#6962,#7061,.T.);
#7061 = CIRCLE('',#7062,4.);
#7062 = AXIS2_PLACEMENT_3D('',#7063,#7064,#7065);
#7063 = CARTESIAN_POINT('',(10.5,23.75,4.7));
#7064 = DIRECTION('',(0.,0.,1.));
#7065 = DIRECTION('',(1.,0.,0.));
#7066 = PLANE('',#7067);
#7067 = AXIS2_PLACEMENT_3D('',#7068,#7069,#7070);
#7068 = CARTESIAN_POINT('',(6.5,20.25,4.7));
#7069 = DIRECTION('',(0.,0.,1.));
#7070 = DIRECTION('',(1.,0.,0.));
#7071 = ADVANCED_FACE('',(#7072),#7137,.T.);
#7072 = FACE_BOUND('',#7073,.T.);
#7073 = EDGE_LOOP('',(#7074,#7075,#7076,#7085,#7094,#7102,#7111,#7120,
    #7128,#7135,#7136));
#7074 = ORIENTED_EDGE('',*,*,#6059,.F.);
#7075 = ORIENTED_EDGE('',*,*,#6109,.T.);
#7076 = ORIENTED_EDGE('',*,*,#7077,.T.);
#7077 = EDGE_CURVE('',#6084,#7078,#7080,.T.);
#7078 = VERTEX_POINT('',#7079);
#7079 = CARTESIAN_POINT('',(14.5,23.75,9.4));
#7080 = CIRCLE('',#7081,4.);
#7081 = AXIS2_PLACEMENT_3D('',#7082,#7083,#7084);
#7082 = CARTESIAN_POINT('',(10.5,23.75,9.4));
#7083 = DIRECTION('',(0.,0.,1.));
#7084 = DIRECTION('',(1.,0.,0.));
#7085 = ORIENTED_EDGE('',*,*,#7086,.T.);
#7086 = EDGE_CURVE('',#7078,#7087,#7089,.T.);
#7087 = VERTEX_POINT('',#7088);
#7088 = CARTESIAN_POINT('',(14.468626966597,24.25,9.4));
#7089 = CIRCLE('',#7090,4.);
#7090 = AXIS2_PLACEMENT_3D('',#7091,#7092,#7093);
#7091 = CARTESIAN_POINT('',(10.5,23.75,9.4));
#7092 = DIRECTION('',(0.,0.,1.));
#7093 = DIRECTION('',(1.,0.,0.));
#7094 = ORIENTED_EDGE('',*,*,#7095,.F.);
#7095 = EDGE_CURVE('',#7096,#7087,#7098,.T.);
#7096 = VERTEX_POINT('',#7097);
#7097 = CARTESIAN_POINT('',(12.436491673104,24.25,9.4));
#7098 = LINE('',#7099,#7100);
#7099 = CARTESIAN_POINT('',(6.5,24.25,9.4));
#7100 = VECTOR('',#7101,1.);
#7101 = DIRECTION('',(1.,0.,0.));
#7102 = ORIENTED_EDGE('',*,*,#7103,.F.);
#7103 = EDGE_CURVE('',#7104,#7096,#7106,.T.);
#7104 = VERTEX_POINT('',#7105);
#7105 = CARTESIAN_POINT('',(12.5,23.75,9.4));
#7106 = CIRCLE('',#7107,2.);
#7107 = AXIS2_PLACEMENT_3D('',#7108,#7109,#7110);
#7108 = CARTESIAN_POINT('',(10.5,23.75,9.4));
#7109 = DIRECTION('',(0.,0.,1.));
#7110 = DIRECTION('',(1.,0.,0.));
#7111 = ORIENTED_EDGE('',*,*,#7112,.F.);
#7112 = EDGE_CURVE('',#7113,#7104,#7115,.T.);
#7113 = VERTEX_POINT('',#7114);
#7114 = CARTESIAN_POINT('',(8.563508326896,24.25,9.4));
#7115 = CIRCLE('',#7116,2.);
#7116 = AXIS2_PLACEMENT_3D('',#7117,#7118,#7119);
#7117 = CARTESIAN_POINT('',(10.5,23.75,9.4));
#7118 = DIRECTION('',(0.,0.,1.));
#7119 = DIRECTION('',(1.,0.,0.));
#7120 = ORIENTED_EDGE('',*,*,#7121,.F.);
#7121 = EDGE_CURVE('',#7122,#7113,#7124,.T.);
#7122 = VERTEX_POINT('',#7123);
#7123 = CARTESIAN_POINT('',(6.531373033403,24.25,9.4));
#7124 = LINE('',#7125,#7126);
#7125 = CARTESIAN_POINT('',(6.5,24.25,9.4));
#7126 = VECTOR('',#7127,1.);
#7127 = DIRECTION('',(1.,0.,0.));
#7128 = ORIENTED_EDGE('',*,*,#7129,.T.);
#7129 = EDGE_CURVE('',#7122,#5993,#7130,.T.);
#7130 = CIRCLE('',#7131,4.);
#7131 = AXIS2_PLACEMENT_3D('',#7132,#7133,#7134);
#7132 = CARTESIAN_POINT('',(10.5,23.75,9.4));
#7133 = DIRECTION('',(0.,0.,1.));
#7134 = DIRECTION('',(1.,0.,0.));
#7135 = ORIENTED_EDGE('',*,*,#6034,.T.);
#7136 = ORIENTED_EDGE('',*,*,#6049,.T.);
#7137 = PLANE('',#7138);
#7138 = AXIS2_PLACEMENT_3D('',#7139,#7140,#7141);
#7139 = CARTESIAN_POINT('',(10.5,23.75,9.4));
#7140 = DIRECTION('',(0.,0.,1.));
#7141 = DIRECTION('',(1.,0.,0.));
#7142 = ADVANCED_FACE('',(#7143),#7153,.F.);
#7143 = FACE_BOUND('',#7144,.F.);
#7144 = EDGE_LOOP('',(#7145,#7146,#7147));
#7145 = ORIENTED_EDGE('',*,*,#6939,.F.);
#7146 = ORIENTED_EDGE('',*,*,#6074,.T.);
#7147 = ORIENTED_EDGE('',*,*,#7148,.F.);
#7148 = EDGE_CURVE('',#6930,#6075,#7149,.T.);
#7149 = LINE('',#7150,#7151);
#7150 = CARTESIAN_POINT('',(6.5,20.25,4.7));
#7151 = VECTOR('',#7152,1.);
#7152 = DIRECTION('',(1.,0.,0.));
#7153 = PLANE('',#7154);
#7154 = AXIS2_PLACEMENT_3D('',#7155,#7156,#7157);
#7155 = CARTESIAN_POINT('',(10.5,23.75,4.7));
#7156 = DIRECTION('',(0.,0.,1.));
#7157 = DIRECTION('',(1.,0.,0.));
#7158 = ADVANCED_FACE('',(#7159),#7184,.F.);
#7159 = FACE_BOUND('',#7160,.F.);
#7160 = EDGE_LOOP('',(#7161,#7169,#7170,#7178));
#7161 = ORIENTED_EDGE('',*,*,#7162,.F.);
#7162 = EDGE_CURVE('',#6075,#7163,#7165,.T.);
#7163 = VERTEX_POINT('',#7164);
#7164 = CARTESIAN_POINT('',(14.5,20.25,4.7));
#7165 = LINE('',#7166,#7167);
#7166 = CARTESIAN_POINT('',(6.5,20.25,4.7));
#7167 = VECTOR('',#7168,1.);
#7168 = DIRECTION('',(1.,0.,0.));
#7169 = ORIENTED_EDGE('',*,*,#6083,.T.);
#7170 = ORIENTED_EDGE('',*,*,#7171,.T.);
#7171 = EDGE_CURVE('',#6084,#7172,#7174,.T.);
#7172 = VERTEX_POINT('',#7173);
#7173 = CARTESIAN_POINT('',(14.5,20.25,9.4));
#7174 = LINE('',#7175,#7176);
#7175 = CARTESIAN_POINT('',(6.5,20.25,9.4));
#7176 = VECTOR('',#7177,1.);
#7177 = DIRECTION('',(1.,0.,0.));
#7178 = ORIENTED_EDGE('',*,*,#7179,.F.);
#7179 = EDGE_CURVE('',#7163,#7172,#7180,.T.);
#7180 = LINE('',#7181,#7182);
#7181 = CARTESIAN_POINT('',(14.5,20.25,4.7));
#7182 = VECTOR('',#7183,1.);
#7183 = DIRECTION('',(0.,0.,1.));
#7184 = PLANE('',#7185);
#7185 = AXIS2_PLACEMENT_3D('',#7186,#7187,#7188);
#7186 = CARTESIAN_POINT('',(6.5,20.25,4.7));
#7187 = DIRECTION('',(0.,1.,0.));
#7188 = DIRECTION('',(0.,0.,1.));
#7189 = ADVANCED_FACE('',(#7190),#7209,.T.);
#7190 = FACE_BOUND('',#7191,.T.);
#7191 = EDGE_LOOP('',(#7192,#7193,#7194,#7202,#7208));
#7192 = ORIENTED_EDGE('',*,*,#6320,.F.);
#7193 = ORIENTED_EDGE('',*,*,#6988,.F.);
#7194 = ORIENTED_EDGE('',*,*,#7195,.T.);
#7195 = EDGE_CURVE('',#6989,#7196,#7198,.T.);
#7196 = VERTEX_POINT('',#7197);
#7197 = CARTESIAN_POINT('',(7.877100840673,20.73,4.7));
#7198 = LINE('',#7199,#7200);
#7199 = CARTESIAN_POINT('',(-8.98,20.73,4.7));
#7200 = VECTOR('',#7201,1.);
#7201 = DIRECTION('',(1.,0.,0.));
#7202 = ORIENTED_EDGE('',*,*,#7203,.T.);
#7203 = EDGE_CURVE('',#7196,#6763,#7204,.T.);
#7204 = LINE('',#7205,#7206);
#7205 = CARTESIAN_POINT('',(-8.98,20.73,4.7));
#7206 = VECTOR('',#7207,1.);
#7207 = DIRECTION('',(1.,0.,0.));
#7208 = ORIENTED_EDGE('',*,*,#6762,.F.);
#7209 = PLANE('',#7210);
#7210 = AXIS2_PLACEMENT_3D('',#7211,#7212,#7213);
#7211 = CARTESIAN_POINT('',(-8.98,20.73,3.65));
#7212 = DIRECTION('',(0.,1.,0.));
#7213 = DIRECTION('',(0.,0.,1.));
#7214 = ADVANCED_FACE('',(#7215),#7243,.F.);
#7215 = FACE_BOUND('',#7216,.F.);
#7216 = EDGE_LOOP('',(#7217,#7225,#7226,#7233,#7234,#7235,#7236));
#7217 = ORIENTED_EDGE('',*,*,#7218,.F.);
#7218 = EDGE_CURVE('',#7005,#7219,#7221,.T.);
#7219 = VERTEX_POINT('',#7220);
#7220 = CARTESIAN_POINT('',(8.5,22.25,4.7));
#7221 = LINE('',#7222,#7223);
#7222 = CARTESIAN_POINT('',(-10.5,22.25,4.7));
#7223 = VECTOR('',#7224,1.);
#7224 = DIRECTION('',(1.,0.,0.));
#7225 = ORIENTED_EDGE('',*,*,#7004,.F.);
#7226 = ORIENTED_EDGE('',*,*,#7227,.T.);
#7227 = EDGE_CURVE('',#6997,#7196,#7228,.T.);
#7228 = CIRCLE('',#7229,4.);
#7229 = AXIS2_PLACEMENT_3D('',#7230,#7231,#7232);
#7230 = CARTESIAN_POINT('',(10.5,23.75,4.7));
#7231 = DIRECTION('',(0.,0.,1.));
#7232 = DIRECTION('',(1.,0.,0.));
#7233 = ORIENTED_EDGE('',*,*,#7203,.T.);
#7234 = ORIENTED_EDGE('',*,*,#6770,.F.);
#7235 = ORIENTED_EDGE('',*,*,#6929,.T.);
#7236 = ORIENTED_EDGE('',*,*,#7237,.T.);
#7237 = EDGE_CURVE('',#6930,#7219,#7238,.T.);
#7238 = CIRCLE('',#7239,2.);
#7239 = AXIS2_PLACEMENT_3D('',#7240,#7241,#7242);
#7240 = CARTESIAN_POINT('',(8.5,20.25,4.7));
#7241 = DIRECTION('',(-0.,0.,1.));
#7242 = DIRECTION('',(0.,-1.,0.));
#7243 = PLANE('',#7244);
#7244 = AXIS2_PLACEMENT_3D('',#7245,#7246,#7247);
#7245 = CARTESIAN_POINT('',(-10.5,-22.25,4.7));
#7246 = DIRECTION('',(0.,0.,1.));
#7247 = DIRECTION('',(1.,0.,0.));
#7248 = ADVANCED_FACE('',(#7249),#7274,.T.);
#7249 = FACE_BOUND('',#7250,.T.);
#7250 = EDGE_LOOP('',(#7251,#7252,#7260,#7268));
#7251 = ORIENTED_EDGE('',*,*,#6787,.T.);
#7252 = ORIENTED_EDGE('',*,*,#7253,.T.);
#7253 = EDGE_CURVE('',#6790,#7254,#7256,.T.);
#7254 = VERTEX_POINT('',#7255);
#7255 = CARTESIAN_POINT('',(9.2,18.,4.15));
#7256 = LINE('',#7257,#7258);
#7257 = CARTESIAN_POINT('',(8.98,18.,3.77));
#7258 = VECTOR('',#7259,1.);
#7259 = DIRECTION('',(0.501036270542,0.,0.865426285481));
#7260 = ORIENTED_EDGE('',*,*,#7261,.F.);
#7261 = EDGE_CURVE('',#7262,#7254,#7264,.T.);
#7262 = VERTEX_POINT('',#7263);
#7263 = CARTESIAN_POINT('',(9.2,14.,4.15));
#7264 = LINE('',#7265,#7266);
#7265 = CARTESIAN_POINT('',(9.2,14.,4.15));
#7266 = VECTOR('',#7267,1.);
#7267 = DIRECTION('',(0.,1.,0.));
#7268 = ORIENTED_EDGE('',*,*,#7269,.F.);
#7269 = EDGE_CURVE('',#6788,#7262,#7270,.T.);
#7270 = LINE('',#7271,#7272);
#7271 = CARTESIAN_POINT('',(8.98,14.,3.77));
#7272 = VECTOR('',#7273,1.);
#7273 = DIRECTION('',(0.501036270542,0.,0.865426285481));
#7274 = PLANE('',#7275);
#7275 = AXIS2_PLACEMENT_3D('',#7276,#7277,#7278);
#7276 = CARTESIAN_POINT('',(8.98,14.,3.77));
#7277 = DIRECTION('',(0.865426285481,0.,-0.501036270542));
#7278 = DIRECTION('',(0.501036270542,0.,0.865426285481));
#7279 = ADVANCED_FACE('',(#7280),#7290,.F.);
#7280 = FACE_BOUND('',#7281,.F.);
#7281 = EDGE_LOOP('',(#7282,#7283,#7289));
#7282 = ORIENTED_EDGE('',*,*,#7253,.T.);
#7283 = ORIENTED_EDGE('',*,*,#7284,.T.);
#7284 = EDGE_CURVE('',#7254,#6806,#7285,.T.);
#7285 = LINE('',#7286,#7287);
#7286 = CARTESIAN_POINT('',(9.2,18.,4.15));
#7287 = VECTOR('',#7288,1.);
#7288 = DIRECTION('',(-0.501036270542,0.,0.865426285481));
#7289 = ORIENTED_EDGE('',*,*,#6813,.T.);
#7290 = PLANE('',#7291);
#7291 = AXIS2_PLACEMENT_3D('',#7292,#7293,#7294);
#7292 = CARTESIAN_POINT('',(9.038967754907,18.,4.15));
#7293 = DIRECTION('',(-0.,-1.,-0.));
#7294 = DIRECTION('',(0.,0.,-1.));
#7295 = ADVANCED_FACE('',(#7296),#7307,.T.);
#7296 = FACE_BOUND('',#7297,.T.);
#7297 = EDGE_LOOP('',(#7298,#7299,#7300,#7301));
#7298 = ORIENTED_EDGE('',*,*,#7261,.T.);
#7299 = ORIENTED_EDGE('',*,*,#7284,.T.);
#7300 = ORIENTED_EDGE('',*,*,#6805,.F.);
#7301 = ORIENTED_EDGE('',*,*,#7302,.F.);
#7302 = EDGE_CURVE('',#7262,#6798,#7303,.T.);
#7303 = LINE('',#7304,#7305);
#7304 = CARTESIAN_POINT('',(9.2,14.,4.15));
#7305 = VECTOR('',#7306,1.);
#7306 = DIRECTION('',(-0.501036270542,0.,0.865426285481));
#7307 = PLANE('',#7308);
#7308 = AXIS2_PLACEMENT_3D('',#7309,#7310,#7311);
#7309 = CARTESIAN_POINT('',(9.2,14.,4.15));
#7310 = DIRECTION('',(0.865426285481,0.,0.501036270542));
#7311 = DIRECTION('',(-0.501036270542,0.,0.865426285481));
#7312 = ADVANCED_FACE('',(#7313),#7318,.T.);
#7313 = FACE_BOUND('',#7314,.T.);
#7314 = EDGE_LOOP('',(#7315,#7316,#7317));
#7315 = ORIENTED_EDGE('',*,*,#7269,.T.);
#7316 = ORIENTED_EDGE('',*,*,#7302,.T.);
#7317 = ORIENTED_EDGE('',*,*,#6797,.T.);
#7318 = PLANE('',#7319);
#7319 = AXIS2_PLACEMENT_3D('',#7320,#7321,#7322);
#7320 = CARTESIAN_POINT('',(9.038967754907,14.,4.15));
#7321 = DIRECTION('',(-0.,-1.,-0.));
#7322 = DIRECTION('',(0.,0.,-1.));
#7323 = ADVANCED_FACE('',(#7324),#7349,.T.);
#7324 = FACE_BOUND('',#7325,.T.);
#7325 = EDGE_LOOP('',(#7326,#7327,#7335,#7343));
#7326 = ORIENTED_EDGE('',*,*,#6821,.T.);
#7327 = ORIENTED_EDGE('',*,*,#7328,.T.);
#7328 = EDGE_CURVE('',#6824,#7329,#7331,.T.);
#7329 = VERTEX_POINT('',#7330);
#7330 = CARTESIAN_POINT('',(9.2,9.,4.15));
#7331 = LINE('',#7332,#7333);
#7332 = CARTESIAN_POINT('',(8.98,9.,3.77));
#7333 = VECTOR('',#7334,1.);
#7334 = DIRECTION('',(0.501036270542,0.,0.865426285481));
#7335 = ORIENTED_EDGE('',*,*,#7336,.F.);
#7336 = EDGE_CURVE('',#7337,#7329,#7339,.T.);
#7337 = VERTEX_POINT('',#7338);
#7338 = CARTESIAN_POINT('',(9.2,5.,4.15));
#7339 = LINE('',#7340,#7341);
#7340 = CARTESIAN_POINT('',(9.2,5.,4.15));
#7341 = VECTOR('',#7342,1.);
#7342 = DIRECTION('',(0.,1.,0.));
#7343 = ORIENTED_EDGE('',*,*,#7344,.F.);
#7344 = EDGE_CURVE('',#6822,#7337,#7345,.T.);
#7345 = LINE('',#7346,#7347);
#7346 = CARTESIAN_POINT('',(8.98,5.,3.77));
#7347 = VECTOR('',#7348,1.);
#7348 = DIRECTION('',(0.501036270542,0.,0.865426285481));
#7349 = PLANE('',#7350);
#7350 = AXIS2_PLACEMENT_3D('',#7351,#7352,#7353);
#7351 = CARTESIAN_POINT('',(8.98,5.,3.77));
#7352 = DIRECTION('',(0.865426285481,0.,-0.501036270542));
#7353 = DIRECTION('',(0.501036270542,0.,0.865426285481));
#7354 = ADVANCED_FACE('',(#7355),#7365,.T.);
#7355 = FACE_BOUND('',#7356,.T.);
#7356 = EDGE_LOOP('',(#7357,#7358,#7364));
#7357 = ORIENTED_EDGE('',*,*,#7344,.T.);
#7358 = ORIENTED_EDGE('',*,*,#7359,.T.);
#7359 = EDGE_CURVE('',#7337,#6832,#7360,.T.);
#7360 = LINE('',#7361,#7362);
#7361 = CARTESIAN_POINT('',(9.2,5.,4.15));
#7362 = VECTOR('',#7363,1.);
#7363 = DIRECTION('',(-0.501036270542,0.,0.865426285481));
#7364 = ORIENTED_EDGE('',*,*,#6831,.T.);
#7365 = PLANE('',#7366);
#7366 = AXIS2_PLACEMENT_3D('',#7367,#7368,#7369);
#7367 = CARTESIAN_POINT('',(9.038967754907,5.,4.15));
#7368 = DIRECTION('',(-0.,-1.,-0.));
#7369 = DIRECTION('',(0.,0.,-1.));
#7370 = ADVANCED_FACE('',(#7371),#7381,.F.);
#7371 = FACE_BOUND('',#7372,.F.);
#7372 = EDGE_LOOP('',(#7373,#7374,#7380));
#7373 = ORIENTED_EDGE('',*,*,#7328,.T.);
#7374 = ORIENTED_EDGE('',*,*,#7375,.T.);
#7375 = EDGE_CURVE('',#7329,#6840,#7376,.T.);
#7376 = LINE('',#7377,#7378);
#7377 = CARTESIAN_POINT('',(9.2,9.,4.15));
#7378 = VECTOR('',#7379,1.);
#7379 = DIRECTION('',(-0.501036270542,0.,0.865426285481));
#7380 = ORIENTED_EDGE('',*,*,#6847,.T.);
#7381 = PLANE('',#7382);
#7382 = AXIS2_PLACEMENT_3D('',#7383,#7384,#7385);
#7383 = CARTESIAN_POINT('',(9.038967754907,9.,4.15));
#7384 = DIRECTION('',(-0.,-1.,-0.));
#7385 = DIRECTION('',(0.,0.,-1.));
#7386 = ADVANCED_FACE('',(#7387),#7393,.T.);
#7387 = FACE_BOUND('',#7388,.T.);
#7388 = EDGE_LOOP('',(#7389,#7390,#7391,#7392));
#7389 = ORIENTED_EDGE('',*,*,#7336,.T.);
#7390 = ORIENTED_EDGE('',*,*,#7375,.T.);
#7391 = ORIENTED_EDGE('',*,*,#6839,.F.);
#7392 = ORIENTED_EDGE('',*,*,#7359,.F.);
#7393 = PLANE('',#7394);
#7394 = AXIS2_PLACEMENT_3D('',#7395,#7396,#7397);
#7395 = CARTESIAN_POINT('',(9.2,5.,4.15));
#7396 = DIRECTION('',(0.865426285481,0.,0.501036270542));
#7397 = DIRECTION('',(-0.501036270542,0.,0.865426285481));
#7398 = ADVANCED_FACE('',(#7399),#7424,.T.);
#7399 = FACE_BOUND('',#7400,.T.);
#7400 = EDGE_LOOP('',(#7401,#7402,#7410,#7418));
#7401 = ORIENTED_EDGE('',*,*,#6855,.T.);
#7402 = ORIENTED_EDGE('',*,*,#7403,.T.);
#7403 = EDGE_CURVE('',#6858,#7404,#7406,.T.);
#7404 = VERTEX_POINT('',#7405);
#7405 = CARTESIAN_POINT('',(9.2,-3.,4.15));
#7406 = LINE('',#7407,#7408);
#7407 = CARTESIAN_POINT('',(8.98,-3.,3.77));
#7408 = VECTOR('',#7409,1.);
#7409 = DIRECTION('',(0.501036270542,0.,0.865426285481));
#7410 = ORIENTED_EDGE('',*,*,#7411,.F.);
#7411 = EDGE_CURVE('',#7412,#7404,#7414,.T.);
#7412 = VERTEX_POINT('',#7413);
#7413 = CARTESIAN_POINT('',(9.2,-7.,4.15));
#7414 = LINE('',#7415,#7416);
#7415 = CARTESIAN_POINT('',(9.2,-7.,4.15));
#7416 = VECTOR('',#7417,1.);
#7417 = DIRECTION('',(0.,1.,0.));
#7418 = ORIENTED_EDGE('',*,*,#7419,.F.);
#7419 = EDGE_CURVE('',#6856,#7412,#7420,.T.);
#7420 = LINE('',#7421,#7422);
#7421 = CARTESIAN_POINT('',(8.98,-7.,3.77));
#7422 = VECTOR('',#7423,1.);
#7423 = DIRECTION('',(0.501036270542,0.,0.865426285481));
#7424 = PLANE('',#7425);
#7425 = AXIS2_PLACEMENT_3D('',#7426,#7427,#7428);
#7426 = CARTESIAN_POINT('',(8.98,-7.,3.77));
#7427 = DIRECTION('',(0.865426285481,0.,-0.501036270542));
#7428 = DIRECTION('',(0.501036270542,0.,0.865426285481));
#7429 = ADVANCED_FACE('',(#7430),#7440,.T.);
#7430 = FACE_BOUND('',#7431,.T.);
#7431 = EDGE_LOOP('',(#7432,#7433,#7439));
#7432 = ORIENTED_EDGE('',*,*,#7419,.T.);
#7433 = ORIENTED_EDGE('',*,*,#7434,.T.);
#7434 = EDGE_CURVE('',#7412,#6866,#7435,.T.);
#7435 = LINE('',#7436,#7437);
#7436 = CARTESIAN_POINT('',(9.2,-7.,4.15));
#7437 = VECTOR('',#7438,1.);
#7438 = DIRECTION('',(-0.501036270542,0.,0.865426285481));
#7439 = ORIENTED_EDGE('',*,*,#6865,.T.);
#7440 = PLANE('',#7441);
#7441 = AXIS2_PLACEMENT_3D('',#7442,#7443,#7444);
#7442 = CARTESIAN_POINT('',(9.038967754907,-7.,4.15));
#7443 = DIRECTION('',(-0.,-1.,-0.));
#7444 = DIRECTION('',(0.,0.,-1.));
#7445 = ADVANCED_FACE('',(#7446),#7456,.F.);
#7446 = FACE_BOUND('',#7447,.F.);
#7447 = EDGE_LOOP('',(#7448,#7449,#7455));
#7448 = ORIENTED_EDGE('',*,*,#7403,.T.);
#7449 = ORIENTED_EDGE('',*,*,#7450,.T.);
#7450 = EDGE_CURVE('',#7404,#6874,#7451,.T.);
#7451 = LINE('',#7452,#7453);
#7452 = CARTESIAN_POINT('',(9.2,-3.,4.15));
#7453 = VECTOR('',#7454,1.);
#7454 = DIRECTION('',(-0.501036270542,0.,0.865426285481));
#7455 = ORIENTED_EDGE('',*,*,#6881,.T.);
#7456 = PLANE('',#7457);
#7457 = AXIS2_PLACEMENT_3D('',#7458,#7459,#7460);
#7458 = CARTESIAN_POINT('',(9.038967754907,-3.,4.15));
#7459 = DIRECTION('',(-0.,-1.,-0.));
#7460 = DIRECTION('',(0.,0.,-1.));
#7461 = ADVANCED_FACE('',(#7462),#7468,.T.);
#7462 = FACE_BOUND('',#7463,.T.);
#7463 = EDGE_LOOP('',(#7464,#7465,#7466,#7467));
#7464 = ORIENTED_EDGE('',*,*,#7411,.T.);
#7465 = ORIENTED_EDGE('',*,*,#7450,.T.);
#7466 = ORIENTED_EDGE('',*,*,#6873,.F.);
#7467 = ORIENTED_EDGE('',*,*,#7434,.F.);
#7468 = PLANE('',#7469);
#7469 = AXIS2_PLACEMENT_3D('',#7470,#7471,#7472);
#7470 = CARTESIAN_POINT('',(9.2,-7.,4.15));
#7471 = DIRECTION('',(0.865426285481,0.,0.501036270542));
#7472 = DIRECTION('',(-0.501036270542,0.,0.865426285481));
#7473 = ADVANCED_FACE('',(#7474),#7499,.T.);
#7474 = FACE_BOUND('',#7475,.T.);
#7475 = EDGE_LOOP('',(#7476,#7477,#7485,#7493));
#7476 = ORIENTED_EDGE('',*,*,#6889,.T.);
#7477 = ORIENTED_EDGE('',*,*,#7478,.T.);
#7478 = EDGE_CURVE('',#6892,#7479,#7481,.T.);
#7479 = VERTEX_POINT('',#7480);
#7480 = CARTESIAN_POINT('',(9.2,-13.,4.15));
#7481 = LINE('',#7482,#7483);
#7482 = CARTESIAN_POINT('',(8.98,-13.,3.77));
#7483 = VECTOR('',#7484,1.);
#7484 = DIRECTION('',(0.501036270542,0.,0.865426285481));
#7485 = ORIENTED_EDGE('',*,*,#7486,.F.);
#7486 = EDGE_CURVE('',#7487,#7479,#7489,.T.);
#7487 = VERTEX_POINT('',#7488);
#7488 = CARTESIAN_POINT('',(9.2,-17.,4.15));
#7489 = LINE('',#7490,#7491);
#7490 = CARTESIAN_POINT('',(9.2,-17.,4.15));
#7491 = VECTOR('',#7492,1.);
#7492 = DIRECTION('',(0.,1.,0.));
#7493 = ORIENTED_EDGE('',*,*,#7494,.F.);
#7494 = EDGE_CURVE('',#6890,#7487,#7495,.T.);
#7495 = LINE('',#7496,#7497);
#7496 = CARTESIAN_POINT('',(8.98,-17.,3.77));
#7497 = VECTOR('',#7498,1.);
#7498 = DIRECTION('',(0.501036270542,0.,0.865426285481));
#7499 = PLANE('',#7500);
#7500 = AXIS2_PLACEMENT_3D('',#7501,#7502,#7503);
#7501 = CARTESIAN_POINT('',(8.98,-17.,3.77));
#7502 = DIRECTION('',(0.865426285481,0.,-0.501036270542));
#7503 = DIRECTION('',(0.501036270542,0.,0.865426285481));
#7504 = ADVANCED_FACE('',(#7505),#7515,.T.);
#7505 = FACE_BOUND('',#7506,.T.);
#7506 = EDGE_LOOP('',(#7507,#7508,#7514));
#7507 = ORIENTED_EDGE('',*,*,#7494,.T.);
#7508 = ORIENTED_EDGE('',*,*,#7509,.T.);
#7509 = EDGE_CURVE('',#7487,#6900,#7510,.T.);
#7510 = LINE('',#7511,#7512);
#7511 = CARTESIAN_POINT('',(9.2,-17.,4.15));
#7512 = VECTOR('',#7513,1.);
#7513 = DIRECTION('',(-0.501036270542,0.,0.865426285481));
#7514 = ORIENTED_EDGE('',*,*,#6899,.T.);
#7515 = PLANE('',#7516);
#7516 = AXIS2_PLACEMENT_3D('',#7517,#7518,#7519);
#7517 = CARTESIAN_POINT('',(9.038967754907,-17.,4.15));
#7518 = DIRECTION('',(-0.,-1.,-0.));
#7519 = DIRECTION('',(0.,0.,-1.));
#7520 = ADVANCED_FACE('',(#7521),#7531,.F.);
#7521 = FACE_BOUND('',#7522,.F.);
#7522 = EDGE_LOOP('',(#7523,#7524,#7530));
#7523 = ORIENTED_EDGE('',*,*,#7478,.T.);
#7524 = ORIENTED_EDGE('',*,*,#7525,.T.);
#7525 = EDGE_CURVE('',#7479,#6908,#7526,.T.);
#7526 = LINE('',#7527,#7528);
#7527 = CARTESIAN_POINT('',(9.2,-13.,4.15));
#7528 = VECTOR('',#7529,1.);
#7529 = DIRECTION('',(-0.501036270542,0.,0.865426285481));
#7530 = ORIENTED_EDGE('',*,*,#6915,.T.);
#7531 = PLANE('',#7532);
#7532 = AXIS2_PLACEMENT_3D('',#7533,#7534,#7535);
#7533 = CARTESIAN_POINT('',(9.038967754907,-13.,4.15));
#7534 = DIRECTION('',(-0.,-1.,-0.));
#7535 = DIRECTION('',(0.,0.,-1.));
#7536 = ADVANCED_FACE('',(#7537),#7543,.T.);
#7537 = FACE_BOUND('',#7538,.T.);
#7538 = EDGE_LOOP('',(#7539,#7540,#7541,#7542));
#7539 = ORIENTED_EDGE('',*,*,#7486,.T.);
#7540 = ORIENTED_EDGE('',*,*,#7525,.T.);
#7541 = ORIENTED_EDGE('',*,*,#6907,.F.);
#7542 = ORIENTED_EDGE('',*,*,#7509,.F.);
#7543 = PLANE('',#7544);
#7544 = AXIS2_PLACEMENT_3D('',#7545,#7546,#7547);
#7545 = CARTESIAN_POINT('',(9.2,-17.,4.15));
#7546 = DIRECTION('',(0.865426285481,0.,0.501036270542));
#7547 = DIRECTION('',(-0.501036270542,0.,0.865426285481));
#7548 = ADVANCED_FACE('',(#7549),#7616,.F.);
#7549 = FACE_BOUND('',#7550,.F.);
#7550 = EDGE_LOOP('',(#7551,#7552,#7553,#7562,#7571,#7579,#7588,#7597,
    #7605,#7612,#7613,#7614,#7615));
#7551 = ORIENTED_EDGE('',*,*,#7237,.F.);
#7552 = ORIENTED_EDGE('',*,*,#7148,.T.);
#7553 = ORIENTED_EDGE('',*,*,#7554,.T.);
#7554 = EDGE_CURVE('',#6075,#7555,#7557,.T.);
#7555 = VERTEX_POINT('',#7556);
#7556 = CARTESIAN_POINT('',(14.5,23.75,4.7));
#7557 = CIRCLE('',#7558,4.);
#7558 = AXIS2_PLACEMENT_3D('',#7559,#7560,#7561);
#7559 = CARTESIAN_POINT('',(10.5,23.75,4.7));
#7560 = DIRECTION('',(0.,0.,1.));
#7561 = DIRECTION('',(1.,0.,0.));
#7562 = ORIENTED_EDGE('',*,*,#7563,.T.);
#7563 = EDGE_CURVE('',#7555,#7564,#7566,.T.);
#7564 = VERTEX_POINT('',#7565);
#7565 = CARTESIAN_POINT('',(14.468626966597,24.25,4.7));
#7566 = CIRCLE('',#7567,4.);
#7567 = AXIS2_PLACEMENT_3D('',#7568,#7569,#7570);
#7568 = CARTESIAN_POINT('',(10.5,23.75,4.7));
#7569 = DIRECTION('',(0.,0.,1.));
#7570 = DIRECTION('',(1.,0.,0.));
#7571 = ORIENTED_EDGE('',*,*,#7572,.F.);
#7572 = EDGE_CURVE('',#7573,#7564,#7575,.T.);
#7573 = VERTEX_POINT('',#7574);
#7574 = CARTESIAN_POINT('',(12.436491673104,24.25,4.7));
#7575 = LINE('',#7576,#7577);
#7576 = CARTESIAN_POINT('',(6.5,24.25,4.7));
#7577 = VECTOR('',#7578,1.);
#7578 = DIRECTION('',(1.,0.,0.));
#7579 = ORIENTED_EDGE('',*,*,#7580,.F.);
#7580 = EDGE_CURVE('',#7581,#7573,#7583,.T.);
#7581 = VERTEX_POINT('',#7582);
#7582 = CARTESIAN_POINT('',(12.5,23.75,4.7));
#7583 = CIRCLE('',#7584,2.);
#7584 = AXIS2_PLACEMENT_3D('',#7585,#7586,#7587);
#7585 = CARTESIAN_POINT('',(10.5,23.75,4.7));
#7586 = DIRECTION('',(0.,0.,1.));
#7587 = DIRECTION('',(1.,0.,0.));
#7588 = ORIENTED_EDGE('',*,*,#7589,.F.);
#7589 = EDGE_CURVE('',#7590,#7581,#7592,.T.);
#7590 = VERTEX_POINT('',#7591);
#7591 = CARTESIAN_POINT('',(8.563508326896,24.25,4.7));
#7592 = CIRCLE('',#7593,2.);
#7593 = AXIS2_PLACEMENT_3D('',#7594,#7595,#7596);
#7594 = CARTESIAN_POINT('',(10.5,23.75,4.7));
#7595 = DIRECTION('',(0.,0.,1.));
#7596 = DIRECTION('',(1.,0.,0.));
#7597 = ORIENTED_EDGE('',*,*,#7598,.F.);
#7598 = EDGE_CURVE('',#7599,#7590,#7601,.T.);
#7599 = VERTEX_POINT('',#7600);
#7600 = CARTESIAN_POINT('',(6.531373033403,24.25,4.7));
#7601 = LINE('',#7602,#7603);
#7602 = CARTESIAN_POINT('',(6.5,24.25,4.7));
#7603 = VECTOR('',#7604,1.);
#7604 = DIRECTION('',(1.,0.,0.));
#7605 = ORIENTED_EDGE('',*,*,#7606,.T.);
#7606 = EDGE_CURVE('',#7599,#6011,#7607,.T.);
#7607 = CIRCLE('',#7608,4.);
#7608 = AXIS2_PLACEMENT_3D('',#7609,#7610,#7611);
#7609 = CARTESIAN_POINT('',(10.5,23.75,4.7));
#7610 = DIRECTION('',(0.,0.,1.));
#7611 = DIRECTION('',(1.,0.,0.));
#7612 = ORIENTED_EDGE('',*,*,#7060,.T.);
#7613 = ORIENTED_EDGE('',*,*,#6961,.F.);
#7614 = ORIENTED_EDGE('',*,*,#7012,.F.);
#7615 = ORIENTED_EDGE('',*,*,#7218,.T.);
#7616 = PLANE('',#7617);
#7617 = AXIS2_PLACEMENT_3D('',#7618,#7619,#7620);
#7618 = CARTESIAN_POINT('',(10.5,23.75,4.7));
#7619 = DIRECTION('',(0.,0.,1.));
#7620 = DIRECTION('',(1.,0.,0.));
#7621 = ADVANCED_FACE('',(#7622),#7627,.F.);
#7622 = FACE_BOUND('',#7623,.F.);
#7623 = EDGE_LOOP('',(#7624,#7625,#7626));
#7624 = ORIENTED_EDGE('',*,*,#7227,.F.);
#7625 = ORIENTED_EDGE('',*,*,#6996,.F.);
#7626 = ORIENTED_EDGE('',*,*,#7195,.T.);
#7627 = PLANE('',#7628);
#7628 = AXIS2_PLACEMENT_3D('',#7629,#7630,#7631);
#7629 = CARTESIAN_POINT('',(-10.5,-22.25,4.7));
#7630 = DIRECTION('',(0.,0.,1.));
#7631 = DIRECTION('',(1.,0.,0.));
#7632 = ADVANCED_FACE('',(#7633),#7643,.T.);
#7633 = FACE_BOUND('',#7634,.T.);
#7634 = EDGE_LOOP('',(#7635,#7636,#7637));
#7635 = ORIENTED_EDGE('',*,*,#7044,.F.);
#7636 = ORIENTED_EDGE('',*,*,#7129,.F.);
#7637 = ORIENTED_EDGE('',*,*,#7638,.F.);
#7638 = EDGE_CURVE('',#7037,#7122,#7639,.T.);
#7639 = LINE('',#7640,#7641);
#7640 = CARTESIAN_POINT('',(6.5,24.25,9.4));
#7641 = VECTOR('',#7642,1.);
#7642 = DIRECTION('',(1.,0.,0.));
#7643 = PLANE('',#7644);
#7644 = AXIS2_PLACEMENT_3D('',#7645,#7646,#7647);
#7645 = CARTESIAN_POINT('',(6.5,20.25,9.4));
#7646 = DIRECTION('',(0.,0.,1.));
#7647 = DIRECTION('',(1.,0.,0.));
#7648 = ADVANCED_FACE('',(#7649),#7665,.T.);
#7649 = FACE_BOUND('',#7650,.T.);
#7650 = EDGE_LOOP('',(#7651,#7657,#7658,#7659));
#7651 = ORIENTED_EDGE('',*,*,#7652,.F.);
#7652 = EDGE_CURVE('',#7029,#7599,#7653,.T.);
#7653 = LINE('',#7654,#7655);
#7654 = CARTESIAN_POINT('',(6.5,24.25,4.7));
#7655 = VECTOR('',#7656,1.);
#7656 = DIRECTION('',(1.,0.,0.));
#7657 = ORIENTED_EDGE('',*,*,#7036,.T.);
#7658 = ORIENTED_EDGE('',*,*,#7638,.T.);
#7659 = ORIENTED_EDGE('',*,*,#7660,.F.);
#7660 = EDGE_CURVE('',#7599,#7122,#7661,.T.);
#7661 = LINE('',#7662,#7663);
#7662 = CARTESIAN_POINT('',(6.531373033403,24.25,4.7));
#7663 = VECTOR('',#7664,1.);
#7664 = DIRECTION('',(0.,0.,1.));
#7665 = PLANE('',#7666);
#7666 = AXIS2_PLACEMENT_3D('',#7667,#7668,#7669);
#7667 = CARTESIAN_POINT('',(6.5,24.25,4.7));
#7668 = DIRECTION('',(0.,1.,0.));
#7669 = DIRECTION('',(0.,0.,1.));
#7670 = ADVANCED_FACE('',(#7671),#7676,.F.);
#7671 = FACE_BOUND('',#7672,.F.);
#7672 = EDGE_LOOP('',(#7673,#7674,#7675));
#7673 = ORIENTED_EDGE('',*,*,#7028,.F.);
#7674 = ORIENTED_EDGE('',*,*,#7606,.F.);
#7675 = ORIENTED_EDGE('',*,*,#7652,.F.);
#7676 = PLANE('',#7677);
#7677 = AXIS2_PLACEMENT_3D('',#7678,#7679,#7680);
#7678 = CARTESIAN_POINT('',(6.5,20.25,4.7));
#7679 = DIRECTION('',(0.,0.,1.));
#7680 = DIRECTION('',(1.,0.,0.));
#7681 = ADVANCED_FACE('',(#7682),#7700,.T.);
#7682 = FACE_BOUND('',#7683,.T.);
#7683 = EDGE_LOOP('',(#7684,#7691,#7692,#7699));
#7684 = ORIENTED_EDGE('',*,*,#7685,.T.);
#7685 = EDGE_CURVE('',#7087,#7122,#7686,.T.);
#7686 = CIRCLE('',#7687,4.);
#7687 = AXIS2_PLACEMENT_3D('',#7688,#7689,#7690);
#7688 = CARTESIAN_POINT('',(10.5,23.75,9.4));
#7689 = DIRECTION('',(0.,0.,1.));
#7690 = DIRECTION('',(1.,0.,0.));
#7691 = ORIENTED_EDGE('',*,*,#7121,.T.);
#7692 = ORIENTED_EDGE('',*,*,#7693,.F.);
#7693 = EDGE_CURVE('',#7096,#7113,#7694,.T.);
#7694 = CIRCLE('',#7695,2.);
#7695 = AXIS2_PLACEMENT_3D('',#7696,#7697,#7698);
#7696 = CARTESIAN_POINT('',(10.5,23.75,9.4));
#7697 = DIRECTION('',(0.,0.,1.));
#7698 = DIRECTION('',(1.,0.,0.));
#7699 = ORIENTED_EDGE('',*,*,#7095,.T.);
#7700 = PLANE('',#7701);
#7701 = AXIS2_PLACEMENT_3D('',#7702,#7703,#7704);
#7702 = CARTESIAN_POINT('',(10.5,23.75,9.4));
#7703 = DIRECTION('',(0.,0.,1.));
#7704 = DIRECTION('',(1.,0.,0.));
#7705 = ADVANCED_FACE('',(#7706),#7727,.F.);
#7706 = FACE_BOUND('',#7707,.F.);
#7707 = EDGE_LOOP('',(#7708,#7709,#7715,#7716,#7723,#7724,#7725,#7726));
#7708 = ORIENTED_EDGE('',*,*,#7103,.F.);
#7709 = ORIENTED_EDGE('',*,*,#7710,.F.);
#7710 = EDGE_CURVE('',#7581,#7104,#7711,.T.);
#7711 = LINE('',#7712,#7713);
#7712 = CARTESIAN_POINT('',(12.5,23.75,2.7));
#7713 = VECTOR('',#7714,1.);
#7714 = DIRECTION('',(0.,0.,1.));
#7715 = ORIENTED_EDGE('',*,*,#7580,.T.);
#7716 = ORIENTED_EDGE('',*,*,#7717,.T.);
#7717 = EDGE_CURVE('',#7573,#7590,#7718,.T.);
#7718 = CIRCLE('',#7719,2.);
#7719 = AXIS2_PLACEMENT_3D('',#7720,#7721,#7722);
#7720 = CARTESIAN_POINT('',(10.5,23.75,4.7));
#7721 = DIRECTION('',(0.,0.,1.));
#7722 = DIRECTION('',(1.,0.,0.));
#7723 = ORIENTED_EDGE('',*,*,#7589,.T.);
#7724 = ORIENTED_EDGE('',*,*,#7710,.T.);
#7725 = ORIENTED_EDGE('',*,*,#7112,.F.);
#7726 = ORIENTED_EDGE('',*,*,#7693,.F.);
#7727 = CYLINDRICAL_SURFACE('',#7728,2.);
#7728 = AXIS2_PLACEMENT_3D('',#7729,#7730,#7731);
#7729 = CARTESIAN_POINT('',(10.5,23.75,2.7));
#7730 = DIRECTION('',(0.,0.,1.));
#7731 = DIRECTION('',(1.,0.,0.));
#7732 = ADVANCED_FACE('',(#7733),#7750,.T.);
#7733 = FACE_BOUND('',#7734,.T.);
#7734 = EDGE_LOOP('',(#7735,#7743,#7744));
#7735 = ORIENTED_EDGE('',*,*,#7736,.F.);
#7736 = EDGE_CURVE('',#7087,#7737,#7739,.T.);
#7737 = VERTEX_POINT('',#7738);
#7738 = CARTESIAN_POINT('',(14.5,24.25,9.4));
#7739 = LINE('',#7740,#7741);
#7740 = CARTESIAN_POINT('',(6.5,24.25,9.4));
#7741 = VECTOR('',#7742,1.);
#7742 = DIRECTION('',(1.,0.,0.));
#7743 = ORIENTED_EDGE('',*,*,#7086,.F.);
#7744 = ORIENTED_EDGE('',*,*,#7745,.T.);
#7745 = EDGE_CURVE('',#7078,#7737,#7746,.T.);
#7746 = LINE('',#7747,#7748);
#7747 = CARTESIAN_POINT('',(14.5,20.25,9.4));
#7748 = VECTOR('',#7749,1.);
#7749 = DIRECTION('',(0.,1.,0.));
#7750 = PLANE('',#7751);
#7751 = AXIS2_PLACEMENT_3D('',#7752,#7753,#7754);
#7752 = CARTESIAN_POINT('',(6.5,20.25,9.4));
#7753 = DIRECTION('',(0.,0.,1.));
#7754 = DIRECTION('',(1.,0.,0.));
#7755 = ADVANCED_FACE('',(#7756),#7766,.T.);
#7756 = FACE_BOUND('',#7757,.T.);
#7757 = EDGE_LOOP('',(#7758,#7759,#7760));
#7758 = ORIENTED_EDGE('',*,*,#7077,.F.);
#7759 = ORIENTED_EDGE('',*,*,#7171,.T.);
#7760 = ORIENTED_EDGE('',*,*,#7761,.T.);
#7761 = EDGE_CURVE('',#7172,#7078,#7762,.T.);
#7762 = LINE('',#7763,#7764);
#7763 = CARTESIAN_POINT('',(14.5,20.25,9.4));
#7764 = VECTOR('',#7765,1.);
#7765 = DIRECTION('',(0.,1.,0.));
#7766 = PLANE('',#7767);
#7767 = AXIS2_PLACEMENT_3D('',#7768,#7769,#7770);
#7768 = CARTESIAN_POINT('',(6.5,20.25,9.4));
#7769 = DIRECTION('',(0.,0.,1.));
#7770 = DIRECTION('',(1.,0.,0.));
#7771 = ADVANCED_FACE('',(#7772),#7782,.F.);
#7772 = FACE_BOUND('',#7773,.F.);
#7773 = EDGE_LOOP('',(#7774,#7775,#7776));
#7774 = ORIENTED_EDGE('',*,*,#7554,.F.);
#7775 = ORIENTED_EDGE('',*,*,#7162,.T.);
#7776 = ORIENTED_EDGE('',*,*,#7777,.T.);
#7777 = EDGE_CURVE('',#7163,#7555,#7778,.T.);
#7778 = LINE('',#7779,#7780);
#7779 = CARTESIAN_POINT('',(14.5,20.25,4.7));
#7780 = VECTOR('',#7781,1.);
#7781 = DIRECTION('',(0.,1.,0.));
#7782 = PLANE('',#7783);
#7783 = AXIS2_PLACEMENT_3D('',#7784,#7785,#7786);
#7784 = CARTESIAN_POINT('',(6.5,20.25,4.7));
#7785 = DIRECTION('',(0.,0.,1.));
#7786 = DIRECTION('',(1.,0.,0.));
#7787 = ADVANCED_FACE('',(#7788),#7799,.T.);
#7788 = FACE_BOUND('',#7789,.T.);
#7789 = EDGE_LOOP('',(#7790,#7791,#7792,#7793));
#7790 = ORIENTED_EDGE('',*,*,#7761,.F.);
#7791 = ORIENTED_EDGE('',*,*,#7179,.F.);
#7792 = ORIENTED_EDGE('',*,*,#7777,.T.);
#7793 = ORIENTED_EDGE('',*,*,#7794,.T.);
#7794 = EDGE_CURVE('',#7555,#7078,#7795,.T.);
#7795 = LINE('',#7796,#7797);
#7796 = CARTESIAN_POINT('',(14.5,23.75,4.7));
#7797 = VECTOR('',#7798,1.);
#7798 = DIRECTION('',(0.,0.,1.));
#7799 = PLANE('',#7800);
#7800 = AXIS2_PLACEMENT_3D('',#7801,#7802,#7803);
#7801 = CARTESIAN_POINT('',(14.5,20.25,4.7));
#7802 = DIRECTION('',(1.,0.,0.));
#7803 = DIRECTION('',(0.,0.,1.));
#7804 = ADVANCED_FACE('',(#7805),#7817,.F.);
#7805 = FACE_BOUND('',#7806,.F.);
#7806 = EDGE_LOOP('',(#7807,#7814,#7815,#7816));
#7807 = ORIENTED_EDGE('',*,*,#7808,.T.);
#7808 = EDGE_CURVE('',#7564,#7599,#7809,.T.);
#7809 = CIRCLE('',#7810,4.);
#7810 = AXIS2_PLACEMENT_3D('',#7811,#7812,#7813);
#7811 = CARTESIAN_POINT('',(10.5,23.75,4.7));
#7812 = DIRECTION('',(0.,0.,1.));
#7813 = DIRECTION('',(1.,0.,0.));
#7814 = ORIENTED_EDGE('',*,*,#7598,.T.);
#7815 = ORIENTED_EDGE('',*,*,#7717,.F.);
#7816 = ORIENTED_EDGE('',*,*,#7572,.T.);
#7817 = PLANE('',#7818);
#7818 = AXIS2_PLACEMENT_3D('',#7819,#7820,#7821);
#7819 = CARTESIAN_POINT('',(10.5,23.75,4.7));
#7820 = DIRECTION('',(0.,0.,1.));
#7821 = DIRECTION('',(1.,0.,0.));
#7822 = ADVANCED_FACE('',(#7823),#7840,.F.);
#7823 = FACE_BOUND('',#7824,.F.);
#7824 = EDGE_LOOP('',(#7825,#7833,#7834));
#7825 = ORIENTED_EDGE('',*,*,#7826,.F.);
#7826 = EDGE_CURVE('',#7564,#7827,#7829,.T.);
#7827 = VERTEX_POINT('',#7828);
#7828 = CARTESIAN_POINT('',(14.5,24.25,4.7));
#7829 = LINE('',#7830,#7831);
#7830 = CARTESIAN_POINT('',(6.5,24.25,4.7));
#7831 = VECTOR('',#7832,1.);
#7832 = DIRECTION('',(1.,0.,0.));
#7833 = ORIENTED_EDGE('',*,*,#7563,.F.);
#7834 = ORIENTED_EDGE('',*,*,#7835,.T.);
#7835 = EDGE_CURVE('',#7555,#7827,#7836,.T.);
#7836 = LINE('',#7837,#7838);
#7837 = CARTESIAN_POINT('',(14.5,20.25,4.7));
#7838 = VECTOR('',#7839,1.);
#7839 = DIRECTION('',(0.,1.,0.));
#7840 = PLANE('',#7841);
#7841 = AXIS2_PLACEMENT_3D('',#7842,#7843,#7844);
#7842 = CARTESIAN_POINT('',(6.5,20.25,4.7));
#7843 = DIRECTION('',(0.,0.,1.));
#7844 = DIRECTION('',(1.,0.,0.));
#7845 = ADVANCED_FACE('',(#7846),#7857,.T.);
#7846 = FACE_BOUND('',#7847,.T.);
#7847 = EDGE_LOOP('',(#7848,#7849,#7855,#7856));
#7848 = ORIENTED_EDGE('',*,*,#7685,.F.);
#7849 = ORIENTED_EDGE('',*,*,#7850,.F.);
#7850 = EDGE_CURVE('',#7564,#7087,#7851,.T.);
#7851 = LINE('',#7852,#7853);
#7852 = CARTESIAN_POINT('',(14.468626966597,24.25,4.7));
#7853 = VECTOR('',#7854,1.);
#7854 = DIRECTION('',(0.,0.,1.));
#7855 = ORIENTED_EDGE('',*,*,#7808,.T.);
#7856 = ORIENTED_EDGE('',*,*,#7660,.T.);
#7857 = CYLINDRICAL_SURFACE('',#7858,4.);
#7858 = AXIS2_PLACEMENT_3D('',#7859,#7860,#7861);
#7859 = CARTESIAN_POINT('',(10.5,23.75,4.7));
#7860 = DIRECTION('',(0.,0.,1.));
#7861 = DIRECTION('',(1.,0.,0.));
#7862 = ADVANCED_FACE('',(#7863),#7874,.T.);
#7863 = FACE_BOUND('',#7864,.T.);
#7864 = EDGE_LOOP('',(#7865,#7866,#7867,#7868));
#7865 = ORIENTED_EDGE('',*,*,#7826,.F.);
#7866 = ORIENTED_EDGE('',*,*,#7850,.T.);
#7867 = ORIENTED_EDGE('',*,*,#7736,.T.);
#7868 = ORIENTED_EDGE('',*,*,#7869,.F.);
#7869 = EDGE_CURVE('',#7827,#7737,#7870,.T.);
#7870 = LINE('',#7871,#7872);
#7871 = CARTESIAN_POINT('',(14.5,24.25,4.7));
#7872 = VECTOR('',#7873,1.);
#7873 = DIRECTION('',(0.,0.,1.));
#7874 = PLANE('',#7875);
#7875 = AXIS2_PLACEMENT_3D('',#7876,#7877,#7878);
#7876 = CARTESIAN_POINT('',(6.5,24.25,4.7));
#7877 = DIRECTION('',(0.,1.,0.));
#7878 = DIRECTION('',(0.,0.,1.));
#7879 = ADVANCED_FACE('',(#7880),#7886,.T.);
#7880 = FACE_BOUND('',#7881,.T.);
#7881 = EDGE_LOOP('',(#7882,#7883,#7884,#7885));
#7882 = ORIENTED_EDGE('',*,*,#7745,.F.);
#7883 = ORIENTED_EDGE('',*,*,#7794,.F.);
#7884 = ORIENTED_EDGE('',*,*,#7835,.T.);
#7885 = ORIENTED_EDGE('',*,*,#7869,.T.);
#7886 = PLANE('',#7887);
#7887 = AXIS2_PLACEMENT_3D('',#7888,#7889,#7890);
#7888 = CARTESIAN_POINT('',(14.5,20.25,4.7));
#7889 = DIRECTION('',(1.,0.,0.));
#7890 = DIRECTION('',(0.,0.,1.));
#7891 = MANIFOLD_SOLID_BREP('',#7892);
#7892 = CLOSED_SHELL('',(#7893,#7933,#7980,#8061,#8085,#8102,#8114,#8145
    ,#8177,#8209,#8226,#8257,#8281,#8305,#8322,#8339,#8351));
#7893 = ADVANCED_FACE('',(#7894),#7928,.F.);
#7894 = FACE_BOUND('',#7895,.F.);
#7895 = EDGE_LOOP('',(#7896,#7906,#7914,#7922));
#7896 = ORIENTED_EDGE('',*,*,#7897,.F.);
#7897 = EDGE_CURVE('',#7898,#7900,#7902,.T.);
#7898 = VERTEX_POINT('',#7899);
#7899 = CARTESIAN_POINT('',(-8.75,-20.6,2.4));
#7900 = VERTEX_POINT('',#7901);
#7901 = CARTESIAN_POINT('',(-8.75,-20.6,3.6));
#7902 = LINE('',#7903,#7904);
#7903 = CARTESIAN_POINT('',(-8.75,-20.6,2.4));
#7904 = VECTOR('',#7905,1.);
#7905 = DIRECTION('',(0.,0.,1.));
#7906 = ORIENTED_EDGE('',*,*,#7907,.T.);
#7907 = EDGE_CURVE('',#7898,#7908,#7910,.T.);
#7908 = VERTEX_POINT('',#7909);
#7909 = CARTESIAN_POINT('',(-8.75,0.4,2.4));
#7910 = LINE('',#7911,#7912);
#7911 = CARTESIAN_POINT('',(-8.75,-20.6,2.4));
#7912 = VECTOR('',#7913,1.);
#7913 = DIRECTION('',(0.,1.,0.));
#7914 = ORIENTED_EDGE('',*,*,#7915,.T.);
#7915 = EDGE_CURVE('',#7908,#7916,#7918,.T.);
#7916 = VERTEX_POINT('',#7917);
#7917 = CARTESIAN_POINT('',(-8.75,0.4,3.6));
#7918 = LINE('',#7919,#7920);
#7919 = CARTESIAN_POINT('',(-8.75,0.4,2.4));
#7920 = VECTOR('',#7921,1.);
#7921 = DIRECTION('',(0.,0.,1.));
#7922 = ORIENTED_EDGE('',*,*,#7923,.F.);
#7923 = EDGE_CURVE('',#7900,#7916,#7924,.T.);
#7924 = LINE('',#7925,#7926);
#7925 = CARTESIAN_POINT('',(-8.75,-20.6,3.6));
#7926 = VECTOR('',#7927,1.);
#7927 = DIRECTION('',(0.,1.,0.));
#7928 = PLANE('',#7929);
#7929 = AXIS2_PLACEMENT_3D('',#7930,#7931,#7932);
#7930 = CARTESIAN_POINT('',(-8.75,-20.6,2.4));
#7931 = DIRECTION('',(1.,0.,0.));
#7932 = DIRECTION('',(0.,0.,1.));
#7933 = ADVANCED_FACE('',(#7934),#7975,.F.);
#7934 = FACE_BOUND('',#7935,.F.);
#7935 = EDGE_LOOP('',(#7936,#7944,#7945,#7953,#7961,#7969));
#7936 = ORIENTED_EDGE('',*,*,#7937,.F.);
#7937 = EDGE_CURVE('',#7898,#7938,#7940,.T.);
#7938 = VERTEX_POINT('',#7939);
#7939 = CARTESIAN_POINT('',(8.75,-20.6,2.4));
#7940 = LINE('',#7941,#7942);
#7941 = CARTESIAN_POINT('',(-8.75,-20.6,2.4));
#7942 = VECTOR('',#7943,1.);
#7943 = DIRECTION('',(1.,0.,0.));
#7944 = ORIENTED_EDGE('',*,*,#7897,.T.);
#7945 = ORIENTED_EDGE('',*,*,#7946,.T.);
#7946 = EDGE_CURVE('',#7900,#7947,#7949,.T.);
#7947 = VERTEX_POINT('',#7948);
#7948 = CARTESIAN_POINT('',(-4.47,-20.6,3.6));
#7949 = LINE('',#7950,#7951);
#7950 = CARTESIAN_POINT('',(-8.75,-20.6,3.6));
#7951 = VECTOR('',#7952,1.);
#7952 = DIRECTION('',(1.,0.,0.));
#7953 = ORIENTED_EDGE('',*,*,#7954,.T.);
#7954 = EDGE_CURVE('',#7947,#7955,#7957,.T.);
#7955 = VERTEX_POINT('',#7956);
#7956 = CARTESIAN_POINT('',(4.47,-20.6,3.6));
#7957 = LINE('',#7958,#7959);
#7958 = CARTESIAN_POINT('',(-8.75,-20.6,3.6));
#7959 = VECTOR('',#7960,1.);
#7960 = DIRECTION('',(1.,0.,0.));
#7961 = ORIENTED_EDGE('',*,*,#7962,.T.);
#7962 = EDGE_CURVE('',#7955,#7963,#7965,.T.);
#7963 = VERTEX_POINT('',#7964);
#7964 = CARTESIAN_POINT('',(8.75,-20.6,3.6));
#7965 = LINE('',#7966,#7967);
#7966 = CARTESIAN_POINT('',(-8.75,-20.6,3.6));
#7967 = VECTOR('',#7968,1.);
#7968 = DIRECTION('',(1.,0.,0.));
#7969 = ORIENTED_EDGE('',*,*,#7970,.F.);
#7970 = EDGE_CURVE('',#7938,#7963,#7971,.T.);
#7971 = LINE('',#7972,#7973);
#7972 = CARTESIAN_POINT('',(8.75,-20.6,2.4));
#7973 = VECTOR('',#7974,1.);
#7974 = DIRECTION('',(0.,0.,1.));
#7975 = PLANE('',#7976);
#7976 = AXIS2_PLACEMENT_3D('',#7977,#7978,#7979);
#7977 = CARTESIAN_POINT('',(-8.75,-20.6,2.4));
#7978 = DIRECTION('',(0.,1.,0.));
#7979 = DIRECTION('',(0.,0.,1.));
#7980 = ADVANCED_FACE('',(#7981,#8022),#8056,.T.);
#7981 = FACE_BOUND('',#7982,.T.);
#7982 = EDGE_LOOP('',(#7983,#7991,#7992,#7993,#8001,#8009,#8015,#8016));
#7983 = ORIENTED_EDGE('',*,*,#7984,.F.);
#7984 = EDGE_CURVE('',#7916,#7985,#7987,.T.);
#7985 = VERTEX_POINT('',#7986);
#7986 = CARTESIAN_POINT('',(8.75,0.4,3.6));
#7987 = LINE('',#7988,#7989);
#7988 = CARTESIAN_POINT('',(-8.75,0.4,3.6));
#7989 = VECTOR('',#7990,1.);
#7990 = DIRECTION('',(1.,0.,0.));
#7991 = ORIENTED_EDGE('',*,*,#7923,.F.);
#7992 = ORIENTED_EDGE('',*,*,#7946,.T.);
#7993 = ORIENTED_EDGE('',*,*,#7994,.T.);
#7994 = EDGE_CURVE('',#7947,#7995,#7997,.T.);
#7995 = VERTEX_POINT('',#7996);
#7996 = CARTESIAN_POINT('',(-4.47,-14.25,3.6));
#7997 = LINE('',#7998,#7999);
#7998 = CARTESIAN_POINT('',(-4.47,-21.6,3.6));
#7999 = VECTOR('',#8000,1.);
#8000 = DIRECTION('',(0.,1.,0.));
#8001 = ORIENTED_EDGE('',*,*,#8002,.T.);
#8002 = EDGE_CURVE('',#7995,#8003,#8005,.T.);
#8003 = VERTEX_POINT('',#8004);
#8004 = CARTESIAN_POINT('',(4.47,-14.25,3.6));
#8005 = LINE('',#8006,#8007);
#8006 = CARTESIAN_POINT('',(-4.47,-14.25,3.6));
#8007 = VECTOR('',#8008,1.);
#8008 = DIRECTION('',(1.,0.,0.));
#8009 = ORIENTED_EDGE('',*,*,#8010,.F.);
#8010 = EDGE_CURVE('',#7955,#8003,#8011,.T.);
#8011 = LINE('',#8012,#8013);
#8012 = CARTESIAN_POINT('',(4.47,-21.6,3.6));
#8013 = VECTOR('',#8014,1.);
#8014 = DIRECTION('',(0.,1.,0.));
#8015 = ORIENTED_EDGE('',*,*,#7962,.T.);
#8016 = ORIENTED_EDGE('',*,*,#8017,.T.);
#8017 = EDGE_CURVE('',#7963,#7985,#8018,.T.);
#8018 = LINE('',#8019,#8020);
#8019 = CARTESIAN_POINT('',(8.75,-20.6,3.6));
#8020 = VECTOR('',#8021,1.);
#8021 = DIRECTION('',(0.,1.,0.));
#8022 = FACE_BOUND('',#8023,.T.);
#8023 = EDGE_LOOP('',(#8024,#8034,#8042,#8050));
#8024 = ORIENTED_EDGE('',*,*,#8025,.F.);
#8025 = EDGE_CURVE('',#8026,#8028,#8030,.T.);
#8026 = VERTEX_POINT('',#8027);
#8027 = CARTESIAN_POINT('',(-6.,-12.1,3.6));
#8028 = VERTEX_POINT('',#8029);
#8029 = CARTESIAN_POINT('',(6.,-12.1,3.6));
#8030 = LINE('',#8031,#8032);
#8031 = CARTESIAN_POINT('',(-6.,-12.1,3.6));
#8032 = VECTOR('',#8033,1.);
#8033 = DIRECTION('',(1.,0.,0.));
#8034 = ORIENTED_EDGE('',*,*,#8035,.T.);
#8035 = EDGE_CURVE('',#8026,#8036,#8038,.T.);
#8036 = VERTEX_POINT('',#8037);
#8037 = CARTESIAN_POINT('',(-6.,-1.1,3.6));
#8038 = LINE('',#8039,#8040);
#8039 = CARTESIAN_POINT('',(-6.,-12.1,3.6));
#8040 = VECTOR('',#8041,1.);
#8041 = DIRECTION('',(0.,1.,0.));
#8042 = ORIENTED_EDGE('',*,*,#8043,.T.);
#8043 = EDGE_CURVE('',#8036,#8044,#8046,.T.);
#8044 = VERTEX_POINT('',#8045);
#8045 = CARTESIAN_POINT('',(6.,-1.1,3.6));
#8046 = LINE('',#8047,#8048);
#8047 = CARTESIAN_POINT('',(-6.,-1.1,3.6));
#8048 = VECTOR('',#8049,1.);
#8049 = DIRECTION('',(1.,0.,0.));
#8050 = ORIENTED_EDGE('',*,*,#8051,.F.);
#8051 = EDGE_CURVE('',#8028,#8044,#8052,.T.);
#8052 = LINE('',#8053,#8054);
#8053 = CARTESIAN_POINT('',(6.,-12.1,3.6));
#8054 = VECTOR('',#8055,1.);
#8055 = DIRECTION('',(0.,1.,0.));
#8056 = PLANE('',#8057);
#8057 = AXIS2_PLACEMENT_3D('',#8058,#8059,#8060);
#8058 = CARTESIAN_POINT('',(-8.75,-20.6,3.6));
#8059 = DIRECTION('',(0.,0.,1.));
#8060 = DIRECTION('',(1.,0.,0.));
#8061 = ADVANCED_FACE('',(#8062),#8080,.T.);
#8062 = FACE_BOUND('',#8063,.T.);
#8063 = EDGE_LOOP('',(#8064,#8072,#8073,#8074));
#8064 = ORIENTED_EDGE('',*,*,#8065,.F.);
#8065 = EDGE_CURVE('',#7908,#8066,#8068,.T.);
#8066 = VERTEX_POINT('',#8067);
#8067 = CARTESIAN_POINT('',(8.75,0.4,2.4));
#8068 = LINE('',#8069,#8070);
#8069 = CARTESIAN_POINT('',(-8.75,0.4,2.4));
#8070 = VECTOR('',#8071,1.);
#8071 = DIRECTION('',(1.,0.,0.));
#8072 = ORIENTED_EDGE('',*,*,#7915,.T.);
#8073 = ORIENTED_EDGE('',*,*,#7984,.T.);
#8074 = ORIENTED_EDGE('',*,*,#8075,.F.);
#8075 = EDGE_CURVE('',#8066,#7985,#8076,.T.);
#8076 = LINE('',#8077,#8078);
#8077 = CARTESIAN_POINT('',(8.75,0.4,2.4));
#8078 = VECTOR('',#8079,1.);
#8079 = DIRECTION('',(0.,0.,1.));
#8080 = PLANE('',#8081);
#8081 = AXIS2_PLACEMENT_3D('',#8082,#8083,#8084);
#8082 = CARTESIAN_POINT('',(-8.75,0.4,2.4));
#8083 = DIRECTION('',(0.,1.,0.));
#8084 = DIRECTION('',(0.,0.,1.));
#8085 = ADVANCED_FACE('',(#8086),#8097,.F.);
#8086 = FACE_BOUND('',#8087,.F.);
#8087 = EDGE_LOOP('',(#8088,#8089,#8090,#8096));
#8088 = ORIENTED_EDGE('',*,*,#7907,.F.);
#8089 = ORIENTED_EDGE('',*,*,#7937,.T.);
#8090 = ORIENTED_EDGE('',*,*,#8091,.T.);
#8091 = EDGE_CURVE('',#7938,#8066,#8092,.T.);
#8092 = LINE('',#8093,#8094);
#8093 = CARTESIAN_POINT('',(8.75,-20.6,2.4));
#8094 = VECTOR('',#8095,1.);
#8095 = DIRECTION('',(0.,1.,0.));
#8096 = ORIENTED_EDGE('',*,*,#8065,.F.);
#8097 = PLANE('',#8098);
#8098 = AXIS2_PLACEMENT_3D('',#8099,#8100,#8101);
#8099 = CARTESIAN_POINT('',(-8.75,-20.6,2.4));
#8100 = DIRECTION('',(0.,0.,1.));
#8101 = DIRECTION('',(1.,0.,0.));
#8102 = ADVANCED_FACE('',(#8103),#8109,.T.);
#8103 = FACE_BOUND('',#8104,.T.);
#8104 = EDGE_LOOP('',(#8105,#8106,#8107,#8108));
#8105 = ORIENTED_EDGE('',*,*,#7970,.F.);
#8106 = ORIENTED_EDGE('',*,*,#8091,.T.);
#8107 = ORIENTED_EDGE('',*,*,#8075,.T.);
#8108 = ORIENTED_EDGE('',*,*,#8017,.F.);
#8109 = PLANE('',#8110);
#8110 = AXIS2_PLACEMENT_3D('',#8111,#8112,#8113);
#8111 = CARTESIAN_POINT('',(8.75,-20.6,2.4));
#8112 = DIRECTION('',(1.,0.,0.));
#8113 = DIRECTION('',(0.,0.,1.));
#8114 = ADVANCED_FACE('',(#8115),#8140,.F.);
#8115 = FACE_BOUND('',#8116,.F.);
#8116 = EDGE_LOOP('',(#8117,#8125,#8133,#8139));
#8117 = ORIENTED_EDGE('',*,*,#8118,.F.);
#8118 = EDGE_CURVE('',#8119,#7947,#8121,.T.);
#8119 = VERTEX_POINT('',#8120);
#8120 = CARTESIAN_POINT('',(-4.47,-21.6,3.6));
#8121 = LINE('',#8122,#8123);
#8122 = CARTESIAN_POINT('',(-4.47,-21.6,3.6));
#8123 = VECTOR('',#8124,1.);
#8124 = DIRECTION('',(0.,1.,0.));
#8125 = ORIENTED_EDGE('',*,*,#8126,.T.);
#8126 = EDGE_CURVE('',#8119,#8127,#8129,.T.);
#8127 = VERTEX_POINT('',#8128);
#8128 = CARTESIAN_POINT('',(4.47,-21.6,3.6));
#8129 = LINE('',#8130,#8131);
#8130 = CARTESIAN_POINT('',(-4.47,-21.6,3.6));
#8131 = VECTOR('',#8132,1.);
#8132 = DIRECTION('',(1.,0.,0.));
#8133 = ORIENTED_EDGE('',*,*,#8134,.T.);
#8134 = EDGE_CURVE('',#8127,#7955,#8135,.T.);
#8135 = LINE('',#8136,#8137);
#8136 = CARTESIAN_POINT('',(4.47,-21.6,3.6));
#8137 = VECTOR('',#8138,1.);
#8138 = DIRECTION('',(0.,1.,0.));
#8139 = ORIENTED_EDGE('',*,*,#7954,.F.);
#8140 = PLANE('',#8141);
#8141 = AXIS2_PLACEMENT_3D('',#8142,#8143,#8144);
#8142 = CARTESIAN_POINT('',(-4.47,-21.6,3.6));
#8143 = DIRECTION('',(0.,0.,1.));
#8144 = DIRECTION('',(1.,0.,0.));
#8145 = ADVANCED_FACE('',(#8146),#8172,.T.);
#8146 = FACE_BOUND('',#8147,.T.);
#8147 = EDGE_LOOP('',(#8148,#8156,#8157,#8158,#8166));
#8148 = ORIENTED_EDGE('',*,*,#8149,.F.);
#8149 = EDGE_CURVE('',#8127,#8150,#8152,.T.);
#8150 = VERTEX_POINT('',#8151);
#8151 = CARTESIAN_POINT('',(4.47,-21.6,6.76));
#8152 = LINE('',#8153,#8154);
#8153 = CARTESIAN_POINT('',(4.47,-21.6,3.6));
#8154 = VECTOR('',#8155,1.);
#8155 = DIRECTION('',(0.,0.,1.));
#8156 = ORIENTED_EDGE('',*,*,#8134,.T.);
#8157 = ORIENTED_EDGE('',*,*,#8010,.T.);
#8158 = ORIENTED_EDGE('',*,*,#8159,.T.);
#8159 = EDGE_CURVE('',#8003,#8160,#8162,.T.);
#8160 = VERTEX_POINT('',#8161);
#8161 = CARTESIAN_POINT('',(4.47,-14.25,6.76));
#8162 = LINE('',#8163,#8164);
#8163 = CARTESIAN_POINT('',(4.47,-14.25,3.6));
#8164 = VECTOR('',#8165,1.);
#8165 = DIRECTION('',(0.,0.,1.));
#8166 = ORIENTED_EDGE('',*,*,#8167,.F.);
#8167 = EDGE_CURVE('',#8150,#8160,#8168,.T.);
#8168 = LINE('',#8169,#8170);
#8169 = CARTESIAN_POINT('',(4.47,-21.6,6.76));
#8170 = VECTOR('',#8171,1.);
#8171 = DIRECTION('',(0.,1.,0.));
#8172 = PLANE('',#8173);
#8173 = AXIS2_PLACEMENT_3D('',#8174,#8175,#8176);
#8174 = CARTESIAN_POINT('',(4.47,-21.6,3.6));
#8175 = DIRECTION('',(1.,0.,0.));
#8176 = DIRECTION('',(0.,0.,1.));
#8177 = ADVANCED_FACE('',(#8178),#8204,.F.);
#8178 = FACE_BOUND('',#8179,.F.);
#8179 = EDGE_LOOP('',(#8180,#8188,#8189,#8190,#8198));
#8180 = ORIENTED_EDGE('',*,*,#8181,.F.);
#8181 = EDGE_CURVE('',#8119,#8182,#8184,.T.);
#8182 = VERTEX_POINT('',#8183);
#8183 = CARTESIAN_POINT('',(-4.47,-21.6,6.76));
#8184 = LINE('',#8185,#8186);
#8185 = CARTESIAN_POINT('',(-4.47,-21.6,3.6));
#8186 = VECTOR('',#8187,1.);
#8187 = DIRECTION('',(0.,0.,1.));
#8188 = ORIENTED_EDGE('',*,*,#8118,.T.);
#8189 = ORIENTED_EDGE('',*,*,#7994,.T.);
#8190 = ORIENTED_EDGE('',*,*,#8191,.T.);
#8191 = EDGE_CURVE('',#7995,#8192,#8194,.T.);
#8192 = VERTEX_POINT('',#8193);
#8193 = CARTESIAN_POINT('',(-4.47,-14.25,6.76));
#8194 = LINE('',#8195,#8196);
#8195 = CARTESIAN_POINT('',(-4.47,-14.25,3.6));
#8196 = VECTOR('',#8197,1.);
#8197 = DIRECTION('',(0.,0.,1.));
#8198 = ORIENTED_EDGE('',*,*,#8199,.F.);
#8199 = EDGE_CURVE('',#8182,#8192,#8200,.T.);
#8200 = LINE('',#8201,#8202);
#8201 = CARTESIAN_POINT('',(-4.47,-21.6,6.76));
#8202 = VECTOR('',#8203,1.);
#8203 = DIRECTION('',(0.,1.,0.));
#8204 = PLANE('',#8205);
#8205 = AXIS2_PLACEMENT_3D('',#8206,#8207,#8208);
#8206 = CARTESIAN_POINT('',(-4.47,-21.6,3.6));
#8207 = DIRECTION('',(1.,0.,0.));
#8208 = DIRECTION('',(0.,0.,1.));
#8209 = ADVANCED_FACE('',(#8210),#8221,.T.);
#8210 = FACE_BOUND('',#8211,.T.);
#8211 = EDGE_LOOP('',(#8212,#8213,#8214,#8220));
#8212 = ORIENTED_EDGE('',*,*,#8002,.F.);
#8213 = ORIENTED_EDGE('',*,*,#8191,.T.);
#8214 = ORIENTED_EDGE('',*,*,#8215,.T.);
#8215 = EDGE_CURVE('',#8192,#8160,#8216,.T.);
#8216 = LINE('',#8217,#8218);
#8217 = CARTESIAN_POINT('',(-4.47,-14.25,6.76));
#8218 = VECTOR('',#8219,1.);
#8219 = DIRECTION('',(1.,0.,0.));
#8220 = ORIENTED_EDGE('',*,*,#8159,.F.);
#8221 = PLANE('',#8222);
#8222 = AXIS2_PLACEMENT_3D('',#8223,#8224,#8225);
#8223 = CARTESIAN_POINT('',(-4.47,-14.25,3.6));
#8224 = DIRECTION('',(0.,1.,0.));
#8225 = DIRECTION('',(0.,0.,1.));
#8226 = ADVANCED_FACE('',(#8227),#8252,.F.);
#8227 = FACE_BOUND('',#8228,.F.);
#8228 = EDGE_LOOP('',(#8229,#8230,#8238,#8246));
#8229 = ORIENTED_EDGE('',*,*,#8025,.F.);
#8230 = ORIENTED_EDGE('',*,*,#8231,.T.);
#8231 = EDGE_CURVE('',#8026,#8232,#8234,.T.);
#8232 = VERTEX_POINT('',#8233);
#8233 = CARTESIAN_POINT('',(-6.,-12.1,5.8));
#8234 = LINE('',#8235,#8236);
#8235 = CARTESIAN_POINT('',(-6.,-12.1,3.6));
#8236 = VECTOR('',#8237,1.);
#8237 = DIRECTION('',(0.,0.,1.));
#8238 = ORIENTED_EDGE('',*,*,#8239,.T.);
#8239 = EDGE_CURVE('',#8232,#8240,#8242,.T.);
#8240 = VERTEX_POINT('',#8241);
#8241 = CARTESIAN_POINT('',(6.,-12.1,5.8));
#8242 = LINE('',#8243,#8244);
#8243 = CARTESIAN_POINT('',(-6.,-12.1,5.8));
#8244 = VECTOR('',#8245,1.);
#8245 = DIRECTION('',(1.,0.,0.));
#8246 = ORIENTED_EDGE('',*,*,#8247,.F.);
#8247 = EDGE_CURVE('',#8028,#8240,#8248,.T.);
#8248 = LINE('',#8249,#8250);
#8249 = CARTESIAN_POINT('',(6.,-12.1,3.6));
#8250 = VECTOR('',#8251,1.);
#8251 = DIRECTION('',(0.,0.,1.));
#8252 = PLANE('',#8253);
#8253 = AXIS2_PLACEMENT_3D('',#8254,#8255,#8256);
#8254 = CARTESIAN_POINT('',(-6.,-12.1,3.6));
#8255 = DIRECTION('',(0.,1.,0.));
#8256 = DIRECTION('',(0.,0.,1.));
#8257 = ADVANCED_FACE('',(#8258),#8276,.T.);
#8258 = FACE_BOUND('',#8259,.T.);
#8259 = EDGE_LOOP('',(#8260,#8261,#8262,#8270));
#8260 = ORIENTED_EDGE('',*,*,#8247,.F.);
#8261 = ORIENTED_EDGE('',*,*,#8051,.T.);
#8262 = ORIENTED_EDGE('',*,*,#8263,.T.);
#8263 = EDGE_CURVE('',#8044,#8264,#8266,.T.);
#8264 = VERTEX_POINT('',#8265);
#8265 = CARTESIAN_POINT('',(6.,-1.1,5.8));
#8266 = LINE('',#8267,#8268);
#8267 = CARTESIAN_POINT('',(6.,-1.1,3.6));
#8268 = VECTOR('',#8269,1.);
#8269 = DIRECTION('',(0.,0.,1.));
#8270 = ORIENTED_EDGE('',*,*,#8271,.F.);
#8271 = EDGE_CURVE('',#8240,#8264,#8272,.T.);
#8272 = LINE('',#8273,#8274);
#8273 = CARTESIAN_POINT('',(6.,-12.1,5.8));
#8274 = VECTOR('',#8275,1.);
#8275 = DIRECTION('',(0.,1.,0.));
#8276 = PLANE('',#8277);
#8277 = AXIS2_PLACEMENT_3D('',#8278,#8279,#8280);
#8278 = CARTESIAN_POINT('',(6.,-12.1,3.6));
#8279 = DIRECTION('',(1.,0.,0.));
#8280 = DIRECTION('',(0.,0.,1.));
#8281 = ADVANCED_FACE('',(#8282),#8300,.T.);
#8282 = FACE_BOUND('',#8283,.T.);
#8283 = EDGE_LOOP('',(#8284,#8285,#8293,#8299));
#8284 = ORIENTED_EDGE('',*,*,#8043,.F.);
#8285 = ORIENTED_EDGE('',*,*,#8286,.T.);
#8286 = EDGE_CURVE('',#8036,#8287,#8289,.T.);
#8287 = VERTEX_POINT('',#8288);
#8288 = CARTESIAN_POINT('',(-6.,-1.1,5.8));
#8289 = LINE('',#8290,#8291);
#8290 = CARTESIAN_POINT('',(-6.,-1.1,3.6));
#8291 = VECTOR('',#8292,1.);
#8292 = DIRECTION('',(0.,0.,1.));
#8293 = ORIENTED_EDGE('',*,*,#8294,.T.);
#8294 = EDGE_CURVE('',#8287,#8264,#8295,.T.);
#8295 = LINE('',#8296,#8297);
#8296 = CARTESIAN_POINT('',(-6.,-1.1,5.8));
#8297 = VECTOR('',#8298,1.);
#8298 = DIRECTION('',(1.,0.,0.));
#8299 = ORIENTED_EDGE('',*,*,#8263,.F.);
#8300 = PLANE('',#8301);
#8301 = AXIS2_PLACEMENT_3D('',#8302,#8303,#8304);
#8302 = CARTESIAN_POINT('',(-6.,-1.1,3.6));
#8303 = DIRECTION('',(0.,1.,0.));
#8304 = DIRECTION('',(0.,0.,1.));
#8305 = ADVANCED_FACE('',(#8306),#8317,.F.);
#8306 = FACE_BOUND('',#8307,.F.);
#8307 = EDGE_LOOP('',(#8308,#8309,#8310,#8311));
#8308 = ORIENTED_EDGE('',*,*,#8231,.F.);
#8309 = ORIENTED_EDGE('',*,*,#8035,.T.);
#8310 = ORIENTED_EDGE('',*,*,#8286,.T.);
#8311 = ORIENTED_EDGE('',*,*,#8312,.F.);
#8312 = EDGE_CURVE('',#8232,#8287,#8313,.T.);
#8313 = LINE('',#8314,#8315);
#8314 = CARTESIAN_POINT('',(-6.,-12.1,5.8));
#8315 = VECTOR('',#8316,1.);
#8316 = DIRECTION('',(0.,1.,0.));
#8317 = PLANE('',#8318);
#8318 = AXIS2_PLACEMENT_3D('',#8319,#8320,#8321);
#8319 = CARTESIAN_POINT('',(-6.,-12.1,3.6));
#8320 = DIRECTION('',(1.,0.,0.));
#8321 = DIRECTION('',(0.,0.,1.));
#8322 = ADVANCED_FACE('',(#8323),#8334,.F.);
#8323 = FACE_BOUND('',#8324,.F.);
#8324 = EDGE_LOOP('',(#8325,#8326,#8327,#8333));
#8325 = ORIENTED_EDGE('',*,*,#8126,.F.);
#8326 = ORIENTED_EDGE('',*,*,#8181,.T.);
#8327 = ORIENTED_EDGE('',*,*,#8328,.T.);
#8328 = EDGE_CURVE('',#8182,#8150,#8329,.T.);
#8329 = LINE('',#8330,#8331);
#8330 = CARTESIAN_POINT('',(-4.47,-21.6,6.76));
#8331 = VECTOR('',#8332,1.);
#8332 = DIRECTION('',(1.,0.,0.));
#8333 = ORIENTED_EDGE('',*,*,#8149,.F.);
#8334 = PLANE('',#8335);
#8335 = AXIS2_PLACEMENT_3D('',#8336,#8337,#8338);
#8336 = CARTESIAN_POINT('',(-4.47,-21.6,3.6));
#8337 = DIRECTION('',(0.,1.,0.));
#8338 = DIRECTION('',(0.,0.,1.));
#8339 = ADVANCED_FACE('',(#8340),#8346,.T.);
#8340 = FACE_BOUND('',#8341,.T.);
#8341 = EDGE_LOOP('',(#8342,#8343,#8344,#8345));
#8342 = ORIENTED_EDGE('',*,*,#8199,.F.);
#8343 = ORIENTED_EDGE('',*,*,#8328,.T.);
#8344 = ORIENTED_EDGE('',*,*,#8167,.T.);
#8345 = ORIENTED_EDGE('',*,*,#8215,.F.);
#8346 = PLANE('',#8347);
#8347 = AXIS2_PLACEMENT_3D('',#8348,#8349,#8350);
#8348 = CARTESIAN_POINT('',(-4.47,-21.6,6.76));
#8349 = DIRECTION('',(0.,0.,1.));
#8350 = DIRECTION('',(1.,0.,0.));
#8351 = ADVANCED_FACE('',(#8352),#8358,.T.);
#8352 = FACE_BOUND('',#8353,.T.);
#8353 = EDGE_LOOP('',(#8354,#8355,#8356,#8357));
#8354 = ORIENTED_EDGE('',*,*,#8312,.F.);
#8355 = ORIENTED_EDGE('',*,*,#8239,.T.);
#8356 = ORIENTED_EDGE('',*,*,#8271,.T.);
#8357 = ORIENTED_EDGE('',*,*,#8294,.F.);
#8358 = PLANE('',#8359);
#8359 = AXIS2_PLACEMENT_3D('',#8360,#8361,#8362);
#8360 = CARTESIAN_POINT('',(-6.,-12.1,5.8));
#8361 = DIRECTION('',(0.,0.,1.));
#8362 = DIRECTION('',(1.,0.,0.));
#8363 = MANIFOLD_SOLID_BREP('',#8364);
#8364 = CLOSED_SHELL('',(#8365,#8405,#8452,#8531,#8562,#8579,#8591,#8622
    ,#8653,#8677,#8701,#8725,#8749,#8766,#8817,#8829,#8841,#8872,#8896,
    #8920,#8937));
#8365 = ADVANCED_FACE('',(#8366),#8400,.F.);
#8366 = FACE_BOUND('',#8367,.F.);
#8367 = EDGE_LOOP('',(#8368,#8378,#8386,#8394));
#8368 = ORIENTED_EDGE('',*,*,#8369,.F.);
#8369 = EDGE_CURVE('',#8370,#8372,#8374,.T.);
#8370 = VERTEX_POINT('',#8371);
#8371 = CARTESIAN_POINT('',(-9.,2.35,2.4));
#8372 = VERTEX_POINT('',#8373);
#8373 = CARTESIAN_POINT('',(-9.,2.35,3.6));
#8374 = LINE('',#8375,#8376);
#8375 = CARTESIAN_POINT('',(-9.,2.35,2.4));
#8376 = VECTOR('',#8377,1.);
#8377 = DIRECTION('',(0.,0.,1.));
#8378 = ORIENTED_EDGE('',*,*,#8379,.T.);
#8379 = EDGE_CURVE('',#8370,#8380,#8382,.T.);
#8380 = VERTEX_POINT('',#8381);
#8381 = CARTESIAN_POINT('',(-9.,20.35,2.4));
#8382 = LINE('',#8383,#8384);
#8383 = CARTESIAN_POINT('',(-9.,2.35,2.4));
#8384 = VECTOR('',#8385,1.);
#8385 = DIRECTION('',(0.,1.,0.));
#8386 = ORIENTED_EDGE('',*,*,#8387,.T.);
#8387 = EDGE_CURVE('',#8380,#8388,#8390,.T.);
#8388 = VERTEX_POINT('',#8389);
#8389 = CARTESIAN_POINT('',(-9.,20.35,3.6));
#8390 = LINE('',#8391,#8392);
#8391 = CARTESIAN_POINT('',(-9.,20.35,2.4));
#8392 = VECTOR('',#8393,1.);
#8393 = DIRECTION('',(0.,0.,1.));
#8394 = ORIENTED_EDGE('',*,*,#8395,.F.);
#8395 = EDGE_CURVE('',#8372,#8388,#8396,.T.);
#8396 = LINE('',#8397,#8398);
#8397 = CARTESIAN_POINT('',(-9.,2.35,3.6));
#8398 = VECTOR('',#8399,1.);
#8399 = DIRECTION('',(0.,1.,0.));
#8400 = PLANE('',#8401);
#8401 = AXIS2_PLACEMENT_3D('',#8402,#8403,#8404);
#8402 = CARTESIAN_POINT('',(-9.,2.35,2.4));
#8403 = DIRECTION('',(1.,0.,0.));
#8404 = DIRECTION('',(0.,0.,1.));
#8405 = ADVANCED_FACE('',(#8406),#8447,.F.);
#8406 = FACE_BOUND('',#8407,.F.);
#8407 = EDGE_LOOP('',(#8408,#8416,#8417,#8425,#8433,#8441));
#8408 = ORIENTED_EDGE('',*,*,#8409,.F.);
#8409 = EDGE_CURVE('',#8370,#8410,#8412,.T.);
#8410 = VERTEX_POINT('',#8411);
#8411 = CARTESIAN_POINT('',(9.,2.35,2.4));
#8412 = LINE('',#8413,#8414);
#8413 = CARTESIAN_POINT('',(-9.,2.35,2.4));
#8414 = VECTOR('',#8415,1.);
#8415 = DIRECTION('',(1.,0.,0.));
#8416 = ORIENTED_EDGE('',*,*,#8369,.T.);
#8417 = ORIENTED_EDGE('',*,*,#8418,.T.);
#8418 = EDGE_CURVE('',#8372,#8419,#8421,.T.);
#8419 = VERTEX_POINT('',#8420);
#8420 = CARTESIAN_POINT('',(-7.62,2.35,3.6));
#8421 = LINE('',#8422,#8423);
#8422 = CARTESIAN_POINT('',(-9.,2.35,3.6));
#8423 = VECTOR('',#8424,1.);
#8424 = DIRECTION('',(1.,0.,0.));
#8425 = ORIENTED_EDGE('',*,*,#8426,.T.);
#8426 = EDGE_CURVE('',#8419,#8427,#8429,.T.);
#8427 = VERTEX_POINT('',#8428);
#8428 = CARTESIAN_POINT('',(7.62,2.35,3.6));
#8429 = LINE('',#8430,#8431);
#8430 = CARTESIAN_POINT('',(-9.,2.35,3.6));
#8431 = VECTOR('',#8432,1.);
#8432 = DIRECTION('',(1.,0.,0.));
#8433 = ORIENTED_EDGE('',*,*,#8434,.T.);
#8434 = EDGE_CURVE('',#8427,#8435,#8437,.T.);
#8435 = VERTEX_POINT('',#8436);
#8436 = CARTESIAN_POINT('',(9.,2.35,3.6));
#8437 = LINE('',#8438,#8439);
#8438 = CARTESIAN_POINT('',(-9.,2.35,3.6));
#8439 = VECTOR('',#8440,1.);
#8440 = DIRECTION('',(1.,0.,0.));
#8441 = ORIENTED_EDGE('',*,*,#8442,.F.);
#8442 = EDGE_CURVE('',#8410,#8435,#8443,.T.);
#8443 = LINE('',#8444,#8445);
#8444 = CARTESIAN_POINT('',(9.,2.35,2.4));
#8445 = VECTOR('',#8446,1.);
#8446 = DIRECTION('',(0.,0.,1.));
#8447 = PLANE('',#8448);
#8448 = AXIS2_PLACEMENT_3D('',#8449,#8450,#8451);
#8449 = CARTESIAN_POINT('',(-9.,2.35,2.4));
#8450 = DIRECTION('',(0.,1.,0.));
#8451 = DIRECTION('',(0.,0.,1.));
#8452 = ADVANCED_FACE('',(#8453),#8526,.T.);
#8453 = FACE_BOUND('',#8454,.T.);
#8454 = EDGE_LOOP('',(#8455,#8463,#8464,#8465,#8473,#8481,#8487,#8488,
    #8496,#8504,#8512,#8520));
#8455 = ORIENTED_EDGE('',*,*,#8456,.F.);
#8456 = EDGE_CURVE('',#8388,#8457,#8459,.T.);
#8457 = VERTEX_POINT('',#8458);
#8458 = CARTESIAN_POINT('',(-7.,20.35,3.6));
#8459 = LINE('',#8460,#8461);
#8460 = CARTESIAN_POINT('',(-9.,20.35,3.6));
#8461 = VECTOR('',#8462,1.);
#8462 = DIRECTION('',(1.,0.,0.));
#8463 = ORIENTED_EDGE('',*,*,#8395,.F.);
#8464 = ORIENTED_EDGE('',*,*,#8418,.T.);
#8465 = ORIENTED_EDGE('',*,*,#8466,.T.);
#8466 = EDGE_CURVE('',#8419,#8467,#8469,.T.);
#8467 = VERTEX_POINT('',#8468);
#8468 = CARTESIAN_POINT('',(-7.62,4.89,3.6));
#8469 = LINE('',#8470,#8471);
#8470 = CARTESIAN_POINT('',(-7.62,2.35,3.6));
#8471 = VECTOR('',#8472,1.);
#8472 = DIRECTION('',(0.,1.,0.));
#8473 = ORIENTED_EDGE('',*,*,#8474,.T.);
#8474 = EDGE_CURVE('',#8467,#8475,#8477,.T.);
#8475 = VERTEX_POINT('',#8476);
#8476 = CARTESIAN_POINT('',(7.62,4.89,3.6));
#8477 = LINE('',#8478,#8479);
#8478 = CARTESIAN_POINT('',(-7.62,4.89,3.6));
#8479 = VECTOR('',#8480,1.);
#8480 = DIRECTION('',(1.,0.,0.));
#8481 = ORIENTED_EDGE('',*,*,#8482,.F.);
#8482 = EDGE_CURVE('',#8427,#8475,#8483,.T.);
#8483 = LINE('',#8484,#8485);
#8484 = CARTESIAN_POINT('',(7.62,2.35,3.6));
#8485 = VECTOR('',#8486,1.);
#8486 = DIRECTION('',(0.,1.,0.));
#8487 = ORIENTED_EDGE('',*,*,#8434,.T.);
#8488 = ORIENTED_EDGE('',*,*,#8489,.T.);
#8489 = EDGE_CURVE('',#8435,#8490,#8492,.T.);
#8490 = VERTEX_POINT('',#8491);
#8491 = CARTESIAN_POINT('',(9.,20.35,3.6));
#8492 = LINE('',#8493,#8494);
#8493 = CARTESIAN_POINT('',(9.,2.35,3.6));
#8494 = VECTOR('',#8495,1.);
#8495 = DIRECTION('',(0.,1.,0.));
#8496 = ORIENTED_EDGE('',*,*,#8497,.F.);
#8497 = EDGE_CURVE('',#8498,#8490,#8500,.T.);
#8498 = VERTEX_POINT('',#8499);
#8499 = CARTESIAN_POINT('',(7.,20.35,3.6));
#8500 = LINE('',#8501,#8502);
#8501 = CARTESIAN_POINT('',(-9.,20.35,3.6));
#8502 = VECTOR('',#8503,1.);
#8503 = DIRECTION('',(1.,0.,0.));
#8504 = ORIENTED_EDGE('',*,*,#8505,.F.);
#8505 = EDGE_CURVE('',#8506,#8498,#8508,.T.);
#8506 = VERTEX_POINT('',#8507);
#8507 = CARTESIAN_POINT('',(7.,6.35,3.6));
#8508 = LINE('',#8509,#8510);
#8509 = CARTESIAN_POINT('',(7.,6.35,3.6));
#8510 = VECTOR('',#8511,1.);
#8511 = DIRECTION('',(0.,1.,0.));
#8512 = ORIENTED_EDGE('',*,*,#8513,.F.);
#8513 = EDGE_CURVE('',#8514,#8506,#8516,.T.);
#8514 = VERTEX_POINT('',#8515);
#8515 = CARTESIAN_POINT('',(-7.,6.35,3.6));
#8516 = LINE('',#8517,#8518);
#8517 = CARTESIAN_POINT('',(-7.,6.35,3.6));
#8518 = VECTOR('',#8519,1.);
#8519 = DIRECTION('',(1.,0.,0.));
#8520 = ORIENTED_EDGE('',*,*,#8521,.T.);
#8521 = EDGE_CURVE('',#8514,#8457,#8522,.T.);
#8522 = LINE('',#8523,#8524);
#8523 = CARTESIAN_POINT('',(-7.,6.35,3.6));
#8524 = VECTOR('',#8525,1.);
#8525 = DIRECTION('',(0.,1.,0.));
#8526 = PLANE('',#8527);
#8527 = AXIS2_PLACEMENT_3D('',#8528,#8529,#8530);
#8528 = CARTESIAN_POINT('',(-9.,2.35,3.6));
#8529 = DIRECTION('',(0.,0.,1.));
#8530 = DIRECTION('',(1.,0.,0.));
#8531 = ADVANCED_FACE('',(#8532),#8557,.T.);
#8532 = FACE_BOUND('',#8533,.T.);
#8533 = EDGE_LOOP('',(#8534,#8542,#8543,#8544,#8550,#8551));
#8534 = ORIENTED_EDGE('',*,*,#8535,.F.);
#8535 = EDGE_CURVE('',#8380,#8536,#8538,.T.);
#8536 = VERTEX_POINT('',#8537);
#8537 = CARTESIAN_POINT('',(9.,20.35,2.4));
#8538 = LINE('',#8539,#8540);
#8539 = CARTESIAN_POINT('',(-9.,20.35,2.4));
#8540 = VECTOR('',#8541,1.);
#8541 = DIRECTION('',(1.,0.,0.));
#8542 = ORIENTED_EDGE('',*,*,#8387,.T.);
#8543 = ORIENTED_EDGE('',*,*,#8456,.T.);
#8544 = ORIENTED_EDGE('',*,*,#8545,.T.);
#8545 = EDGE_CURVE('',#8457,#8498,#8546,.T.);
#8546 = LINE('',#8547,#8548);
#8547 = CARTESIAN_POINT('',(-9.,20.35,3.6));
#8548 = VECTOR('',#8549,1.);
#8549 = DIRECTION('',(1.,0.,0.));
#8550 = ORIENTED_EDGE('',*,*,#8497,.T.);
#8551 = ORIENTED_EDGE('',*,*,#8552,.F.);
#8552 = EDGE_CURVE('',#8536,#8490,#8553,.T.);
#8553 = LINE('',#8554,#8555);
#8554 = CARTESIAN_POINT('',(9.,20.35,2.4));
#8555 = VECTOR('',#8556,1.);
#8556 = DIRECTION('',(0.,0.,1.));
#8557 = PLANE('',#8558);
#8558 = AXIS2_PLACEMENT_3D('',#8559,#8560,#8561);
#8559 = CARTESIAN_POINT('',(-9.,20.35,2.4));
#8560 = DIRECTION('',(0.,1.,0.));
#8561 = DIRECTION('',(0.,0.,1.));
#8562 = ADVANCED_FACE('',(#8563),#8574,.F.);
#8563 = FACE_BOUND('',#8564,.F.);
#8564 = EDGE_LOOP('',(#8565,#8566,#8567,#8573));
#8565 = ORIENTED_EDGE('',*,*,#8379,.F.);
#8566 = ORIENTED_EDGE('',*,*,#8409,.T.);
#8567 = ORIENTED_EDGE('',*,*,#8568,.T.);
#8568 = EDGE_CURVE('',#8410,#8536,#8569,.T.);
#8569 = LINE('',#8570,#8571);
#8570 = CARTESIAN_POINT('',(9.,2.35,2.4));
#8571 = VECTOR('',#8572,1.);
#8572 = DIRECTION('',(0.,1.,0.));
#8573 = ORIENTED_EDGE('',*,*,#8535,.F.);
#8574 = PLANE('',#8575);
#8575 = AXIS2_PLACEMENT_3D('',#8576,#8577,#8578);
#8576 = CARTESIAN_POINT('',(-9.,2.35,2.4));
#8577 = DIRECTION('',(0.,0.,1.));
#8578 = DIRECTION('',(1.,0.,0.));
#8579 = ADVANCED_FACE('',(#8580),#8586,.T.);
#8580 = FACE_BOUND('',#8581,.T.);
#8581 = EDGE_LOOP('',(#8582,#8583,#8584,#8585));
#8582 = ORIENTED_EDGE('',*,*,#8442,.F.);
#8583 = ORIENTED_EDGE('',*,*,#8568,.T.);
#8584 = ORIENTED_EDGE('',*,*,#8552,.T.);
#8585 = ORIENTED_EDGE('',*,*,#8489,.F.);
#8586 = PLANE('',#8587);
#8587 = AXIS2_PLACEMENT_3D('',#8588,#8589,#8590);
#8588 = CARTESIAN_POINT('',(9.,2.35,2.4));
#8589 = DIRECTION('',(1.,0.,0.));
#8590 = DIRECTION('',(0.,0.,1.));
#8591 = ADVANCED_FACE('',(#8592),#8617,.F.);
#8592 = FACE_BOUND('',#8593,.F.);
#8593 = EDGE_LOOP('',(#8594,#8595,#8603,#8611));
#8594 = ORIENTED_EDGE('',*,*,#8426,.F.);
#8595 = ORIENTED_EDGE('',*,*,#8596,.T.);
#8596 = EDGE_CURVE('',#8419,#8597,#8599,.T.);
#8597 = VERTEX_POINT('',#8598);
#8598 = CARTESIAN_POINT('',(-7.62,2.35,7.6));
#8599 = LINE('',#8600,#8601);
#8600 = CARTESIAN_POINT('',(-7.62,2.35,3.6));
#8601 = VECTOR('',#8602,1.);
#8602 = DIRECTION('',(0.,0.,1.));
#8603 = ORIENTED_EDGE('',*,*,#8604,.T.);
#8604 = EDGE_CURVE('',#8597,#8605,#8607,.T.);
#8605 = VERTEX_POINT('',#8606);
#8606 = CARTESIAN_POINT('',(7.62,2.35,7.6));
#8607 = LINE('',#8608,#8609);
#8608 = CARTESIAN_POINT('',(-7.62,2.35,7.6));
#8609 = VECTOR('',#8610,1.);
#8610 = DIRECTION('',(1.,0.,0.));
#8611 = ORIENTED_EDGE('',*,*,#8612,.F.);
#8612 = EDGE_CURVE('',#8427,#8605,#8613,.T.);
#8613 = LINE('',#8614,#8615);
#8614 = CARTESIAN_POINT('',(7.62,2.35,3.6));
#8615 = VECTOR('',#8616,1.);
#8616 = DIRECTION('',(0.,0.,1.));
#8617 = PLANE('',#8618);
#8618 = AXIS2_PLACEMENT_3D('',#8619,#8620,#8621);
#8619 = CARTESIAN_POINT('',(-7.62,2.35,3.6));
#8620 = DIRECTION('',(0.,1.,0.));
#8621 = DIRECTION('',(0.,0.,1.));
#8622 = ADVANCED_FACE('',(#8623),#8648,.F.);
#8623 = FACE_BOUND('',#8624,.F.);
#8624 = EDGE_LOOP('',(#8625,#8633,#8634,#8642));
#8625 = ORIENTED_EDGE('',*,*,#8626,.F.);
#8626 = EDGE_CURVE('',#8514,#8627,#8629,.T.);
#8627 = VERTEX_POINT('',#8628);
#8628 = CARTESIAN_POINT('',(-7.,6.35,5.4));
#8629 = LINE('',#8630,#8631);
#8630 = CARTESIAN_POINT('',(-7.,6.35,3.6));
#8631 = VECTOR('',#8632,1.);
#8632 = DIRECTION('',(0.,0.,1.));
#8633 = ORIENTED_EDGE('',*,*,#8521,.T.);
#8634 = ORIENTED_EDGE('',*,*,#8635,.T.);
#8635 = EDGE_CURVE('',#8457,#8636,#8638,.T.);
#8636 = VERTEX_POINT('',#8637);
#8637 = CARTESIAN_POINT('',(-7.,20.35,5.4));
#8638 = LINE('',#8639,#8640);
#8639 = CARTESIAN_POINT('',(-7.,20.35,3.6));
#8640 = VECTOR('',#8641,1.);
#8641 = DIRECTION('',(0.,0.,1.));
#8642 = ORIENTED_EDGE('',*,*,#8643,.F.);
#8643 = EDGE_CURVE('',#8627,#8636,#8644,.T.);
#8644 = LINE('',#8645,#8646);
#8645 = CARTESIAN_POINT('',(-7.,6.35,5.4));
#8646 = VECTOR('',#8647,1.);
#8647 = DIRECTION('',(0.,1.,0.));
#8648 = PLANE('',#8649);
#8649 = AXIS2_PLACEMENT_3D('',#8650,#8651,#8652);
#8650 = CARTESIAN_POINT('',(-7.,6.35,3.6));
#8651 = DIRECTION('',(1.,0.,0.));
#8652 = DIRECTION('',(0.,0.,1.));
#8653 = ADVANCED_FACE('',(#8654),#8672,.F.);
#8654 = FACE_BOUND('',#8655,.F.);
#8655 = EDGE_LOOP('',(#8656,#8657,#8658,#8666));
#8656 = ORIENTED_EDGE('',*,*,#8513,.F.);
#8657 = ORIENTED_EDGE('',*,*,#8626,.T.);
#8658 = ORIENTED_EDGE('',*,*,#8659,.T.);
#8659 = EDGE_CURVE('',#8627,#8660,#8662,.T.);
#8660 = VERTEX_POINT('',#8661);
#8661 = CARTESIAN_POINT('',(7.,6.35,5.4));
#8662 = LINE('',#8663,#8664);
#8663 = CARTESIAN_POINT('',(-7.,6.35,5.4));
#8664 = VECTOR('',#8665,1.);
#8665 = DIRECTION('',(1.,0.,0.));
#8666 = ORIENTED_EDGE('',*,*,#8667,.F.);
#8667 = EDGE_CURVE('',#8506,#8660,#8668,.T.);
#8668 = LINE('',#8669,#8670);
#8669 = CARTESIAN_POINT('',(7.,6.35,3.6));
#8670 = VECTOR('',#8671,1.);
#8671 = DIRECTION('',(0.,0.,1.));
#8672 = PLANE('',#8673);
#8673 = AXIS2_PLACEMENT_3D('',#8674,#8675,#8676);
#8674 = CARTESIAN_POINT('',(-7.,6.35,3.6));
#8675 = DIRECTION('',(0.,1.,0.));
#8676 = DIRECTION('',(0.,0.,1.));
#8677 = ADVANCED_FACE('',(#8678),#8696,.T.);
#8678 = FACE_BOUND('',#8679,.T.);
#8679 = EDGE_LOOP('',(#8680,#8681,#8682,#8690));
#8680 = ORIENTED_EDGE('',*,*,#8667,.F.);
#8681 = ORIENTED_EDGE('',*,*,#8505,.T.);
#8682 = ORIENTED_EDGE('',*,*,#8683,.T.);
#8683 = EDGE_CURVE('',#8498,#8684,#8686,.T.);
#8684 = VERTEX_POINT('',#8685);
#8685 = CARTESIAN_POINT('',(7.,20.35,5.4));
#8686 = LINE('',#8687,#8688);
#8687 = CARTESIAN_POINT('',(7.,20.35,3.6));
#8688 = VECTOR('',#8689,1.);
#8689 = DIRECTION('',(0.,0.,1.));
#8690 = ORIENTED_EDGE('',*,*,#8691,.F.);
#8691 = EDGE_CURVE('',#8660,#8684,#8692,.T.);
#8692 = LINE('',#8693,#8694);
#8693 = CARTESIAN_POINT('',(7.,6.35,5.4));
#8694 = VECTOR('',#8695,1.);
#8695 = DIRECTION('',(0.,1.,0.));
#8696 = PLANE('',#8697);
#8697 = AXIS2_PLACEMENT_3D('',#8698,#8699,#8700);
#8698 = CARTESIAN_POINT('',(7.,6.35,3.6));
#8699 = DIRECTION('',(1.,0.,0.));
#8700 = DIRECTION('',(0.,0.,1.));
#8701 = ADVANCED_FACE('',(#8702),#8720,.T.);
#8702 = FACE_BOUND('',#8703,.T.);
#8703 = EDGE_LOOP('',(#8704,#8705,#8706,#8714));
#8704 = ORIENTED_EDGE('',*,*,#8612,.F.);
#8705 = ORIENTED_EDGE('',*,*,#8482,.T.);
#8706 = ORIENTED_EDGE('',*,*,#8707,.T.);
#8707 = EDGE_CURVE('',#8475,#8708,#8710,.T.);
#8708 = VERTEX_POINT('',#8709);
#8709 = CARTESIAN_POINT('',(7.62,4.89,7.6));
#8710 = LINE('',#8711,#8712);
#8711 = CARTESIAN_POINT('',(7.62,4.89,3.6));
#8712 = VECTOR('',#8713,1.);
#8713 = DIRECTION('',(0.,0.,1.));
#8714 = ORIENTED_EDGE('',*,*,#8715,.F.);
#8715 = EDGE_CURVE('',#8605,#8708,#8716,.T.);
#8716 = LINE('',#8717,#8718);
#8717 = CARTESIAN_POINT('',(7.62,2.35,7.6));
#8718 = VECTOR('',#8719,1.);
#8719 = DIRECTION('',(0.,1.,0.));
#8720 = PLANE('',#8721);
#8721 = AXIS2_PLACEMENT_3D('',#8722,#8723,#8724);
#8722 = CARTESIAN_POINT('',(7.62,2.35,3.6));
#8723 = DIRECTION('',(1.,0.,0.));
#8724 = DIRECTION('',(0.,0.,1.));
#8725 = ADVANCED_FACE('',(#8726),#8744,.T.);
#8726 = FACE_BOUND('',#8727,.T.);
#8727 = EDGE_LOOP('',(#8728,#8729,#8737,#8743));
#8728 = ORIENTED_EDGE('',*,*,#8474,.F.);
#8729 = ORIENTED_EDGE('',*,*,#8730,.T.);
#8730 = EDGE_CURVE('',#8467,#8731,#8733,.T.);
#8731 = VERTEX_POINT('',#8732);
#8732 = CARTESIAN_POINT('',(-7.62,4.89,7.6));
#8733 = LINE('',#8734,#8735);
#8734 = CARTESIAN_POINT('',(-7.62,4.89,3.6));
#8735 = VECTOR('',#8736,1.);
#8736 = DIRECTION('',(0.,0.,1.));
#8737 = ORIENTED_EDGE('',*,*,#8738,.T.);
#8738 = EDGE_CURVE('',#8731,#8708,#8739,.T.);
#8739 = LINE('',#8740,#8741);
#8740 = CARTESIAN_POINT('',(-7.62,4.89,7.6));
#8741 = VECTOR('',#8742,1.);
#8742 = DIRECTION('',(1.,0.,0.));
#8743 = ORIENTED_EDGE('',*,*,#8707,.F.);
#8744 = PLANE('',#8745);
#8745 = AXIS2_PLACEMENT_3D('',#8746,#8747,#8748);
#8746 = CARTESIAN_POINT('',(-7.62,4.89,3.6));
#8747 = DIRECTION('',(0.,1.,0.));
#8748 = DIRECTION('',(0.,0.,1.));
#8749 = ADVANCED_FACE('',(#8750),#8761,.F.);
#8750 = FACE_BOUND('',#8751,.F.);
#8751 = EDGE_LOOP('',(#8752,#8753,#8754,#8755));
#8752 = ORIENTED_EDGE('',*,*,#8596,.F.);
#8753 = ORIENTED_EDGE('',*,*,#8466,.T.);
#8754 = ORIENTED_EDGE('',*,*,#8730,.T.);
#8755 = ORIENTED_EDGE('',*,*,#8756,.F.);
#8756 = EDGE_CURVE('',#8597,#8731,#8757,.T.);
#8757 = LINE('',#8758,#8759);
#8758 = CARTESIAN_POINT('',(-7.62,2.35,7.6));
#8759 = VECTOR('',#8760,1.);
#8760 = DIRECTION('',(0.,1.,0.));
#8761 = PLANE('',#8762);
#8762 = AXIS2_PLACEMENT_3D('',#8763,#8764,#8765);
#8763 = CARTESIAN_POINT('',(-7.62,2.35,3.6));
#8764 = DIRECTION('',(1.,0.,0.));
#8765 = DIRECTION('',(0.,0.,1.));
#8766 = ADVANCED_FACE('',(#8767,#8778),#8812,.T.);
#8767 = FACE_BOUND('',#8768,.T.);
#8768 = EDGE_LOOP('',(#8769,#8770,#8771,#8777));
#8769 = ORIENTED_EDGE('',*,*,#8545,.F.);
#8770 = ORIENTED_EDGE('',*,*,#8635,.T.);
#8771 = ORIENTED_EDGE('',*,*,#8772,.T.);
#8772 = EDGE_CURVE('',#8636,#8684,#8773,.T.);
#8773 = LINE('',#8774,#8775);
#8774 = CARTESIAN_POINT('',(-7.,20.35,5.4));
#8775 = VECTOR('',#8776,1.);
#8776 = DIRECTION('',(1.,0.,0.));
#8777 = ORIENTED_EDGE('',*,*,#8683,.F.);
#8778 = FACE_BOUND('',#8779,.T.);
#8779 = EDGE_LOOP('',(#8780,#8790,#8798,#8806));
#8780 = ORIENTED_EDGE('',*,*,#8781,.F.);
#8781 = EDGE_CURVE('',#8782,#8784,#8786,.T.);
#8782 = VERTEX_POINT('',#8783);
#8783 = CARTESIAN_POINT('',(-5.5,20.35,5.1));
#8784 = VERTEX_POINT('',#8785);
#8785 = CARTESIAN_POINT('',(5.5,20.35,5.1));
#8786 = LINE('',#8787,#8788);
#8787 = CARTESIAN_POINT('',(-6.25,20.35,5.1));
#8788 = VECTOR('',#8789,1.);
#8789 = DIRECTION('',(1.,0.,0.));
#8790 = ORIENTED_EDGE('',*,*,#8791,.T.);
#8791 = EDGE_CURVE('',#8782,#8792,#8794,.T.);
#8792 = VERTEX_POINT('',#8793);
#8793 = CARTESIAN_POINT('',(-5.5,20.35,4.1));
#8794 = LINE('',#8795,#8796);
#8795 = CARTESIAN_POINT('',(-5.5,20.35,3.85));
#8796 = VECTOR('',#8797,1.);
#8797 = DIRECTION('',(0.,0.,-1.));
#8798 = ORIENTED_EDGE('',*,*,#8799,.T.);
#8799 = EDGE_CURVE('',#8792,#8800,#8802,.T.);
#8800 = VERTEX_POINT('',#8801);
#8801 = CARTESIAN_POINT('',(5.5,20.35,4.1));
#8802 = LINE('',#8803,#8804);
#8803 = CARTESIAN_POINT('',(-6.25,20.35,4.1));
#8804 = VECTOR('',#8805,1.);
#8805 = DIRECTION('',(1.,0.,0.));
#8806 = ORIENTED_EDGE('',*,*,#8807,.F.);
#8807 = EDGE_CURVE('',#8784,#8800,#8808,.T.);
#8808 = LINE('',#8809,#8810);
#8809 = CARTESIAN_POINT('',(5.5,20.35,3.85));
#8810 = VECTOR('',#8811,1.);
#8811 = DIRECTION('',(0.,0.,-1.));
#8812 = PLANE('',#8813);
#8813 = AXIS2_PLACEMENT_3D('',#8814,#8815,#8816);
#8814 = CARTESIAN_POINT('',(-7.,20.35,3.6));
#8815 = DIRECTION('',(0.,1.,0.));
#8816 = DIRECTION('',(0.,0.,1.));
#8817 = ADVANCED_FACE('',(#8818),#8824,.T.);
#8818 = FACE_BOUND('',#8819,.T.);
#8819 = EDGE_LOOP('',(#8820,#8821,#8822,#8823));
#8820 = ORIENTED_EDGE('',*,*,#8756,.F.);
#8821 = ORIENTED_EDGE('',*,*,#8604,.T.);
#8822 = ORIENTED_EDGE('',*,*,#8715,.T.);
#8823 = ORIENTED_EDGE('',*,*,#8738,.F.);
#8824 = PLANE('',#8825);
#8825 = AXIS2_PLACEMENT_3D('',#8826,#8827,#8828);
#8826 = CARTESIAN_POINT('',(-7.62,2.35,7.6));
#8827 = DIRECTION('',(0.,0.,1.));
#8828 = DIRECTION('',(1.,0.,0.));
#8829 = ADVANCED_FACE('',(#8830),#8836,.T.);
#8830 = FACE_BOUND('',#8831,.T.);
#8831 = EDGE_LOOP('',(#8832,#8833,#8834,#8835));
#8832 = ORIENTED_EDGE('',*,*,#8643,.F.);
#8833 = ORIENTED_EDGE('',*,*,#8659,.T.);
#8834 = ORIENTED_EDGE('',*,*,#8691,.T.);
#8835 = ORIENTED_EDGE('',*,*,#8772,.F.);
#8836 = PLANE('',#8837);
#8837 = AXIS2_PLACEMENT_3D('',#8838,#8839,#8840);
#8838 = CARTESIAN_POINT('',(-7.,6.35,5.4));
#8839 = DIRECTION('',(0.,0.,1.));
#8840 = DIRECTION('',(1.,0.,0.));
#8841 = ADVANCED_FACE('',(#8842),#8867,.T.);
#8842 = FACE_BOUND('',#8843,.T.);
#8843 = EDGE_LOOP('',(#8844,#8852,#8853,#8861));
#8844 = ORIENTED_EDGE('',*,*,#8845,.F.);
#8845 = EDGE_CURVE('',#8782,#8846,#8848,.T.);
#8846 = VERTEX_POINT('',#8847);
#8847 = CARTESIAN_POINT('',(-5.5,24.85,5.1));
#8848 = LINE('',#8849,#8850);
#8849 = CARTESIAN_POINT('',(-5.5,9.85,5.1));
#8850 = VECTOR('',#8851,1.);
#8851 = DIRECTION('',(0.,1.,0.));
#8852 = ORIENTED_EDGE('',*,*,#8781,.T.);
#8853 = ORIENTED_EDGE('',*,*,#8854,.T.);
#8854 = EDGE_CURVE('',#8784,#8855,#8857,.T.);
#8855 = VERTEX_POINT('',#8856);
#8856 = CARTESIAN_POINT('',(5.5,24.85,5.1));
#8857 = LINE('',#8858,#8859);
#8858 = CARTESIAN_POINT('',(5.5,9.85,5.1));
#8859 = VECTOR('',#8860,1.);
#8860 = DIRECTION('',(0.,1.,0.));
#8861 = ORIENTED_EDGE('',*,*,#8862,.F.);
#8862 = EDGE_CURVE('',#8846,#8855,#8863,.T.);
#8863 = LINE('',#8864,#8865);
#8864 = CARTESIAN_POINT('',(-5.5,24.85,5.1));
#8865 = VECTOR('',#8866,1.);
#8866 = DIRECTION('',(1.,0.,0.));
#8867 = PLANE('',#8868);
#8868 = AXIS2_PLACEMENT_3D('',#8869,#8870,#8871);
#8869 = CARTESIAN_POINT('',(-5.5,9.85,5.1));
#8870 = DIRECTION('',(0.,0.,1.));
#8871 = DIRECTION('',(1.,0.,0.));
#8872 = ADVANCED_FACE('',(#8873),#8891,.T.);
#8873 = FACE_BOUND('',#8874,.T.);
#8874 = EDGE_LOOP('',(#8875,#8876,#8877,#8885));
#8875 = ORIENTED_EDGE('',*,*,#8854,.F.);
#8876 = ORIENTED_EDGE('',*,*,#8807,.T.);
#8877 = ORIENTED_EDGE('',*,*,#8878,.T.);
#8878 = EDGE_CURVE('',#8800,#8879,#8881,.T.);
#8879 = VERTEX_POINT('',#8880);
#8880 = CARTESIAN_POINT('',(5.5,24.85,4.1));
#8881 = LINE('',#8882,#8883);
#8882 = CARTESIAN_POINT('',(5.5,9.85,4.1));
#8883 = VECTOR('',#8884,1.);
#8884 = DIRECTION('',(0.,1.,0.));
#8885 = ORIENTED_EDGE('',*,*,#8886,.T.);
#8886 = EDGE_CURVE('',#8879,#8855,#8887,.T.);
#8887 = LINE('',#8888,#8889);
#8888 = CARTESIAN_POINT('',(5.5,24.85,4.1));
#8889 = VECTOR('',#8890,1.);
#8890 = DIRECTION('',(0.,0.,1.));
#8891 = PLANE('',#8892);
#8892 = AXIS2_PLACEMENT_3D('',#8893,#8894,#8895);
#8893 = CARTESIAN_POINT('',(5.5,9.85,4.1));
#8894 = DIRECTION('',(1.,0.,0.));
#8895 = DIRECTION('',(0.,0.,1.));
#8896 = ADVANCED_FACE('',(#8897),#8915,.F.);
#8897 = FACE_BOUND('',#8898,.F.);
#8898 = EDGE_LOOP('',(#8899,#8907,#8908,#8909));
#8899 = ORIENTED_EDGE('',*,*,#8900,.F.);
#8900 = EDGE_CURVE('',#8792,#8901,#8903,.T.);
#8901 = VERTEX_POINT('',#8902);
#8902 = CARTESIAN_POINT('',(-5.5,24.85,4.1));
#8903 = LINE('',#8904,#8905);
#8904 = CARTESIAN_POINT('',(-5.5,9.85,4.1));
#8905 = VECTOR('',#8906,1.);
#8906 = DIRECTION('',(0.,1.,0.));
#8907 = ORIENTED_EDGE('',*,*,#8799,.T.);
#8908 = ORIENTED_EDGE('',*,*,#8878,.T.);
#8909 = ORIENTED_EDGE('',*,*,#8910,.F.);
#8910 = EDGE_CURVE('',#8901,#8879,#8911,.T.);
#8911 = LINE('',#8912,#8913);
#8912 = CARTESIAN_POINT('',(-5.5,24.85,4.1));
#8913 = VECTOR('',#8914,1.);
#8914 = DIRECTION('',(1.,0.,0.));
#8915 = PLANE('',#8916);
#8916 = AXIS2_PLACEMENT_3D('',#8917,#8918,#8919);
#8917 = CARTESIAN_POINT('',(-5.5,9.85,4.1));
#8918 = DIRECTION('',(0.,0.,1.));
#8919 = DIRECTION('',(1.,0.,0.));
#8920 = ADVANCED_FACE('',(#8921),#8932,.F.);
#8921 = FACE_BOUND('',#8922,.F.);
#8922 = EDGE_LOOP('',(#8923,#8924,#8925,#8926));
#8923 = ORIENTED_EDGE('',*,*,#8845,.F.);
#8924 = ORIENTED_EDGE('',*,*,#8791,.T.);
#8925 = ORIENTED_EDGE('',*,*,#8900,.T.);
#8926 = ORIENTED_EDGE('',*,*,#8927,.T.);
#8927 = EDGE_CURVE('',#8901,#8846,#8928,.T.);
#8928 = LINE('',#8929,#8930);
#8929 = CARTESIAN_POINT('',(-5.5,24.85,4.1));
#8930 = VECTOR('',#8931,1.);
#8931 = DIRECTION('',(0.,0.,1.));
#8932 = PLANE('',#8933);
#8933 = AXIS2_PLACEMENT_3D('',#8934,#8935,#8936);
#8934 = CARTESIAN_POINT('',(-5.5,9.85,4.1));
#8935 = DIRECTION('',(1.,0.,0.));
#8936 = DIRECTION('',(0.,0.,1.));
#8937 = ADVANCED_FACE('',(#8938),#8944,.T.);
#8938 = FACE_BOUND('',#8939,.T.);
#8939 = EDGE_LOOP('',(#8940,#8941,#8942,#8943));
#8940 = ORIENTED_EDGE('',*,*,#8910,.F.);
#8941 = ORIENTED_EDGE('',*,*,#8927,.T.);
#8942 = ORIENTED_EDGE('',*,*,#8862,.T.);
#8943 = ORIENTED_EDGE('',*,*,#8886,.F.);
#8944 = PLANE('',#8945);
#8945 = AXIS2_PLACEMENT_3D('',#8946,#8947,#8948);
#8946 = CARTESIAN_POINT('',(-5.5,24.85,4.1));
#8947 = DIRECTION('',(0.,1.,0.));
#8948 = DIRECTION('',(0.,0.,1.));
#8949 = MANIFOLD_SOLID_BREP('',#8950);
#8950 = CLOSED_SHELL('',(#8951,#8991,#9031,#9053,#9075,#9087));
#8951 = ADVANCED_FACE('',(#8952),#8986,.F.);
#8952 = FACE_BOUND('',#8953,.F.);
#8953 = EDGE_LOOP('',(#8954,#8964,#8972,#8980));
#8954 = ORIENTED_EDGE('',*,*,#8955,.F.);
#8955 = EDGE_CURVE('',#8956,#8958,#8960,.T.);
#8956 = VERTEX_POINT('',#8957);
#8957 = CARTESIAN_POINT('',(-4.5,-1.25,2.4));
#8958 = VERTEX_POINT('',#8959);
#8959 = CARTESIAN_POINT('',(-4.5,-1.25,3.6));
#8960 = LINE('',#8961,#8962);
#8961 = CARTESIAN_POINT('',(-4.5,-1.25,2.4));
#8962 = VECTOR('',#8963,1.);
#8963 = DIRECTION('',(0.,0.,1.));
#8964 = ORIENTED_EDGE('',*,*,#8965,.T.);
#8965 = EDGE_CURVE('',#8956,#8966,#8968,.T.);
#8966 = VERTEX_POINT('',#8967);
#8967 = CARTESIAN_POINT('',(-4.5,4.95,2.4));
#8968 = LINE('',#8969,#8970);
#8969 = CARTESIAN_POINT('',(-4.5,-1.25,2.4));
#8970 = VECTOR('',#8971,1.);
#8971 = DIRECTION('',(0.,1.,0.));
#8972 = ORIENTED_EDGE('',*,*,#8973,.T.);
#8973 = EDGE_CURVE('',#8966,#8974,#8976,.T.);
#8974 = VERTEX_POINT('',#8975);
#8975 = CARTESIAN_POINT('',(-4.5,4.95,3.6));
#8976 = LINE('',#8977,#8978);
#8977 = CARTESIAN_POINT('',(-4.5,4.95,2.4));
#8978 = VECTOR('',#8979,1.);
#8979 = DIRECTION('',(0.,0.,1.));
#8980 = ORIENTED_EDGE('',*,*,#8981,.F.);
#8981 = EDGE_CURVE('',#8958,#8974,#8982,.T.);
#8982 = LINE('',#8983,#8984);
#8983 = CARTESIAN_POINT('',(-4.5,-1.25,3.6));
#8984 = VECTOR('',#8985,1.);
#8985 = DIRECTION('',(0.,1.,0.));
#8986 = PLANE('',#8987);
#8987 = AXIS2_PLACEMENT_3D('',#8988,#8989,#8990);
#8988 = CARTESIAN_POINT('',(-4.5,-1.25,2.4));
#8989 = DIRECTION('',(1.,0.,0.));
#8990 = DIRECTION('',(0.,0.,1.));
#8991 = ADVANCED_FACE('',(#8992),#9026,.T.);
#8992 = FACE_BOUND('',#8993,.T.);
#8993 = EDGE_LOOP('',(#8994,#9004,#9012,#9020));
#8994 = ORIENTED_EDGE('',*,*,#8995,.F.);
#8995 = EDGE_CURVE('',#8996,#8998,#9000,.T.);
#8996 = VERTEX_POINT('',#8997);
#8997 = CARTESIAN_POINT('',(4.5,-1.25,2.4));
#8998 = VERTEX_POINT('',#8999);
#8999 = CARTESIAN_POINT('',(4.5,-1.25,3.6));
#9000 = LINE('',#9001,#9002);
#9001 = CARTESIAN_POINT('',(4.5,-1.25,2.4));
#9002 = VECTOR('',#9003,1.);
#9003 = DIRECTION('',(0.,0.,1.));
#9004 = ORIENTED_EDGE('',*,*,#9005,.T.);
#9005 = EDGE_CURVE('',#8996,#9006,#9008,.T.);
#9006 = VERTEX_POINT('',#9007);
#9007 = CARTESIAN_POINT('',(4.5,4.95,2.4));
#9008 = LINE('',#9009,#9010);
#9009 = CARTESIAN_POINT('',(4.5,-1.25,2.4));
#9010 = VECTOR('',#9011,1.);
#9011 = DIRECTION('',(0.,1.,0.));
#9012 = ORIENTED_EDGE('',*,*,#9013,.T.);
#9013 = EDGE_CURVE('',#9006,#9014,#9016,.T.);
#9014 = VERTEX_POINT('',#9015);
#9015 = CARTESIAN_POINT('',(4.5,4.95,3.6));
#9016 = LINE('',#9017,#9018);
#9017 = CARTESIAN_POINT('',(4.5,4.95,2.4));
#9018 = VECTOR('',#9019,1.);
#9019 = DIRECTION('',(0.,0.,1.));
#9020 = ORIENTED_EDGE('',*,*,#9021,.F.);
#9021 = EDGE_CURVE('',#8998,#9014,#9022,.T.);
#9022 = LINE('',#9023,#9024);
#9023 = CARTESIAN_POINT('',(4.5,-1.25,3.6));
#9024 = VECTOR('',#9025,1.);
#9025 = DIRECTION('',(0.,1.,0.));
#9026 = PLANE('',#9027);
#9027 = AXIS2_PLACEMENT_3D('',#9028,#9029,#9030);
#9028 = CARTESIAN_POINT('',(4.5,-1.25,2.4));
#9029 = DIRECTION('',(1.,0.,0.));
#9030 = DIRECTION('',(0.,0.,1.));
#9031 = ADVANCED_FACE('',(#9032),#9048,.F.);
#9032 = FACE_BOUND('',#9033,.F.);
#9033 = EDGE_LOOP('',(#9034,#9040,#9041,#9047));
#9034 = ORIENTED_EDGE('',*,*,#9035,.F.);
#9035 = EDGE_CURVE('',#8956,#8996,#9036,.T.);
#9036 = LINE('',#9037,#9038);
#9037 = CARTESIAN_POINT('',(-4.5,-1.25,2.4));
#9038 = VECTOR('',#9039,1.);
#9039 = DIRECTION('',(1.,0.,0.));
#9040 = ORIENTED_EDGE('',*,*,#8955,.T.);
#9041 = ORIENTED_EDGE('',*,*,#9042,.T.);
#9042 = EDGE_CURVE('',#8958,#8998,#9043,.T.);
#9043 = LINE('',#9044,#9045);
#9044 = CARTESIAN_POINT('',(-4.5,-1.25,3.6));
#9045 = VECTOR('',#9046,1.);
#9046 = DIRECTION('',(1.,0.,0.));
#9047 = ORIENTED_EDGE('',*,*,#8995,.F.);
#9048 = PLANE('',#9049);
#9049 = AXIS2_PLACEMENT_3D('',#9050,#9051,#9052);
#9050 = CARTESIAN_POINT('',(-4.5,-1.25,2.4));
#9051 = DIRECTION('',(0.,1.,0.));
#9052 = DIRECTION('',(0.,0.,1.));
#9053 = ADVANCED_FACE('',(#9054),#9070,.T.);
#9054 = FACE_BOUND('',#9055,.T.);
#9055 = EDGE_LOOP('',(#9056,#9062,#9063,#9069));
#9056 = ORIENTED_EDGE('',*,*,#9057,.F.);
#9057 = EDGE_CURVE('',#8966,#9006,#9058,.T.);
#9058 = LINE('',#9059,#9060);
#9059 = CARTESIAN_POINT('',(-4.5,4.95,2.4));
#9060 = VECTOR('',#9061,1.);
#9061 = DIRECTION('',(1.,0.,0.));
#9062 = ORIENTED_EDGE('',*,*,#8973,.T.);
#9063 = ORIENTED_EDGE('',*,*,#9064,.T.);
#9064 = EDGE_CURVE('',#8974,#9014,#9065,.T.);
#9065 = LINE('',#9066,#9067);
#9066 = CARTESIAN_POINT('',(-4.5,4.95,3.6));
#9067 = VECTOR('',#9068,1.);
#9068 = DIRECTION('',(1.,0.,0.));
#9069 = ORIENTED_EDGE('',*,*,#9013,.F.);
#9070 = PLANE('',#9071);
#9071 = AXIS2_PLACEMENT_3D('',#9072,#9073,#9074);
#9072 = CARTESIAN_POINT('',(-4.5,4.95,2.4));
#9073 = DIRECTION('',(0.,1.,0.));
#9074 = DIRECTION('',(0.,0.,1.));
#9075 = ADVANCED_FACE('',(#9076),#9082,.F.);
#9076 = FACE_BOUND('',#9077,.F.);
#9077 = EDGE_LOOP('',(#9078,#9079,#9080,#9081));
#9078 = ORIENTED_EDGE('',*,*,#8965,.F.);
#9079 = ORIENTED_EDGE('',*,*,#9035,.T.);
#9080 = ORIENTED_EDGE('',*,*,#9005,.T.);
#9081 = ORIENTED_EDGE('',*,*,#9057,.F.);
#9082 = PLANE('',#9083);
#9083 = AXIS2_PLACEMENT_3D('',#9084,#9085,#9086);
#9084 = CARTESIAN_POINT('',(-4.5,-1.25,2.4));
#9085 = DIRECTION('',(0.,0.,1.));
#9086 = DIRECTION('',(1.,0.,0.));
#9087 = ADVANCED_FACE('',(#9088),#9094,.T.);
#9088 = FACE_BOUND('',#9089,.T.);
#9089 = EDGE_LOOP('',(#9090,#9091,#9092,#9093));
#9090 = ORIENTED_EDGE('',*,*,#8981,.F.);
#9091 = ORIENTED_EDGE('',*,*,#9042,.T.);
#9092 = ORIENTED_EDGE('',*,*,#9021,.T.);
#9093 = ORIENTED_EDGE('',*,*,#9064,.F.);
#9094 = PLANE('',#9095);
#9095 = AXIS2_PLACEMENT_3D('',#9096,#9097,#9098);
#9096 = CARTESIAN_POINT('',(-4.5,-1.25,3.6));
#9097 = DIRECTION('',(0.,0.,1.));
#9098 = DIRECTION('',(1.,0.,0.));
#9099 = ( GEOMETRIC_REPRESENTATION_CONTEXT(3) 
GLOBAL_UNCERTAINTY_ASSIGNED_CONTEXT((#9103)) 
GLOBAL_UNIT_ASSIGNED_CONTEXT((#9100,#9101,#9102)) REPRESENTATION_CONTEXT
('Context #1','3D Context with UNIT and UNCERTAINTY') );
#9100 = ( LENGTH_UNIT() NAMED_UNIT(*) SI_UNIT(.MILLI.,.METRE.) );
#9101 = ( NAMED_UNIT(*) PLANE_ANGLE_UNIT() SI_UNIT($,.RADIAN.) );
#9102 = ( NAMED_UNIT(*) SI_UNIT($,.STERADIAN.) SOLID_ANGLE_UNIT() );
#9103 = UNCERTAINTY_MEASURE_WITH_UNIT(LENGTH_MEASURE(1.E-07),#9100,
  'distance_accuracy_value','confusion accuracy');
#9104 = PRODUCT_RELATED_PRODUCT_CATEGORY('part',$,(#7));
ENDSEC;
END-ISO-10303-21;
